lat,lng,osm_way_id,neighbourhood,street_type,poi_score,centrality_score,catchment_score,transport_score,poi_morning_score,poi_lunch_score,poi_afternoon_score,poi_evening_score,poi_night_score,footfall,footfall_morning,footfall_lunch,footfall_afternoon,footfall_evening,footfall_night
41.628847,-0.913127,27116337,Casablanca,side_street,0.0264,0.2309,0.1392,0.0358,0.0387,0.0334,0.0247,0.0179,0.015,1.1,1.1,1.1,1.1,1,1
41.628615,-0.913586,27116463,Casablanca,secondary_street,0.0206,0.1025,0.1392,0.0346,0.0293,0.0267,0.0187,0.0126,0.0131,0.8,0.8,0.8,0.8,0.7,0.7
41.628821,-0.913471,27116463,Casablanca,secondary_street,0.0205,0.1333,0.1392,0.0328,0.0284,0.0263,0.0182,0.0109,0.0126,0.8,0.9,0.8,0.8,0.8,0.8
41.627686,-0.926331,35993783,Sur,secondary_street,0.0293,0.4282,0.0475,0.1986,0.023,0.037,0.0199,0.0677,0.1494,1.9,1.8,1.9,1.8,2.1,2.4
41.630188,-0.931509,35993789,Sur,side_street,0.0267,0.1903,0.0475,0.1703,0.0271,0.0254,0.0252,0.0307,0.0483,0.9,0.9,0.9,0.9,0.9,1
41.630123,-0.931221,35993789,Sur,side_street,0.0309,0.1903,0.0475,0.1798,0.0326,0.03,0.0291,0.0386,0.0568,0.9,1,1,0.9,1,1
41.630058,-0.930933,35993789,Sur,side_street,0.0311,0.1903,0.0475,0.1761,0.0331,0.0295,0.0294,0.0379,0.0551,0.9,0.9,0.9,0.9,1,1
41.629994,-0.930645,35993789,Sur,side_street,0.0269,0.1903,0.0475,0.1973,0.0263,0.0256,0.0253,0.0315,0.0486,0.9,0.9,1,0.9,1,1
41.622381,-0.91574,36233535,Sur,side_street,0.078,0.3476,0.0873,0.3762,0.0825,0.068,0.0832,0.0673,0.0767,2.1,2.1,2.1,2.2,2.1,2.1
41.622161,-0.915797,36233535,Sur,side_street,0.0803,0.3402,0.0873,0.371,0.0854,0.0705,0.0868,0.0701,0.0796,2.1,2.1,2,2.2,2.1,2.1
41.619899,-0.929247,36234337,Sur,main_street,0.0147,0.8248,0.0691,0.0102,0.0141,0.0143,0.0147,0.0198,0.0321,2.8,2.8,2.8,2.8,2.9,2.9
41.619876,-0.929546,36234337,Sur,main_street,0.0131,0.8248,0.0607,0.0092,0.0136,0.0134,0.0133,0.0185,0.0247,2.8,2.8,2.8,2.8,2.9,2.9
41.617352,-0.924791,36236687,Sur,side_street,0.0384,0.1721,0.0607,0.0288,0.036,0.0393,0.0384,0.0531,0.0738,0.8,0.8,0.8,0.8,0.9,0.9
41.617148,-0.924919,36236687,Sur,side_street,0.0441,0.1721,0.0607,0.0349,0.0403,0.0468,0.0452,0.0637,0.0844,0.9,0.9,0.9,0.9,0.9,1
41.616945,-0.925047,36236687,Sur,side_street,0.0489,0.1721,0.0475,0.0418,0.0421,0.0513,0.049,0.0702,0.0948,0.9,0.8,0.9,0.9,0.9,1
41.616741,-0.925175,36236687,Sur,side_street,0.0475,0.1227,0.0475,0.0502,0.0411,0.0524,0.0478,0.0707,0.0967,0.8,0.7,0.8,0.8,0.8,0.9
41.616537,-0.925302,36236687,Sur,side_street,0.0492,0.1227,0.0475,0.0571,0.0415,0.0543,0.0495,0.0725,0.1018,0.8,0.8,0.8,0.8,0.8,0.9
41.616334,-0.925429,36236687,Sur,side_street,0.0512,0.1227,0.0475,0.0674,0.0427,0.0567,0.053,0.0743,0.1047,0.8,0.8,0.8,0.8,0.9,0.9
41.61613,-0.925557,36236687,Sur,side_street,0.0435,0.1227,0.0475,0.0807,0.0399,0.0507,0.0444,0.0657,0.0928,0.8,0.8,0.8,0.8,0.8,0.9
41.617026,-0.923837,36236766,Sur,side_street,0.0312,0.3271,0.0691,0.0126,0.0277,0.0331,0.0321,0.0414,0.0537,1.3,1.2,1.2,1.2,1.3,1.4
41.616821,-0.923963,36236766,Sur,side_street,0.0326,0.3271,0.0607,0.0147,0.0307,0.035,0.0341,0.0451,0.0592,1.2,1.2,1.2,1.2,1.3,1.4
41.623423,-0.918517,36877979,Sur,side_street,0.2638,0.1116,0.0873,0.9264,0.262,0.2463,0.2821,0.2647,0.2859,2.7,2.7,2.7,2.7,2.7,2.8
41.62273,-0.920698,36878037,Sur,side_street,0.286,0.3878,0.0873,0.7687,0.2812,0.2704,0.2961,0.2829,0.2944,3.4,3.3,3.3,3.4,3.4,3.4
41.622905,-0.92051,36878037,Sur,side_street,0.2862,0.3878,0.0873,0.7371,0.2822,0.2699,0.2978,0.2815,0.292,3.3,3.3,3.3,3.4,3.3,3.4
41.623081,-0.920322,36878037,Sur,side_street,0.2838,0.3878,0.0873,0.7795,0.2802,0.2661,0.2965,0.2783,0.2822,3.4,3.3,3.3,3.4,3.4,3.4
41.623153,-0.920045,36878400,Sur,side_street,0.2893,0.2159,0.0873,0.8345,0.2873,0.2708,0.3044,0.2804,0.2928,2.9,2.9,2.9,3,2.9,3
41.620862,-0.92437,36878456,Sur,side_street,0.1266,0.8212,0.0873,0.9333,0.1181,0.1279,0.1272,0.1816,0.3249,4,4,4,4,4.2,4.7
41.620733,-0.924124,36878456,Sur,side_street,0.1505,0.8181,0.0873,0.9426,0.142,0.1512,0.1443,0.1983,0.3469,4.1,4.1,4.1,4.1,4.3,4.8
41.623043,-0.918273,36891607,Sur,side_street,0.289,0.3323,0.0873,0.9592,0.2831,0.2729,0.3054,0.2964,0.3478,3.4,3.4,3.4,3.4,3.4,3.6
41.628425,-0.931732,36892347,Sur,side_street,0.0329,0.0883,0.0607,0.4014,0.0418,0.0278,0.0332,0.0209,0.026,0.9,0.9,0.9,0.9,0.9,0.9
41.630822,-0.932017,36940294,Sur,side_street,0.0134,0.0334,0.0475,0.0554,0.0143,0.0138,0.012,0.0174,0.0242,0.6,0.6,0.6,0.6,0.6,0.6
41.631036,-0.931926,36940294,Sur,side_street,0.01,0.0334,0.0475,0.0452,0.0127,0.0106,0.0098,0.0112,0.0174,0.6,0.6,0.6,0.6,0.6,0.6
41.630835,-0.932169,36940315,Sur,side_street,0.0107,0.0053,0.0475,0.0537,0.0131,0.0113,0.0102,0.0141,0.0199,0.5,0.5,0.5,0.5,0.5,0.5
41.622234,-0.926808,38193551,Sur,side_street,0.0403,0.5175,0.0607,0.6051,0.0394,0.04,0.0373,0.0644,0.1427,2.7,2.7,2.7,2.7,2.8,3
41.623256,-0.936336,38193820,Sur,side_street,0.069,0.8941,0.0691,0.8297,0.0661,0.0649,0.0773,0.0814,0.1176,3.9,3.9,3.9,3.9,3.9,4
41.62342,-0.936542,38193820,Sur,side_street,0.0738,0.8941,0.0691,0.855,0.0701,0.0694,0.0865,0.089,0.1374,4,4,3.9,4,4,4.1
41.619926,-0.930927,38195989,Sur,side_street,0.0138,0.9354,0.0691,0.0037,0.0133,0.0157,0.0116,0.0228,0.0452,3.1,3.1,3.1,3.1,3.2,3.3
41.620095,-0.931054,38196012,Sur,side_street,0.0168,0.9165,0.0691,0.0037,0.0153,0.0174,0.0151,0.0249,0.0529,3.1,3.1,3.1,3.1,3.1,3.2
41.613643,-0.914836,39351458,Casablanca,side_street,0.0073,0.1959,0.1378,0.0369,0.0034,0.0057,0.0086,0.0085,0.0113,0.9,0.9,0.9,0.9,0.9,0.9
41.613438,-0.914945,39351458,Casablanca,side_street,0.004,0.1842,0.1378,0.0291,0.002,0.0042,0.0062,0.0075,0.0066,0.9,0.9,0.9,0.9,0.9,0.9
41.620069,-0.931321,48134555,Sur,side_street,0.0163,0.6727,0.0691,0.0037,0.0148,0.017,0.0137,0.0236,0.05,2.5,2.5,2.5,2.5,2.5,2.6
41.62793,-0.926459,48394519,Sur,secondary_street,0.0281,0.6052,0.0475,0.1512,0.0212,0.0369,0.0188,0.07,0.1512,2.4,2.4,2.5,2.4,2.6,2.9
41.628023,-0.926732,48394519,Sur,secondary_street,0.0359,0.6052,0.0475,0.1155,0.0288,0.0434,0.0246,0.0763,0.1659,2.4,2.4,2.5,2.4,2.6,2.9
41.628117,-0.927005,48394519,Sur,secondary_street,0.0352,0.6052,0.0475,0.1218,0.0285,0.0425,0.0242,0.0742,0.1617,2.4,2.4,2.5,2.4,2.6,2.9
41.618154,-0.923122,78773601,Sur,side_street,0.0377,0.7195,0.0873,0.0589,0.0372,0.0375,0.036,0.0547,0.0889,2.7,2.7,2.7,2.7,2.8,2.9
41.620749,-0.924684,78777417,Sur,side_street,0.101,0.5103,0.0873,0.8906,0.0938,0.1023,0.1044,0.1516,0.2783,3.1,3.1,3.1,3.1,3.3,3.7
41.620925,-0.924496,78777417,Sur,side_street,0.1184,0.5257,0.0873,0.925,0.1084,0.1181,0.1187,0.1707,0.3088,3.3,3.2,3.3,3.3,3.5,3.9
41.621137,-0.918261,78801125,Sur,side_street,0.2386,0.3085,0.0873,0.6564,0.2387,0.2302,0.2381,0.2364,0.2733,2.9,2.9,2.8,2.8,2.9,3
41.621276,-0.918498,78801125,Sur,side_street,0.2624,0.2989,0.0873,0.727,0.2627,0.2552,0.2682,0.2671,0.3215,3,3,2.9,3,3,3.2
41.621416,-0.918734,78801125,Sur,side_street,0.2877,0.2989,0.0873,0.791,0.2843,0.2791,0.2911,0.2932,0.3544,3.1,3.1,3.1,3.1,3.2,3.4
41.621555,-0.91897,78801125,Sur,side_street,0.3068,0.2989,0.0873,0.8337,0.307,0.2934,0.3106,0.3065,0.3659,3.3,3.2,3.2,3.3,3.3,3.5
41.621694,-0.919206,78801125,Sur,side_street,0.3215,0.3092,0.0873,0.8694,0.3265,0.3058,0.3259,0.3151,0.3717,3.4,3.4,3.3,3.4,3.4,3.6
41.616119,-0.925682,79415565,Sur,side_street,0.0408,0.0319,0.0475,0.0827,0.0384,0.0473,0.0403,0.0595,0.0882,0.6,0.6,0.7,0.6,0.7,0.7
41.616844,-0.925276,79415568,Sur,side_street,0.0479,0.0581,0.0475,0.0483,0.0414,0.0521,0.0479,0.0705,0.0982,0.7,0.7,0.7,0.7,0.7,0.8
41.613786,-0.914774,116101109,Casablanca,side_street,0.0079,0.1694,0.1378,0.0442,0.0048,0.0062,0.0092,0.009,0.0112,0.9,0.9,0.9,0.9,0.9,0.8
41.622265,-0.918557,129014712,Sur,side_street,0.3369,0.2278,0.0873,0.9681,0.3395,0.3222,0.3485,0.346,0.4349,3.3,3.3,3.2,3.3,3.3,3.6
41.620316,-0.918927,129014713,Sur,side_street,0.1953,0.3583,0.0873,0.4148,0.2073,0.1926,0.1826,0.1597,0.1786,2.7,2.7,2.7,2.6,2.5,2.6
41.620492,-0.920442,129014714,Sur,side_street,0.2005,0.5243,0.0873,0.478,0.2052,0.1998,0.1874,0.2,0.2593,3.1,3.2,3.2,3.1,3.2,3.4
41.622348,-0.920775,129014719,Sur,side_street,0.2931,0.0331,0.0873,0.7592,0.2899,0.2795,0.3013,0.2876,0.3067,2.5,2.4,2.4,2.5,2.4,2.5
41.622524,-0.920587,129014719,Sur,side_street,0.3041,0.0331,0.0873,0.7954,0.3012,0.2849,0.3125,0.2982,0.3183,2.5,2.5,2.5,2.6,2.5,2.6
41.620433,-0.918509,129014721,Sur,side_street,0.1963,0.1799,0.0873,0.4404,0.2097,0.1929,0.185,0.1531,0.1645,2.2,2.2,2.2,2.1,2,2
41.62338,-0.949601,140358069,Sur,side_street,0.0044,0.1155,0.0607,0.3785,0.0059,0.0054,0.0044,0.0055,0.0134,0.9,0.9,0.9,0.9,0.9,0.9
41.623189,-0.949759,140358069,Sur,side_street,0.0058,0.1155,0.0607,0.3985,0.0069,0.0066,0.0054,0.0072,0.0153,0.9,0.9,0.9,0.9,0.9,0.9
41.629508,-0.931642,148827521,Sur,secondary_street,0.0319,0.7834,0.0475,0.3656,0.0377,0.0305,0.0301,0.0335,0.0581,3.1,3.1,3,3,3.1,3.2
41.627563,-0.92744,148827554,Sur,side_street,0.0379,0.3578,0.0475,0.0996,0.0356,0.0447,0.027,0.0733,0.159,1.4,1.5,1.5,1.4,1.6,2.2
41.627468,-0.927167,148827554,Sur,side_street,0.0386,0.3578,0.0475,0.0974,0.0353,0.0454,0.0276,0.0752,0.1639,1.4,1.5,1.5,1.4,1.6,2.2
41.627401,-0.926427,148827554,Sur,side_street,0.0298,0.3721,0.0475,0.186,0.0243,0.0367,0.0205,0.0651,0.1443,1.6,1.6,1.6,1.6,1.8,2.2
41.627605,-0.9263,148827554,Sur,side_street,0.0287,0.4114,0.0475,0.2035,0.0225,0.036,0.0196,0.0667,0.1471,1.8,1.7,1.8,1.7,2,2.4
41.628368,-0.916981,167861279,Casablanca,square,0.0024,0.063,0.1385,0.0335,0.0021,0.004,0.0021,0.0048,0.0122,0.7,0.7,0.7,0.7,0.7,0.7
41.628985,-0.917843,167861279,Casablanca,square,0.0014,0.0273,0.1385,0.0721,0.0014,0.0023,0.0014,0.0044,0.0138,0.6,0.7,0.6,0.6,0.6,0.6
41.629138,-0.918064,167861279,Casablanca,square,0.0013,0.0247,0.1385,0.075,0.0013,0.002,0.0013,0.0038,0.0144,0.6,0.7,0.6,0.6,0.6,0.6
41.617149,-0.924114,261251034,Sur,square,0.0356,0.0042,0.0691,0.0129,0.0342,0.0365,0.0363,0.0478,0.0629,0.6,0.6,0.6,0.6,0.6,0.6
41.616953,-0.92421,261251034,Sur,square,0.0389,0.0026,0.0475,0.0277,0.037,0.0394,0.0393,0.0513,0.0705,0.6,0.6,0.6,0.6,0.6,0.6
41.616012,-0.925312,261251034,Sur,square,0.043,0.0026,0.0475,0.082,0.0397,0.0493,0.0432,0.0626,0.0895,0.6,0.6,0.6,0.6,0.6,0.7
41.616216,-0.925186,261251034,Sur,square,0.0502,0.0026,0.0475,0.0666,0.0425,0.0557,0.0512,0.0717,0.1008,0.6,0.6,0.6,0.6,0.6,0.7
41.61642,-0.92506,261251034,Sur,square,0.0496,0.0026,0.0475,0.0558,0.042,0.0547,0.05,0.0719,0.1005,0.6,0.6,0.6,0.6,0.6,0.7
41.616624,-0.924934,261251034,Sur,square,0.0473,0.0026,0.0475,0.0475,0.0413,0.0519,0.0475,0.0695,0.0944,0.6,0.6,0.6,0.6,0.6,0.7
41.616828,-0.924808,261251034,Sur,square,0.0488,0.0026,0.0475,0.0393,0.0423,0.0512,0.0489,0.0698,0.0943,0.6,0.6,0.6,0.6,0.6,0.7
41.617033,-0.924683,261251034,Sur,square,0.0444,0.0026,0.0475,0.0324,0.0407,0.0475,0.0454,0.064,0.0849,0.6,0.6,0.6,0.6,0.6,0.6
41.628045,-0.927285,261252698,Sur,square,0.037,0.0026,0.0475,0.1331,0.0328,0.044,0.0256,0.075,0.1641,0.6,0.6,0.6,0.6,0.7,0.9
41.627851,-0.927369,261252698,Sur,square,0.0396,0.0393,0.0475,0.1241,0.0362,0.048,0.0281,0.0794,0.1724,0.7,0.7,0.7,0.7,0.7,1
41.621981,-0.915547,261567139,Sur,square,0.0656,0.0533,0.0691,0.2985,0.0702,0.0581,0.0668,0.0557,0.0572,0.9,0.9,0.8,0.9,0.8,0.8
41.622202,-0.915495,261567139,Sur,square,0.0657,0.0301,0.0691,0.3127,0.0704,0.0578,0.0681,0.0558,0.0558,0.8,0.8,0.8,0.8,0.8,0.8
41.628098,-0.927196,388149722,Sur,secondary_street,0.0358,0.6381,0.0475,0.1306,0.0302,0.0428,0.0244,0.0741,0.1611,2.5,2.5,2.6,2.5,2.7,3
41.628003,-0.926924,388149722,Sur,secondary_street,0.039,0.6381,0.0475,0.1197,0.0336,0.0466,0.0271,0.0811,0.1755,2.5,2.5,2.6,2.5,2.7,3
41.627908,-0.926651,388149722,Sur,secondary_street,0.0372,0.6381,0.0475,0.149,0.0304,0.0451,0.0254,0.0791,0.1723,2.6,2.5,2.6,2.5,2.7,3
41.627794,-0.926396,388149722,Sur,secondary_street,0.0294,0.6475,0.0475,0.1573,0.0233,0.0376,0.0194,0.0692,0.1521,2.6,2.5,2.6,2.5,2.7,3
41.621837,-0.923539,415777838,Sur,side_street,0.1662,0.6266,0.0873,0.8785,0.168,0.1629,0.161,0.1844,0.2883,3.7,3.7,3.7,3.7,3.7,4
41.622017,-0.923359,415777838,Sur,side_street,0.1652,0.6266,0.0873,0.8246,0.1692,0.162,0.1607,0.1734,0.26,3.6,3.6,3.6,3.6,3.6,3.9
41.623417,-0.929193,415777839,Sur,side_street,0.0715,0.5984,0.0691,0.8325,0.068,0.0732,0.0661,0.1183,0.2802,3.2,3.2,3.2,3.1,3.4,3.9
41.623513,-0.929464,415777839,Sur,side_street,0.0796,0.6374,0.0873,0.87,0.0743,0.0838,0.0738,0.1319,0.3111,3.4,3.4,3.4,3.4,3.6,4.1
41.619946,-0.9317,415777851,Sur,main_street,0.0119,0.838,0.0691,0.0037,0.0126,0.0141,0.0107,0.0199,0.0346,2.8,2.8,2.9,2.8,2.9,3
41.620239,-0.932508,415777851,Sur,main_street,0.0114,0.8184,0.0691,0.0037,0.0129,0.0136,0.0119,0.0168,0.0226,2.8,2.8,2.8,2.8,2.8,2.9
41.620031,-0.931143,415777853,Sur,side_street,0.016,0.2819,0.0691,0.0037,0.0144,0.0167,0.0136,0.0235,0.0499,1,1,1,1,1,1.2
41.620002,-0.931431,415777853,Sur,side_street,0.0148,0.7094,0.0691,0.0037,0.014,0.0163,0.0122,0.0232,0.0464,2.6,2.6,2.6,2.6,2.6,2.7
41.62362,-0.929418,415777854,Sur,side_street,0.0786,0.712,0.0691,0.8532,0.0735,0.082,0.0731,0.1286,0.301,3.5,3.5,3.5,3.5,3.7,4.2
41.623824,-0.929292,415777854,Sur,side_street,0.0714,0.6858,0.0691,0.7956,0.0698,0.0719,0.0663,0.1088,0.2665,3.4,3.4,3.4,3.4,3.5,4
41.624028,-0.929166,415777854,Sur,side_street,0.0642,0.6711,0.0691,0.7157,0.0653,0.0644,0.0602,0.0914,0.2323,3.2,3.2,3.3,3.2,3.4,3.8
41.619468,-0.921751,415777874,Sur,side_street,0.0904,0.7969,0.0873,0.3684,0.0895,0.0897,0.0899,0.1066,0.1538,3.4,3.4,3.4,3.4,3.5,3.6
41.619643,-0.921561,415777874,Sur,side_street,0.1013,0.7959,0.0873,0.3766,0.1016,0.0999,0.0992,0.1169,0.1618,3.4,3.4,3.4,3.4,3.5,3.7
41.620345,-0.920813,415777874,Sur,side_street,0.1809,0.8219,0.0873,0.3592,0.1885,0.1792,0.17,0.1774,0.2434,3.8,3.8,3.8,3.7,3.8,3.9
41.620513,-0.920613,415777874,Sur,side_street,0.198,0.8096,0.0873,0.6104,0.2028,0.1983,0.1833,0.1977,0.2589,4,4,4,3.9,4,4.2
41.620695,-0.920437,415777874,Sur,side_street,0.2148,0.6479,0.0873,0.5883,0.2189,0.212,0.2048,0.2202,0.2757,3.6,3.7,3.6,3.6,3.7,3.8
41.620872,-0.920252,415777874,Sur,side_street,0.2336,0.6479,0.0873,0.6186,0.2333,0.2289,0.2289,0.2414,0.2972,3.7,3.7,3.7,3.7,3.8,3.9
41.62104,-0.920053,415777874,Sur,side_street,0.2552,0.6372,0.0873,0.6861,0.2541,0.2456,0.2516,0.259,0.3133,3.8,3.8,3.8,3.8,3.8,4
41.617995,-0.922735,415777875,Sur,side_street,0.0342,0.3708,0.0873,0.0158,0.0346,0.0346,0.0326,0.0482,0.0825,1.5,1.5,1.5,1.5,1.5,1.7
41.618134,-0.922971,415777875,Sur,side_street,0.0387,0.394,0.0873,0.015,0.0383,0.0383,0.0366,0.0554,0.0892,1.6,1.6,1.6,1.6,1.7,1.8
41.62781,-0.926385,457209377,Sur,secondary_street,0.029,0.5457,0.0475,0.1574,0.0226,0.0373,0.0192,0.0681,0.1508,2.3,2.2,2.3,2.2,2.4,2.7
41.62201,-0.919733,464512822,Sur,side_street,0.3334,0.3301,0.0873,0.864,0.3388,0.3144,0.34,0.3219,0.3667,3.5,3.5,3.4,3.5,3.4,3.6
41.622152,-0.919967,464512822,Sur,side_street,0.3338,0.3301,0.0873,0.8503,0.3386,0.3136,0.3407,0.3211,0.359,3.4,3.5,3.4,3.5,3.4,3.6
41.622293,-0.920201,464512822,Sur,side_street,0.3287,0.3301,0.0873,0.8592,0.3327,0.3098,0.3371,0.317,0.3475,3.4,3.5,3.4,3.5,3.4,3.5
41.622435,-0.920435,464512822,Sur,side_street,0.3147,0.3301,0.0873,0.8249,0.3147,0.2969,0.3233,0.3068,0.3303,3.4,3.4,3.3,3.4,3.3,3.4
41.622573,-0.920671,464512822,Sur,side_street,0.2949,0.3277,0.0873,0.7787,0.2908,0.2801,0.306,0.2907,0.3082,3.2,3.2,3.2,3.3,3.2,3.3
41.623734,-0.919428,464512823,Sur,side_street,0.2395,0.2646,0.0873,0.8523,0.2376,0.2213,0.2531,0.2244,0.2224,2.9,2.9,2.8,3,2.9,2.9
41.623593,-0.919193,464512823,Sur,side_street,0.2575,0.2646,0.0873,0.8878,0.2559,0.2364,0.2733,0.2513,0.2592,3,3,2.9,3.1,3,3
41.623453,-0.918958,464512823,Sur,side_street,0.2701,0.2646,0.0873,0.9199,0.2677,0.2538,0.288,0.2695,0.2942,3.1,3.1,3,3.2,3.1,3.2
41.623312,-0.918723,464512823,Sur,side_street,0.2809,0.2646,0.0873,0.9421,0.2757,0.2636,0.2955,0.2819,0.3185,3.2,3.1,3.1,3.2,3.2,3.3
41.623022,-0.918477,464512825,Sur,side_street,0.303,0.3635,0.0873,0.9658,0.2969,0.2842,0.317,0.3075,0.3638,3.5,3.5,3.5,3.6,3.5,3.7
41.622138,-0.919402,464512825,Sur,side_street,0.3454,0.4593,0.0873,0.9265,0.3467,0.3246,0.3534,0.3375,0.3919,3.9,3.9,3.8,3.9,3.9,4
41.621963,-0.919591,464512825,Sur,side_street,0.3335,0.4719,0.0873,0.8759,0.3392,0.3154,0.3402,0.3238,0.3727,3.8,3.8,3.8,3.8,3.8,3.9
41.621421,-0.919667,503981520,Sur,side_street,0.2925,0.7395,0.0873,0.766,0.2924,0.2825,0.2948,0.2914,0.3427,4.2,4.2,4.2,4.2,4.2,4.4
41.621081,-0.919823,503981521,Sur,side_street,0.2605,0.3086,0.0873,0.645,0.2614,0.2534,0.2623,0.265,0.3205,2.9,2.9,2.9,2.9,3,3.2
41.620375,-0.918653,503981521,Sur,side_street,0.196,0.2036,0.0873,0.4254,0.2096,0.1922,0.184,0.1515,0.1625,2.2,2.3,2.2,2.2,2.1,2.1
41.620234,-0.918418,503981521,Sur,side_street,0.1793,0.0854,0.0873,0.3697,0.1993,0.1747,0.171,0.1293,0.1393,1.6,1.7,1.6,1.6,1.3,1.4
41.620093,-0.918184,503981521,Sur,side_street,0.1497,0.0854,0.0873,0.3103,0.1767,0.1446,0.1374,0.0995,0.105,1.3,1.5,1.3,1.3,1.1,1.1
41.621851,-0.919709,503981525,Sur,side_street,0.3246,0.4045,0.0873,0.8451,0.33,0.3077,0.3287,0.3139,0.3625,3.6,3.6,3.5,3.6,3.6,3.7
41.621843,-0.919216,503981528,Sur,side_street,0.3324,0.5723,0.0873,0.8927,0.3375,0.3153,0.3395,0.3248,0.3824,4.1,4.1,4,4.1,4,4.2
41.622016,-0.919025,503981528,Sur,side_street,0.3438,0.5723,0.0873,0.9378,0.346,0.3248,0.3513,0.3388,0.4049,4.1,4.1,4.1,4.2,4.1,4.3
41.62219,-0.918834,503981528,Sur,side_street,0.3478,0.5723,0.0873,0.9611,0.3484,0.3287,0.3566,0.3493,0.4254,4.2,4.2,4.1,4.2,4.2,4.4
41.622364,-0.918643,503981528,Sur,side_street,0.3467,0.4402,0.0873,0.9736,0.3453,0.3277,0.3568,0.3544,0.4498,3.9,3.9,3.8,3.9,3.9,4.2
41.622539,-0.918455,503981528,Sur,side_street,0.3375,0.4402,0.0873,0.9794,0.3373,0.3207,0.3522,0.3512,0.4528,3.9,3.9,3.8,3.9,3.9,4.2
41.622715,-0.918266,503981528,Sur,side_street,0.3146,0.4402,0.0873,0.9727,0.3103,0.298,0.329,0.3226,0.3946,3.8,3.8,3.7,3.8,3.8,4
41.62289,-0.918078,503981528,Sur,side_street,0.287,0.432,0.0873,0.9589,0.2809,0.2715,0.3017,0.2958,0.3513,3.7,3.6,3.6,3.7,3.7,3.8
41.622844,-0.917934,503981535,Sur,side_street,0.2756,0.5818,0.0873,0.9497,0.2709,0.2623,0.291,0.285,0.3378,4,3.9,3.9,4,4,4.1
41.624185,-0.929068,558534400,Sur,side_street,0.0596,0.4498,0.0691,0.6528,0.0618,0.0602,0.0581,0.0834,0.2045,2.6,2.6,2.6,2.6,2.7,3.1
41.622409,-0.930151,617778818,Sur,side_street,0.0639,0.872,0.0691,0.8156,0.0603,0.0651,0.0609,0.1094,0.2629,3.9,3.8,3.9,3.8,4,4.5
41.622613,-0.930025,617778818,Sur,side_street,0.0733,0.8727,0.0873,0.8629,0.0685,0.0762,0.0695,0.1279,0.2975,3.9,3.9,3.9,3.9,4.1,4.7
41.622868,-0.948888,624420442,Sur,side_street,0.0041,0.0722,0.0607,0.4364,0.0054,0.0047,0.0049,0.004,0.0114,0.8,0.8,0.8,0.8,0.8,0.8
41.622768,-0.949145,624460843,Sur,secondary_street,0.0047,0.2638,0.0607,0.4418,0.0062,0.0052,0.0052,0.0052,0.0119,1.4,1.4,1.4,1.4,1.4,1.4
41.622885,-0.949402,624460843,Sur,secondary_street,0.0065,0.2638,0.0607,0.4695,0.0075,0.0065,0.0058,0.0069,0.0146,1.4,1.5,1.4,1.4,1.5,1.5
41.623001,-0.94966,624460843,Sur,secondary_street,0.0066,0.2638,0.0607,0.4309,0.0078,0.0071,0.0057,0.0076,0.016,1.4,1.4,1.4,1.4,1.4,1.5
41.624143,-0.928928,624699822,Sur,side_street,0.0591,0.3096,0.0691,0.6385,0.0599,0.0591,0.0568,0.0825,0.2011,2.2,2.2,2.2,2.2,2.3,2.7
41.61829,-0.922993,628590353,Sur,side_street,0.0406,0.4396,0.0873,0.0656,0.039,0.0407,0.0387,0.0598,0.0947,1.9,1.9,1.9,1.9,2,2.2
41.618465,-0.922805,628590353,Sur,side_street,0.0458,0.4396,0.0873,0.0784,0.0434,0.0464,0.042,0.0627,0.0989,1.9,1.9,1.9,1.9,2.1,2.2
41.618995,-0.922246,628590353,Sur,side_street,0.0636,0.4557,0.0873,0.2774,0.062,0.064,0.0615,0.083,0.1265,2.3,2.3,2.3,2.3,2.4,2.6
41.619173,-0.922062,628590353,Sur,side_street,0.0718,0.4557,0.0873,0.3012,0.07,0.0709,0.0688,0.088,0.1345,2.4,2.4,2.4,2.4,2.4,2.6
41.61935,-0.921878,628590353,Sur,side_street,0.0861,0.4635,0.0873,0.3595,0.083,0.0861,0.0855,0.1043,0.1518,2.5,2.5,2.5,2.5,2.6,2.8
41.619317,-0.921723,628590359,Sur,side_street,0.0838,0.2581,0.0873,0.3427,0.081,0.0824,0.0808,0.0989,0.1468,1.7,1.7,1.7,1.7,1.8,2.1
41.619176,-0.921489,628590359,Sur,side_street,0.076,0.2581,0.0873,0.2711,0.0741,0.0742,0.0721,0.0879,0.1337,1.6,1.6,1.6,1.6,1.7,1.9
41.62321,-0.918551,628590399,Sur,side_street,0.2869,0.2923,0.0873,0.952,0.2817,0.2695,0.3036,0.2899,0.332,3.3,3.2,3.2,3.3,3.3,3.5
41.619851,-0.929881,687672097,Sur,main_street,0.0105,0.827,0.0607,0.0082,0.012,0.011,0.0109,0.0172,0.0253,2.8,2.8,2.8,2.8,2.9,2.9
41.619817,-0.93078,687672097,Sur,main_street,0.0113,0.8565,0.0607,0.0037,0.0122,0.014,0.0103,0.0205,0.0363,2.9,2.9,2.9,2.9,2.9,3
41.619831,-0.931027,687672098,Sur,main_street,0.0117,0.6174,0.0691,0.0037,0.0123,0.0144,0.01,0.0208,0.0399,2.3,2.3,2.3,2.3,2.3,2.4
41.629687,-0.930752,687674910,Sur,secondary_street,0.0318,0.6574,0.0475,0.2702,0.0367,0.0307,0.03,0.0345,0.0557,2.7,2.7,2.7,2.7,2.7,2.8
41.629901,-0.930661,687674910,Sur,secondary_street,0.0284,0.6574,0.0475,0.2186,0.0309,0.0273,0.0266,0.0319,0.0509,2.6,2.6,2.6,2.6,2.6,2.7
41.623308,-0.920079,687801852,Sur,side_street,0.2736,0.2882,0.0873,0.8127,0.2723,0.2583,0.2896,0.2655,0.2668,3.1,3.1,3,3.1,3.1,3.1
41.623483,-0.91989,687801852,Sur,side_street,0.2602,0.2882,0.0873,0.8256,0.2609,0.2404,0.2766,0.2489,0.2445,3,3,3,3.1,3,3
41.623658,-0.919702,687801852,Sur,side_street,0.2469,0.2882,0.0873,0.8303,0.2441,0.2253,0.2588,0.2305,0.2231,3,3,2.9,3,2.9,2.9
41.625599,-0.911277,689620645,Casablanca,secondary_street,0.0685,0.0695,0.141,0.5807,0.0745,0.0745,0.0664,0.0779,0.1762,1.4,1.4,1.4,1.3,1.4,1.9
41.625716,-0.911534,689620645,Casablanca,secondary_street,0.0626,0.0787,0.141,0.5113,0.0691,0.0666,0.0613,0.0732,0.1628,1.3,1.3,1.3,1.2,1.3,1.8
41.625832,-0.911792,689620645,Casablanca,secondary_street,0.0582,0.0787,0.141,0.462,0.0633,0.0626,0.0579,0.067,0.1484,1.2,1.2,1.2,1.2,1.2,1.7
41.625948,-0.912049,689620645,Casablanca,secondary_street,0.0537,0.0787,0.141,0.4134,0.0567,0.0565,0.0517,0.0606,0.1338,1.1,1.1,1.1,1.1,1.1,1.5
41.61527,-0.913864,690908397,Casablanca,side_street,0.0089,0.162,0.1378,0.0485,0.0061,0.0073,0.0095,0.0099,0.0109,0.9,0.9,0.9,0.9,0.9,0.8
41.615065,-0.913748,690908397,Casablanca,side_street,0.009,0.1778,0.1378,0.0561,0.0068,0.0083,0.0099,0.0107,0.0117,0.9,0.9,0.9,0.9,0.9,0.9
41.620948,-0.924526,895313987,Sur,side_street,0.1164,0.9134,0.0873,0.9221,0.1053,0.1159,0.1173,0.1676,0.3034,4.2,4.2,4.2,4.2,4.4,4.9
41.623482,-0.929497,1229753859,Sur,side_street,0.0813,0.6392,0.0873,0.8763,0.0753,0.0854,0.0745,0.1337,0.315,3.4,3.4,3.4,3.4,3.6,4.1
41.617221,-0.924042,1241438010,Sur,side_street,0.0339,0.1466,0.0691,0.0124,0.0319,0.0353,0.035,0.0462,0.0615,0.8,0.8,0.8,0.8,0.8,0.8
41.622403,-0.915567,1328598228,Sur,side_street,0.0687,0.7227,0.0691,0.3453,0.0728,0.0611,0.0709,0.0586,0.0627,3,3.1,3,3.1,3,3.1
41.622295,-0.915341,1328598229,Sur,side_street,0.0592,0.7099,0.0691,0.2932,0.0646,0.0531,0.0616,0.0476,0.048,2.9,2.9,2.9,2.9,2.9,2.9
41.62987,-0.907996,5581456,Casablanca,side_street,0.1357,0.1261,0.141,0.7089,0.1388,0.1485,0.1375,0.1545,0.2182,2.1,2.1,2.2,2.2,2.3,2.5
41.630094,-0.908016,5581456,Casablanca,side_street,0.118,0.1261,0.141,0.6536,0.1197,0.1252,0.1204,0.1388,0.1875,2,2,2,2,2.2,2.3
41.618423,-0.876768,20197520,"Torrero-La Paz",main_street,0.0551,0.3909,0.0187,0.384,0.0694,0.051,0.051,0.0202,0.0154,2,2.1,2,2,1.8,1.7
41.624454,-0.876245,20211815,"Torrero-La Paz",secondary_street,0.2224,0.6191,0.0348,0.53,0.2205,0.2157,0.234,0.2217,0.1402,3.4,3.4,3.4,3.5,3.4,3.2
41.624528,-0.87634,20211818,"Torrero-La Paz",secondary_street,0.2313,0.8481,0.0348,0.5743,0.2274,0.2243,0.2449,0.2316,0.1449,4.1,4.1,4,4.1,4.1,3.8
41.624709,-0.876456,20211819,"Torrero-La Paz",secondary_street,0.2523,0.2363,0.0348,0.6099,0.2425,0.24,0.2647,0.2496,0.1532,2.6,2.6,2.6,2.7,2.6,2.3
41.624802,-0.876545,20211821,"Torrero-La Paz",secondary_street,0.2592,0.8653,0.0348,0.6491,0.2525,0.2497,0.2718,0.2565,0.1598,4.3,4.2,4.2,4.3,4.2,3.9
41.62475,-0.876624,20211824,"Torrero-La Paz",secondary_street,0.2578,0.9286,0.0348,0.6162,0.2507,0.2486,0.2701,0.2558,0.1593,4.4,4.4,4.3,4.4,4.4,4
41.632049,-0.893915,23098692,Universidad,square,0.1518,0.3053,0.3498,0.0037,0.1115,0.1887,0.1703,0.2053,0.2193,2.5,2.3,2.6,2.6,2.7,2.7
41.632119,-0.893629,23098692,Universidad,square,0.1528,0.5529,0.3514,0.0037,0.1157,0.1897,0.1693,0.2018,0.2176,3.1,2.9,3.3,3.2,3.3,3.4
41.622186,-0.900604,23098701,"Torrero-La Paz",secondary_street,0.0278,0.2538,0.0127,0.477,0.0229,0.0318,0.0336,0.0396,0.0423,1.4,1.4,1.4,1.4,1.5,1.5
41.622029,-0.900819,23098701,"Torrero-La Paz",secondary_street,0.0259,0.463,0.0127,0.4009,0.0208,0.0288,0.0319,0.0363,0.0376,2.2,2.1,2.2,2.2,2.2,2.2
41.632956,-0.878686,24380420,"San José",side_street,0.3465,0.9822,0.4773,0.7007,0.3293,0.326,0.3686,0.3609,0.3071,6,6,5.9,6.2,6.1,5.8
41.631674,-0.879086,24380422,"San José",side_street,0.2291,0.5717,0.4609,0.5717,0.2169,0.2223,0.2476,0.2678,0.236,4.1,4,4.1,4.1,4.2,4.1
41.631587,-0.879363,24380422,"San José",side_street,0.2251,0.5717,0.4609,0.578,0.2118,0.2186,0.2411,0.2648,0.2367,4.1,4,4,4.1,4.2,4.1
41.631449,-0.879586,24380422,"San José",side_street,0.2116,0.2263,0.4661,0.5777,0.1997,0.2059,0.2248,0.2501,0.212,3.2,3.1,3.1,3.2,3.3,3.2
41.631259,-0.879746,24380422,"San José",side_street,0.1997,0.2263,0.4609,0.5813,0.1894,0.1964,0.2076,0.2302,0.1939,3.1,3.1,3.1,3.1,3.2,3.1
41.631074,-0.877673,24380432,"San José",main_street,0.1771,0.8157,0.4465,0.3212,0.1689,0.1683,0.1796,0.1897,0.148,4.3,4.2,4.2,4.3,4.3,4.2
41.631424,-0.879461,24380434,"San José",square,0.2118,0.4187,0.4609,0.5745,0.2004,0.2062,0.2233,0.2476,0.2087,3.7,3.6,3.7,3.7,3.8,3.7
41.631215,-0.879348,24380434,"San José",square,0.1942,0.4187,0.4558,0.5394,0.1796,0.1865,0.2012,0.2258,0.1916,3.6,3.5,3.5,3.6,3.7,3.6
41.631007,-0.879235,24380434,"San José",square,0.175,0.4187,0.4558,0.4741,0.1605,0.1661,0.1819,0.201,0.1686,3.4,3.4,3.4,3.5,3.5,3.4
41.630799,-0.879122,24380434,"San José",square,0.1614,0.4187,0.4558,0.4852,0.1352,0.1491,0.1718,0.1864,0.1596,3.4,3.3,3.4,3.4,3.5,3.4
41.63059,-0.879009,24380434,"San José",square,0.1306,0.4187,0.4558,0.4614,0.1138,0.1189,0.1501,0.158,0.1432,3.3,3.2,3.2,3.3,3.4,3.3
41.633409,-0.874553,24380659,"San José",side_street,0.366,0.8555,0.4497,0.0155,0.3677,0.3413,0.3742,0.3282,0.2381,4.8,4.8,4.7,4.8,4.6,4.3
41.63319,-0.874623,24380659,"San José",side_street,0.3547,0.8555,0.448,0.0167,0.356,0.3307,0.359,0.319,0.2316,4.7,4.8,4.7,4.8,4.6,4.3
41.633201,-0.877395,24380661,"San José",side_street,0.3966,0.7501,0.4661,0.4596,0.3858,0.3697,0.4087,0.3964,0.339,5.1,5,5,5.1,5.1,4.8
41.633054,-0.877167,24380661,"San José",side_street,0.3864,0.7501,0.4558,0.4339,0.3724,0.3601,0.3997,0.3871,0.3338,5,4.9,4.9,5,5,4.7
41.632057,-0.882551,24380696,"Torrero-La Paz",side_street,0.358,0.9015,0.1045,0.4943,0.3474,0.3484,0.3711,0.3648,0.3318,4.7,4.7,4.7,4.7,4.7,4.6
41.62959,-0.882533,24380696,"Torrero-La Paz",side_street,0.3502,0.9192,0.055,0.4303,0.3385,0.3335,0.366,0.3561,0.3026,4.6,4.5,4.5,4.6,4.6,4.4
41.631928,-0.883539,24380958,"Torrero-La Paz",side_street,0.4497,0.3793,0.1027,0.5393,0.4494,0.4399,0.4545,0.4389,0.385,3.7,3.7,3.7,3.8,3.7,3.5
41.632152,-0.883522,24380958,"Torrero-La Paz",side_street,0.4375,0.4025,0.1045,0.5912,0.4375,0.432,0.4416,0.4274,0.3778,3.8,3.8,3.8,3.8,3.8,3.6
41.632376,-0.883499,24380958,"Torrero-La Paz",side_street,0.4233,0.9026,0.1045,0.583,0.4255,0.4159,0.4259,0.4088,0.3649,5,5.1,5,5.1,5,4.8
41.630911,-0.884141,24380960,"Torrero-La Paz",side_street,0.5589,0.5194,0.0966,0.4439,0.5592,0.5529,0.5592,0.5485,0.4994,4.3,4.3,4.3,4.3,4.3,4.1
41.63092,-0.883239,24380960,"Torrero-La Paz",side_street,0.4399,0.2761,0.0966,0.3337,0.4336,0.4288,0.4495,0.4388,0.3816,3.2,3.2,3.2,3.3,3.2,3
41.630923,-0.882938,24380960,"Torrero-La Paz",side_street,0.4129,0.2787,0.0966,0.2797,0.4074,0.3963,0.4228,0.4094,0.3564,3.1,3,3,3.1,3.1,2.9
41.62866,-0.883887,24380961,"Torrero-La Paz",side_street,0.4104,0.7718,0.0439,0.4987,0.4028,0.3927,0.4204,0.4093,0.3508,4.4,4.4,4.4,4.5,4.4,4.2
41.629607,-0.884043,24380965,"Torrero-La Paz",side_street,0.5062,0.6809,0.055,0.5213,0.5051,0.4955,0.5147,0.5041,0.4414,4.6,4.6,4.5,4.6,4.5,4.3
41.627199,-0.880684,24380966,"Torrero-La Paz",side_street,0.1709,0.6488,0.0375,0.8075,0.1873,0.1601,0.156,0.121,0.1042,3.6,3.7,3.5,3.5,3.4,3.4
41.627372,-0.880493,24380966,"Torrero-La Paz",side_street,0.1663,0.4832,0.0375,0.8168,0.1817,0.1543,0.1539,0.1203,0.1025,3.1,3.2,3.1,3.1,3,2.9
41.628099,-0.875665,24380974,"Torrero-La Paz",side_street,0.122,0.4411,0.0295,0.2131,0.1399,0.1211,0.127,0.0927,0.0613,2.3,2.4,2.3,2.4,2.3,2
41.628259,-0.87587,24380974,"Torrero-La Paz",side_street,0.1181,0.6258,0.0295,0.2004,0.134,0.118,0.1225,0.0919,0.0619,2.8,2.8,2.8,2.8,2.7,2.6
41.628392,-0.876112,24380974,"Torrero-La Paz",side_street,0.1167,0.6129,0.0295,0.1991,0.1319,0.1172,0.1218,0.0917,0.0586,2.7,2.8,2.8,2.7,2.7,2.6
41.626909,-0.877409,24380977,"Torrero-La Paz",side_street,0.2072,0.2442,0.0295,0.6142,0.2116,0.2036,0.2062,0.1793,0.122,2.5,2.5,2.5,2.5,2.4,2.1
41.627962,-0.877226,24380980,"Torrero-La Paz",side_street,0.1499,0.1509,0.0325,0.4946,0.1629,0.1423,0.1528,0.1181,0.0824,1.7,1.8,1.7,1.7,1.5,1.3
41.628152,-0.877064,24380980,"Torrero-La Paz",side_street,0.1344,0.1962,0.0295,0.4363,0.1502,0.1299,0.1409,0.1095,0.0752,1.7,1.8,1.7,1.8,1.6,1.4
41.627332,-0.881652,24380988,"Torrero-La Paz",side_street,0.1949,0.2409,0.0382,0.6803,0.2087,0.1882,0.1741,0.1338,0.1109,2.5,2.6,2.5,2.4,2.3,2.2
41.627314,-0.881352,24380988,"Torrero-La Paz",side_street,0.1878,0.2409,0.038,0.7,0.202,0.1812,0.1709,0.1311,0.1112,2.5,2.6,2.5,2.4,2.3,2.2
41.627455,-0.886183,24380993,"Torrero-La Paz",side_street,0.3327,0.0957,0.0389,0.8356,0.3249,0.3273,0.3378,0.3513,0.3414,2.7,2.7,2.7,2.7,2.8,2.8
41.627504,-0.886476,24380993,"Torrero-La Paz",side_street,0.3389,0.0957,0.0389,0.8691,0.332,0.3344,0.3433,0.3577,0.3523,2.8,2.7,2.8,2.8,2.8,2.8
41.627891,-0.886269,24380995,"Torrero-La Paz",secondary_street,0.4122,0.4094,0.0439,0.873,0.4036,0.3991,0.4178,0.4268,0.4218,3.9,3.8,3.8,3.9,3.9,3.9
41.627842,-0.885975,24380995,"Torrero-La Paz",secondary_street,0.4023,0.4094,0.0439,0.8347,0.3913,0.3874,0.4086,0.4162,0.4004,3.8,3.8,3.8,3.8,3.8,3.8
41.627505,-0.883918,24380995,"Torrero-La Paz",secondary_street,0.2684,0.4094,0.0402,0.6156,0.2624,0.2613,0.2787,0.2754,0.202,3.1,3.1,3.1,3.1,3.2,2.9
41.627923,-0.883949,24380996,"Torrero-La Paz",side_street,0.3239,0.3388,0.0418,0.6122,0.3149,0.3106,0.3331,0.3255,0.2614,3.1,3.1,3.1,3.2,3.1,2.9
41.628246,-0.88601,24380996,"Torrero-La Paz",side_street,0.4621,0.3388,0.0645,0.8499,0.4508,0.4503,0.4678,0.4802,0.4802,3.9,3.8,3.8,3.9,3.9,3.9
41.628292,-0.886304,24380996,"Torrero-La Paz",side_street,0.4689,0.3534,0.0754,0.8851,0.4592,0.4587,0.4741,0.4902,0.4959,4,3.9,3.9,4,4,4
41.628717,-0.886032,24380997,"Torrero-La Paz",side_street,0.5486,0.3392,0.0754,0.8648,0.539,0.5407,0.5523,0.565,0.5519,4.2,4.1,4.1,4.2,4.2,4.2
41.628669,-0.885738,24380997,"Torrero-La Paz",side_street,0.5334,0.3392,0.0754,0.8359,0.5215,0.5215,0.5367,0.5469,0.5274,4.1,4.1,4,4.1,4.1,4
41.628432,-0.884268,24380997,"Torrero-La Paz",side_street,0.4134,0.3392,0.055,0.5888,0.4056,0.3956,0.424,0.4159,0.3549,3.5,3.4,3.4,3.5,3.5,3.3
41.629492,-0.887869,24380998,"Torrero-La Paz",side_street,0.5017,0.2949,0.0645,0.7575,0.5079,0.4925,0.496,0.4829,0.4504,3.8,3.8,3.8,3.8,3.8,3.6
41.629436,-0.887578,24380998,"Torrero-La Paz",side_street,0.5325,0.4433,0.0645,0.8012,0.5343,0.525,0.5252,0.5201,0.4864,4.3,4.3,4.3,4.3,4.2,4.1
41.62996,-0.887129,24380999,"Torrero-La Paz",side_street,0.6006,0.5497,0.055,0.746,0.603,0.5916,0.5945,0.5814,0.5239,4.8,4.8,4.7,4.7,4.7,4.5
41.629914,-0.886835,24380999,"Torrero-La Paz",side_street,0.6172,0.5497,0.055,0.775,0.6201,0.6087,0.6159,0.6044,0.5435,4.9,4.9,4.8,4.9,4.8,4.5
41.629868,-0.88654,24380999,"Torrero-La Paz",side_street,0.6293,0.4852,0.055,0.7897,0.6324,0.6193,0.63,0.6213,0.5611,4.7,4.7,4.7,4.7,4.7,4.5
41.629821,-0.886246,24380999,"Torrero-La Paz",side_street,0.642,0.5356,0.055,0.7961,0.6403,0.6278,0.6454,0.6317,0.57,4.9,4.9,4.9,4.9,4.9,4.6
41.629775,-0.885952,24380999,"Torrero-La Paz",side_street,0.6485,0.5507,0.055,0.7747,0.6473,0.6333,0.6579,0.6362,0.5763,5,5,4.9,5,4.9,4.7
41.629602,-0.885784,24381000,"Torrero-La Paz",side_street,0.6321,0.3065,0.055,0.7969,0.631,0.6204,0.6374,0.6293,0.5725,4.3,4.3,4.2,4.3,4.2,4
41.629556,-0.88549,24381000,"Torrero-La Paz",side_street,0.6174,0.3065,0.055,0.76,0.6146,0.608,0.6224,0.619,0.5602,4.2,4.2,4.2,4.2,4.2,4
41.62942,-0.884606,24381000,"Torrero-La Paz",side_street,0.551,0.3065,0.055,0.6685,0.5482,0.543,0.5558,0.5461,0.4869,3.9,3.9,3.9,3.9,3.9,3.7
41.629374,-0.884312,24381000,"Torrero-La Paz",side_street,0.5235,0.3065,0.055,0.6519,0.5187,0.5134,0.5283,0.5208,0.4552,3.8,3.8,3.8,3.8,3.8,3.6
41.629848,-0.88437,24381001,"Torrero-La Paz",side_street,0.5557,0.2252,0.055,0.5567,0.553,0.5472,0.5591,0.548,0.4833,3.6,3.6,3.6,3.7,3.6,3.4
41.629891,-0.884665,24381001,"Torrero-La Paz",side_street,0.5845,0.2051,0.0645,0.5746,0.5798,0.576,0.5871,0.5769,0.5124,3.7,3.7,3.7,3.7,3.7,3.5
41.629936,-0.88496,24381001,"Torrero-La Paz",side_street,0.6112,0.2051,0.0645,0.6292,0.6087,0.6009,0.6133,0.6042,0.5352,3.8,3.8,3.8,3.9,3.8,3.6
41.62998,-0.885255,24381001,"Torrero-La Paz",side_street,0.6357,0.2051,0.0645,0.6813,0.6343,0.6232,0.6412,0.6263,0.5595,4,4,3.9,4,3.9,3.7
41.630025,-0.88555,24381001,"Torrero-La Paz",side_street,0.6593,0.2051,0.0645,0.7159,0.6617,0.6423,0.6735,0.6409,0.576,4.1,4.1,4,4.1,4,3.8
41.630474,-0.885536,24381003,"Torrero-La Paz",side_street,0.693,0.7304,0.0754,0.7041,0.6969,0.6666,0.7001,0.659,0.5955,5.8,5.9,5.7,5.9,5.6,5.3
41.630428,-0.885242,24381003,"Torrero-La Paz",side_street,0.6637,0.5427,0.0754,0.6374,0.6686,0.6467,0.6751,0.6401,0.5769,4.9,4.9,4.8,5,4.8,4.6
41.630336,-0.884653,24381003,"Torrero-La Paz",side_street,0.6019,0.5427,0.0754,0.5249,0.5995,0.592,0.6023,0.5904,0.5243,4.6,4.6,4.5,4.6,4.5,4.3
41.630291,-0.884358,24381003,"Torrero-La Paz",side_street,0.569,0.5427,0.0754,0.4316,0.5678,0.5626,0.5731,0.5616,0.4982,4.4,4.4,4.3,4.4,4.3,4.1
41.631427,-0.884941,24381004,"Torrero-La Paz",side_street,0.6307,0.1641,0.0966,0.6399,0.6393,0.6237,0.6265,0.6088,0.554,3.9,3.9,3.8,3.9,3.8,3.6
41.631461,-0.884643,24381004,"Torrero-La Paz",side_street,0.6046,0.1641,0.0966,0.5736,0.6085,0.5968,0.5985,0.5824,0.5308,3.7,3.7,3.7,3.7,3.7,3.5
41.630882,-0.884503,24381005,"Torrero-La Paz",side_street,0.6003,0.2737,0.0754,0.5469,0.5996,0.5927,0.5972,0.5858,0.5318,3.9,3.9,3.9,3.9,3.9,3.7
41.631107,-0.884487,24381006,"Torrero-La Paz",side_street,0.5969,0.0428,0.0966,0.5585,0.5971,0.59,0.5938,0.5841,0.5342,3.4,3.4,3.4,3.4,3.3,3.2
41.631066,-0.884783,24381006,"Torrero-La Paz",side_street,0.6251,0.0428,0.0754,0.6177,0.6317,0.6183,0.6235,0.6112,0.5555,3.5,3.5,3.5,3.5,3.4,3.2
41.631024,-0.885078,24381006,"Torrero-La Paz",side_street,0.6588,0.0428,0.0754,0.6847,0.6679,0.6456,0.6641,0.6344,0.5832,3.7,3.7,3.6,3.7,3.6,3.4
41.631508,-0.886904,24381007,"Torrero-La Paz",side_street,0.6261,0.7359,0.0754,0.6899,0.643,0.621,0.614,0.5913,0.5551,5.5,5.6,5.4,5.4,5.3,5.1
41.631552,-0.886609,24381007,"Torrero-La Paz",side_street,0.6456,0.7359,0.0754,0.7171,0.6648,0.6361,0.6313,0.6111,0.5742,5.6,5.7,5.6,5.5,5.4,5.2
41.631495,-0.886355,24381007,"Torrero-La Paz",side_street,0.6656,0.7766,0.0754,0.7719,0.6836,0.6526,0.6583,0.6282,0.5954,5.9,6,5.9,5.9,5.7,5.5
41.630553,-0.885306,24381008,"Torrero-La Paz",side_street,0.6769,0.3807,0.0754,0.6372,0.6796,0.6555,0.6846,0.6478,0.5899,4.5,4.5,4.4,4.5,4.4,4.2
41.630774,-0.88525,24381008,"Torrero-La Paz",side_street,0.6785,0.3807,0.0754,0.6645,0.6833,0.6574,0.684,0.6477,0.5951,4.6,4.6,4.5,4.6,4.4,4.2
41.630995,-0.885194,24381008,"Torrero-La Paz",side_street,0.674,0.1519,0.0754,0.7035,0.6806,0.6557,0.6781,0.6423,0.5941,4,4,3.9,4,3.9,3.7
41.631215,-0.885139,24381008,"Torrero-La Paz",side_street,0.6618,0.1242,0.0754,0.6875,0.672,0.6484,0.6651,0.6336,0.582,3.9,3.9,3.8,3.9,3.8,3.6
41.628257,-0.877167,24381010,"Torrero-La Paz",secondary_street,0.1282,0.8892,0.0325,0.4097,0.1405,0.1231,0.1358,0.1067,0.0731,3.7,3.7,3.7,3.7,3.6,3.5
41.628136,-0.876913,24381010,"Torrero-La Paz",secondary_street,0.1351,0.8848,0.0295,0.3845,0.1525,0.1317,0.1405,0.1087,0.0736,3.7,3.7,3.7,3.7,3.6,3.5
41.627874,-0.876425,24381010,"Torrero-La Paz",secondary_street,0.1468,0.8766,0.0295,0.2894,0.1621,0.1478,0.1498,0.1176,0.0806,3.6,3.7,3.7,3.7,3.5,3.4
41.627092,-0.886494,24433586,"Torrero-La Paz",side_street,0.2725,0.072,0.0384,0.7829,0.2658,0.2776,0.2793,0.2897,0.272,2.4,2.4,2.4,2.5,2.5,2.4
41.627043,-0.886201,24433586,"Torrero-La Paz",side_street,0.2668,0.072,0.0384,0.7682,0.2612,0.2698,0.2739,0.2838,0.2627,2.4,2.4,2.4,2.4,2.5,2.4
41.62587,-0.878347,24433589,"Torrero-La Paz",side_street,0.2696,0.0827,0.0252,0.6943,0.2706,0.2653,0.2713,0.2547,0.2053,2.3,2.3,2.3,2.3,2.3,2
41.62566,-0.878457,24433589,"Torrero-La Paz",side_street,0.2752,0.2297,0.0252,0.6334,0.2793,0.2716,0.2757,0.2554,0.2059,2.7,2.7,2.7,2.7,2.6,2.4
41.625451,-0.878568,24433589,"Torrero-La Paz",side_street,0.2713,0.2297,0.0252,0.577,0.2767,0.2675,0.2706,0.2453,0.1919,2.6,2.6,2.6,2.6,2.5,2.3
41.625796,-0.87925,24433590,"Torrero-La Paz",side_street,0.2223,0.5562,0.0325,0.6552,0.2302,0.2175,0.2165,0.1899,0.1516,3.4,3.4,3.4,3.4,3.3,3.1
41.625585,-0.8794,24433591,"Torrero-La Paz",square,0.2155,0.6057,0.0295,0.6015,0.2254,0.2116,0.2055,0.1709,0.143,3.4,3.5,3.4,3.4,3.3,3.2
41.624665,-0.876914,24433599,"Torrero-La Paz",side_street,0.2554,0.2055,0.0348,0.6074,0.2492,0.2445,0.2651,0.2492,0.1573,2.6,2.5,2.5,2.6,2.5,2.2
41.624468,-0.876805,24433599,"Torrero-La Paz",side_street,0.2369,0.181,0.0348,0.5793,0.2308,0.2272,0.2466,0.2313,0.1478,2.4,2.4,2.3,2.4,2.4,1.9
41.622681,-0.875776,24433601,"Torrero-La Paz",secondary_street,0.0872,0.279,0.0325,0.4494,0.0798,0.0875,0.093,0.0936,0.0875,1.9,1.8,1.8,1.9,1.9,1.8
41.622633,-0.875765,24433602,"Torrero-La Paz",secondary_street,0.0848,0.4234,0.0325,0.4456,0.0777,0.0859,0.0916,0.0902,0.0856,2.4,2.3,2.4,2.4,2.4,2.4
41.627338,-0.875204,24433606,"Torrero-La Paz",side_street,0.1487,0.7369,0.0295,0.3303,0.1678,0.1432,0.1538,0.1056,0.0651,3.3,3.4,3.3,3.3,3.2,3
41.627181,-0.875419,24433606,"Torrero-La Paz",side_street,0.1704,0.7485,0.0295,0.3841,0.1832,0.1641,0.172,0.1259,0.0772,3.5,3.5,3.4,3.5,3.3,3.1
41.627021,-0.875631,24433606,"Torrero-La Paz",side_street,0.1805,0.7966,0.0295,0.4045,0.1916,0.1765,0.1789,0.1381,0.0858,3.6,3.7,3.6,3.7,3.5,3.3
41.62687,-0.875093,24433622,"Torrero-La Paz",square,0.162,0.1746,0.0295,0.3868,0.1723,0.1522,0.1663,0.1213,0.0773,1.7,1.8,1.7,1.8,1.5,1.3
41.629437,-0.882267,24433671,"Torrero-La Paz",side_street,0.3197,0.4737,0.055,0.4033,0.3072,0.3067,0.3322,0.3262,0.2722,3.3,3.3,3.3,3.4,3.4,3.2
41.632855,-0.888105,24433897,"Torrero-La Paz",side_street,0.4391,0.2085,0.0966,0.4125,0.4661,0.4382,0.4278,0.3773,0.3464,3.1,3.2,3.1,3.1,2.9,2.8
41.632812,-0.887809,24433897,"Torrero-La Paz",side_street,0.4645,0.2085,0.0966,0.4791,0.4936,0.4662,0.4511,0.4038,0.3731,3.3,3.4,3.3,3.2,3.1,3
41.63277,-0.887514,24433897,"Torrero-La Paz",side_street,0.4904,0.2085,0.0966,0.513,0.5208,0.4893,0.4748,0.4264,0.3916,3.4,3.5,3.4,3.3,3.2,3.1
41.632727,-0.887219,24433897,"Torrero-La Paz",side_street,0.5148,0.2085,0.0966,0.5779,0.5448,0.517,0.5001,0.4481,0.4158,3.5,3.6,3.5,3.5,3.3,3.2
41.632686,-0.886923,24433897,"Torrero-La Paz",side_street,0.5387,0.2346,0.0966,0.6183,0.563,0.538,0.5209,0.4681,0.4404,3.7,3.8,3.7,3.7,3.5,3.4
41.63265,-0.886626,24433897,"Torrero-La Paz",side_street,0.5507,0.2376,0.0966,0.6543,0.5735,0.5483,0.5335,0.4801,0.4515,3.8,3.9,3.8,3.7,3.6,3.5
41.632508,-0.885438,24433897,"Torrero-La Paz",side_street,0.5585,0.2376,0.1027,0.6851,0.5726,0.5557,0.5478,0.515,0.4744,3.9,3.9,3.8,3.8,3.7,3.6
41.631912,-0.885489,24433898,"Torrero-La Paz",side_street,0.6283,0.3613,0.0966,0.7179,0.6458,0.6234,0.619,0.595,0.5496,4.4,4.5,4.4,4.4,4.3,4.1
41.631981,-0.885775,24433898,"Torrero-La Paz",side_street,0.6263,0.3613,0.0966,0.7291,0.6441,0.6228,0.6156,0.5916,0.5531,4.4,4.5,4.4,4.4,4.3,4.1
41.632187,-0.886634,24433898,"Torrero-La Paz",side_street,0.5936,0.3613,0.0966,0.627,0.6135,0.5903,0.5782,0.5437,0.5144,4.2,4.3,4.2,4.1,4,3.9
41.632256,-0.88692,24433898,"Torrero-La Paz",side_street,0.5789,0.3613,0.0966,0.6108,0.5985,0.5766,0.5613,0.5244,0.497,4.1,4.2,4.1,4.1,3.9,3.9
41.632309,-0.887213,24433898,"Torrero-La Paz",side_street,0.5592,0.3371,0.0754,0.5639,0.5804,0.5586,0.5423,0.4982,0.4747,4,4,3.9,3.9,3.8,3.7
41.63235,-0.887508,24433898,"Torrero-La Paz",side_street,0.5345,0.3371,0.0754,0.4876,0.5584,0.5341,0.5136,0.4644,0.4388,3.8,3.9,3.8,3.8,3.6,3.5
41.632481,-0.888393,24433898,"Torrero-La Paz",side_street,0.4419,0.2383,0.0439,0.3754,0.4691,0.4411,0.4299,0.3793,0.3454,3.1,3.2,3.1,3,2.9,2.8
41.632525,-0.888689,24433898,"Torrero-La Paz",side_street,0.4202,0.2383,0.055,0.3098,0.4416,0.4196,0.4108,0.3597,0.3259,2.9,3,2.9,2.9,2.8,2.7
41.632568,-0.888984,24433898,"Torrero-La Paz",side_street,0.3987,0.1585,0.055,0.254,0.4192,0.3934,0.3882,0.3347,0.3024,2.7,2.7,2.6,2.6,2.4,2.3
41.632695,-0.88987,24433898,"Torrero-La Paz",side_street,0.316,0.1585,0.0439,0.1433,0.3379,0.3187,0.3081,0.2658,0.2205,2.2,2.3,2.2,2.2,2,1.7
41.632737,-0.890165,24433898,"Torrero-La Paz",side_street,0.291,0.1585,0.0439,0.1419,0.3113,0.2973,0.2867,0.2401,0.1967,2.1,2.2,2.1,2.1,1.8,1.6
41.63278,-0.890461,24433898,"Torrero-La Paz",side_street,0.2646,0.1585,0.0396,0.1341,0.2819,0.2723,0.2606,0.2028,0.1706,1.9,2,1.9,1.9,1.6,1.4
41.633113,-0.886842,24433899,"Torrero-La Paz",side_street,0.4802,0.2985,0.0966,0.617,0.5112,0.4765,0.4685,0.4166,0.377,3.7,3.8,3.7,3.7,3.5,3.3
41.632894,-0.886912,24433899,"Torrero-La Paz",side_street,0.5099,0.2985,0.0966,0.6146,0.54,0.509,0.4962,0.4423,0.4091,3.8,3.9,3.8,3.7,3.6,3.5
41.632676,-0.886981,24433899,"Torrero-La Paz",side_street,0.5367,0.3144,0.0966,0.6121,0.5611,0.5369,0.5198,0.4664,0.4399,3.9,4,3.9,3.9,3.7,3.6
41.632456,-0.887047,24433899,"Torrero-La Paz",side_street,0.5555,0.3144,0.0754,0.5789,0.5765,0.5541,0.5386,0.4911,0.4657,3.9,4,3.9,3.9,3.7,3.6
41.631933,-0.88731,24433900,"Torrero-La Paz",side_street,0.5793,0.1718,0.0754,0.5702,0.5986,0.5767,0.5603,0.5246,0.4955,3.6,3.7,3.6,3.6,3.4,3.3
41.632015,-0.887104,24433900,"Torrero-La Paz",side_street,0.588,0.1842,0.0754,0.5998,0.6067,0.5831,0.5709,0.536,0.5059,3.7,3.8,3.7,3.7,3.5,3.5
41.632232,-0.887023,24433900,"Torrero-La Paz",side_street,0.5757,0.2339,0.0966,0.5974,0.5954,0.5746,0.5589,0.522,0.4942,3.8,3.9,3.8,3.8,3.6,3.6
41.631858,-0.888903,24433901,"Torrero-La Paz",side_street,0.4282,0.4146,0.055,0.2354,0.4481,0.4272,0.4137,0.3701,0.34,3.4,3.5,3.4,3.3,3.2,3.1
41.632301,-0.888801,24433901,"Torrero-La Paz",side_street,0.4223,0.4732,0.055,0.239,0.443,0.4218,0.4105,0.3626,0.3287,3.5,3.6,3.5,3.5,3.3,3.2
41.632522,-0.888746,24433901,"Torrero-La Paz",side_street,0.4168,0.4732,0.055,0.3053,0.4361,0.4144,0.4066,0.3554,0.3229,3.6,3.7,3.6,3.6,3.4,3.3
41.633184,-0.888577,24433901,"Torrero-La Paz",side_street,0.3874,0.5845,0.0645,0.3816,0.409,0.3833,0.3796,0.325,0.3031,3.8,3.9,3.8,3.8,3.6,3.6
41.631813,-0.887756,24433904,"Torrero-La Paz",side_street,0.5482,0.2932,0.0645,0.4922,0.5702,0.5469,0.5274,0.4822,0.4491,3.7,3.8,3.8,3.7,3.5,3.4
41.631594,-0.887824,24433904,"Torrero-La Paz",side_street,0.5531,0.3113,0.055,0.5195,0.5732,0.5507,0.5322,0.489,0.4517,3.8,3.9,3.8,3.7,3.6,3.5
41.631664,-0.88901,24433905,"Torrero-La Paz",side_street,0.4252,0.6347,0.055,0.144,0.4447,0.4237,0.4104,0.3677,0.3363,3.9,3.9,3.9,3.8,3.7,3.6
41.631568,-0.889278,24433905,"Torrero-La Paz",side_street,0.4035,0.5449,0.055,0.1194,0.4202,0.3967,0.3872,0.3457,0.3159,3.6,3.6,3.5,3.5,3.4,3.3
41.630267,-0.891096,24433906,"Torrero-La Paz",side_street,0.202,0.544,0.0418,0.0448,0.2121,0.206,0.1837,0.1525,0.1149,2.7,2.8,2.8,2.7,2.6,2.5
41.630486,-0.891027,24433906,"Torrero-La Paz",side_street,0.2128,0.3814,0.0418,0.0223,0.2246,0.2182,0.1963,0.1655,0.1249,2.4,2.4,2.4,2.3,2.2,1.9
41.631562,-0.890965,24433913,"Torrero-La Paz",side_street,0.2301,0.0369,0.0418,0.0261,0.2443,0.2425,0.2159,0.186,0.1621,1.1,1.2,1.2,1,1,0.8
41.630863,-0.886739,24433914,"Torrero-La Paz",side_street,0.6574,0.4341,0.0645,0.7141,0.6707,0.6441,0.6502,0.6255,0.5767,4.6,4.7,4.6,4.6,4.5,4.3
41.630862,-0.88704,24433914,"Torrero-La Paz",side_street,0.6265,0.4156,0.0645,0.6535,0.6382,0.6196,0.6183,0.5982,0.5475,4.4,4.5,4.4,4.4,4.3,4.1
41.630854,-0.888243,24433914,"Torrero-La Paz",side_street,0.511,0.4156,0.055,0.294,0.5345,0.5082,0.4941,0.4535,0.394,3.7,3.8,3.8,3.7,3.6,3.4
41.630741,-0.888169,24433915,"Torrero-La Paz",side_street,0.5179,0.4243,0.055,0.3943,0.5382,0.5147,0.5014,0.4627,0.4046,3.9,3.9,3.9,3.8,3.7,3.5
41.63077,-0.888467,24433915,"Torrero-La Paz",side_street,0.4863,0.4243,0.055,0.2896,0.511,0.4819,0.4671,0.4292,0.3707,3.7,3.8,3.7,3.6,3.5,3.3
41.629002,-0.88798,24433916,"Torrero-La Paz",side_street,0.448,0.247,0.0754,0.7534,0.4491,0.4408,0.4439,0.4414,0.4211,3.5,3.5,3.5,3.5,3.5,3.5
41.629221,-0.887909,24433916,"Torrero-La Paz",side_street,0.4758,0.302,0.0754,0.7805,0.4804,0.4702,0.4712,0.4616,0.4375,3.8,3.8,3.8,3.8,3.7,3.7
41.629439,-0.887838,24433916,"Torrero-La Paz",side_street,0.502,0.302,0.0645,0.7737,0.5078,0.4935,0.4969,0.4846,0.4551,3.8,3.9,3.8,3.8,3.8,3.7
41.629658,-0.887767,24433916,"Torrero-La Paz",side_street,0.5246,0.4661,0.055,0.7419,0.53,0.5187,0.5178,0.5045,0.4634,4.2,4.3,4.2,4.2,4.2,4
41.630313,-0.887553,24433916,"Torrero-La Paz",side_street,0.5724,0.3396,0.055,0.6153,0.5814,0.5688,0.564,0.5424,0.4871,4,4,4,4,3.9,3.7
41.628226,-0.887768,24433917,"Torrero-La Paz",secondary_street,0.3876,0.4377,0.0645,0.8453,0.385,0.3728,0.3855,0.3854,0.3838,3.9,3.9,3.8,3.9,3.9,3.8
41.628644,-0.887901,24433919,"Torrero-La Paz",side_street,0.4227,0.5457,0.0645,0.8197,0.4226,0.4134,0.4193,0.4209,0.4118,4.2,4.2,4.2,4.2,4.2,4.1
41.628844,-0.891153,24433920,"Torrero-La Paz",side_street,0.1136,0.048,0.0402,0.2915,0.1282,0.1167,0.1034,0.0969,0.0981,0.9,1,1,0.9,0.9,0.9
41.628796,-0.890859,24433920,"Torrero-La Paz",side_street,0.1567,0.048,0.0418,0.3306,0.1716,0.1545,0.1309,0.119,0.1087,1.2,1.2,1.1,1,1,1
41.628747,-0.890565,24433920,"Torrero-La Paz",side_street,0.1791,0.048,0.0439,0.3191,0.1952,0.1786,0.1596,0.1351,0.1138,1.3,1.3,1.3,1.2,1.1,1
41.62826,-0.88809,24433928,"Torrero-La Paz",side_street,0.3666,0.1779,0.055,0.8023,0.3652,0.3556,0.3564,0.3601,0.357,3,3,3,3,3,3
41.629991,-0.888227,24433938,"Torrero-La Paz",side_street,0.487,0.2413,0.055,0.5989,0.5,0.4809,0.4784,0.4511,0.3981,3.5,3.5,3.5,3.4,3.4,3.2
41.629942,-0.887933,24433938,"Torrero-La Paz",side_street,0.5188,0.2413,0.055,0.6505,0.5293,0.5126,0.51,0.4874,0.4392,3.6,3.7,3.6,3.6,3.5,3.4
41.632594,-0.876281,26338610,"San José",main_street,0.3427,0.8932,0.4558,0.278,0.3283,0.3201,0.3588,0.3491,0.2711,5.1,5,5,5.2,5.1,4.8
41.632732,-0.876044,26338610,"San José",main_street,0.3645,0.8872,0.452,0.2369,0.3495,0.3378,0.383,0.3629,0.2872,5.1,5.1,5,5.2,5.1,4.8
41.632886,-0.875825,26338610,"San José",main_street,0.3834,0.8898,0.4497,0.1635,0.3732,0.3544,0.3985,0.3752,0.2982,5.1,5.1,5,5.2,5.1,4.7
41.633073,-0.87566,26338610,"San José",main_street,0.4009,0.9031,0.4497,0.1429,0.3929,0.3693,0.4118,0.3844,0.3058,5.2,5.2,5.1,5.3,5.1,4.8
41.633288,-0.875574,26338610,"San José",main_street,0.4145,0.7663,0.452,0.1287,0.4103,0.3888,0.4243,0.399,0.3212,4.8,4.8,4.7,4.9,4.8,4.5
41.633507,-0.875508,26338610,"San José",main_street,0.4283,0.7663,0.452,0.1135,0.4254,0.4049,0.436,0.4098,0.3284,4.9,4.9,4.8,4.9,4.8,4.5
41.633727,-0.875444,26338610,"San José",main_street,0.4358,0.8496,0.4558,0.0989,0.4322,0.4149,0.4442,0.4173,0.3314,5.2,5.1,5.1,5.2,5.1,4.7
41.633947,-0.875381,26338610,"San José",main_street,0.4388,0.8496,0.4558,0.12,0.4357,0.4186,0.4467,0.4182,0.3276,5.2,5.2,5.1,5.2,5.1,4.7
41.634168,-0.875324,26338610,"San José",main_street,0.4384,0.957,0.4558,0.1094,0.4374,0.4197,0.4476,0.4155,0.3233,5.6,5.6,5.5,5.6,5.5,5
41.63439,-0.875283,26338610,"San José",main_street,0.4373,0.9569,0.4558,0.0797,0.4373,0.4182,0.4477,0.4115,0.3109,5.5,5.6,5.4,5.6,5.4,4.9
41.634613,-0.875243,26338610,"San José",main_street,0.4397,0.9572,0.4558,0.078,0.4394,0.4194,0.4518,0.4125,0.3037,5.6,5.6,5.4,5.6,5.4,4.9
41.633099,-0.878774,26340094,"San José",side_street,0.3573,0.9394,0.4805,0.7513,0.3399,0.3362,0.3802,0.3679,0.3122,6,5.9,5.9,6.1,6.1,5.8
41.633316,-0.878697,26340094,"San José",side_street,0.383,0.9391,0.4741,0.7876,0.3656,0.3584,0.4029,0.3862,0.3248,6.2,6.1,6,6.3,6.2,5.9
41.631874,-0.877001,26340280,"San José",side_street,0.2573,0.2455,0.4497,0.1906,0.2393,0.2417,0.2735,0.275,0.1918,3,2.9,2.9,3,3.1,2.8
41.633855,-0.900931,27115604,Universidad,side_street,0.0988,0.0438,0.347,0.4545,0.0979,0.1136,0.1033,0.1244,0.215,1.8,1.8,1.9,1.9,2,2.4
41.626731,-0.912907,27115948,Casablanca,side_street,0.0362,0.1005,0.141,0.2726,0.0428,0.0384,0.0356,0.0312,0.0701,1,1,1,1,1,1.1
41.626923,-0.912751,27115948,Casablanca,side_street,0.0397,0.1142,0.141,0.275,0.0456,0.0421,0.0391,0.0342,0.075,1,1,1,1,1,1.2
41.633959,-0.876582,32620163,"San José",side_street,0.4609,0.9033,0.4609,0.2229,0.4634,0.4412,0.4647,0.4382,0.3609,5.7,5.7,5.6,5.7,5.5,5.1
41.628632,-0.886653,35546941,"Torrero-La Paz",square,0.512,0.3257,0.0754,0.8673,0.5055,0.5013,0.5153,0.5312,0.5249,4,4,4,4,4.1,4
41.628582,-0.88636,35546941,"Torrero-La Paz",square,0.5232,0.3502,0.0754,0.8879,0.5133,0.5123,0.5244,0.5418,0.5358,4.1,4.1,4.1,4.1,4.2,4.1
41.631958,-0.890309,35546943,"Torrero-La Paz",side_street,0.2964,0.5329,0.0439,0.0431,0.3146,0.303,0.2859,0.2544,0.2178,3,3.1,3.1,3,2.9,2.8
41.631901,-0.890019,35546943,"Torrero-La Paz",side_street,0.3205,0.5329,0.055,0.0432,0.3403,0.3232,0.3062,0.277,0.2398,3.2,3.2,3.2,3.1,3,2.9
41.632724,-0.882415,35546944,"Torrero-La Paz",secondary_street,0.3363,0.7309,0.1055,0.6562,0.3303,0.3322,0.3468,0.3479,0.3263,4.3,4.3,4.3,4.3,4.3,4.3
41.628887,-0.884198,35548712,"Torrero-La Paz",side_street,0.4583,0.4764,0.055,0.5625,0.4525,0.4454,0.4675,0.4576,0.3936,3.9,3.9,3.9,4,3.9,3.7
41.628933,-0.884493,35548712,"Torrero-La Paz",side_street,0.489,0.4764,0.055,0.628,0.4825,0.4767,0.4982,0.4883,0.4269,4.1,4.1,4,4.1,4.1,3.9
41.629026,-0.885081,35548712,"Torrero-La Paz",side_street,0.5459,0.4764,0.055,0.7354,0.5393,0.5375,0.5512,0.5482,0.5008,4.3,4.3,4.3,4.4,4.3,4.2
41.629072,-0.885376,35548712,"Torrero-La Paz",side_street,0.5687,0.4764,0.0754,0.8024,0.5635,0.5613,0.5743,0.575,0.5312,4.5,4.5,4.5,4.6,4.5,4.4
41.629118,-0.88567,35548712,"Torrero-La Paz",side_street,0.5906,0.4764,0.0754,0.8363,0.5822,0.5815,0.5937,0.5984,0.5584,4.6,4.6,4.6,4.7,4.6,4.5
41.629164,-0.885965,35548712,"Torrero-La Paz",side_street,0.6051,0.4864,0.0754,0.8585,0.5962,0.5945,0.6067,0.6114,0.5766,4.7,4.7,4.7,4.7,4.7,4.6
41.629204,-0.886206,35548713,"Torrero-La Paz",side_street,0.6074,0.5317,0.0754,0.8537,0.5998,0.5962,0.6092,0.6142,0.58,4.9,4.9,4.8,4.9,4.9,4.7
41.629253,-0.8865,35548713,"Torrero-La Paz",side_street,0.5993,0.5317,0.0645,0.8407,0.5926,0.5888,0.5995,0.6033,0.5674,4.8,4.8,4.8,4.8,4.8,4.6
41.629302,-0.886793,35548713,"Torrero-La Paz",side_street,0.5839,0.5209,0.0645,0.8352,0.5782,0.5757,0.5838,0.5837,0.5447,4.7,4.7,4.7,4.7,4.7,4.5
41.629351,-0.887087,35548713,"Torrero-La Paz",side_street,0.5659,0.5179,0.0645,0.8243,0.5653,0.5588,0.5649,0.5629,0.5235,4.6,4.6,4.6,4.6,4.6,4.5
41.629401,-0.88738,35548713,"Torrero-La Paz",side_street,0.5469,0.5179,0.0645,0.805,0.5485,0.5408,0.5434,0.5384,0.5037,4.6,4.6,4.5,4.5,4.5,4.4
41.628955,-0.888209,35549465,"Torrero-La Paz",side_street,0.4257,0.277,0.0754,0.7412,0.4278,0.4175,0.4207,0.4138,0.3917,3.5,3.5,3.5,3.5,3.5,3.4
41.631652,-0.88543,35552875,"Torrero-La Paz",main_street,0.6556,0.5259,0.0754,0.7191,0.6713,0.645,0.6471,0.6218,0.5707,4.9,5,4.9,4.9,4.8,4.6
41.630703,-0.886554,35552876,"Torrero-La Paz",side_street,0.6723,0.0309,0.0645,0.7585,0.6844,0.6547,0.6733,0.6352,0.5835,3.7,3.8,3.7,3.7,3.6,3.4
41.630666,-0.886258,35552876,"Torrero-La Paz",side_street,0.6969,0.0309,0.0645,0.765,0.7082,0.6717,0.6959,0.6509,0.5974,3.8,3.8,3.7,3.8,3.7,3.5
41.630767,-0.886155,35552877,"Torrero-La Paz",side_street,0.7034,0.0363,0.0754,0.735,0.7171,0.6798,0.7015,0.6559,0.6039,3.8,3.9,3.8,3.8,3.7,3.5
41.630989,-0.886106,35552877,"Torrero-La Paz",side_street,0.7035,0.0748,0.0754,0.7866,0.7175,0.682,0.701,0.6566,0.6097,4,4,3.9,4,3.8,3.7
41.63121,-0.886056,35552877,"Torrero-La Paz",side_street,0.6983,0.0748,0.0754,0.8082,0.7117,0.6762,0.6952,0.6523,0.6115,4,4,3.9,4,3.8,3.7
41.630896,-0.886399,35552879,"Torrero-La Paz",square,0.6895,0.0285,0.0754,0.751,0.7021,0.6682,0.6877,0.6441,0.5986,3.8,3.8,3.7,3.8,3.6,3.5
41.630384,-0.909396,36380451,Casablanca,secondary_street,0.0741,0.2366,0.1392,0.4514,0.0755,0.0784,0.0765,0.0753,0.0919,1.9,1.9,1.9,1.9,1.9,2
41.630269,-0.909137,36380451,Casablanca,secondary_street,0.0875,0.2145,0.1392,0.4854,0.0892,0.0944,0.0921,0.0903,0.119,1.9,1.9,2,2,2,2.1
41.629924,-0.908362,36380451,Casablanca,secondary_street,0.1248,0.1644,0.141,0.5153,0.1297,0.1358,0.1299,0.1406,0.1817,2,2,2,2,2.1,2.3
41.62981,-0.908103,36380451,Casablanca,secondary_street,0.1345,0.1611,0.141,0.6966,0.1381,0.148,0.1372,0.1514,0.2086,2.2,2.3,2.3,2.3,2.3,2.5
41.633105,-0.874578,36771730,"San José",side_street,0.3404,0.6591,0.448,0.0163,0.3431,0.3197,0.3457,0.3092,0.2185,4.2,4.2,4.1,4.2,4.1,3.8
41.633115,-0.874878,36771730,"San José",side_street,0.3659,0.8769,0.448,0.0372,0.3636,0.3412,0.3759,0.3371,0.2547,4.9,4.9,4.8,4.9,4.7,4.4
41.633124,-0.875179,36771730,"San José",side_street,0.3867,0.8869,0.4497,0.0683,0.3834,0.3577,0.3964,0.364,0.28,5,5,4.9,5.1,4.9,4.6
41.633133,-0.87548,36771730,"San José",side_street,0.4014,0.8869,0.4497,0.09,0.3946,0.3704,0.411,0.3814,0.305,5.1,5.1,5,5.1,5,4.7
41.633147,-0.87578,36771730,"San José",side_street,0.4057,0.7427,0.4497,0.1555,0.3985,0.3778,0.4169,0.3932,0.3166,4.7,4.7,4.6,4.8,4.7,4.4
41.633161,-0.87608,36771730,"San José",side_street,0.4045,0.7427,0.4558,0.2429,0.3973,0.3775,0.4156,0.3943,0.3236,4.9,4.8,4.7,4.9,4.8,4.5
41.633009,-0.876876,36771730,"San José",side_street,0.3847,0.7041,0.4558,0.4039,0.3707,0.3585,0.3988,0.3827,0.3272,4.8,4.8,4.7,4.9,4.8,4.6
41.629799,-0.90702,37677709,Casablanca,side_street,0.1194,0.0361,0.141,0.7274,0.1232,0.1276,0.1189,0.1426,0.2226,1.7,1.7,1.7,1.7,1.9,2.3
41.629915,-0.907277,37677709,Casablanca,side_street,0.1222,0.0361,0.141,0.724,0.1256,0.1321,0.1227,0.1467,0.2236,1.7,1.7,1.7,1.7,1.9,2.3
41.63251,-0.893757,39190647,Universidad,square,0.1596,0.3195,0.3498,0.0107,0.1169,0.1936,0.173,0.2104,0.226,2.6,2.4,2.7,2.6,2.7,2.8
41.632312,-0.893896,39190647,Universidad,square,0.1622,0.3698,0.3498,0.0079,0.1196,0.1977,0.1747,0.2152,0.2343,2.7,2.5,2.8,2.7,2.9,2.9
41.608869,-0.888804,40033940,"Torrero-La Paz",side_street,0.4469,0.0249,0.0127,0.1533,0.4152,0.4247,0.476,0.5171,0.4986,2.3,2.1,2.2,2.4,2.6,2.5
41.60832,-0.89121,40034094,"Torrero-La Paz",side_street,0.2099,0.0837,0.0127,0.0681,0.1988,0.1986,0.2264,0.2377,0.1365,1.1,1.1,1.1,1.2,1.3,0.9
41.609431,-0.881066,40035799,"Torrero-La Paz",secondary_street,0.0324,0.3473,0.0127,0.0226,0.0335,0.0321,0.0348,0.0341,0.0198,1.2,1.2,1.2,1.2,1.2,1.1
41.609252,-0.88089,40035799,"Torrero-La Paz",secondary_street,0.0276,0.3505,0.0127,0.0191,0.0254,0.0281,0.0284,0.0293,0.0211,1.2,1.2,1.2,1.2,1.2,1.2
41.630243,-0.890885,40660617,"Torrero-La Paz",side_street,0.2217,0.1374,0.0418,0.0643,0.2306,0.226,0.2103,0.1846,0.1361,1.5,1.5,1.5,1.4,1.3,1.1
41.629206,-0.883833,49302709,"Torrero-La Paz",side_street,0.4548,0.2788,0.055,0.456,0.449,0.4421,0.4648,0.4539,0.3892,3.3,3.3,3.3,3.4,3.3,3.1
41.628984,-0.883791,49302709,"Torrero-La Paz",side_street,0.4327,0.2646,0.0645,0.4846,0.4262,0.4206,0.4421,0.4336,0.37,3.3,3.2,3.2,3.3,3.3,3
41.629357,-0.88383,49302709,"Torrero-La Paz",side_street,0.4675,0.2719,0.055,0.4402,0.4627,0.4556,0.4778,0.4658,0.4026,3.3,3.3,3.3,3.4,3.4,3.1
41.625817,-0.877026,79833639,"Torrero-La Paz",side_street,0.2802,0.5644,0.0252,0.5637,0.2742,0.2746,0.2883,0.2791,0.2183,3.5,3.5,3.5,3.6,3.5,3.3
41.625664,-0.876988,79833639,"Torrero-La Paz",side_street,0.2863,0.008,0.0252,0.601,0.279,0.2805,0.2932,0.2849,0.2271,2,2,2,2.1,2.1,1.7
41.632893,-0.876928,81652289,"San José",side_street,0.3711,0.3318,0.4558,0.4176,0.3561,0.3482,0.3893,0.3755,0.3231,3.8,3.8,3.8,3.9,3.8,3.7
41.632737,-0.876711,81652289,"San José",side_street,0.3554,0.9257,0.452,0.4019,0.3397,0.3317,0.3746,0.3614,0.2971,5.4,5.3,5.3,5.5,5.4,5.1
41.632584,-0.876491,81652289,"San José",side_street,0.3378,0.7901,0.4558,0.3272,0.3253,0.3174,0.3556,0.3477,0.274,4.8,4.8,4.7,4.9,4.8,4.5
41.632447,-0.876254,81652289,"San José",side_street,0.3242,0.9493,0.452,0.2165,0.3075,0.3044,0.3399,0.3314,0.2579,5.1,5.1,5,5.2,5.1,4.8
41.632369,-0.875973,81652289,"San José",side_street,0.3113,0.9291,0.452,0.1621,0.2951,0.293,0.3253,0.3161,0.2438,5,4.9,4.9,5,4.9,4.6
41.633921,-0.874892,81654456,"San José",square,0.4152,0.102,0.452,0.0464,0.4149,0.3912,0.4241,0.3841,0.2869,3,3,2.9,3.1,3,2.7
41.633703,-0.874961,81654456,"San José",square,0.418,0.102,0.452,0.0338,0.418,0.3936,0.4262,0.3902,0.3005,3,3,2.9,3.1,3,2.7
41.633484,-0.87503,81654456,"San José",square,0.4151,0.102,0.452,0.0382,0.4145,0.3896,0.4234,0.3874,0.3014,3,3,2.9,3.1,3,2.7
41.633265,-0.875099,81654456,"San José",square,0.4011,0.102,0.452,0.0632,0.3984,0.3707,0.4084,0.3724,0.285,3,3,2.9,3,2.9,2.7
41.627267,-0.88044,82331097,"Torrero-La Paz",square,0.1689,0.3164,0.0375,0.8167,0.1846,0.1581,0.1567,0.1224,0.1049,2.7,2.7,2.7,2.7,2.6,2.5
41.626842,-0.880815,82332065,"Torrero-La Paz",side_street,0.1723,0.1943,0.0368,0.7629,0.1904,0.1611,0.1553,0.1164,0.1026,2.4,2.4,2.3,2.3,2.2,2
41.626858,-0.881114,82332065,"Torrero-La Paz",side_street,0.1686,0.1615,0.0379,0.7212,0.1899,0.1574,0.1494,0.1085,0.0931,2.2,2.3,2.2,2.1,1.9,1.7
41.628768,-0.877056,88968212,"Torrero-La Paz",side_street,0.1099,0.6432,0.0325,0.3253,0.1136,0.1043,0.1181,0.0934,0.0602,2.9,2.9,2.9,2.9,2.9,2.8
41.628611,-0.877271,88968212,"Torrero-La Paz",side_street,0.1126,0.6615,0.0348,0.364,0.1172,0.1071,0.1221,0.0984,0.0654,3,3,3,3,3,2.9
41.628451,-0.877482,88968212,"Torrero-La Paz",side_street,0.1159,0.6875,0.0348,0.392,0.1214,0.1092,0.1256,0.1012,0.0702,3.1,3.1,3.1,3.1,3.1,3
41.62278,-0.875716,113598862,"Torrero-La Paz",square,0.0903,0.5137,0.0325,0.457,0.0845,0.0917,0.096,0.0988,0.0893,2.6,2.6,2.7,2.7,2.7,2.7
41.622973,-0.875562,113598862,"Torrero-La Paz",square,0.0951,0.5017,0.0325,0.4566,0.0893,0.0962,0.103,0.1034,0.0897,2.6,2.6,2.6,2.7,2.7,2.6
41.625636,-0.911069,115838865,Casablanca,side_street,0.0789,0.1133,0.141,0.6401,0.088,0.0868,0.0767,0.0868,0.2017,1.7,1.7,1.7,1.7,1.7,2.3
41.625828,-0.910912,115838865,Casablanca,side_street,0.0934,0.1152,0.141,0.7203,0.105,0.1033,0.0944,0.1026,0.2404,1.9,1.9,1.9,1.9,2,2.5
41.623517,-0.875927,116352716,"Torrero-La Paz",side_street,0.1375,0.1057,0.0348,0.4381,0.1337,0.1352,0.1447,0.1355,0.1016,1.4,1.4,1.4,1.4,1.4,1.2
41.631332,-0.885881,116662389,"Torrero-La Paz",square,0.6946,0.063,0.0754,0.7937,0.7079,0.673,0.6905,0.647,0.6067,3.9,4,3.8,3.9,3.8,3.6
41.629049,-0.887077,116662390,"Torrero-La Paz",square,0.5376,0.0981,0.0754,0.8526,0.5329,0.5283,0.5369,0.5408,0.517,3.5,3.5,3.5,3.5,3.5,3.5
41.629269,-0.887014,116662390,"Torrero-La Paz",square,0.5637,0.0981,0.0754,0.8339,0.5622,0.557,0.5636,0.5635,0.5287,3.6,3.6,3.6,3.6,3.6,3.5
41.629489,-0.886952,116662390,"Torrero-La Paz",square,0.5856,0.1152,0.0645,0.8146,0.5831,0.578,0.5844,0.5801,0.5345,3.7,3.7,3.7,3.7,3.7,3.5
41.629709,-0.886889,116662390,"Torrero-La Paz",square,0.603,0.1152,0.055,0.7918,0.6018,0.5937,0.6003,0.5926,0.539,3.7,3.7,3.7,3.7,3.7,3.5
41.628441,-0.886529,116662398,"Torrero-La Paz",square,0.4871,0.0582,0.0754,0.8876,0.4765,0.4761,0.4922,0.5098,0.5117,3.3,3.2,3.2,3.3,3.4,3.4
41.628974,-0.88663,116662401,"Torrero-La Paz",square,0.5616,0.0878,0.0754,0.8635,0.5554,0.5547,0.563,0.5714,0.5512,3.6,3.6,3.6,3.6,3.6,3.6
41.629193,-0.886563,116662401,"Torrero-La Paz",square,0.5902,0.0878,0.0754,0.8447,0.5845,0.5817,0.5914,0.5938,0.5643,3.7,3.7,3.7,3.7,3.7,3.6
41.629413,-0.8865,116662401,"Torrero-La Paz",square,0.6105,0.0902,0.0645,0.8306,0.6057,0.5991,0.6107,0.6087,0.5636,3.7,3.7,3.7,3.7,3.7,3.6
41.632615,-0.876759,116702856,"San José",side_street,0.3406,0.741,0.4558,0.3915,0.3263,0.3194,0.3575,0.3509,0.2834,4.7,4.7,4.7,4.8,4.8,4.5
41.632435,-0.876939,116702856,"San José",side_street,0.3198,0.741,0.4609,0.3605,0.301,0.3013,0.3362,0.332,0.265,4.7,4.6,4.6,4.7,4.7,4.4
41.632254,-0.877119,116702856,"San José",side_street,0.2968,0.7393,0.4558,0.3246,0.2774,0.2822,0.3144,0.3118,0.2458,4.5,4.4,4.5,4.6,4.5,4.3
41.632074,-0.877298,116702856,"San José",side_street,0.2735,0.7405,0.4497,0.2537,0.2585,0.2612,0.2913,0.2949,0.2216,4.3,4.3,4.3,4.4,4.4,4.2
41.631025,-0.877531,116702863,"San José",side_street,0.1727,0.5753,0.4465,0.3048,0.1634,0.1605,0.175,0.1781,0.1426,3.7,3.7,3.6,3.7,3.7,3.6
41.630917,-0.877269,116702863,"San José",side_street,0.1593,0.079,0.4452,0.2381,0.1449,0.1454,0.1658,0.1611,0.1262,2.3,2.2,2.2,2.3,2.3,2.1
41.625169,-0.876699,121807144,"Torrero-La Paz",square,0.2804,0.2979,0.0295,0.6042,0.2732,0.2736,0.2903,0.2766,0.1846,2.8,2.8,2.8,2.9,2.8,2.5
41.625519,-0.879182,122075431,"Torrero-La Paz",side_street,0.227,0.6509,0.0295,0.5972,0.2343,0.2224,0.2217,0.1918,0.1515,3.6,3.6,3.6,3.6,3.5,3.3
41.625418,-0.878914,122075431,"Torrero-La Paz",side_street,0.2492,0.6516,0.0295,0.5565,0.2542,0.2387,0.2405,0.2099,0.1635,3.6,3.7,3.6,3.6,3.5,3.3
41.62523,-0.878367,122075431,"Torrero-La Paz",side_street,0.2818,0.5762,0.0252,0.5557,0.2886,0.2763,0.2785,0.2475,0.1877,3.5,3.6,3.5,3.5,3.4,3.2
41.625663,-0.875299,129117650,"Torrero-La Paz",side_street,0.1909,0.2236,0.0325,0.448,0.1936,0.1846,0.1908,0.1634,0.104,2.2,2.2,2.2,2.2,2.1,1.7
41.62569,-0.877592,129117657,"Torrero-La Paz",side_street,0.2983,0.7168,0.0252,0.6522,0.2958,0.2906,0.2985,0.291,0.2572,4,4,4,4,4,3.9
41.62551,-0.877092,129117662,"Torrero-La Paz",square,0.2993,0.7851,0.0252,0.6426,0.2931,0.2894,0.3057,0.2954,0.2455,4.2,4.1,4.1,4.2,4.2,4
41.625609,-0.877178,129117666,"Torrero-La Paz",square,0.2966,0.5757,0.0252,0.588,0.2915,0.2884,0.3033,0.2931,0.2483,3.6,3.6,3.6,3.7,3.6,3.5
41.627833,-0.876161,129117671,"Torrero-La Paz",side_street,0.1516,0.6932,0.0295,0.2908,0.1668,0.1505,0.1532,0.1152,0.0791,3.2,3.2,3.2,3.2,3,2.9
41.628011,-0.875977,129117671,"Torrero-La Paz",side_street,0.1362,0.6717,0.0295,0.2301,0.1572,0.1392,0.1403,0.1061,0.0739,3,3,3,3,2.9,2.8
41.628203,-0.875823,129117671,"Torrero-La Paz",side_street,0.1191,0.5842,0.0295,0.2056,0.1364,0.1191,0.1238,0.0923,0.0626,2.7,2.7,2.7,2.7,2.6,2.5
41.63152,-0.88506,129124232,"Torrero-La Paz",side_street,0.6398,0.062,0.0966,0.6666,0.6521,0.6316,0.632,0.6135,0.5572,3.7,3.7,3.7,3.7,3.6,3.4
41.616653,-0.870841,132153638,"Torrero-La Paz",side_street,0.03,0.0912,0.0187,0.0969,0.0247,0.027,0.0335,0.0404,0.037,0.7,0.7,0.7,0.7,0.7,0.7
41.616468,-0.871013,132153638,"Torrero-La Paz",side_street,0.0334,0.1115,0.0187,0.0883,0.0298,0.0304,0.037,0.0423,0.0403,0.7,0.7,0.7,0.7,0.7,0.7
41.616284,-0.871186,132153638,"Torrero-La Paz",side_street,0.0346,0.1083,0.0187,0.0782,0.0315,0.0312,0.0379,0.0434,0.0413,0.7,0.7,0.7,0.7,0.7,0.7
41.6161,-0.871359,132153638,"Torrero-La Paz",side_street,0.0331,0.1083,0.0187,0.0663,0.0297,0.0308,0.0367,0.0425,0.0427,0.7,0.7,0.7,0.7,0.7,0.7
41.615916,-0.871531,132153638,"Torrero-La Paz",side_street,0.0314,0.1121,0.0187,0.04,0.0273,0.0284,0.0342,0.0407,0.0415,0.7,0.7,0.7,0.7,0.7,0.7
41.615731,-0.871701,132153638,"Torrero-La Paz",side_street,0.0252,0.0851,0.0187,0.0341,0.0236,0.0239,0.0278,0.0314,0.0335,0.6,0.6,0.6,0.6,0.6,0.6
41.617236,-0.872199,132153645,"Torrero-La Paz",side_street,0.0557,0.1798,0.0187,0.3027,0.0534,0.0502,0.0575,0.0548,0.0507,1.1,1.1,1.1,1.1,1.1,1.1
41.617106,-0.871953,132153645,"Torrero-La Paz",side_street,0.0524,0.1683,0.0187,0.2333,0.0505,0.0478,0.0553,0.054,0.0492,1,1,1,1,1,0.9
41.616399,-0.874008,132153655,"Torrero-La Paz",side_street,0.051,0.2236,0.0187,0.1531,0.0523,0.0444,0.0506,0.0413,0.0444,1,1,1,1,1,1
41.616216,-0.874183,132153655,"Torrero-La Paz",side_street,0.0472,0.2313,0.0187,0.1314,0.0514,0.0404,0.0465,0.0353,0.0341,1,1,1,1,1,1
41.618094,-0.874423,132153660,"Torrero-La Paz",secondary_street,0.0842,0.4695,0.0187,0.4162,0.0934,0.0808,0.0815,0.0687,0.0789,2.5,2.5,2.4,2.4,2.4,2.4
41.618056,-0.874719,132153660,"Torrero-La Paz",secondary_street,0.083,0.3233,0.0187,0.4057,0.0947,0.0796,0.0803,0.065,0.0746,1.9,2,1.9,1.9,1.8,1.8
41.631525,-0.887329,135294065,"Torrero-La Paz",side_street,0.5965,0.6358,0.0645,0.5951,0.6129,0.5924,0.5803,0.5509,0.5199,4.9,4.9,4.8,4.8,4.7,4.6
41.631614,-0.887972,135294066,"Torrero-La Paz",side_street,0.5384,0.6492,0.055,0.4883,0.5612,0.5373,0.5146,0.4683,0.4293,4.6,4.7,4.6,4.5,4.3,4.2
41.631737,-0.888859,135294066,"Torrero-La Paz",side_street,0.4346,0.6782,0.055,0.193,0.4586,0.4346,0.4187,0.3761,0.3424,4,4.1,4,4,3.9,3.7
41.631721,-0.889536,135294069,"Torrero-La Paz",side_street,0.3748,0.4573,0.055,0.0854,0.3951,0.3691,0.3554,0.3191,0.2897,3.2,3.3,3.2,3.1,3,2.9
41.62978,-0.890527,135608597,"Torrero-La Paz",side_street,0.2473,0.5478,0.0418,0.1022,0.2496,0.2442,0.2342,0.2165,0.1542,2.9,2.9,2.9,2.9,2.9,2.7
41.630823,-0.888614,135608597,"Torrero-La Paz",side_street,0.4705,0.7477,0.055,0.2641,0.4956,0.4688,0.452,0.4122,0.3567,4.4,4.5,4.4,4.3,4.2,4
41.630993,-0.888423,135608597,"Torrero-La Paz",side_street,0.4927,0.5774,0.055,0.2544,0.5171,0.487,0.4722,0.4324,0.3746,4,4.1,4,4,3.8,3.7
41.631152,-0.88821,135608597,"Torrero-La Paz",side_street,0.5144,0.5774,0.055,0.37,0.5394,0.5122,0.4948,0.4527,0.399,4.2,4.3,4.2,4.1,4,3.8
41.624742,-0.876039,136938737,"Torrero-La Paz",secondary_street,0.2271,0.4412,0.0348,0.5633,0.226,0.2216,0.2408,0.2236,0.1401,3,3,3,3,3,2.7
41.624777,-0.876947,136938741,"Torrero-La Paz",secondary_street,0.2613,0.8479,0.0348,0.5856,0.2573,0.2545,0.2728,0.2568,0.1653,4.2,4.2,4.2,4.2,4.1,3.8
41.62391,-0.876007,137056433,"Torrero-La Paz",side_street,0.1744,0.0537,0.0348,0.4723,0.172,0.1686,0.1762,0.1638,0.1169,1.4,1.4,1.4,1.4,1.4,1.1
41.627222,-0.880848,146144461,"Torrero-La Paz",secondary_street,0.1682,0.9302,0.0375,0.7565,0.186,0.157,0.1516,0.1143,0.0985,4.2,4.3,4.2,4.2,4,4
41.626153,-0.880514,146144463,"Torrero-La Paz",secondary_street,0.1748,0.9159,0.0368,0.6947,0.1939,0.1622,0.1656,0.1162,0.0937,4.1,4.2,4.1,4.1,3.9,3.9
41.626375,-0.880562,146144463,"Torrero-La Paz",secondary_street,0.1772,0.9178,0.0363,0.7092,0.1947,0.167,0.1685,0.1227,0.1002,4.2,4.2,4.1,4.1,4,3.9
41.626819,-0.880654,146144463,"Torrero-La Paz",secondary_street,0.1755,0.9375,0.0368,0.7843,0.1932,0.1665,0.1641,0.1235,0.1075,4.3,4.3,4.2,4.2,4.1,4
41.627032,-0.88075,146144463,"Torrero-La Paz",secondary_street,0.1733,0.9487,0.0375,0.7689,0.1902,0.1617,0.1564,0.1218,0.107,4.3,4.3,4.2,4.2,4.1,4
41.622871,-0.875955,146144469,"Torrero-La Paz",secondary_street,0.0958,0.9104,0.0325,0.4757,0.0904,0.0969,0.1039,0.1054,0.0927,3.7,3.7,3.7,3.7,3.7,3.7
41.623093,-0.875999,146144469,"Torrero-La Paz",secondary_street,0.1105,0.9127,0.0325,0.4842,0.1027,0.1088,0.1164,0.1193,0.0965,3.8,3.7,3.8,3.8,3.8,3.7
41.623316,-0.876041,146144469,"Torrero-La Paz",secondary_street,0.1249,0.9227,0.0348,0.4163,0.1221,0.1237,0.134,0.1292,0.0992,3.8,3.8,3.8,3.8,3.8,3.7
41.623983,-0.876177,146144469,"Torrero-La Paz",secondary_street,0.1864,0.9428,0.0348,0.4815,0.1847,0.181,0.1882,0.1765,0.1208,4.1,4.1,4.1,4.1,4,3.9
41.624205,-0.876219,146144469,"Torrero-La Paz",secondary_street,0.2063,0.9445,0.0348,0.5027,0.2042,0.2007,0.2111,0.1995,0.1296,4.2,4.1,4.1,4.2,4.1,3.9
41.624607,-0.876259,146144491,"Torrero-La Paz",secondary_street,0.2354,0.3653,0.0348,0.5762,0.2295,0.2267,0.2487,0.2336,0.145,2.8,2.8,2.8,2.9,2.9,2.6
41.628402,-0.886275,146414773,"Torrero-La Paz",main_street,0.4908,0.7507,0.0754,0.8813,0.4794,0.4798,0.4966,0.5165,0.5179,5.1,5.1,5,5.1,5.2,5.2
41.628622,-0.886213,146414773,"Torrero-La Paz",main_street,0.535,0.7569,0.0754,0.8837,0.524,0.5256,0.537,0.55,0.5448,5.3,5.3,5.3,5.3,5.4,5.3
41.628842,-0.886151,146414773,"Torrero-La Paz",main_street,0.5657,0.6304,0.0754,0.8732,0.5572,0.5585,0.569,0.5804,0.565,5,5,5,5,5.1,5
41.629063,-0.886091,146414773,"Torrero-La Paz",main_street,0.5954,0.6304,0.0754,0.8681,0.5876,0.5848,0.5965,0.6054,0.5777,5.1,5.1,5.1,5.1,5.2,5
41.629283,-0.886031,146414773,"Torrero-La Paz",main_street,0.6149,0.5765,0.0645,0.8445,0.6084,0.6042,0.6176,0.6198,0.5782,5,5,5,5,5,4.8
41.629503,-0.885968,146414773,"Torrero-La Paz",main_street,0.6275,0.5787,0.055,0.8265,0.6249,0.6176,0.6317,0.6276,0.5774,5,5,5,5,5,4.8
41.629723,-0.885904,146414773,"Torrero-La Paz",main_street,0.6441,0.6376,0.055,0.7766,0.6413,0.6295,0.6522,0.6347,0.5756,5.2,5.2,5.2,5.3,5.2,4.9
41.632925,-0.885087,146414774,"Torrero-La Paz",main_street,0.4799,0.9548,0.1045,0.6744,0.4946,0.4733,0.4747,0.4412,0.395,5.6,5.7,5.6,5.6,5.4,5.1
41.632703,-0.885132,146414774,"Torrero-La Paz",main_street,0.5155,0.9534,0.1027,0.6682,0.5335,0.5105,0.5076,0.4705,0.4282,5.8,5.9,5.7,5.8,5.5,5.3
41.63248,-0.885172,146414774,"Torrero-La Paz",main_street,0.5509,0.9534,0.1027,0.6651,0.5649,0.5466,0.5411,0.5089,0.4635,6,6,5.9,5.9,5.7,5.5
41.632259,-0.885221,146414774,"Torrero-La Paz",main_street,0.5824,0.989,0.1027,0.6709,0.594,0.5794,0.5708,0.543,0.4987,6.3,6.4,6.3,6.2,6.1,5.8
41.632037,-0.88527,146414774,"Torrero-La Paz",main_street,0.6101,0.9884,0.1027,0.7055,0.6217,0.6049,0.5979,0.5717,0.5215,6.5,6.6,6.5,6.4,6.3,6
41.626411,-0.880649,146414797,"Torrero-La Paz",side_street,0.1731,0.2596,0.0368,0.7053,0.1909,0.1584,0.159,0.1136,0.0933,2.5,2.6,2.5,2.5,2.3,2.2
41.626404,-0.880349,146414797,"Torrero-La Paz",side_street,0.1837,0.2533,0.0363,0.7367,0.1987,0.1745,0.1735,0.1313,0.1071,2.6,2.6,2.5,2.5,2.3,2.3
41.626392,-0.880049,146414797,"Torrero-La Paz",side_street,0.1908,0.2533,0.0363,0.7305,0.2007,0.1809,0.1772,0.1399,0.1177,2.6,2.6,2.5,2.5,2.4,2.3
41.625991,-0.877745,146414797,"Torrero-La Paz",side_street,0.2753,0.3025,0.0252,0.6425,0.2726,0.2726,0.2804,0.272,0.233,2.8,2.8,2.8,2.9,2.9,2.8
41.625875,-0.877488,146414797,"Torrero-La Paz",side_street,0.2848,0.3025,0.0252,0.6314,0.2805,0.2809,0.2887,0.2817,0.247,2.9,2.9,2.9,2.9,2.9,2.8
41.626734,-0.87702,146414802,"Torrero-La Paz",secondary_street,0.2192,0.8912,0.0295,0.5406,0.2222,0.2138,0.2224,0.1974,0.1302,4.1,4.1,4.1,4.1,4,3.8
41.626846,-0.877281,146414802,"Torrero-La Paz",secondary_street,0.2123,0.8901,0.0295,0.5767,0.2162,0.208,0.2137,0.1887,0.1242,4.1,4.1,4.1,4.1,4,3.8
41.628222,-0.883933,146414819,"Torrero-La Paz",secondary_street,0.3657,0.5396,0.0418,0.5897,0.3551,0.3481,0.3816,0.3659,0.3044,3.8,3.8,3.8,3.8,3.8,3.6
41.62844,-0.884002,146414819,"Torrero-La Paz",secondary_street,0.399,0.7048,0.0439,0.5372,0.3903,0.3783,0.4103,0.398,0.3372,4.2,4.2,4.2,4.3,4.2,4
41.628664,-0.884027,146414819,"Torrero-La Paz",secondary_street,0.4197,0.8363,0.0645,0.5401,0.4139,0.4047,0.4302,0.4226,0.3604,4.7,4.7,4.7,4.8,4.7,4.5
41.628888,-0.884054,146414819,"Torrero-La Paz",secondary_street,0.4454,0.8017,0.055,0.5756,0.4397,0.4358,0.457,0.4474,0.3841,4.7,4.7,4.7,4.8,4.7,4.5
41.629111,-0.884091,146414819,"Torrero-La Paz",secondary_street,0.4736,0.7997,0.055,0.5574,0.4692,0.4635,0.4854,0.4712,0.4052,4.8,4.8,4.8,4.9,4.8,4.5
41.629333,-0.88414,146414819,"Torrero-La Paz",secondary_street,0.5013,0.7726,0.055,0.6059,0.4975,0.4881,0.5078,0.4977,0.434,4.9,4.9,4.8,4.9,4.9,4.6
41.629555,-0.884183,146414819,"Torrero-La Paz",secondary_street,0.5215,0.7292,0.055,0.57,0.5174,0.5109,0.5264,0.5181,0.4507,4.8,4.8,4.8,4.8,4.8,4.5
41.630003,-0.884229,146414819,"Torrero-La Paz",secondary_street,0.5473,0.8842,0.0645,0.4696,0.5451,0.5394,0.5534,0.542,0.4753,5.3,5.3,5.3,5.3,5.3,4.9
41.630228,-0.884241,146414819,"Torrero-La Paz",secondary_street,0.556,0.8842,0.0645,0.4073,0.5533,0.5465,0.5588,0.5478,0.4843,5.3,5.3,5.2,5.3,5.2,4.9
41.630453,-0.884256,146414819,"Torrero-La Paz",secondary_street,0.5627,0.7146,0.0754,0.4227,0.5625,0.5562,0.5654,0.554,0.4938,4.8,4.8,4.8,4.8,4.8,4.5
41.630677,-0.884272,146414819,"Torrero-La Paz",secondary_street,0.5698,0.7146,0.0754,0.4839,0.57,0.5651,0.5717,0.5602,0.5057,4.9,4.9,4.9,4.9,4.8,4.6
41.630901,-0.884291,146414819,"Torrero-La Paz",secondary_street,0.5748,0.7328,0.0966,0.4712,0.5742,0.5697,0.5766,0.5664,0.5153,5,5,5,5,4.9,4.7
41.631123,-0.884338,146414819,"Torrero-La Paz",secondary_street,0.5817,0.7164,0.0966,0.5307,0.581,0.5763,0.5794,0.5697,0.5223,5,5.1,5,5,5,4.8
41.631345,-0.884393,146414819,"Torrero-La Paz",secondary_street,0.5834,0.7051,0.0966,0.5513,0.5862,0.5779,0.5798,0.5673,0.5191,5,5.1,5,5,5,4.7
41.631566,-0.884447,146414819,"Torrero-La Paz",secondary_street,0.58,0.7569,0.0966,0.5618,0.5839,0.5749,0.576,0.557,0.5064,5.2,5.2,5.2,5.2,5.1,4.9
41.631784,-0.884517,146414819,"Torrero-La Paz",secondary_street,0.5741,0.7817,0.1027,0.5733,0.5808,0.5701,0.5688,0.5458,0.4905,5.3,5.3,5.3,5.3,5.1,4.9
41.631983,-0.884657,146414819,"Torrero-La Paz",secondary_street,0.5721,0.8041,0.1027,0.6261,0.5817,0.5695,0.5653,0.5414,0.486,5.4,5.5,5.4,5.4,5.3,5
41.632177,-0.884808,146414819,"Torrero-La Paz",secondary_street,0.566,0.8119,0.1027,0.6204,0.5766,0.564,0.5578,0.5329,0.4787,5.4,5.5,5.4,5.4,5.2,5
41.627811,-0.883761,146414821,"Torrero-La Paz",secondary_street,0.2978,0.7184,0.0402,0.6237,0.2876,0.2863,0.3072,0.3012,0.2328,4,4,4,4.1,4,3.8
41.627558,-0.883648,146414824,"Torrero-La Paz",secondary_street,0.2643,0.7708,0.0402,0.6324,0.2599,0.2572,0.2732,0.2661,0.1891,4,4,4,4.1,4,3.8
41.625964,-0.877392,146414832,"Torrero-La Paz",side_street,0.2763,0.739,0.0252,0.6148,0.2718,0.2728,0.2826,0.2764,0.2322,4,4,4,4,3.9,3.8
41.628047,-0.886603,146414835,"Torrero-La Paz",secondary_street,0.4261,0.5089,0.0754,0.9001,0.4187,0.4163,0.4296,0.4411,0.4476,4.2,4.2,4.2,4.2,4.2,4.3
41.633494,-0.889613,146414862,"Torrero-La Paz",main_street,0.2935,0.3665,0.0439,0.3043,0.3111,0.2952,0.2918,0.2473,0.1988,2.8,2.9,2.8,2.8,2.7,2.5
41.63347,-0.889313,146414862,"Torrero-La Paz",main_street,0.3144,0.3665,0.055,0.2836,0.3347,0.3142,0.3118,0.2674,0.2267,2.9,2.9,2.9,2.9,2.8,2.6
41.633445,-0.889014,146414862,"Torrero-La Paz",main_street,0.3347,0.3665,0.055,0.3561,0.3568,0.3351,0.3307,0.2856,0.2548,3,3.1,3,3,2.9,2.8
41.633421,-0.888715,146414862,"Torrero-La Paz",main_street,0.3567,0.3665,0.0645,0.3426,0.3814,0.3534,0.3472,0.3014,0.2716,3.1,3.2,3.1,3.1,2.9,2.9
41.633394,-0.888417,146414862,"Torrero-La Paz",main_street,0.3732,0.344,0.0966,0.3984,0.3982,0.368,0.3639,0.3111,0.2843,3.2,3.3,3.2,3.2,3,2.9
41.633363,-0.888119,146414862,"Torrero-La Paz",main_street,0.3951,0.3327,0.1027,0.4313,0.4178,0.3895,0.3862,0.3259,0.2958,3.3,3.4,3.3,3.3,3.1,3
41.6333,-0.887523,146414862,"Torrero-La Paz",main_street,0.4308,0.3327,0.1027,0.5338,0.4551,0.4296,0.4233,0.3672,0.3342,3.5,3.6,3.5,3.5,3.3,3.2
41.633268,-0.887225,146414862,"Torrero-La Paz",main_street,0.4456,0.3327,0.0966,0.5642,0.4729,0.4422,0.4377,0.3817,0.3498,3.6,3.7,3.6,3.6,3.4,3.3
41.633172,-0.886332,146414862,"Torrero-La Paz",main_street,0.4805,0.5297,0.0966,0.6574,0.5073,0.4747,0.4707,0.4234,0.3862,4.3,4.4,4.2,4.2,4.1,3.9
41.63314,-0.886034,146414862,"Torrero-La Paz",main_street,0.4846,0.5297,0.1027,0.6979,0.5086,0.4768,0.4754,0.4309,0.3957,4.3,4.4,4.3,4.3,4.1,4
41.633109,-0.885737,146414862,"Torrero-La Paz",main_street,0.4808,0.5297,0.1027,0.7301,0.5023,0.4739,0.472,0.4334,0.3998,4.3,4.4,4.3,4.3,4.2,4
41.633077,-0.885439,146414862,"Torrero-La Paz",main_street,0.4734,0.5476,0.1027,0.7364,0.4902,0.4671,0.4672,0.4333,0.396,4.4,4.4,4.3,4.3,4.2,4.1
41.633045,-0.885141,146414862,"Torrero-La Paz",main_street,0.464,0.5912,0.1045,0.6858,0.4778,0.456,0.4597,0.4278,0.3844,4.4,4.5,4.4,4.4,4.3,4.1
41.617018,-0.871784,146661941,"Torrero-La Paz",square,0.0499,0.1529,0.0187,0.2101,0.0465,0.0435,0.0526,0.0512,0.0476,0.9,0.9,0.9,0.9,0.9,0.9
41.61663,-0.871046,146661941,"Torrero-La Paz",square,0.0348,0.1218,0.0187,0.1049,0.0322,0.0314,0.0386,0.0437,0.0401,0.7,0.7,0.7,0.7,0.8,0.7
41.6165,-0.8708,146661943,"Torrero-La Paz",side_street,0.0285,0.0914,0.0187,0.0825,0.0239,0.026,0.0317,0.0397,0.0377,0.7,0.7,0.7,0.7,0.7,0.7
41.616369,-0.870556,146661943,"Torrero-La Paz",side_street,0.0223,0.0694,0.0187,0.0465,0.0179,0.0216,0.0249,0.0301,0.0311,0.6,0.6,0.6,0.6,0.6,0.6
41.614807,-0.873854,146661944,"Torrero-La Paz",side_street,0.0181,0.2089,0.014,0.0096,0.0187,0.0154,0.0177,0.0089,0.0042,0.8,0.8,0.8,0.8,0.8,0.7
41.614677,-0.873608,146661944,"Torrero-La Paz",side_street,0.0165,0.1957,0.014,0.0037,0.016,0.013,0.016,0.0081,0.0037,0.8,0.8,0.7,0.8,0.7,0.7
41.631709,-0.891074,148613793,"Torrero-La Paz",side_street,0.222,0.6413,0.0396,0.0143,0.2353,0.2342,0.2053,0.1723,0.1594,3,3.1,3.1,3,2.9,2.9
41.63149,-0.891143,148613793,"Torrero-La Paz",side_street,0.2145,0.6333,0.0396,0.0253,0.2277,0.2254,0.1942,0.1635,0.1522,3,3,3,2.9,2.8,2.8
41.630397,-0.891495,148613793,"Torrero-La Paz",side_street,0.1586,0.3453,0.0396,0.0242,0.1751,0.1676,0.1344,0.1116,0.095,2,2,2,1.8,1.7,1.6
41.630419,-0.890918,148897445,"Torrero-La Paz",side_street,0.2237,0.2629,0.0418,0.0243,0.2325,0.2304,0.2107,0.181,0.1352,2,2,2,1.9,1.7,1.5
41.629419,-0.890316,148897474,"Torrero-La Paz",side_street,0.249,0.2291,0.0418,0.2285,0.2514,0.246,0.2371,0.222,0.1614,2.2,2.3,2.2,2.2,2.2,1.7
41.62937,-0.890023,148897474,"Torrero-La Paz",side_street,0.2667,0.2291,0.0418,0.2328,0.2702,0.2667,0.2624,0.2483,0.1783,2.3,2.3,2.3,2.3,2.3,1.8
41.629322,-0.889729,148897474,"Torrero-La Paz",side_street,0.2866,0.2291,0.0418,0.2843,0.2896,0.2839,0.2807,0.2664,0.2015,2.5,2.5,2.5,2.4,2.4,2.1
41.629127,-0.888554,148897474,"Torrero-La Paz",side_street,0.4067,0.3777,0.0645,0.6587,0.4112,0.3946,0.3998,0.383,0.3554,3.6,3.6,3.6,3.6,3.5,3.5
41.629078,-0.888261,148897474,"Torrero-La Paz",side_street,0.4313,0.3777,0.0754,0.7145,0.4327,0.4243,0.4261,0.4183,0.3913,3.8,3.8,3.8,3.8,3.7,3.6
41.62903,-0.887967,148897474,"Torrero-La Paz",side_street,0.4532,0.1283,0.0754,0.7523,0.4549,0.4445,0.4487,0.4443,0.4243,3.2,3.2,3.2,3.2,3.2,3.1
41.629454,-0.882599,164186739,"Torrero-La Paz",side_street,0.3491,0.5594,0.055,0.4008,0.338,0.3332,0.3636,0.3553,0.2989,3.7,3.6,3.6,3.7,3.7,3.5
41.632473,-0.880831,168978795,"San José",side_street,0.2894,0.642,0.4805,0.6328,0.2675,0.2819,0.3113,0.3184,0.2747,4.6,4.5,4.5,4.6,4.6,4.5
41.632365,-0.880567,168978795,"San José",side_street,0.2807,0.634,0.4661,0.622,0.2603,0.2722,0.3016,0.3106,0.2691,4.5,4.4,4.4,4.5,4.5,4.4
41.632265,-0.880298,168978795,"San José",side_street,0.2716,0.6287,0.4609,0.6412,0.2533,0.2641,0.2927,0.3048,0.2613,4.4,4.4,4.4,4.5,4.5,4.4
41.62913,-0.883942,175409754,"Torrero-La Paz",side_street,0.4606,0.4845,0.055,0.5117,0.4552,0.4484,0.4695,0.4586,0.3929,3.9,3.9,3.9,3.9,3.9,3.7
41.619301,-0.872739,184590110,"Torrero-La Paz",side_street,0.0726,0.1268,0.0187,0.1923,0.0786,0.0692,0.0685,0.0534,0.0317,0.9,0.9,0.9,0.9,0.8,0.8
41.619119,-0.872915,184590110,"Torrero-La Paz",side_street,0.0772,0.1268,0.0187,0.1987,0.0832,0.0733,0.0735,0.0601,0.0348,0.9,0.9,0.9,0.9,0.9,0.8
41.618938,-0.873092,184590110,"Torrero-La Paz",side_street,0.0782,0.1268,0.0187,0.2513,0.0842,0.0748,0.0755,0.0632,0.0408,1,1,1,0.9,0.9,0.8
41.618567,-0.873433,184590110,"Torrero-La Paz",side_street,0.0798,0.0618,0.0187,0.4353,0.0862,0.0757,0.078,0.0666,0.0548,1,1,1,0.9,0.9,0.9
41.618381,-0.873602,184590110,"Torrero-La Paz",side_street,0.0814,0.0618,0.0187,0.4647,0.0869,0.0766,0.0804,0.0688,0.0635,1,1,1,1,1,0.9
41.618195,-0.87377,184590110,"Torrero-La Paz",side_street,0.0797,0.0885,0.0187,0.4676,0.0865,0.0759,0.0776,0.0683,0.0708,1.1,1.1,1.1,1,1,1
41.614963,-0.874075,184590111,"Torrero-La Paz",square,0.0199,0.1658,0.014,0.0117,0.0244,0.0177,0.0213,0.0106,0.0048,0.7,0.7,0.7,0.7,0.7,0.7
41.61509,-0.874323,184590111,"Torrero-La Paz",square,0.0237,0.1658,0.014,0.013,0.0332,0.0206,0.026,0.0137,0.0061,0.7,0.7,0.7,0.7,0.7,0.7
41.61576,-0.871493,184590116,"Torrero-La Paz",side_street,0.0271,0.0672,0.0187,0.0342,0.0237,0.0246,0.0293,0.0349,0.0356,0.6,0.6,0.6,0.6,0.6,0.6
41.615631,-0.871247,184590116,"Torrero-La Paz",side_street,0.0204,0.0672,0.0187,0.0285,0.0174,0.0204,0.0216,0.0267,0.0277,0.6,0.6,0.6,0.6,0.6,0.6
41.619809,-0.875012,184590121,"Torrero-La Paz",side_street,0.0674,0.0688,0.0187,0.1697,0.0773,0.0726,0.0608,0.0424,0.0276,0.8,0.8,0.8,0.7,0.7,0.7
41.61968,-0.874766,184590121,"Torrero-La Paz",side_street,0.0701,0.0688,0.0187,0.175,0.0804,0.075,0.0644,0.0468,0.0324,0.8,0.8,0.8,0.8,0.7,0.7
41.618776,-0.873042,184590121,"Torrero-La Paz",side_street,0.0774,0.187,0.0187,0.2899,0.0817,0.0728,0.0746,0.0643,0.0441,1.2,1.2,1.2,1.2,1.1,1
41.618648,-0.872795,184590121,"Torrero-La Paz",side_street,0.0708,0.187,0.0187,0.3106,0.0736,0.0653,0.0691,0.0592,0.0411,1.2,1.2,1.1,1.2,1.1,1
41.615934,-0.873909,184590122,"Torrero-La Paz",side_street,0.0415,0.161,0.0187,0.096,0.0452,0.0356,0.0411,0.03,0.0273,0.8,0.8,0.8,0.8,0.8,0.8
41.616064,-0.874154,184590122,"Torrero-La Paz",side_street,0.0438,0.1878,0.0187,0.1098,0.0488,0.0382,0.0445,0.0318,0.0293,0.9,0.9,0.9,0.9,0.9,0.8
41.616584,-0.875136,184590122,"Torrero-La Paz",side_street,0.0519,0.1908,0.0187,0.2466,0.0572,0.0459,0.0486,0.0329,0.0435,1,1,1,1,1,1
41.621026,-0.873142,184590125,"Torrero-La Paz",side_street,0.0654,0.069,0.0252,0.0596,0.0738,0.0688,0.0565,0.0442,0.0386,0.7,0.7,0.7,0.7,0.7,0.6
41.620894,-0.872898,184590125,"Torrero-La Paz",side_street,0.0704,0.0782,0.0252,0.0715,0.082,0.0749,0.0584,0.0435,0.0358,0.7,0.8,0.7,0.7,0.7,0.7
41.618619,-0.874874,184590126,"Torrero-La Paz",side_street,0.0806,0.1191,0.0187,0.344,0.093,0.0794,0.076,0.0591,0.0527,1,1.1,1,1,1,0.9
41.6188,-0.874695,184590126,"Torrero-La Paz",side_street,0.0791,0.1191,0.0187,0.3142,0.0903,0.0791,0.0741,0.0582,0.0493,1,1,1,1,0.9,0.9
41.62009,-0.873489,184590126,"Torrero-La Paz",side_street,0.0765,0.1502,0.0187,0.0914,0.0882,0.0821,0.065,0.0533,0.0432,0.9,0.9,0.9,0.9,0.8,0.8
41.620275,-0.873317,184590126,"Torrero-La Paz",side_street,0.0787,0.1497,0.0187,0.0851,0.0924,0.0865,0.0651,0.0537,0.0461,0.9,0.9,0.9,0.8,0.8,0.8
41.620643,-0.872973,184590126,"Torrero-La Paz",side_street,0.0769,0.1497,0.0252,0.0462,0.0913,0.0842,0.0618,0.0475,0.038,0.9,0.9,0.9,0.8,0.8,0.8
41.620828,-0.872801,184590126,"Torrero-La Paz",side_street,0.0719,0.1497,0.0252,0.051,0.0858,0.0763,0.0588,0.0418,0.0334,0.9,0.9,0.9,0.8,0.8,0.8
41.620167,-0.8736,184590127,"Torrero-La Paz",side_street,0.0752,0.084,0.0187,0.119,0.0872,0.0814,0.0647,0.0529,0.0448,0.8,0.8,0.8,0.8,0.7,0.7
41.620298,-0.873845,184590127,"Torrero-La Paz",side_street,0.0695,0.084,0.0252,0.1174,0.0789,0.0746,0.0599,0.0471,0.0387,0.8,0.8,0.8,0.7,0.7,0.7
41.616277,-0.87248,184590130,"Torrero-La Paz",square,0.0423,0.2099,0.0187,0.1334,0.0404,0.0372,0.0438,0.0483,0.0505,0.9,0.9,0.9,1,1,1
41.61589,-0.871741,184590130,"Torrero-La Paz",square,0.0305,0.1895,0.0187,0.0585,0.0274,0.028,0.0334,0.039,0.0389,0.8,0.8,0.8,0.8,0.8,0.8
41.617389,-0.874585,184590131,"Torrero-La Paz",side_street,0.0722,0.2118,0.0187,0.3836,0.0813,0.0676,0.0694,0.0594,0.078,1.3,1.4,1.3,1.3,1.3,1.4
41.616481,-0.872866,184590131,"Torrero-La Paz",side_street,0.0513,0.2386,0.0187,0.1687,0.0485,0.0456,0.0537,0.0546,0.0582,1.1,1.1,1.1,1.1,1.1,1.1
41.616351,-0.87262,184590131,"Torrero-La Paz",side_street,0.0469,0.2306,0.0187,0.146,0.0445,0.0415,0.0488,0.0516,0.0571,1,1,1,1,1,1.1
41.632919,-0.877581,185058272,"San José",side_street,0.3639,0.1675,0.4558,0.4648,0.3451,0.3409,0.3837,0.3731,0.325,3.4,3.4,3.4,3.5,3.5,3.3
41.632601,-0.880696,190005948,"San José",side_street,0.2934,0.075,0.4805,0.6795,0.2701,0.2836,0.3164,0.3205,0.2704,3.2,3.1,3.1,3.3,3.3,3.1
41.631605,-0.885696,206807282,"Torrero-La Paz",main_street,0.671,0.9789,0.0754,0.7448,0.6868,0.6562,0.6675,0.6321,0.592,6.8,6.9,6.7,6.8,6.6,6.3
41.628127,-0.886354,207806849,"Torrero-La Paz",main_street,0.4406,0.7362,0.0645,0.8819,0.4305,0.4323,0.4453,0.4582,0.4648,4.8,4.8,4.8,4.9,4.9,4.9
41.623129,-0.875825,212104423,"Torrero-La Paz",side_street,0.1102,0.1066,0.0325,0.4825,0.1022,0.1081,0.1163,0.1191,0.0964,1.3,1.3,1.3,1.3,1.4,1.2
41.629377,-0.881803,212119338,"Torrero-La Paz",square,0.278,0.562,0.0418,0.5441,0.2685,0.2694,0.2907,0.2855,0.2292,3.5,3.5,3.5,3.6,3.5,3.4
41.631928,-0.889199,226644796,"Torrero-La Paz",side_street,0.4028,0.1603,0.0439,0.1468,0.4204,0.397,0.3881,0.344,0.3188,2.6,2.6,2.6,2.5,2.3,2.2
41.631897,-0.888901,226644796,"Torrero-La Paz",side_street,0.4265,0.1603,0.055,0.2378,0.4469,0.4254,0.4124,0.3687,0.3383,2.7,2.8,2.7,2.7,2.5,2.4
41.630138,-0.891224,234342830,"Torrero-La Paz",side_street,0.1786,0.1716,0.0418,0.052,0.1957,0.184,0.1615,0.1282,0.0971,1.4,1.5,1.4,1.3,1.1,1
41.629941,-0.890546,234823000,"Torrero-La Paz",side_street,0.251,0.5874,0.0418,0.0888,0.2547,0.251,0.2401,0.2212,0.1567,3.1,3.1,3.1,3,3,2.8
41.630046,-0.890812,234823000,"Torrero-La Paz",side_street,0.2247,0.5874,0.0418,0.0806,0.2318,0.228,0.2145,0.1914,0.1391,2.9,3,3,2.9,2.9,2.7
41.630157,-0.891073,234823000,"Torrero-La Paz",side_street,0.2012,0.5777,0.0418,0.0514,0.2111,0.2046,0.183,0.1523,0.1146,2.8,2.9,2.8,2.8,2.7,2.6
41.63086,-0.877462,235358156,"San José",side_street,0.1508,0.3987,0.4465,0.2617,0.1355,0.1372,0.1603,0.1576,0.1251,3.1,3,3,3.1,3.1,3
41.618271,-0.876174,292475788,"Torrero-La Paz",main_street,0.0619,0.7323,0.0187,0.4117,0.0769,0.0592,0.0595,0.0274,0.0259,3,3.1,3,3,2.9,2.9
41.618495,-0.876201,292475788,"Torrero-La Paz",main_street,0.0625,0.7325,0.0187,0.4445,0.0765,0.0606,0.0596,0.0283,0.0256,3.1,3.1,3,3,2.9,3
41.617174,-0.871821,292850131,"Torrero-La Paz",side_street,0.0506,0.1145,0.0187,0.2453,0.0478,0.0449,0.0527,0.0502,0.0462,0.8,0.8,0.8,0.9,0.9,0.8
41.61699,-0.871994,313533642,"Torrero-La Paz",side_street,0.0531,0.1484,0.0187,0.21,0.0507,0.0485,0.0561,0.0565,0.0506,0.9,0.9,0.9,0.9,0.9,0.9
41.616806,-0.872167,313533642,"Torrero-La Paz",side_street,0.0523,0.1434,0.0187,0.215,0.0495,0.0465,0.0557,0.0567,0.0514,0.9,0.9,0.9,0.9,0.9,0.9
41.616438,-0.872512,313533642,"Torrero-La Paz",side_street,0.0471,0.1487,0.0187,0.1557,0.044,0.0414,0.0502,0.0551,0.0561,0.8,0.8,0.8,0.9,0.9,0.8
41.616254,-0.872686,313533642,"Torrero-La Paz",side_street,0.0451,0.2319,0.0187,0.1336,0.0435,0.0397,0.0464,0.0492,0.053,1,1,1,1,1,1.1
41.616071,-0.872859,313533642,"Torrero-La Paz",side_street,0.04,0.2247,0.0187,0.1061,0.0408,0.0349,0.0404,0.0415,0.0447,1,1,0.9,1,1,1
41.61515,-0.873721,313533642,"Torrero-La Paz",side_street,0.0232,0.2058,0.0187,0.0219,0.0267,0.0208,0.0259,0.0187,0.01,0.8,0.8,0.8,0.8,0.8,0.8
41.614965,-0.873891,313533642,"Torrero-La Paz",side_street,0.0202,0.2128,0.014,0.0113,0.024,0.0178,0.0215,0.0133,0.0054,0.8,0.8,0.8,0.8,0.8,0.8
41.629553,-0.882399,347960370,"Torrero-La Paz",side_street,0.3344,0.9404,0.055,0.4107,0.3262,0.3214,0.3498,0.3421,0.2849,4.6,4.5,4.5,4.6,4.6,4.4
41.629544,-0.882098,347960370,"Torrero-La Paz",side_street,0.3098,0.8786,0.055,0.4555,0.2964,0.2979,0.3219,0.3163,0.2643,4.3,4.3,4.3,4.4,4.3,4.2
41.629536,-0.881798,347960370,"Torrero-La Paz",side_street,0.2835,0.6595,0.0439,0.5031,0.2715,0.2743,0.2952,0.2915,0.2391,3.8,3.7,3.7,3.8,3.8,3.6
41.627118,-0.875615,353640365,"Torrero-La Paz",secondary_street,0.1768,0.5521,0.0295,0.3674,0.1882,0.1735,0.1759,0.134,0.0834,2.9,2.9,2.9,2.9,2.8,2.7
41.630654,-0.887274,367492625,"Torrero-La Paz",side_street,0.6059,0.1789,0.055,0.6501,0.615,0.5985,0.5941,0.5733,0.5202,3.8,3.8,3.8,3.7,3.7,3.5
41.630625,-0.886976,367492625,"Torrero-La Paz",side_street,0.6296,0.1994,0.055,0.7003,0.6402,0.6218,0.623,0.6043,0.5471,3.9,4,3.9,3.9,3.8,3.7
41.626982,-0.88668,371714542,"Torrero-La Paz",main_street,0.2579,0.4138,0.0384,0.7579,0.2527,0.261,0.2583,0.2706,0.2527,3.2,3.2,3.2,3.2,3.3,3.2
41.627202,-0.886617,371714542,"Torrero-La Paz",main_street,0.2899,0.3955,0.0389,0.8171,0.2814,0.2896,0.2921,0.3054,0.2965,3.4,3.3,3.4,3.4,3.4,3.4
41.627422,-0.886555,371714542,"Torrero-La Paz",main_street,0.325,0.3955,0.0389,0.8734,0.3168,0.3209,0.3286,0.3414,0.338,3.5,3.5,3.5,3.5,3.6,3.6
41.627642,-0.886493,371714542,"Torrero-La Paz",main_street,0.3672,0.3951,0.0396,0.88,0.355,0.3564,0.3763,0.3809,0.3773,3.7,3.6,3.7,3.7,3.7,3.7
41.627862,-0.886431,371714542,"Torrero-La Paz",main_street,0.4056,0.3951,0.0418,0.8844,0.3966,0.3929,0.4114,0.4204,0.4155,3.8,3.8,3.8,3.8,3.9,3.8
41.620091,-0.900249,371934217,"Torrero-La Paz",square,0.0082,0.024,0.0117,0.0796,0.0064,0.0092,0.0072,0.011,0.0237,0.5,0.5,0.5,0.5,0.5,0.5
41.620218,-0.900497,371934217,"Torrero-La Paz",square,0.0092,0.024,0.0117,0.0958,0.0082,0.0096,0.0089,0.0165,0.0283,0.5,0.5,0.5,0.5,0.5,0.6
41.622116,-0.900485,371934221,"Torrero-La Paz",square,0.027,0.0182,0.0127,0.4835,0.0222,0.0294,0.0324,0.037,0.0406,0.7,0.7,0.8,0.8,0.8,0.8
41.622166,-0.900407,371934222,"Torrero-La Paz",square,0.0256,0.1668,0.0127,0.5086,0.0216,0.0285,0.0312,0.0359,0.0407,1.1,1.1,1.1,1.1,1.1,1.2
41.62207,-0.900554,371934223,"Torrero-La Paz",square,0.0277,0.041,0.0127,0.4593,0.0228,0.0301,0.0328,0.0377,0.0394,0.8,0.8,0.8,0.8,0.8,0.8
41.622034,-0.900605,371934227,"Torrero-La Paz",square,0.0274,0.3136,0.0127,0.4435,0.0223,0.0297,0.0325,0.0373,0.0382,1.6,1.6,1.6,1.6,1.6,1.6
41.621859,-0.900402,371934231,"Torrero-La Paz",square,0.0219,0.3098,0.0127,0.4186,0.0175,0.0242,0.0263,0.0302,0.0345,1.5,1.5,1.5,1.6,1.5,1.6
41.621958,-0.900474,371934238,"Torrero-La Paz",square,0.0244,0.1553,0.0127,0.4414,0.0202,0.0274,0.0304,0.0343,0.036,1,1,1,1,1,1
41.622055,-0.900487,371934242,"Torrero-La Paz",square,0.0266,0.1132,0.0127,0.4652,0.022,0.029,0.0322,0.0366,0.0384,0.9,0.9,0.9,0.9,1,0.9
41.624891,-0.876781,371966743,"Torrero-La Paz",side_street,0.2665,0.9747,0.0348,0.6196,0.2623,0.2607,0.2802,0.2653,0.1711,4.6,4.6,4.5,4.6,4.5,4.2
41.625111,-0.876829,371966743,"Torrero-La Paz",side_street,0.2826,0.9754,0.0295,0.6115,0.2756,0.2759,0.2917,0.2781,0.1895,4.6,4.6,4.6,4.6,4.6,4.3
41.625299,-0.876993,371966743,"Torrero-La Paz",side_street,0.2917,0.9819,0.0252,0.6279,0.2853,0.2845,0.2995,0.2873,0.2174,4.7,4.6,4.6,4.7,4.6,4.4
41.625438,-0.877227,371966743,"Torrero-La Paz",side_street,0.301,0.9103,0.0252,0.6273,0.2955,0.2911,0.3058,0.2942,0.2442,4.5,4.5,4.5,4.5,4.5,4.3
41.625533,-0.8775,371966743,"Torrero-La Paz",side_street,0.3027,0.9616,0.0252,0.6413,0.3007,0.2942,0.304,0.2924,0.2524,4.7,4.7,4.6,4.7,4.6,4.4
41.625624,-0.877775,371966743,"Torrero-La Paz",side_street,0.3019,0.9168,0.0252,0.6713,0.3029,0.2941,0.3006,0.2877,0.2518,4.6,4.6,4.5,4.6,4.5,4.3
41.625708,-0.878054,371966743,"Torrero-La Paz",side_street,0.2915,0.9144,0.0252,0.6857,0.2941,0.2855,0.2904,0.2777,0.2386,4.5,4.6,4.5,4.5,4.5,4.3
41.625791,-0.878333,371966743,"Torrero-La Paz",side_street,0.2747,0.9142,0.0252,0.6717,0.2771,0.2718,0.2764,0.2602,0.211,4.5,4.5,4.4,4.4,4.4,4.2
41.624804,-0.87636,372404190,"Torrero-La Paz",secondary_street,0.252,0.8412,0.0348,0.6392,0.2422,0.2401,0.2643,0.2497,0.1535,4.2,4.1,4.1,4.2,4.2,3.8
41.620142,-0.874881,386672892,"Torrero-La Paz",side_street,0.062,0.2699,0.0252,0.1441,0.0717,0.0663,0.0585,0.0401,0.0254,1.2,1.3,1.3,1.2,1.1,1.1
41.619959,-0.875055,386672892,"Torrero-La Paz",side_street,0.065,0.2699,0.0187,0.1904,0.075,0.0695,0.0598,0.0411,0.0261,1.3,1.4,1.3,1.3,1.2,1.1
41.61681,-0.875256,417929881,"Torrero-La Paz",side_street,0.0561,0.2631,0.0187,0.2983,0.064,0.0505,0.0543,0.0355,0.0489,1.4,1.4,1.3,1.4,1.2,1.3
41.61697,-0.875046,417929881,"Torrero-La Paz",side_street,0.0594,0.2493,0.0187,0.3067,0.069,0.0558,0.0594,0.0438,0.0584,1.3,1.4,1.3,1.3,1.2,1.3
41.617577,-0.874681,417929881,"Torrero-La Paz",side_street,0.0773,0.3399,0.0187,0.3946,0.0878,0.0724,0.0726,0.0618,0.0784,1.9,2,1.9,1.9,1.9,1.9
41.617801,-0.874656,417929881,"Torrero-La Paz",side_street,0.08,0.356,0.0187,0.4049,0.0907,0.076,0.0756,0.0633,0.0779,2,2.1,2,2,2,2
41.631323,-0.886222,418484626,"Torrero-La Paz",main_street,0.6857,0.9696,0.0754,0.7925,0.7014,0.6673,0.6819,0.6412,0.6063,6.9,7,6.8,6.9,6.6,6.5
41.631133,-0.886383,418484626,"Torrero-La Paz",main_street,0.6868,0.8751,0.0754,0.7903,0.701,0.6656,0.6836,0.6415,0.6012,6.5,6.6,6.4,6.5,6.2,6
41.630937,-0.88653,418484626,"Torrero-La Paz",main_street,0.6789,0.8738,0.0645,0.7525,0.6926,0.659,0.6765,0.6382,0.594,6.4,6.4,6.2,6.3,6.1,5.9
41.630744,-0.886686,418484626,"Torrero-La Paz",main_street,0.6598,0.7485,0.0645,0.7284,0.6738,0.6466,0.657,0.6279,0.5745,5.7,5.8,5.6,5.7,5.5,5.2
41.630554,-0.886846,418484626,"Torrero-La Paz",main_street,0.641,0.7573,0.055,0.7366,0.6523,0.6303,0.633,0.6157,0.5561,5.6,5.7,5.6,5.6,5.5,5.1
41.630361,-0.887,418484626,"Torrero-La Paz",main_street,0.6232,0.7573,0.055,0.6938,0.6321,0.6163,0.6181,0.6016,0.54,5.5,5.5,5.4,5.5,5.4,5
41.630165,-0.887146,418484626,"Torrero-La Paz",main_street,0.6081,0.7575,0.055,0.6853,0.6128,0.5995,0.6012,0.5849,0.5276,5.4,5.4,5.3,5.4,5.3,5
41.629966,-0.887287,418484626,"Torrero-La Paz",main_street,0.5868,0.786,0.055,0.7312,0.5902,0.5807,0.5814,0.5676,0.5127,5.5,5.5,5.4,5.4,5.4,5.1
41.629753,-0.88738,418484626,"Torrero-La Paz",main_street,0.5673,0.6041,0.055,0.7482,0.5705,0.5619,0.5627,0.5499,0.503,4.8,4.8,4.8,4.8,4.7,4.5
41.629534,-0.88745,418484626,"Torrero-La Paz",main_street,0.5489,0.6041,0.0645,0.7785,0.5519,0.5424,0.5447,0.5376,0.4975,4.8,4.8,4.7,4.8,4.7,4.6
41.629315,-0.887518,418484626,"Torrero-La Paz",main_street,0.5281,0.6601,0.0645,0.8106,0.5291,0.5209,0.5222,0.5189,0.4893,4.9,4.9,4.8,4.9,4.8,4.7
41.631922,-0.877154,430213943,"San José",side_street,0.2603,0.9399,0.4497,0.2121,0.2429,0.2467,0.2781,0.2805,0.2007,4.8,4.8,4.8,4.9,4.9,4.6
41.631157,-0.877534,430213944,"San José",main_street,0.1882,0.8827,0.4465,0.3088,0.18,0.1789,0.1905,0.1962,0.1497,4.5,4.5,4.4,4.5,4.5,4.3
41.631345,-0.877374,430213944,"San José",main_street,0.2031,0.9011,0.4457,0.2664,0.1969,0.197,0.208,0.2141,0.1546,4.6,4.5,4.5,4.6,4.6,4.4
41.631746,-0.877101,430213944,"San José",main_street,0.2428,0.9057,0.4465,0.2135,0.2278,0.2284,0.2561,0.2613,0.1808,4.7,4.6,4.6,4.7,4.7,4.4
41.63194,-0.876953,430213944,"San José",main_street,0.2631,0.9872,0.4497,0.2018,0.2482,0.2499,0.2812,0.2809,0.1986,5,4.9,4.9,5,5,4.7
41.63212,-0.876772,430213944,"San José",main_street,0.2836,0.9872,0.452,0.2265,0.266,0.2692,0.2986,0.2988,0.2207,5.1,5,5,5.1,5.1,4.8
41.632481,-0.876414,430213944,"San José",main_street,0.3277,0.9877,0.4558,0.253,0.3116,0.3082,0.345,0.3362,0.2637,5.3,5.2,5.2,5.4,5.4,5
41.628648,-0.887743,451791165,"Torrero-La Paz",main_street,0.4349,0.7018,0.0754,0.8218,0.4323,0.4286,0.4316,0.4344,0.4317,4.7,4.7,4.6,4.7,4.6,4.6
41.62814,-0.887975,451791166,"Torrero-La Paz",main_street,0.3631,0.7733,0.055,0.8239,0.3612,0.3536,0.3551,0.3595,0.358,4.6,4.6,4.5,4.6,4.5,4.5
41.631468,-0.885964,457666381,"Torrero-La Paz",main_street,0.6834,0.978,0.0754,0.8002,0.6993,0.6658,0.6786,0.6392,0.6047,6.9,7,6.8,6.9,6.7,6.5
41.62552,-0.875359,459660326,"Torrero-La Paz",secondary_street,0.1945,0.7038,0.0295,0.4511,0.1967,0.1906,0.1947,0.1696,0.109,3.5,3.5,3.5,3.5,3.4,3.2
41.625716,-0.875506,459660326,"Torrero-La Paz",secondary_street,0.2022,0.7552,0.0295,0.421,0.2032,0.1994,0.2049,0.1813,0.1139,3.6,3.6,3.6,3.6,3.6,3.3
41.625914,-0.87565,459660326,"Torrero-La Paz",secondary_street,0.2066,0.7552,0.0295,0.4257,0.2068,0.2025,0.2101,0.1894,0.1187,3.7,3.7,3.6,3.7,3.6,3.3
41.622673,-0.875922,474014436,"Torrero-La Paz",secondary_street,0.0873,0.918,0.0325,0.4504,0.0807,0.0882,0.0936,0.0941,0.0876,3.7,3.7,3.7,3.7,3.7,3.7
41.617983,-0.874516,510290347,"Torrero-La Paz",secondary_street,0.0839,0.3759,0.0187,0.4124,0.0937,0.08,0.0811,0.0674,0.0793,2.2,2.2,2.1,2.2,2.1,2.1
41.618022,-0.874219,510290347,"Torrero-La Paz",secondary_street,0.0822,0.3683,0.0187,0.4312,0.0897,0.0786,0.0806,0.0697,0.079,2.1,2.1,2.1,2.1,2.1,2.1
41.632304,-0.879453,510997757,"San José",side_street,0.285,0.6528,0.4661,0.6922,0.2631,0.2742,0.3055,0.3166,0.2795,4.6,4.5,4.6,4.7,4.7,4.5
41.632453,-0.879228,510997757,"San José",side_street,0.2996,0.6901,0.4773,0.6892,0.2747,0.285,0.319,0.3273,0.2875,4.8,4.7,4.7,4.8,4.9,4.7
41.632639,-0.87906,510997757,"San José",side_street,0.3136,0.7217,0.4852,0.6699,0.2904,0.2992,0.3324,0.3379,0.293,4.9,4.8,4.8,5,5,4.8
41.632841,-0.878929,510997757,"San José",side_street,0.329,0.7462,0.4805,0.6905,0.3096,0.3119,0.3489,0.3498,0.2968,5.1,5,5,5.1,5.1,4.9
41.625844,-0.878522,514531609,"Torrero-La Paz",side_street,0.2644,0.8876,0.0295,0.644,0.267,0.2606,0.2653,0.2472,0.1959,4.3,4.3,4.3,4.3,4.3,4.1
41.625918,-0.878806,514531609,"Torrero-La Paz",side_street,0.2486,0.8871,0.0295,0.6604,0.2503,0.2373,0.2417,0.2198,0.1717,4.3,4.3,4.2,4.2,4.2,4
41.632545,-0.87591,555645187,"San José",square,0.3349,0.0507,0.4558,0.1659,0.3245,0.3147,0.3516,0.3395,0.2658,2.7,2.7,2.7,2.8,2.8,2.5
41.632552,-0.875609,555645187,"San José",square,0.3272,0.0507,0.452,0.0971,0.3167,0.3085,0.3406,0.329,0.261,2.7,2.6,2.6,2.7,2.7,2.4
41.632558,-0.875308,555645187,"San José",square,0.3176,0.1007,0.448,0.0736,0.3064,0.2999,0.328,0.3149,0.2466,2.7,2.7,2.7,2.7,2.7,2.5
41.632565,-0.875008,555645187,"San José",square,0.3047,0.1007,0.448,0.041,0.2942,0.2859,0.3129,0.2979,0.2106,2.7,2.6,2.6,2.7,2.7,2.3
41.625331,-0.876604,557784049,"Torrero-La Paz",square,0.2742,0.4053,0.0252,0.5822,0.2694,0.2689,0.2869,0.2728,0.1843,3.1,3,3,3.1,3.1,2.8
41.625521,-0.876631,557784049,"Torrero-La Paz",square,0.272,0.3961,0.0252,0.5632,0.2674,0.2668,0.2842,0.2725,0.1897,3,3,3,3.1,3,2.8
41.625236,-0.876407,557784056,"Torrero-La Paz",square,0.2634,0.538,0.0295,0.5828,0.2588,0.2579,0.2763,0.2616,0.1662,3.4,3.4,3.4,3.4,3.4,3.1
41.625328,-0.877866,613736843,"Torrero-La Paz",square,0.3003,0.0633,0.0252,0.6157,0.3047,0.2907,0.2966,0.278,0.2253,2.3,2.3,2.3,2.3,2.3,1.9
41.625424,-0.877839,613736844,"Torrero-La Paz",square,0.3036,0.0648,0.0252,0.6533,0.3061,0.2954,0.3007,0.2825,0.238,2.4,2.4,2.3,2.4,2.3,2
41.625291,-0.877913,613736845,"Torrero-La Paz",square,0.2973,0.7326,0.0252,0.6128,0.3037,0.289,0.2947,0.2746,0.2195,4,4,4,4,3.9,3.8
41.625456,-0.87779,613736847,"Torrero-La Paz",square,0.304,0.7566,0.0252,0.6553,0.3057,0.2959,0.3026,0.2853,0.2421,4.1,4.1,4.1,4.1,4.1,3.9
41.625604,-0.877719,613736848,"Torrero-La Paz",square,0.3026,0.7971,0.0252,0.6653,0.303,0.2948,0.302,0.2889,0.2528,4.2,4.2,4.2,4.2,4.2,4
41.632776,-0.88282,619268206,"Torrero-La Paz",secondary_street,0.3563,0.9613,0.1059,0.6769,0.3516,0.3509,0.3631,0.3571,0.3317,5,5,5,5.1,5,4.9
41.632325,-0.885053,669518994,"Torrero-La Paz",secondary_street,0.5643,0.975,0.1027,0.6494,0.5763,0.5627,0.5562,0.5271,0.4811,6.1,6.2,6.1,6.1,5.9,5.7
41.62944,-0.907025,687160358,Casablanca,secondary_street,0.1254,0.037,0.141,0.7449,0.1368,0.1355,0.1269,0.1395,0.2227,1.8,1.8,1.8,1.8,1.9,2.3
41.629662,-0.907763,687160359,Casablanca,secondary_street,0.1361,0.1208,0.141,0.7467,0.1391,0.1494,0.1365,0.1584,0.2371,2.2,2.2,2.2,2.2,2.3,2.6
41.629551,-0.907502,687160359,Casablanca,secondary_street,0.1338,0.1208,0.141,0.7518,0.1384,0.1475,0.1341,0.156,0.2451,2.2,2.2,2.2,2.2,2.3,2.6
41.629439,-0.907241,687160359,Casablanca,secondary_street,0.1341,0.092,0.141,0.7517,0.1456,0.1477,0.1352,0.1484,0.2364,2,2.1,2.1,2.1,2.2,2.5
41.625516,-0.911094,689620641,Casablanca,secondary_street,0.0739,0.145,0.141,0.6066,0.0838,0.0797,0.0717,0.0796,0.1812,1.7,1.8,1.7,1.7,1.8,2.3
41.63166,-0.885353,689766440,"Torrero-La Paz",main_street,0.6518,0.5906,0.0754,0.7285,0.6683,0.6419,0.6427,0.6189,0.5659,5.1,5.2,5.1,5.1,4.9,4.7
41.631881,-0.885299,689766440,"Torrero-La Paz",main_street,0.6256,0.6094,0.1027,0.7001,0.6405,0.6207,0.6169,0.5917,0.5394,5.1,5.2,5.1,5.1,4.9,4.7
41.632085,-0.882543,698600710,"Torrero-La Paz",side_street,0.3594,0.529,0.1045,0.4992,0.3485,0.3496,0.3722,0.3666,0.3355,3.8,3.7,3.8,3.8,3.8,3.7
41.632126,-0.882839,698600710,"Torrero-La Paz",side_street,0.384,0.4233,0.1045,0.5516,0.3792,0.3708,0.3937,0.3802,0.3491,3.6,3.6,3.6,3.7,3.6,3.5
41.632167,-0.883135,698600710,"Torrero-La Paz",side_street,0.4077,0.4131,0.1055,0.5523,0.4049,0.395,0.4122,0.3981,0.3583,3.7,3.7,3.7,3.7,3.7,3.5
41.632206,-0.883431,698600710,"Torrero-La Paz",side_street,0.4275,0.4087,0.1045,0.5928,0.4271,0.4192,0.4308,0.4165,0.3677,3.8,3.8,3.8,3.8,3.8,3.6
41.632303,-0.884324,698600710,"Torrero-La Paz",side_street,0.5045,0.8968,0.1045,0.6126,0.5158,0.4983,0.5017,0.4717,0.4186,5.4,5.5,5.4,5.4,5.3,5
41.632309,-0.884624,698600710,"Torrero-La Paz",side_street,0.5356,0.8995,0.1045,0.5953,0.5471,0.5312,0.5277,0.4979,0.4447,5.6,5.7,5.6,5.6,5.4,5.1
41.63251,-0.882558,698775420,"Torrero-La Paz",side_street,0.3532,0.9106,0.1059,0.659,0.3437,0.3458,0.3609,0.3605,0.3399,4.9,4.8,4.8,4.9,4.9,4.8
41.632285,-0.882555,698775420,"Torrero-La Paz",side_street,0.3588,0.9106,0.1055,0.5903,0.3499,0.3505,0.3701,0.3652,0.3396,4.8,4.8,4.8,4.9,4.8,4.7
41.63263,-0.88256,698775421,"Torrero-La Paz",side_street,0.3508,0.9135,0.1055,0.6515,0.3421,0.3437,0.3578,0.3578,0.3371,4.9,4.8,4.8,4.9,4.9,4.8
41.629711,-0.90669,703484363,Casablanca,side_street,0.1068,0.008,0.141,0.7199,0.1101,0.1111,0.1083,0.1254,0.1976,1.5,1.5,1.5,1.5,1.6,2
41.628512,-0.887797,710636574,"Torrero-La Paz",main_street,0.4176,0.8055,0.0645,0.8259,0.4153,0.4074,0.4148,0.4179,0.4137,4.9,4.9,4.8,4.9,4.9,4.8
41.628298,-0.88789,710636574,"Torrero-La Paz",main_street,0.3901,0.8038,0.0645,0.8287,0.3867,0.3745,0.3852,0.3834,0.3833,4.8,4.8,4.7,4.8,4.7,4.7
41.631703,-0.885512,843806162,"Torrero-La Paz",main_street,0.6535,0.972,0.0754,0.7473,0.6703,0.6439,0.6437,0.6201,0.5712,6.7,6.7,6.6,6.6,6.5,6.2
41.631573,-0.887676,1041491294,"Torrero-La Paz",side_street,0.565,0.6314,0.055,0.55,0.5861,0.5647,0.5479,0.5109,0.4739,4.7,4.8,4.7,4.6,4.5,4.3
41.631315,-0.887739,1041491295,"Torrero-La Paz",side_street,0.5642,0.1982,0.055,0.4756,0.5827,0.5629,0.5476,0.5133,0.4702,3.5,3.6,3.5,3.5,3.4,3.2
41.631386,-0.887454,1041491295,"Torrero-La Paz",side_street,0.5896,0.1982,0.0645,0.5728,0.6054,0.5841,0.5741,0.5447,0.5073,3.7,3.8,3.7,3.7,3.6,3.5
41.631457,-0.887168,1041491295,"Torrero-La Paz",side_street,0.6109,0.2246,0.0754,0.6347,0.6251,0.6056,0.595,0.5715,0.535,3.9,4,3.9,3.9,3.8,3.7
41.633333,-0.878416,1082989659,"San José",side_street,0.3929,0.3036,0.4741,0.7472,0.3778,0.3653,0.4083,0.3944,0.3315,4.1,4.1,4,4.2,4.1,3.9
41.618168,-0.874732,1233935768,"Torrero-La Paz",side_street,0.0832,0.4858,0.0187,0.4038,0.0951,0.0803,0.08,0.0649,0.0725,2.5,2.5,2.5,2.5,2.4,2.4
41.618377,-0.87484,1233935768,"Torrero-La Paz",side_street,0.0831,0.4796,0.0187,0.3597,0.0954,0.0813,0.0801,0.063,0.0653,2.4,2.5,2.4,2.4,2.3,2.3
41.618567,-0.875,1233935768,"Torrero-La Paz",side_street,0.0783,0.4471,0.0187,0.3536,0.0916,0.0772,0.0736,0.0561,0.0517,2.3,2.3,2.3,2.3,2.2,2.2
41.629875,-0.885861,1473688659,"Torrero-La Paz",main_street,0.6567,0.7534,0.055,0.7566,0.6573,0.6392,0.6704,0.6402,0.5789,5.7,5.8,5.6,5.8,5.6,5.3
41.630095,-0.885798,1473688659,"Torrero-La Paz",main_street,0.6774,0.7053,0.0645,0.7165,0.6776,0.6536,0.6885,0.6497,0.5839,5.6,5.6,5.5,5.7,5.5,5.1
41.630315,-0.885736,1473688659,"Torrero-La Paz",main_street,0.6922,0.7053,0.0645,0.7135,0.6956,0.6641,0.7003,0.6584,0.5921,5.7,5.7,5.5,5.8,5.5,5.1
41.630535,-0.885673,1473688659,"Torrero-La Paz",main_street,0.7022,0.7846,0.0754,0.7021,0.708,0.6754,0.7044,0.6655,0.6023,6.1,6.1,5.9,6.1,5.9,5.5
41.630755,-0.88561,1473688659,"Torrero-La Paz",main_street,0.7062,0.7846,0.0754,0.7059,0.7154,0.6833,0.7055,0.6692,0.6107,6.1,6.1,6,6.1,5.9,5.6
41.630975,-0.885548,1473688659,"Torrero-La Paz",main_street,0.7051,0.7846,0.0754,0.7631,0.7158,0.6834,0.7042,0.6663,0.6132,6.2,6.2,6.1,6.2,6,5.7
41.631195,-0.885486,1473688659,"Torrero-La Paz",main_street,0.6959,0.7874,0.0754,0.7784,0.7053,0.6731,0.6954,0.6531,0.6059,6.2,6.2,6,6.2,5.9,5.7
41.631415,-0.885424,1473688659,"Torrero-La Paz",main_street,0.6778,0.7874,0.0754,0.7137,0.6905,0.6598,0.6767,0.6381,0.591,6,6,5.9,6,5.8,5.5
41.632056,-0.893906,1532675866,Universidad,square,0.1522,0.3135,0.3498,0.0037,0.1118,0.1889,0.1707,0.2056,0.22,2.5,2.3,2.6,2.6,2.7,2.7
41.627004,-0.875446,1564500113,"Torrero-La Paz",secondary_street,0.1762,0.595,0.0295,0.3809,0.1871,0.171,0.1771,0.1343,0.0831,3.1,3.1,3,3,2.9,2.8
41.626834,-0.875249,1564500113,"Torrero-La Paz",secondary_street,0.1717,0.595,0.0295,0.4247,0.1815,0.1628,0.1731,0.13,0.0828,3.1,3.1,3,3.1,2.9,2.8
41.605292,-0.825128,42388718,"Distrito Rural",side_street,0.0209,0.1011,0.0088,0.5838,0.0192,0.0236,0.0204,0.0297,0.0609,1,1,1,1,1,1.1
41.605108,-0.825301,42388718,"Distrito Rural",side_street,0.0211,0.1011,0.0088,0.5794,0.0189,0.024,0.0206,0.0309,0.0616,1,1,1,1,1,1.1
41.604216,-0.824814,42388719,"Distrito Rural",side_street,0.0338,0.0229,0.0105,0.4132,0.03,0.0348,0.0369,0.0469,0.0623,0.7,0.7,0.7,0.7,0.8,0.8
41.604456,-0.824997,42388720,"Distrito Rural",side_street,0.0297,0.2266,0.0088,0.444,0.0253,0.0325,0.0315,0.0421,0.0656,1.3,1.2,1.3,1.2,1.3,1.4
41.604322,-0.824756,42388720,"Distrito Rural",side_street,0.035,0.2266,0.0105,0.4384,0.0317,0.0358,0.0376,0.049,0.0704,1.3,1.3,1.3,1.3,1.3,1.5
41.604286,-0.824469,42388720,"Distrito Rural",side_street,0.0393,0.234,0.0105,0.45,0.0358,0.0387,0.0428,0.0564,0.0728,1.3,1.3,1.3,1.4,1.4,1.5
41.604407,-0.821212,48927774,"Distrito Rural",side_street,0.023,0.0284,0.0105,0.049,0.0161,0.0213,0.0339,0.0338,0.0192,0.5,0.5,0.5,0.6,0.6,0.5
41.626157,-0.850017,48976976,"Las Fuentes",secondary_street,0.0003,0.0065,0.2109,0.0037,0.0001,0.0003,0.0006,0.0008,0.0044,0.7,0.7,0.6,0.6,0.6,0.6
41.604036,-0.821361,138722938,"Distrito Rural",side_street,0.0336,0.035,0.0105,0.053,0.0235,0.0283,0.0461,0.0479,0.025,0.6,0.6,0.6,0.6,0.6,0.6
41.604261,-0.821359,138722938,"Distrito Rural",side_street,0.0307,0.0832,0.0105,0.0544,0.0213,0.0252,0.0414,0.0447,0.0264,0.7,0.6,0.6,0.7,0.7,0.6
41.604486,-0.821367,138722938,"Distrito Rural",side_street,0.025,0.0766,0.0105,0.055,0.017,0.0223,0.0359,0.036,0.0222,0.6,0.6,0.6,0.7,0.6,0.6
41.604504,-0.823478,138722940,"Distrito Rural",side_street,0.0461,0.2224,0.0105,0.3728,0.0391,0.0424,0.0562,0.0646,0.0683,1.2,1.2,1.2,1.3,1.3,1.3
41.604155,-0.821507,138723025,"Distrito Rural",side_street,0.0373,0.0546,0.0105,0.0598,0.025,0.0311,0.0509,0.0509,0.0298,0.6,0.6,0.6,0.6,0.6,0.6
41.617893,-0.843854,139254662,"Distrito Rural",side_street,0.0008,0.0902,0.0037,0.1946,0.0006,0.0008,0.0008,0.0021,0.0083,0.7,0.7,0.7,0.7,0.7,0.7
41.617792,-0.844119,139254662,"Distrito Rural",side_street,0.0001,0.0999,0.0037,0.1594,0.0003,0.0001,0.0004,0.0007,0.0058,0.7,0.7,0.7,0.7,0.7,0.6
41.623065,-0.846698,139254688,"Distrito Rural",secondary_street,0.0083,0.0171,0.0037,0.0404,0.0076,0.0072,0.0075,0.0083,0.012,0.5,0.5,0.5,0.5,0.5,0.5
41.622892,-0.846506,139254688,"Distrito Rural",secondary_street,0.0051,0.0139,0.0037,0.0317,0.0049,0.0049,0.0055,0.0071,0.0075,0.5,0.5,0.5,0.5,0.5,0.5
41.623221,-0.846967,139254689,"Distrito Rural",side_street,0.0086,0.0134,0.0037,0.0521,0.0085,0.0075,0.0083,0.0082,0.011,0.5,0.5,0.5,0.5,0.5,0.5
41.623388,-0.847168,139254689,"Distrito Rural",side_street,0.0085,0.0134,0.0037,0.064,0.0083,0.0068,0.0081,0.0078,0.0093,0.5,0.5,0.5,0.5,0.5,0.5
41.600208,-0.821158,142610503,"Distrito Rural",side_street,0.0048,0.0205,0.0105,0.0037,0.0073,0.0082,0.0047,0.0031,0.0031,0.5,0.5,0.5,0.5,0.5,0.5
41.600023,-0.821322,142610503,"Distrito Rural",side_street,0.0033,0.0213,0.0105,0.0037,0.0052,0.0058,0.0031,0.0027,0.0017,0.5,0.5,0.5,0.5,0.5,0.5
41.62847,-0.853841,142892563,"Las Fuentes",side_street,0.0004,0.008,0.2109,0.1508,0.0004,0.0004,0.0007,0.0017,0.0071,0.7,0.7,0.7,0.7,0.7,0.7
41.628341,-0.854081,142892563,"Las Fuentes",side_street,0,0.0096,0.2109,0.1302,0,0,0.0003,0.0004,0.0052,0.7,0.7,0.7,0.7,0.7,0.7
41.628398,-0.853726,142892585,"Las Fuentes",side_street,0.0011,0.0096,0.2109,0.1726,0.0007,0.0011,0.001,0.0028,0.0103,0.7,0.7,0.7,0.7,0.7,0.7
41.628257,-0.853492,142892585,"Las Fuentes",side_street,0.001,0.0096,0.2109,0.2294,0.0008,0.001,0.0011,0.0023,0.0095,0.8,0.8,0.8,0.8,0.8,0.8
41.604269,-0.823712,657995563,"Distrito Rural",side_street,0.0505,0.2302,0.0105,0.3869,0.041,0.0461,0.0589,0.0678,0.0729,1.3,1.3,1.3,1.3,1.4,1.4
41.604155,-0.823623,657995564,"Distrito Rural",side_street,0.0529,0.0899,0.0105,0.3646,0.0424,0.0488,0.062,0.0711,0.0691,0.9,0.9,0.9,0.9,0.9,0.9
41.604394,-0.823625,657995565,"Distrito Rural",side_street,0.0485,0.2778,0.0105,0.3891,0.04,0.0448,0.0578,0.0671,0.0735,1.5,1.4,1.5,1.6,1.6,1.6
41.623508,-0.846654,1464162825,"Distrito Rural",secondary_street,0.0096,0.0065,0.0037,0.0615,0.0099,0.0093,0.0093,0.0103,0.0129,0.5,0.5,0.5,0.5,0.5,0.5
41.623332,-0.846467,1464162825,"Distrito Rural",secondary_street,0.0093,0.0065,0.0037,0.0476,0.0093,0.009,0.009,0.0102,0.0136,0.5,0.5,0.5,0.5,0.5,0.5
41.650548,-0.9176,4766186,Delicias,main_street,0.5664,0.4878,0.839,0.9067,0.5602,0.5512,0.5695,0.5742,0.5807,6.5,6.5,6.4,6.5,6.5,6.6
41.650516,-0.917898,4766186,Delicias,main_street,0.5317,0.4204,0.8371,0.8792,0.5236,0.51,0.5346,0.539,0.543,6,6,5.9,6,6,6
41.660183,-0.913529,4766209,"La Almozara",side_street,0.0445,0.147,0.1495,0.4644,0.0432,0.0538,0.0421,0.0581,0.0954,1.4,1.4,1.5,1.4,1.5,1.7
41.660103,-0.913248,4766209,"La Almozara",side_street,0.0527,0.147,0.1495,0.509,0.0489,0.0616,0.0514,0.0676,0.1108,1.5,1.5,1.6,1.5,1.6,1.8
41.643945,-0.91541,4766215,Delicias,main_street,0.2875,0.8814,0.8411,0.5681,0.2913,0.2925,0.2975,0.2718,0.1899,6.1,6.1,6.2,6.2,6,5.6
41.644054,-0.915149,4766215,Delicias,main_street,0.3142,0.8862,0.8447,0.5185,0.3248,0.3184,0.3262,0.2937,0.2128,6.2,6.3,6.2,6.3,6.1,5.7
41.644125,-0.914863,4766215,Delicias,main_street,0.3464,0.8862,0.8447,0.5254,0.3554,0.3472,0.3595,0.3185,0.2472,6.4,6.5,6.4,6.5,6.3,5.9
41.644196,-0.914578,4766215,Delicias,main_street,0.3775,0.8893,0.8506,0.4811,0.3874,0.3714,0.3936,0.3482,0.2696,6.6,6.6,6.5,6.7,6.4,6
41.650038,-0.917933,4766217,Delicias,main_street,0.5434,0.0571,0.839,0.8954,0.5369,0.526,0.5471,0.5456,0.5346,4.8,4.8,4.7,4.8,4.8,4.7
41.650224,-0.917765,4766217,Delicias,main_street,0.5603,0.1464,0.839,0.8982,0.5551,0.5456,0.5633,0.5667,0.5639,5.1,5.1,5,5.1,5.1,5.1
41.646169,-0.917931,7835249,Oliver-Valdefierro,square,0.2541,0.0875,0.2707,0.4031,0.2459,0.2415,0.2687,0.254,0.1782,2.5,2.4,2.4,2.5,2.5,2.2
41.646456,-0.917921,7835249,Oliver-Valdefierro,square,0.2761,0.1205,0.2707,0.3778,0.2679,0.2685,0.293,0.2841,0.2222,2.6,2.6,2.6,2.7,2.6,2.4
41.64637,-0.918164,7835249,Oliver-Valdefierro,square,0.254,0.009,0.2697,0.3376,0.2432,0.2412,0.2688,0.2593,0.183,2.2,2.1,2.1,2.3,2.2,1.7
41.646154,-0.918081,7835249,Oliver-Valdefierro,square,0.2446,0.0315,0.2697,0.3806,0.2356,0.2322,0.2581,0.2425,0.1646,2.2,2.2,2.2,2.3,2.3,1.8
41.643782,-0.917505,7849823,Oliver-Valdefierro,square,0.0928,0.1933,0.2707,0.5651,0.1012,0.0972,0.1003,0.0807,0.081,2.3,2.3,2.3,2.3,2.3,2.3
41.644419,-0.917903,7851382,Oliver-Valdefierro,square,0.115,0.4751,0.2707,0.5124,0.1296,0.1143,0.1282,0.096,0.0811,3.1,3.1,3.1,3.1,3,3
41.644442,-0.917611,7851382,Oliver-Valdefierro,square,0.134,0.4713,0.2697,0.554,0.1581,0.1364,0.1458,0.1083,0.0886,3.2,3.3,3.2,3.2,3.1,3
41.645994,-0.917835,7851384,Oliver-Valdefierro,square,0.2418,0.3334,0.2712,0.382,0.2349,0.2318,0.2554,0.2374,0.1631,3,3,3,3.1,3,2.8
41.646491,-0.918253,7851386,Oliver-Valdefierro,square,0.2576,0.1034,0.2697,0.2549,0.2483,0.2473,0.2742,0.2654,0.1936,2.4,2.3,2.3,2.5,2.4,2.1
41.651151,-0.915145,23067515,Delicias,side_street,0.7178,0.7174,0.8617,0.8044,0.7093,0.6867,0.7226,0.7137,0.7,8.5,8.5,8.3,8.5,8.4,8.4
41.651366,-0.915231,23067515,Delicias,side_street,0.6743,0.7174,0.8617,0.8047,0.6614,0.6463,0.6901,0.6851,0.6694,8.3,8.2,8,8.3,8.3,8.2
41.650088,-0.915214,23068495,Delicias,side_street,0.7603,0.2913,0.8617,0.6752,0.7613,0.737,0.7667,0.7441,0.7181,6.5,6.5,6.4,6.5,6.4,6.3
41.649872,-0.915128,23068495,Delicias,side_street,0.7592,0.2913,0.8617,0.6525,0.76,0.7364,0.766,0.7425,0.714,6.5,6.5,6.3,6.5,6.4,6.2
41.649441,-0.914957,23068495,Delicias,side_street,0.7523,0.2804,0.8699,0.667,0.7542,0.7309,0.7599,0.7373,0.7055,6.4,6.4,6.3,6.5,6.3,6.2
41.649226,-0.914872,23068495,Delicias,side_street,0.7469,0.2804,0.8699,0.6458,0.748,0.7268,0.7552,0.7335,0.7024,6.3,6.4,6.2,6.4,6.3,6.1
41.64901,-0.914786,23068495,Delicias,side_street,0.7383,0.2804,0.8699,0.6023,0.7398,0.7192,0.7484,0.7263,0.6971,6.2,6.2,6.1,6.3,6.2,6
41.648795,-0.914701,23068495,Delicias,side_street,0.7247,0.2907,0.8891,0.5827,0.726,0.6997,0.7354,0.7158,0.6864,6.2,6.2,6.1,6.3,6.2,6
41.647736,-0.913363,23068496,Delicias,secondary_street,0.6049,0.8519,0.9542,0.3631,0.5989,0.5897,0.618,0.6051,0.5534,8,8,7.9,8.1,8,7.7
41.647952,-0.913449,23068496,Delicias,secondary_street,0.6266,0.8519,0.946,0.3522,0.6232,0.6122,0.6474,0.63,0.5865,8.1,8.1,8,8.3,8.2,7.9
41.648167,-0.913534,23068496,Delicias,secondary_street,0.6573,0.8519,0.9234,0.352,0.6515,0.6348,0.6856,0.6532,0.6129,8.3,8.2,8.1,8.4,8.2,8
41.648383,-0.91362,23068496,Delicias,secondary_street,0.6901,0.6724,0.911,0.3628,0.6816,0.6586,0.708,0.6834,0.6375,7.5,7.5,7.4,7.6,7.5,7.2
41.648598,-0.913706,23068496,Delicias,secondary_street,0.7113,0.6715,0.911,0.3966,0.7066,0.6799,0.724,0.7044,0.6587,7.7,7.7,7.5,7.8,7.7,7.4
41.648814,-0.913791,23068496,Delicias,secondary_street,0.7258,0.6715,0.8995,0.3554,0.7272,0.6988,0.739,0.7142,0.6718,7.7,7.7,7.6,7.8,7.7,7.4
41.650104,-0.915614,23069990,Delicias,side_street,0.7475,0.5232,0.8506,0.7634,0.7489,0.7264,0.7535,0.7339,0.7072,7.6,7.6,7.5,7.6,7.6,7.4
41.650172,-0.915327,23069990,Delicias,side_street,0.7568,0.5232,0.8617,0.7346,0.7573,0.7345,0.7626,0.7418,0.7182,7.7,7.7,7.6,7.7,7.6,7.4
41.650261,-0.915054,23069990,Delicias,side_street,0.7657,0.406,0.8699,0.7162,0.7671,0.7414,0.7715,0.7482,0.7241,7.2,7.2,7,7.2,7,6.9
41.650328,-0.914767,23069990,Delicias,side_street,0.774,0.406,0.8699,0.6649,0.7759,0.7477,0.7812,0.7555,0.7268,7.1,7.1,6.9,7.2,7,6.8
41.650395,-0.91448,23069990,Delicias,side_street,0.7807,0.406,0.8699,0.6637,0.7829,0.7524,0.787,0.7595,0.7272,7.2,7.2,7,7.2,7,6.8
41.650461,-0.914192,23069990,Delicias,side_street,0.7818,0.3496,0.8617,0.6415,0.7839,0.7525,0.788,0.7599,0.7257,6.8,6.8,6.7,6.9,6.7,6.5
41.650526,-0.913904,23069990,Delicias,side_street,0.7776,0.3496,0.8617,0.646,0.7801,0.7499,0.7863,0.7562,0.7229,6.8,6.8,6.6,6.9,6.7,6.5
41.650591,-0.913616,23069990,Delicias,side_street,0.7737,0.3496,0.8699,0.6179,0.7756,0.7463,0.7826,0.7518,0.7198,6.8,6.8,6.6,6.8,6.6,6.5
41.650656,-0.913328,23069990,Delicias,side_street,0.7718,0.3496,0.8617,0.6379,0.775,0.7458,0.7804,0.7483,0.7176,6.8,6.8,6.6,6.8,6.6,6.5
41.650721,-0.91304,23069990,Delicias,side_street,0.7687,0.3496,0.8617,0.5534,0.774,0.7436,0.7771,0.7458,0.7151,6.6,6.7,6.5,6.7,6.5,6.3
41.650786,-0.912752,23069990,Delicias,side_street,0.7679,0.3496,0.8796,0.5854,0.7739,0.7439,0.7754,0.7446,0.7162,6.7,6.7,6.6,6.8,6.6,6.4
41.650851,-0.912464,23069990,Delicias,side_street,0.7653,0.3496,0.911,0.6166,0.7713,0.7427,0.772,0.7424,0.7148,6.8,6.8,6.7,6.9,6.7,6.6
41.650372,-0.91229,23069991,Delicias,side_street,0.7576,0.2096,0.8796,0.4466,0.7648,0.7359,0.7647,0.7318,0.698,5.9,5.9,5.8,5.9,5.7,5.5
41.650307,-0.912578,23069991,Delicias,side_street,0.7644,0.2096,0.8796,0.411,0.7729,0.741,0.7719,0.7376,0.7039,5.9,5.9,5.7,5.9,5.7,5.5
41.650242,-0.912866,23069991,Delicias,side_street,0.767,0.2096,0.8796,0.4534,0.7747,0.7421,0.7753,0.7404,0.7062,5.9,6,5.8,6,5.8,5.6
41.650112,-0.913442,23069991,Delicias,side_street,0.7692,0.2283,0.8699,0.5047,0.7744,0.7429,0.78,0.7449,0.7101,6.1,6.1,5.9,6.1,5.9,5.7
41.650047,-0.91373,23069991,Delicias,side_street,0.773,0.2283,0.8796,0.5123,0.7753,0.7456,0.7825,0.7489,0.7125,6.1,6.1,6,6.2,6,5.8
41.649982,-0.914018,23069991,Delicias,side_street,0.7747,0.2283,0.8796,0.5211,0.7773,0.7472,0.7848,0.7525,0.7159,6.1,6.1,6,6.2,6,5.8
41.649491,-0.913908,23069993,Delicias,side_street,0.7596,0.2593,0.8995,0.4539,0.7619,0.7352,0.7701,0.7401,0.7034,6.1,6.1,6,6.2,6,5.8
41.649556,-0.91362,23069993,Delicias,side_street,0.7566,0.2593,0.911,0.4378,0.7603,0.7325,0.7671,0.7369,0.7003,6.1,6.1,6,6.2,6,5.8
41.649621,-0.913331,23069993,Delicias,side_street,0.7545,0.2593,0.911,0.3071,0.7589,0.7312,0.7644,0.7336,0.6973,6,6,5.8,6,5.8,5.6
41.649751,-0.912755,23069993,Delicias,side_street,0.7492,0.2764,0.911,0.273,0.7561,0.7288,0.7575,0.7256,0.6923,5.9,6,5.8,6,5.8,5.6
41.649816,-0.912467,23069993,Delicias,side_street,0.746,0.2764,0.911,0.2966,0.7528,0.7258,0.7538,0.7216,0.6867,6,6,5.9,6,5.8,5.6
41.649881,-0.912179,23069993,Delicias,side_street,0.7421,0.2764,0.911,0.2858,0.7499,0.723,0.7504,0.7178,0.6816,5.9,6,5.8,6,5.8,5.6
41.644242,-0.914535,23069996,Delicias,side_street,0.3827,0.8048,0.8561,0.4748,0.3926,0.3772,0.3978,0.3523,0.2737,6.2,6.3,6.2,6.3,6.1,5.6
41.640812,-0.912848,23938487,Universidad,main_street,0.2911,0.3989,0.359,0.4645,0.2725,0.2961,0.299,0.3358,0.3621,3.6,3.6,3.6,3.7,3.8,3.8
41.640901,-0.912572,23938487,Universidad,main_street,0.3139,0.3989,0.3603,0.4182,0.2945,0.3137,0.3221,0.3591,0.3806,3.7,3.6,3.7,3.7,3.8,3.8
41.658615,-0.920192,24306187,Delicias,main_street,0.0452,0.28,0.8332,0.5204,0.0448,0.0401,0.0435,0.05,0.0782,3.3,3.3,3.3,3.3,3.3,3.5
41.658657,-0.919897,24306187,Delicias,main_street,0.0482,0.82,0.8332,0.5875,0.0475,0.0427,0.0468,0.0514,0.0783,4.7,4.8,4.7,4.8,4.7,4.8
41.65867,-0.920094,24306193,Delicias,main_street,0.0465,0.2993,0.8332,0.5387,0.0459,0.0417,0.0447,0.051,0.0798,3.4,3.4,3.4,3.4,3.4,3.5
41.658694,-0.919795,24306193,Delicias,main_street,0.0486,0.3681,0.8332,0.5755,0.048,0.0431,0.0471,0.052,0.0794,3.6,3.6,3.6,3.6,3.6,3.7
41.65211,-0.915525,24320042,Delicias,side_street,0.5164,0.7468,0.8617,0.7647,0.5037,0.4921,0.5271,0.5413,0.5401,7.3,7.2,7.1,7.3,7.4,7.4
41.652326,-0.915609,24320042,Delicias,side_street,0.4719,0.7468,0.8796,0.7612,0.4617,0.4481,0.4857,0.4914,0.4948,7,6.9,6.8,7.1,7.1,7.2
41.653247,-0.915576,24320043,Delicias,side_street,0.3235,0.8546,0.8561,0.7178,0.3133,0.3048,0.3345,0.3306,0.3204,6.5,6.4,6.4,6.5,6.5,6.5
41.65128,-0.91777,24320052,Delicias,square,0.4857,0.4386,0.8356,0.8803,0.4792,0.465,0.4925,0.4942,0.5198,5.8,5.8,5.7,5.9,5.8,6
41.651342,-0.917481,24320052,Delicias,square,0.5055,0.4386,0.8356,0.8731,0.4993,0.4842,0.5122,0.5222,0.5379,5.9,5.9,5.8,5.9,6,6.1
41.650728,-0.916607,24320053,Delicias,main_street,0.6515,0.5196,0.8447,0.9043,0.6419,0.629,0.6642,0.655,0.6491,7.2,7.1,7,7.3,7.2,7.2
41.650614,-0.917189,24320053,Delicias,main_street,0.6053,0.9794,0.8447,0.9306,0.5969,0.5861,0.6071,0.6149,0.616,9.1,9.1,9.1,9.1,9.2,9.2
41.653567,-0.91407,24320054,Delicias,side_street,0.3167,0.5625,0.8561,0.6687,0.3099,0.3034,0.3277,0.3174,0.2906,5.2,5.2,5.1,5.2,5.2,5
41.653791,-0.914037,24320054,Delicias,side_street,0.2842,0.527,0.8561,0.6598,0.2773,0.2754,0.294,0.2862,0.2521,4.9,4.9,4.9,5,4.9,4.8
41.652404,-0.915773,24320062,Delicias,side_street,0.4484,0.8118,0.8699,0.7407,0.4365,0.4289,0.4614,0.465,0.4692,7.1,7,7,7.2,7.2,7.3
41.648215,-0.916687,25151316,Delicias,side_street,0.581,0.5223,0.8796,0.7644,0.5697,0.5692,0.59,0.5954,0.5882,6.6,6.6,6.6,6.7,6.7,6.7
41.647999,-0.916601,25151316,Delicias,side_street,0.5676,0.5106,0.8796,0.7008,0.5585,0.5565,0.5784,0.5827,0.5681,6.4,6.4,6.4,6.5,6.5,6.4
41.647784,-0.916516,25151316,Delicias,side_street,0.5514,0.6309,0.8796,0.634,0.5415,0.5397,0.5615,0.5644,0.5468,6.7,6.7,6.7,6.8,6.9,6.8
41.647356,-0.916335,25151316,Delicias,side_street,0.5006,0.6321,0.8699,0.5442,0.4925,0.4845,0.5174,0.5123,0.4921,6.3,6.3,6.2,6.4,6.4,6.3
41.647459,-0.916192,25151316,Delicias,side_street,0.53,0.1678,0.8796,0.5413,0.5218,0.5151,0.5431,0.538,0.5185,4.8,4.7,4.7,4.8,4.8,4.7
41.647674,-0.916277,25151316,Delicias,side_street,0.5533,0.1678,0.8796,0.5984,0.5449,0.5413,0.5642,0.5636,0.5451,4.9,4.9,4.9,5,4.9,4.8
41.64789,-0.916362,25151316,Delicias,side_street,0.5704,0.1757,0.8796,0.6597,0.5627,0.5609,0.582,0.5852,0.5715,5.1,5.1,5,5.1,5.1,5
41.648106,-0.916445,25151316,Delicias,side_street,0.5903,0.1757,0.8796,0.7209,0.5794,0.5791,0.5993,0.6071,0.5999,5.2,5.2,5.2,5.3,5.3,5.2
41.648322,-0.91653,25151316,Delicias,side_street,0.6009,0.1897,0.8796,0.7573,0.5892,0.5865,0.6083,0.6177,0.6104,5.4,5.3,5.3,5.4,5.5,5.4
41.649304,-0.917071,25151317,Delicias,side_street,0.617,0.4587,0.8447,0.8108,0.6124,0.6015,0.6217,0.6224,0.603,6.5,6.5,6.4,6.6,6.6,6.5
41.649522,-0.917085,25151317,Delicias,side_street,0.6285,0.5014,0.8447,0.817,0.6256,0.6124,0.6314,0.6287,0.6099,6.8,6.8,6.7,6.8,6.8,6.7
41.646164,-0.914834,26256955,Delicias,side_street,0.4463,0.5024,0.911,0.5198,0.4518,0.4416,0.4641,0.4351,0.3884,5.6,5.6,5.5,5.7,5.5,5.2
41.647481,-0.914049,26256968,Delicias,side_street,0.5883,0.3089,0.9616,0.4739,0.5842,0.5765,0.601,0.5848,0.5359,5.6,5.6,5.6,5.7,5.6,5.3
41.647533,-0.913757,26256968,Delicias,side_street,0.5938,0.3261,0.9616,0.4292,0.5907,0.582,0.6081,0.5906,0.5373,5.7,5.7,5.6,5.8,5.6,5.3
41.647597,-0.913468,26256968,Delicias,side_street,0.5921,0.3261,0.9616,0.3811,0.5882,0.5811,0.606,0.5912,0.5391,5.6,5.6,5.5,5.7,5.6,5.3
41.651515,-0.91612,26257111,Delicias,side_street,0.5919,0.0819,0.8447,0.8183,0.5791,0.5745,0.5991,0.6124,0.6121,5,4.9,4.9,5,5,5
41.6513,-0.916034,26257111,Delicias,side_street,0.6269,0.0819,0.8561,0.8214,0.6172,0.6095,0.6361,0.6432,0.6389,5.1,5.1,5.1,5.2,5.2,5.1
41.651084,-0.915947,26257111,Delicias,side_street,0.6669,0.0819,0.8617,0.8046,0.6542,0.6396,0.6839,0.6759,0.6598,5.3,5.3,5.2,5.4,5.4,5.2
41.65486,-0.920339,27041781,Delicias,side_street,0.0541,0.8019,0.8341,0.6441,0.0571,0.05,0.0516,0.043,0.066,4.8,4.8,4.8,4.8,4.7,4.8
41.655076,-0.92042,27041781,Delicias,side_street,0.0516,0.807,0.8341,0.6757,0.0546,0.0469,0.0469,0.041,0.0668,4.8,4.8,4.8,4.8,4.8,4.8
41.651677,-0.928487,27066802,Oliver-Valdefierro,side_street,0.1669,0.2824,0.2538,0.1981,0.1971,0.1635,0.1547,0.0852,0.0766,2.5,2.6,2.5,2.4,2.2,2.1
41.651711,-0.927603,27066803,Oliver-Valdefierro,side_street,0.2176,0.1323,0.2556,0.2012,0.238,0.2195,0.2032,0.1269,0.0936,2.2,2.3,2.2,2.2,1.7,1.5
41.651853,-0.926623,27066806,Oliver-Valdefierro,side_street,0.2661,0.1087,0.2556,0.1317,0.2877,0.274,0.2562,0.1837,0.1152,2.3,2.4,2.3,2.3,1.9,1.5
41.65163,-0.926622,27066806,Oliver-Valdefierro,side_street,0.2764,0.1279,0.2556,0.1702,0.3014,0.2828,0.2671,0.1947,0.1213,2.4,2.5,2.5,2.4,2.1,1.6
41.651703,-0.925563,27066808,Oliver-Valdefierro,side_street,0.2928,0.0992,0.2556,0.0743,0.3163,0.3033,0.2836,0.2329,0.1412,2.3,2.4,2.3,2.3,2.1,1.5
41.652158,-0.923024,27066811,Oliver-Valdefierro,side_street,0.2384,0.3351,0.2597,0.3133,0.2551,0.2453,0.2223,0.1694,0.1354,2.9,3,2.9,2.9,2.7,2.6
41.651935,-0.922987,27066811,Oliver-Valdefierro,side_street,0.2377,0.3351,0.2597,0.3436,0.2528,0.2448,0.2216,0.1768,0.1406,2.9,3,3,2.9,2.8,2.7
41.639634,-0.913703,27115933,Universidad,square,0.1067,0.0433,0.3544,0.2003,0.1061,0.1146,0.1073,0.1205,0.1266,1.5,1.5,1.6,1.5,1.6,1.6
41.639722,-0.913426,27115933,Universidad,square,0.1391,0.0433,0.3544,0.2612,0.1395,0.1525,0.1355,0.1532,0.1608,1.8,1.8,1.8,1.8,1.9,1.9
41.640602,-0.910657,27115933,Universidad,square,0.342,0.3658,0.3603,0.2593,0.3159,0.3379,0.3492,0.4005,0.4758,3.5,3.4,3.5,3.6,3.7,3.9
41.640691,-0.910381,27115933,Universidad,square,0.3559,0.3658,0.3603,0.2715,0.3297,0.3515,0.3638,0.4152,0.499,3.6,3.5,3.6,3.6,3.8,4
41.658178,-0.930403,32803323,Miralbueno,side_street,0.0196,0.3601,0.1107,0.4322,0.0195,0.0191,0.0219,0.0223,0.0312,2,2,2,2,2.1,2.1
41.657955,-0.930441,32803323,Miralbueno,side_street,0.0195,0.3074,0.1097,0.4056,0.0198,0.0189,0.0211,0.0213,0.0307,1.7,1.7,1.7,1.8,1.7,1.8
41.658117,-0.930565,32803334,Miralbueno,side_street,0.0201,0.1899,0.1107,0.4792,0.0205,0.0192,0.0222,0.0216,0.0297,1.4,1.4,1.4,1.4,1.4,1.4
41.652081,-0.933561,33800284,Miralbueno,secondary_street,0.0141,0.4327,0.1097,0.5081,0.0146,0.0137,0.015,0.0181,0.0235,2.3,2.3,2.3,2.3,2.4,2.4
41.652292,-0.933667,33800284,Oliver-Valdefierro,secondary_street,0.0157,0.4327,0.2455,0.4274,0.0154,0.0147,0.0153,0.0195,0.0246,2.5,2.5,2.5,2.5,2.5,2.5
41.652503,-0.933772,33800284,Miralbueno,secondary_street,0.0124,0.4327,0.1097,0.3923,0.0134,0.012,0.0126,0.0164,0.0219,2.2,2.2,2.2,2.2,2.3,2.3
41.658918,-0.937075,33800291,Miralbueno,secondary_street,0.0291,0.8255,0.1097,0.7466,0.0308,0.0293,0.0314,0.0346,0.0674,3.6,3.6,3.6,3.6,3.6,3.7
41.658956,-0.936778,33800291,Miralbueno,secondary_street,0.0308,0.8224,0.1097,0.6895,0.0341,0.0309,0.0338,0.0356,0.0664,3.6,3.6,3.6,3.6,3.6,3.7
41.650919,-0.928448,33800304,Oliver-Valdefierro,side_street,0.1651,0.1692,0.2538,0.1454,0.2017,0.1553,0.1509,0.0653,0.0437,2,2.2,2,2,1.5,1.3
41.651144,-0.928461,33800304,Oliver-Valdefierro,side_street,0.1747,0.1692,0.2538,0.167,0.2063,0.168,0.1639,0.0735,0.0562,2.1,2.3,2,2.1,1.5,1.5
41.651368,-0.928474,33800304,Oliver-Valdefierro,side_street,0.1741,0.1692,0.2538,0.1841,0.2045,0.1693,0.1628,0.0817,0.0692,2.1,2.3,2.1,2.1,1.6,1.5
41.638547,-0.947145,35994351,Sur,side_street,0.0717,0.2616,0.1001,0.2128,0.0688,0.0668,0.0849,0.0712,0.0326,1.5,1.5,1.5,1.6,1.5,1.3
41.638367,-0.947327,35994351,Sur,side_street,0.0746,0.2616,0.1001,0.1966,0.0711,0.07,0.0892,0.0739,0.0342,1.5,1.5,1.5,1.6,1.5,1.3
41.638188,-0.947508,35994351,Sur,side_street,0.0753,0.2616,0.1001,0.1733,0.0714,0.0697,0.0897,0.0736,0.0338,1.5,1.5,1.5,1.6,1.5,1.3
41.638008,-0.947689,35994351,Sur,side_street,0.0743,0.2757,0.1001,0.1502,0.0715,0.0683,0.0885,0.0708,0.0331,1.5,1.5,1.5,1.6,1.5,1.3
41.637996,-0.947546,35994409,Sur,side_street,0.0784,0.1372,0.1001,0.16,0.0749,0.0731,0.0919,0.0746,0.0349,1,1,1,1.1,1,0.9
41.638129,-0.947788,35994409,Sur,side_street,0.0684,0.1143,0.1001,0.1509,0.0664,0.0637,0.0777,0.0668,0.0301,0.9,0.9,0.9,1,0.9,0.8
41.636394,-0.94617,35994621,Sur,side_street,0.2065,0.089,0.0873,0.2756,0.1984,0.1952,0.2316,0.2069,0.1133,1.6,1.6,1.6,1.8,1.6,1.1
41.636415,-0.94548,35994622,Sur,side_street,0.2003,0.6408,0.0873,0.2446,0.1933,0.1858,0.224,0.1953,0.1009,3.3,3.2,3.2,3.3,3.2,2.9
41.636417,-0.945179,35994622,Sur,side_street,0.1844,0.6408,0.0873,0.2053,0.1774,0.1682,0.2044,0.17,0.0888,3.2,3.1,3.1,3.2,3.1,2.9
41.635174,-0.945754,35994632,Sur,side_street,0.2147,0.3901,0.0873,0.332,0.2123,0.1905,0.2507,0.174,0.0538,2.7,2.7,2.7,2.8,2.6,2.1
41.651894,-0.918216,36066199,Delicias,side_street,0.3691,0.2531,0.8371,0.8421,0.3622,0.3491,0.3823,0.373,0.3721,4.6,4.6,4.5,4.7,4.6,4.6
41.651682,-0.91812,36066199,Delicias,side_street,0.4073,0.1991,0.8364,0.843,0.4012,0.385,0.4146,0.4083,0.4112,4.6,4.6,4.5,4.6,4.6,4.6
41.651578,-0.917855,36066199,Delicias,side_street,0.4361,0.1655,0.8356,0.8554,0.4292,0.4173,0.4428,0.4453,0.4662,4.6,4.6,4.6,4.7,4.6,4.7
41.651391,-0.917308,36066199,Delicias,side_street,0.5133,0.2391,0.8356,0.8795,0.5054,0.4908,0.5212,0.5336,0.551,5.2,5.1,5.1,5.2,5.3,5.3
41.651441,-0.91702,36066199,Delicias,side_street,0.5358,0.576,0.8377,0.8542,0.5244,0.5143,0.5421,0.5517,0.5646,6.6,6.6,6.5,6.7,6.7,6.8
41.651502,-0.91673,36066199,Delicias,side_street,0.5527,0.576,0.8411,0.8566,0.5413,0.5335,0.5584,0.569,0.5726,6.7,6.7,6.6,6.8,6.8,6.9
41.651779,-0.917693,36066556,Delicias,square,0.4254,0.0632,0.8349,0.8575,0.4193,0.4056,0.4332,0.4358,0.4522,4.3,4.3,4.2,4.3,4.3,4.4
41.651365,-0.92062,36066868,Oliver-Valdefierro,side_street,0.2623,0.0564,0.266,0.7588,0.2647,0.2651,0.2614,0.2531,0.2424,2.7,2.7,2.7,2.7,2.7,2.7
41.648858,-0.921457,36067291,Oliver-Valdefierro,side_street,0.1696,0.1746,0.2673,0.3745,0.1702,0.1754,0.1668,0.1637,0.1553,2.4,2.4,2.4,2.4,2.3,2.3
41.648869,-0.921156,36067291,Oliver-Valdefierro,side_street,0.1981,0.1984,0.2673,0.4569,0.1966,0.2021,0.1936,0.2093,0.1973,2.6,2.6,2.6,2.6,2.6,2.6
41.649533,-0.922733,36067478,Oliver-Valdefierro,side_street,0.1094,0.2482,0.2643,0.1813,0.1244,0.1155,0.1063,0.0882,0.0803,2.1,2.2,2.2,2.1,2,1.9
41.649325,-0.922807,36067478,Oliver-Valdefierro,side_street,0.095,0.1865,0.2643,0.1077,0.103,0.1016,0.0938,0.081,0.0721,1.7,1.7,1.7,1.7,1.6,1.5
41.651503,-0.923489,36067706,Oliver-Valdefierro,side_street,0.2364,0.1857,0.2597,0.2771,0.2516,0.2452,0.223,0.1799,0.1378,2.6,2.6,2.6,2.5,2.3,2.2
41.651726,-0.923532,36067706,Oliver-Valdefierro,side_street,0.2482,0.2258,0.2597,0.3014,0.2605,0.2542,0.2326,0.1888,0.1386,2.7,2.7,2.7,2.7,2.5,2.3
41.651769,-0.922908,36067828,Oliver-Valdefierro,side_street,0.2335,0.2118,0.2597,0.3573,0.249,0.2429,0.2192,0.1802,0.146,2.7,2.7,2.7,2.6,2.5,2.3
41.651802,-0.92237,36067905,Oliver-Valdefierro,square,0.2342,0.7562,0.2597,0.4683,0.2453,0.2441,0.2199,0.1991,0.1734,4.1,4.2,4.2,4.1,4,3.9
41.651783,-0.92151,36068088,Oliver-Valdefierro,square,0.2484,0.1345,0.265,0.6673,0.2524,0.2561,0.2321,0.2308,0.2333,2.8,2.8,2.8,2.7,2.7,2.8
41.651677,-0.921775,36068088,Oliver-Valdefierro,square,0.2408,0.1345,0.2643,0.592,0.2476,0.25,0.2267,0.22,0.2083,2.7,2.7,2.7,2.7,2.6,2.6
41.651913,-0.92181,36068089,Oliver-Valdefierro,square,0.2421,0.3055,0.2631,0.5844,0.2477,0.2501,0.2265,0.2205,0.2127,3.1,3.1,3.2,3,3.1,3
41.651802,-0.922071,36068089,Oliver-Valdefierro,square,0.2393,0.3055,0.2597,0.5305,0.246,0.2484,0.2251,0.2137,0.1953,3,3.1,3.1,3,3,2.9
41.641127,-0.928535,36600025,Oliver-Valdefierro,side_street,0.0424,0.0341,0.2492,0.3183,0.0437,0.0359,0.0451,0.0362,0.0359,1.1,1.1,1,1.1,1,1
41.641031,-0.928263,36600025,Oliver-Valdefierro,side_street,0.038,0.0341,0.2492,0.2931,0.0406,0.0329,0.0407,0.0328,0.0315,1,1,1,1,1,1
41.640647,-0.927175,36600025,Oliver-Valdefierro,side_street,0.0208,0.0341,0.2492,0.1622,0.0232,0.0199,0.0236,0.0196,0.0124,0.9,0.9,0.9,0.9,0.9,0.8
41.640552,-0.926903,36600025,Oliver-Valdefierro,side_street,0.0191,0.0341,0.2492,0.1423,0.0196,0.0185,0.0212,0.0175,0.0102,0.8,0.8,0.8,0.8,0.8,0.8
41.640746,-0.928753,36600165,Oliver-Valdefierro,side_street,0.0476,0.1113,0.2492,0.3388,0.0473,0.0403,0.0541,0.0428,0.0367,1.4,1.4,1.3,1.4,1.3,1.3
41.638598,-0.928811,36602697,Oliver-Valdefierro,side_street,0.0295,0.5493,0.2492,0.1532,0.0294,0.0302,0.0309,0.0322,0.0352,2.6,2.6,2.7,2.6,2.7,2.7
41.638822,-0.928779,36602697,Oliver-Valdefierro,side_street,0.0322,0.5493,0.2492,0.2051,0.0343,0.0328,0.0343,0.0369,0.0428,2.7,2.7,2.7,2.7,2.7,2.7
41.63772,-0.933033,36603662,Oliver-Valdefierro,secondary_street,0.0349,0.2077,0.2455,0.2215,0.0281,0.0342,0.0394,0.0495,0.0523,1.5,1.5,1.5,1.6,1.6,1.6
41.638257,-0.932773,36603831,Oliver-Valdefierro,side_street,0.041,0.1546,0.2492,0.3068,0.0369,0.039,0.0456,0.0578,0.0639,1.5,1.5,1.5,1.5,1.6,1.6
41.639932,-0.931442,36797839,Oliver-Valdefierro,side_street,0.0635,0.5899,0.2492,0.2405,0.055,0.0572,0.0752,0.0813,0.0732,2.9,2.9,2.9,2.9,3,3
41.639832,-0.931173,36797839,Oliver-Valdefierro,side_street,0.066,0.5714,0.2492,0.2332,0.0565,0.0588,0.0791,0.0842,0.0756,2.9,2.8,2.8,2.9,2.9,2.9
41.639495,-0.935197,36798230,Oliver-Valdefierro,side_street,0.013,0.3349,0.2455,0.0882,0.0119,0.0102,0.0163,0.0124,0.0041,1.8,1.7,1.7,1.8,1.7,1.7
41.63968,-0.935026,36798230,Oliver-Valdefierro,side_street,0.0161,0.215,0.2455,0.0951,0.0138,0.0127,0.0178,0.017,0.0045,1.3,1.3,1.3,1.3,1.3,1.2
41.652343,-0.921171,37390698,Oliver-Valdefierro,side_street,0.2239,0.3451,0.2643,0.6596,0.2323,0.2316,0.2092,0.2007,0.1998,3.2,3.3,3.3,3.2,3.2,3.2
41.652147,-0.921251,37390698,Oliver-Valdefierro,side_street,0.2419,0.3753,0.2643,0.698,0.2465,0.2479,0.227,0.2239,0.2289,3.4,3.4,3.4,3.4,3.4,3.4
41.651986,-0.921461,37390698,Oliver-Valdefierro,side_street,0.2487,0.3753,0.2631,0.6566,0.253,0.2554,0.2325,0.2315,0.2363,3.4,3.4,3.4,3.3,3.4,3.4
41.652345,-0.922113,37390710,Oliver-Valdefierro,side_street,0.2241,0.0847,0.2597,0.4927,0.2371,0.2329,0.2035,0.1785,0.1638,2.4,2.5,2.5,2.3,2.3,2.2
41.652499,-0.921893,37390710,Oliver-Valdefierro,side_street,0.2189,0.0847,0.2597,0.4996,0.2312,0.2248,0.1943,0.1662,0.1557,2.4,2.4,2.4,2.3,2.2,2.1
41.652208,-0.921922,37390713,Oliver-Valdefierro,side_street,0.233,0.0288,0.2597,0.5519,0.2434,0.2419,0.2169,0.202,0.1861,2.3,2.4,2.4,2.3,2.2,2.2
41.652362,-0.921704,37390713,Oliver-Valdefierro,side_street,0.2254,0.0288,0.2597,0.5596,0.2362,0.2328,0.2073,0.1916,0.1774,2.3,2.4,2.3,2.3,2.2,2.1
41.652517,-0.921485,37390713,Oliver-Valdefierro,side_street,0.2142,0.0288,0.2631,0.5531,0.2265,0.2205,0.1932,0.1737,0.1655,2.3,2.3,2.3,2.2,2.1,2
41.652096,-0.921673,37390728,Oliver-Valdefierro,side_street,0.2411,0.2711,0.2631,0.6189,0.248,0.2492,0.2256,0.2186,0.2137,3,3.1,3.1,3,3,3
41.652254,-0.92146,37390728,Oliver-Valdefierro,side_street,0.2308,0.2711,0.2631,0.6234,0.2391,0.2381,0.2176,0.2107,0.2069,3,3,3,3,3,3
41.652413,-0.921247,37390728,Oliver-Valdefierro,side_street,0.2198,0.2711,0.2631,0.6067,0.2287,0.2247,0.2021,0.1921,0.1854,2.9,3,3,2.9,2.9,2.9
41.6522,-0.922468,37390764,Oliver-Valdefierro,side_street,0.2272,0.8112,0.2597,0.4173,0.2428,0.2371,0.2085,0.1778,0.1547,4.2,4.2,4.2,4.1,4,3.9
41.6588,-0.941668,37391456,Miralbueno,side_street,0.0565,0.3898,0.1075,0.4028,0.0554,0.0544,0.0606,0.0615,0.0832,2.3,2.3,2.2,2.3,2.3,2.4
41.658986,-0.941838,37391456,Miralbueno,side_street,0.0579,0.3898,0.1075,0.3752,0.0579,0.0561,0.0639,0.0622,0.0815,2.2,2.2,2.2,2.3,2.3,2.3
41.651024,-0.934612,37497979,Miralbueno,secondary_street,0.0035,0.5622,0.1097,0.2284,0.0027,0.0045,0.0038,0.0065,0.0143,2.4,2.4,2.4,2.4,2.4,2.4
41.65103,-0.925379,37498020,Oliver-Valdefierro,side_street,0.2629,0.0236,0.2597,0.0636,0.2808,0.2752,0.2513,0.1919,0.1126,1.9,1.9,1.9,1.8,1.5,1.1
41.651255,-0.925378,37498020,Oliver-Valdefierro,side_street,0.2821,0.0236,0.2597,0.0694,0.3046,0.2945,0.2723,0.2162,0.1293,2,2.1,2,2,1.6,1.1
41.65148,-0.925377,37498020,Oliver-Valdefierro,side_street,0.2938,0.0236,0.2597,0.0731,0.3177,0.3065,0.2829,0.2363,0.1466,2,2.1,2.1,2,1.7,1.2
41.651476,-0.925897,37498024,Oliver-Valdefierro,side_street,0.2945,0.0823,0.2597,0.0777,0.3195,0.302,0.2856,0.2268,0.1295,2.3,2.4,2.3,2.3,1.9,1.4
41.651251,-0.925901,37498024,Oliver-Valdefierro,side_street,0.279,0.0823,0.2597,0.0719,0.302,0.286,0.2708,0.2055,0.1183,2.2,2.3,2.2,2.2,1.8,1.3
41.651268,-0.926426,37498032,Oliver-Valdefierro,side_street,0.2682,0.0574,0.2597,0.0869,0.2906,0.2756,0.2589,0.1841,0.1102,2.1,2.2,2.1,2,1.6,1.2
41.651493,-0.926424,37498032,Oliver-Valdefierro,side_street,0.2839,0.0574,0.2556,0.0924,0.3081,0.2872,0.274,0.2039,0.123,2.1,2.3,2.2,2.1,1.7,1.3
41.651485,-0.926894,37498036,Oliver-Valdefierro,side_street,0.2598,0.1696,0.2556,0.2038,0.28,0.2633,0.2489,0.1659,0.1078,2.5,2.6,2.5,2.5,2.2,1.7
41.649911,-0.926935,37498036,Oliver-Valdefierro,side_street,0.1207,0.2128,0.2597,0.0168,0.1713,0.1179,0.1104,0.0493,0.0155,1.8,2,1.8,1.7,1.4,1.2
41.656009,-0.929379,37704633,Miralbueno,secondary_street,0.0174,0.463,0.1107,0.0225,0.0172,0.0182,0.0172,0.0136,0.0158,1.9,1.8,1.8,1.9,1.8,1.8
41.655977,-0.929081,37704633,Miralbueno,secondary_street,0.0182,0.4538,0.1121,0.0232,0.0191,0.0196,0.0185,0.0147,0.0157,1.8,1.8,1.8,1.8,1.8,1.8
41.642933,-0.936238,38306947,Oliver-Valdefierro,side_street,0.0315,0.1013,0.2492,0.1562,0.0256,0.0232,0.0437,0.0273,0.0023,1,1,1,1.1,1,0.9
41.642951,-0.935938,38306947,Oliver-Valdefierro,side_street,0.0367,0.154,0.2492,0.1752,0.0329,0.0266,0.0505,0.0331,0.0033,1.3,1.3,1.2,1.3,1.2,1.1
41.642835,-0.935994,38306989,Oliver-Valdefierro,side_street,0.036,0.102,0.2492,0.168,0.0318,0.0257,0.0497,0.0321,0.003,1.1,1.1,1.1,1.1,1.1,1
41.642611,-0.935969,38306989,Oliver-Valdefierro,side_street,0.0355,0.102,0.2492,0.1638,0.0295,0.0253,0.0499,0.0332,0.0035,1.1,1.1,1.1,1.1,1.1,0.9
41.650191,-0.917441,39231604,Delicias,side_street,0.6008,0.1637,0.8411,0.908,0.5937,0.5828,0.6002,0.6037,0.6002,5.4,5.3,5.3,5.4,5.4,5.3
41.649975,-0.917354,39231604,Delicias,side_street,0.6153,0.1459,0.8411,0.8895,0.6107,0.5972,0.6146,0.6156,0.6033,5.4,5.3,5.3,5.3,5.4,5.3
41.64976,-0.917267,39231604,Delicias,side_street,0.6218,0.1459,0.8447,0.8793,0.6184,0.6057,0.6232,0.6221,0.6037,5.4,5.4,5.3,5.4,5.4,5.2
41.649552,-0.917163,39231604,Delicias,side_street,0.6241,0.1222,0.8447,0.8219,0.6208,0.6081,0.6269,0.6246,0.6056,5.2,5.2,5.2,5.2,5.2,5.1
41.647845,-0.916697,39231767,Delicias,side_street,0.5454,0.3354,0.8699,0.6906,0.5346,0.5328,0.557,0.5594,0.5428,5.6,5.5,5.5,5.6,5.6,5.5
41.647781,-0.916985,39231767,Delicias,side_street,0.5076,0.2891,0.8699,0.6867,0.4965,0.4904,0.5235,0.5274,0.5107,5.2,5.1,5.1,5.2,5.3,5.1
41.647718,-0.917274,39231767,Delicias,side_street,0.471,0.2693,0.8617,0.6768,0.461,0.4534,0.4894,0.4862,0.4712,4.9,4.9,4.9,5,5,4.9
41.663116,-0.928975,39545293,"La Almozara",side_street,0.0369,0.384,0.1451,0.0586,0.0502,0.0438,0.029,0.0151,0.0076,1.8,1.8,1.8,1.7,1.6,1.6
41.66464,-0.932271,39545448,"La Almozara",side_street,0.0432,0.1457,0.1451,0.0847,0.054,0.0551,0.041,0.0252,0.0177,1,1,1,1,0.9,0.9
41.65179,-0.926081,48134510,Oliver-Valdefierro,side_street,0.2852,0.2192,0.2556,0.0813,0.3086,0.2901,0.2754,0.2113,0.1241,2.6,2.7,2.6,2.6,2.3,1.9
41.650929,-0.934676,48134523,Oliver-Valdefierro,secondary_street,0.0034,0.4795,0.2455,0.2278,0.0025,0.0044,0.0035,0.0066,0.0147,2.4,2.4,2.4,2.4,2.4,2.4
41.652182,-0.922108,48134527,Oliver-Valdefierro,secondary_street,0.2318,0.9698,0.2597,0.4871,0.2439,0.2422,0.215,0.1973,0.1816,4.7,4.8,4.7,4.6,4.6,4.5
41.646046,-0.914835,48136270,Delicias,side_street,0.4371,0.7376,0.8995,0.5223,0.4414,0.4353,0.4552,0.4259,0.3779,6.4,6.5,6.4,6.5,6.4,6.1
41.646208,-0.914626,48136270,Delicias,side_street,0.4641,0.5363,0.9358,0.4925,0.4686,0.4621,0.4836,0.4518,0.4124,5.8,5.9,5.8,5.9,5.8,5.5
41.646363,-0.914408,48136270,Delicias,side_street,0.4907,0.7213,0.9542,0.4765,0.497,0.4886,0.5065,0.478,0.4453,6.8,6.8,6.8,6.9,6.7,6.6
41.652045,-0.918072,48136275,Delicias,side_street,0.3604,0.8515,0.8364,0.8385,0.3518,0.3395,0.371,0.3657,0.366,6.8,6.7,6.7,6.8,6.8,6.8
41.643042,-0.920805,56154459,Oliver-Valdefierro,side_street,0.0212,0.7768,0.2523,0.1795,0.0276,0.0219,0.0267,0.0122,0.0082,3.2,3.2,3.2,3.2,3.2,3.2
41.643061,-0.920505,56154459,Oliver-Valdefierro,side_street,0.0225,0.7768,0.2528,0.2104,0.0287,0.0229,0.0283,0.016,0.0106,3.3,3.3,3.3,3.3,3.2,3.2
41.642233,-0.93394,68668259,Oliver-Valdefierro,secondary_street,0.0404,0.8713,0.2523,0.3072,0.0363,0.0335,0.0533,0.0465,0.0243,3.7,3.6,3.6,3.7,3.7,3.6
41.642457,-0.933968,68668259,Oliver-Valdefierro,secondary_street,0.0391,0.8713,0.2492,0.2952,0.035,0.0324,0.0513,0.0444,0.0194,3.6,3.6,3.6,3.7,3.6,3.6
41.650493,-0.917283,78343648,Delicias,main_street,0.6042,0.4101,0.8411,0.9278,0.596,0.5851,0.6042,0.6099,0.6102,6.4,6.4,6.3,6.4,6.5,6.5
41.640137,-0.931978,79397045,Oliver-Valdefierro,secondary_street,0.0574,0.8287,0.2492,0.29,0.049,0.0495,0.0666,0.0684,0.0512,3.6,3.6,3.6,3.6,3.6,3.6
41.640236,-0.932248,79397045,Oliver-Valdefierro,secondary_street,0.0536,0.8308,0.2523,0.2842,0.0451,0.0452,0.0629,0.0635,0.043,3.6,3.5,3.5,3.6,3.6,3.6
41.640468,-0.917859,79482885,Oliver-Valdefierro,side_street,0.0233,0.1875,0.253,0.0786,0.0312,0.0315,0.0274,0.0229,0.0252,1.2,1.3,1.3,1.2,1.2,1.2
41.640306,-0.91765,79482885,Oliver-Valdefierro,side_street,0.0235,0.1875,0.253,0.0906,0.0311,0.0319,0.0269,0.023,0.0269,1.2,1.3,1.3,1.2,1.2,1.3
41.647582,-0.91753,80362435,Delicias,secondary_street,0.4316,0.1381,0.8561,0.6559,0.4214,0.4141,0.4457,0.4425,0.4139,4.4,4.4,4.3,4.4,4.4,4.3
41.647786,-0.917497,80362441,Delicias,side_street,0.4553,0.273,0.8506,0.6846,0.4439,0.4384,0.4716,0.4699,0.4553,4.9,4.8,4.8,4.9,4.9,4.8
41.648,-0.917587,80362441,Delicias,side_street,0.4655,0.273,0.8561,0.8037,0.4535,0.4471,0.4809,0.4815,0.4726,5,5,5,5.1,5.1,5
41.641328,-0.911672,80813640,Delicias,main_street,0.4121,0.6574,0.8506,0.3409,0.396,0.4031,0.4223,0.4484,0.4953,5.6,5.5,5.6,5.7,5.8,6
41.641238,-0.911947,80813640,Delicias,main_street,0.3926,0.6574,0.8506,0.3526,0.3735,0.3823,0.4036,0.4261,0.4603,5.5,5.4,5.5,5.6,5.7,5.9
41.641149,-0.912223,80813640,Delicias,main_street,0.3649,0.6574,0.8411,0.3739,0.344,0.3578,0.3793,0.4011,0.4268,5.4,5.3,5.3,5.5,5.6,5.7
41.640969,-0.912775,80813640,Delicias,main_street,0.3126,0.6574,0.8377,0.4471,0.293,0.3127,0.3205,0.3557,0.3749,5.2,5.1,5.2,5.2,5.4,5.5
41.64088,-0.913051,80813640,Delicias,main_street,0.2873,0.6511,0.8377,0.4993,0.2689,0.2903,0.2945,0.3304,0.3559,5.1,5.1,5.1,5.2,5.3,5.4
41.64079,-0.913327,80813640,Delicias,main_street,0.2664,0.6455,0.8356,0.5529,0.2544,0.2749,0.2761,0.3091,0.3382,5.1,5,5.1,5.1,5.3,5.4
41.640699,-0.913602,80813640,Delicias,main_street,0.2472,0.6455,0.8356,0.5636,0.2321,0.2528,0.2494,0.2835,0.3118,5,5,5,5,5.1,5.2
41.640611,-0.913879,80813640,Delicias,main_street,0.2193,0.6352,0.8349,0.5322,0.2144,0.2274,0.2181,0.2535,0.2672,4.8,4.8,4.9,4.8,4.9,5
41.653363,-0.915502,80852473,Delicias,side_street,0.3096,0.9436,0.8506,0.7097,0.2989,0.2924,0.3195,0.3156,0.3009,6.7,6.7,6.6,6.8,6.8,6.7
41.644245,-0.914765,82910191,Delicias,main_street,0.3584,0.4144,0.8561,0.5458,0.368,0.3557,0.3766,0.3283,0.2535,4.8,4.8,4.8,4.9,4.6,4.4
41.644172,-0.91505,82910191,Delicias,main_street,0.3282,0.4144,0.8447,0.5331,0.3389,0.3306,0.3413,0.3061,0.2308,4.6,4.7,4.6,4.7,4.5,4.3
41.644099,-0.915335,82910191,Delicias,main_street,0.3017,0.4144,0.8447,0.5635,0.3079,0.3047,0.3123,0.2821,0.2044,4.6,4.6,4.6,4.6,4.5,4.2
41.644795,-0.912893,82910194,Delicias,main_street,0.4809,0.3043,0.9358,0.2834,0.487,0.4782,0.4976,0.4572,0.3763,4.8,4.9,4.8,4.9,4.7,4.4
41.644611,-0.913441,82910194,Delicias,main_street,0.459,0.2899,0.8995,0.3602,0.4681,0.4589,0.4746,0.4357,0.3626,4.7,4.8,4.7,4.8,4.6,4.4
41.644366,-0.914282,82910194,Delicias,main_street,0.4064,0.2689,0.8699,0.4453,0.4148,0.4005,0.418,0.3746,0.3089,4.5,4.5,4.5,4.5,4.4,4.1
41.644294,-0.914567,82910194,Delicias,main_street,0.3797,0.2849,0.8561,0.4809,0.3902,0.3737,0.396,0.3508,0.2709,4.5,4.5,4.4,4.5,4.3,4.1
41.651477,-0.919424,83012585,Oliver-Valdefierro,secondary_street,0.3214,0.998,0.2673,0.8491,0.3233,0.3099,0.3243,0.3144,0.3257,5.6,5.6,5.6,5.6,5.6,5.6
41.652078,-0.921986,83012586,Oliver-Valdefierro,secondary_street,0.2387,0.445,0.2597,0.529,0.2466,0.2466,0.2226,0.2094,0.195,3.4,3.5,3.5,3.4,3.3,3.3
41.651479,-0.919611,83012587,Oliver-Valdefierro,secondary_street,0.3065,0.3068,0.2673,0.8474,0.3062,0.2983,0.3082,0.3003,0.3123,3.6,3.6,3.6,3.6,3.6,3.6
41.638747,-0.947254,83265858,Sur,secondary_street,0.0646,0.2868,0.1001,0.1914,0.0622,0.0619,0.0742,0.0654,0.0263,1.6,1.6,1.6,1.6,1.6,1.4
41.648517,-0.915967,84621686,Delicias,side_street,0.6531,0.5676,0.8891,0.7155,0.6427,0.6362,0.673,0.6649,0.6557,7.3,7.2,7.2,7.4,7.4,7.3
41.648453,-0.916256,84621686,Delicias,side_street,0.628,0.5488,0.8891,0.7417,0.6194,0.6173,0.6385,0.643,0.6408,7,7,7,7.1,7.1,7.1
41.648382,-0.916541,84621686,Delicias,side_street,0.6044,0.5144,0.8796,0.7661,0.5921,0.5906,0.6118,0.6205,0.6145,6.7,6.7,6.7,6.8,6.9,6.8
41.648294,-0.916817,84621686,Delicias,side_street,0.5739,0.272,0.8796,0.7875,0.5643,0.5623,0.5831,0.59,0.5821,5.6,5.6,5.5,5.7,5.7,5.6
41.648197,-0.917089,84621686,Delicias,side_street,0.5425,0.1993,0.8617,0.825,0.5304,0.5271,0.5546,0.5571,0.5432,5.2,5.1,5.1,5.2,5.2,5.1
41.648102,-0.917362,84621686,Delicias,side_street,0.5025,0.1697,0.8561,0.8142,0.4886,0.4836,0.5175,0.5237,0.5143,4.9,4.8,4.8,5,5,4.9
41.648997,-0.913707,84621688,Delicias,side_street,0.7349,0.517,0.9234,0.3317,0.7377,0.714,0.7477,0.7217,0.6846,7,7,6.9,7.1,6.9,6.8
41.649061,-0.913418,84621688,Delicias,side_street,0.7311,0.517,0.9358,0.3062,0.7345,0.7069,0.7436,0.7168,0.6754,7,7,6.8,7.1,6.9,6.7
41.649125,-0.91313,84621688,Delicias,side_street,0.7265,0.517,0.9358,0.317,0.7305,0.6991,0.7378,0.7113,0.6663,7,7,6.8,7,6.9,6.7
41.649189,-0.912842,84621688,Delicias,side_street,0.7207,0.517,0.9358,0.2829,0.7257,0.6939,0.7304,0.7046,0.6591,6.9,6.9,6.7,7,6.8,6.6
41.649318,-0.912265,84621688,Delicias,side_street,0.712,0.517,0.9358,0.1846,0.7186,0.684,0.72,0.693,0.6523,6.7,6.7,6.6,6.7,6.6,6.4
41.649382,-0.911977,84621688,Delicias,side_street,0.7092,0.517,0.946,0.1372,0.7155,0.6826,0.7155,0.6885,0.6556,6.6,6.7,6.5,6.7,6.5,6.3
41.646498,-0.914221,84622206,Delicias,side_street,0.5058,0.6551,0.9616,0.503,0.513,0.5073,0.5228,0.4984,0.4652,6.6,6.7,6.6,6.7,6.6,6.4
41.646657,-0.914009,84622206,Delicias,side_street,0.5244,0.6551,0.9674,0.5301,0.5283,0.5226,0.5394,0.5161,0.473,6.8,6.8,6.8,6.9,6.8,6.5
41.646817,-0.913797,84622206,Delicias,side_street,0.5341,0.6676,0.9674,0.5157,0.5353,0.5293,0.5473,0.5239,0.4741,6.9,6.9,6.9,7,6.9,6.6
41.638034,-0.932817,85418845,Oliver-Valdefierro,side_street,0.0421,0.1569,0.2492,0.3084,0.0376,0.0399,0.0459,0.0616,0.0726,1.5,1.5,1.5,1.5,1.6,1.6
41.637812,-0.932862,85418845,Oliver-Valdefierro,side_street,0.0399,0.1569,0.2455,0.2291,0.0352,0.0386,0.0442,0.0575,0.0649,1.4,1.3,1.4,1.4,1.5,1.5
41.63759,-0.932907,85418845,Oliver-Valdefierro,side_street,0.0332,0.0691,0.2455,0.1809,0.0261,0.0338,0.039,0.0466,0.0455,1,1,1,1,1,1
41.658183,-0.920137,92741263,Delicias,side_street,0.0418,0.8115,0.8332,0.5678,0.0438,0.0366,0.0408,0.0408,0.0585,4.7,4.7,4.7,4.7,4.7,4.7
41.640633,-0.91431,92741272,Delicias,main_street,0.1925,0.4849,0.8347,0.4327,0.1945,0.2032,0.1847,0.2086,0.2161,4.2,4.2,4.3,4.2,4.3,4.3
41.65836,-0.920154,92741297,Delicias,side_street,0.0437,0.8409,0.8332,0.5399,0.0449,0.0389,0.0434,0.0458,0.0678,4.7,4.8,4.7,4.8,4.7,4.8
41.654759,-0.920266,92741319,Delicias,side_street,0.0562,0.7947,0.8344,0.6338,0.0608,0.0516,0.055,0.0431,0.064,4.8,4.8,4.7,4.8,4.7,4.8
41.654827,-0.919979,92741319,Delicias,side_street,0.0546,0.7826,0.8344,0.6369,0.0586,0.0496,0.0531,0.0417,0.0644,4.7,4.7,4.7,4.7,4.6,4.7
41.658248,-0.920137,92741356,Delicias,side_street,0.0427,0.4323,0.8332,0.5708,0.0444,0.0377,0.0417,0.0427,0.0618,3.8,3.8,3.8,3.8,3.8,3.8
41.660675,-0.938066,96897448,Miralbueno,main_street,0.0304,0.5625,0.1097,0.2713,0.0396,0.0322,0.0355,0.0225,0.0225,2.6,2.6,2.6,2.6,2.5,2.5
41.660899,-0.938079,96897448,Miralbueno,main_street,0.0273,0.5625,0.1097,0.1181,0.0382,0.0287,0.0311,0.0194,0.0163,2.4,2.4,2.4,2.4,2.4,2.3
41.656139,-0.929475,108724975,Miralbueno,secondary_street,0.0171,0.4548,0.1097,0.0391,0.0168,0.0175,0.0167,0.012,0.0171,1.9,1.8,1.8,1.9,1.8,1.8
41.656357,-0.929404,108724975,Miralbueno,secondary_street,0.0167,0.4073,0.1097,0.0505,0.0164,0.0171,0.0161,0.0113,0.0172,1.6,1.6,1.6,1.7,1.6,1.6
41.659238,-0.918723,113598870,"La Almozara",side_street,0.0468,0.095,0.1427,0.4847,0.0464,0.0413,0.0466,0.0489,0.0659,1.2,1.2,1.2,1.2,1.2,1.3
41.659757,-0.918478,113598879,"La Almozara",side_street,0.0335,0.0623,0.1427,0.2839,0.0379,0.0298,0.0345,0.0334,0.0366,0.9,0.9,0.9,0.9,0.9,0.9
41.659949,-0.918333,113598879,"La Almozara",side_street,0.0302,0.1009,0.1427,0.2191,0.0338,0.0271,0.0307,0.0285,0.0314,0.9,0.9,0.9,0.9,0.9,0.9
41.652542,-0.92133,117818473,Oliver-Valdefierro,side_street,0.211,0.2626,0.2631,0.563,0.2243,0.2164,0.1915,0.1728,0.1673,2.9,2.9,2.9,2.8,2.8,2.8
41.64583,-0.918172,117818475,Oliver-Valdefierro,square,0.2049,0.7039,0.2697,0.3239,0.2072,0.2004,0.2157,0.1882,0.1269,3.8,3.8,3.8,3.9,3.8,3.6
41.644508,-0.926602,117818476,Oliver-Valdefierro,secondary_street,0.0184,0.3478,0.2523,0.2524,0.0211,0.0209,0.0174,0.0158,0.0202,2.1,2.1,2.1,2.1,2.2,2.1
41.644702,-0.926452,117818522,Oliver-Valdefierro,secondary_street,0.0175,0.1542,0.2492,0.2073,0.0206,0.0202,0.017,0.0119,0.0167,1.2,1.2,1.2,1.2,1.2,1.2
41.652003,-0.914387,118027253,Delicias,side_street,0.5895,0.7958,0.8699,0.7841,0.5787,0.5731,0.5957,0.6039,0.5945,8.1,8,7.9,8.1,8.2,8.2
41.652066,-0.914098,118027253,Delicias,side_street,0.5872,0.7938,0.8617,0.7572,0.5773,0.5709,0.5936,0.5986,0.5868,7.9,7.9,7.8,8,8.1,8
41.652438,-0.912363,118027253,Delicias,side_street,0.5618,0.9226,0.8796,0.8147,0.5598,0.5526,0.5646,0.5674,0.5668,8.5,8.5,8.5,8.5,8.6,8.6
41.6525,-0.912073,118027253,Delicias,side_street,0.5513,0.924,0.8699,0.7945,0.5492,0.5411,0.5543,0.5519,0.5506,8.4,8.4,8.4,8.5,8.4,8.5
41.652623,-0.911494,118027253,Delicias,side_street,0.5305,0.8209,0.8699,0.7506,0.5305,0.5211,0.5284,0.527,0.5247,7.7,7.7,7.7,7.7,7.7,7.7
41.652684,-0.911205,118027253,Delicias,side_street,0.5151,0.8209,0.8796,0.6936,0.5194,0.5079,0.5148,0.5122,0.5114,7.6,7.6,7.5,7.5,7.6,7.6
41.634357,-0.944719,118027268,Sur,secondary_street,0.1083,0.5013,0.0873,0.2969,0.1104,0.0856,0.1384,0.0773,0.0148,2.6,2.6,2.6,2.7,2.5,2.3
41.634338,-0.945018,118027268,Sur,secondary_street,0.128,0.5019,0.0873,0.339,0.1367,0.0978,0.1659,0.0883,0.017,2.7,2.7,2.6,2.8,2.6,2.3
41.634336,-0.945319,118027268,Sur,secondary_street,0.1598,0.5019,0.0873,0.3789,0.1662,0.1135,0.1806,0.1015,0.0215,2.8,2.9,2.7,2.9,2.7,2.4
41.649646,-0.917019,118443580,Delicias,side_street,0.6443,0.5655,0.8506,0.833,0.6401,0.6238,0.647,0.6375,0.6176,7.3,7.3,7.2,7.3,7.2,7.1
41.649864,-0.917096,118443580,Delicias,side_street,0.646,0.5655,0.8506,0.8901,0.6447,0.6255,0.6468,0.6371,0.6198,7.4,7.4,7.3,7.4,7.3,7.2
41.650081,-0.917173,118443580,Delicias,side_street,0.6295,0.5655,0.8447,0.9047,0.628,0.6133,0.6302,0.6303,0.62,7.3,7.3,7.2,7.3,7.3,7.2
41.650299,-0.917249,118443580,Delicias,side_street,0.6159,0.5655,0.8447,0.9231,0.6109,0.5988,0.6174,0.6211,0.6159,7.2,7.2,7.1,7.2,7.2,7.2
41.65854,-0.920128,118443583,Delicias,side_street,0.0459,0.7545,0.8332,0.542,0.0462,0.041,0.0449,0.0497,0.076,4.5,4.6,4.5,4.5,4.5,4.6
41.645927,-0.912623,118443589,Delicias,side_street,0.4723,0.4934,0.9741,0.4473,0.4768,0.4722,0.4901,0.4596,0.4039,5.8,5.8,5.7,5.9,5.7,5.3
41.650416,-0.916587,118443595,Delicias,side_street,0.6815,0.564,0.8506,0.9011,0.6751,0.6512,0.6925,0.6745,0.6569,7.6,7.6,7.5,7.7,7.6,7.5
41.650198,-0.916516,118443595,Delicias,side_street,0.7008,0.564,0.8506,0.865,0.6971,0.6668,0.7046,0.688,0.6607,7.7,7.7,7.5,7.7,7.6,7.4
41.649979,-0.916445,118443595,Delicias,side_street,0.7106,0.564,0.8506,0.8602,0.7107,0.6775,0.7113,0.6954,0.6632,7.7,7.8,7.6,7.7,7.7,7.5
41.649761,-0.916374,118443595,Delicias,side_street,0.7117,0.564,0.8506,0.8307,0.7113,0.68,0.7128,0.6966,0.6615,7.7,7.7,7.5,7.7,7.6,7.4
41.649553,-0.916264,118443595,Delicias,side_street,0.7094,0.5434,0.8447,0.7992,0.706,0.6781,0.7125,0.6974,0.6635,7.5,7.5,7.3,7.5,7.4,7.2
41.646347,-0.91312,118453811,Delicias,side_street,0.4975,0.2453,0.9741,0.5226,0.5044,0.496,0.5137,0.4806,0.4235,5,5.1,5,5.1,5,4.7
41.646183,-0.913326,118453811,Delicias,side_street,0.5014,0.2453,0.9741,0.5801,0.51,0.5044,0.5165,0.4818,0.431,5.1,5.2,5.1,5.2,5,4.8
41.646014,-0.913521,118453811,Delicias,side_street,0.4951,0.1953,0.9674,0.5475,0.5058,0.4997,0.5103,0.4774,0.4309,4.9,4.9,4.9,5,4.8,4.6
41.655095,-0.920552,124214432,Delicias,secondary_street,0.0503,0.9668,0.8341,0.6686,0.0533,0.0458,0.0455,0.0394,0.0603,5.3,5.3,5.3,5.3,5.3,5.3
41.655273,-0.920384,124214432,Delicias,secondary_street,0.0466,0.813,0.8338,0.7004,0.0516,0.0423,0.0427,0.0358,0.0595,4.8,4.9,4.8,4.8,4.8,4.9
41.640948,-0.928817,124236380,Oliver-Valdefierro,secondary_street,0.0495,0.2056,0.2492,0.3568,0.0496,0.042,0.0547,0.0441,0.0424,1.8,1.8,1.7,1.9,1.8,1.7
41.637697,-0.932826,124236392,Oliver-Valdefierro,secondary_street,0.0376,0.2815,0.2455,0.1977,0.0324,0.0363,0.0415,0.0519,0.0531,1.8,1.8,1.8,1.9,1.9,1.9
41.637017,-0.945828,124408536,Sur,secondary_street,0.1816,0.5016,0.1001,0.2271,0.1759,0.1752,0.1938,0.1741,0.1073,2.8,2.8,2.8,2.8,2.8,2.6
41.637526,-0.94603,124408542,Sur,side_street,0.1314,0.2419,0.1001,0.1563,0.1279,0.1324,0.1508,0.1331,0.0904,1.7,1.7,1.7,1.8,1.7,1.5
41.648765,-0.921038,124563871,Oliver-Valdefierro,side_street,0.1946,0.1358,0.2673,0.4934,0.1906,0.1988,0.1916,0.2109,0.1993,2.5,2.4,2.5,2.5,2.5,2.5
41.649389,-0.922651,124563878,Oliver-Valdefierro,side_street,0.1018,0.2665,0.2643,0.1882,0.1119,0.109,0.1002,0.0871,0.0807,2.2,2.2,2.2,2.2,2.2,2
41.64941,-0.92295,124563878,Oliver-Valdefierro,side_street,0.096,0.4317,0.2643,0.0982,0.1054,0.1036,0.0941,0.0801,0.0688,2.6,2.6,2.6,2.6,2.5,2.4
41.648981,-0.921121,124563917,Oliver-Valdefierro,side_street,0.2059,0.293,0.2673,0.4428,0.2024,0.2101,0.2036,0.2203,0.208,2.8,2.8,2.8,2.8,2.9,2.9
41.649196,-0.921208,124563917,Oliver-Valdefierro,side_street,0.2027,0.3125,0.2673,0.4999,0.2005,0.2073,0.1977,0.2116,0.1932,2.9,2.9,2.9,2.9,3,2.9
41.651653,-0.920855,124563919,Oliver-Valdefierro,secondary_street,0.2531,0.9908,0.2655,0.7316,0.2572,0.2578,0.2442,0.237,0.2296,5.1,5.1,5.1,5.1,5,5
41.651844,-0.921396,124563919,Oliver-Valdefierro,secondary_street,0.2507,0.9898,0.265,0.6926,0.2552,0.2586,0.2367,0.2356,0.2401,5,5.1,5.1,5,5,5
41.651958,-0.921655,124563919,Oliver-Valdefierro,secondary_street,0.2441,0.986,0.2631,0.6172,0.2489,0.2514,0.2284,0.2257,0.2254,4.9,5,5,4.9,4.8,4.8
41.651548,-0.920633,124563922,Oliver-Valdefierro,side_street,0.26,0.2506,0.266,0.7692,0.2636,0.264,0.2575,0.2507,0.2395,3.2,3.2,3.2,3.2,3.2,3.2
41.65155,-0.920808,124563928,Oliver-Valdefierro,side_street,0.2557,0.885,0.2655,0.7388,0.2592,0.2593,0.2492,0.2394,0.2268,4.8,4.8,4.8,4.8,4.7,4.6
41.651491,-0.924072,124563940,Oliver-Valdefierro,side_street,0.2533,0.3091,0.2631,0.2183,0.2648,0.2619,0.2398,0.1957,0.1405,2.8,2.9,2.9,2.8,2.7,2.5
41.651721,-0.924931,124712644,Oliver-Valdefierro,side_street,0.2814,0.7588,0.2556,0.0814,0.3013,0.294,0.2722,0.2241,0.1447,4,4,4,3.9,3.8,3.6
41.654525,-0.935725,124721222,Miralbueno,side_street,0.0069,0.2797,0.1075,0.1067,0.009,0.0041,0.0082,0.0025,0.0007,1.2,1.2,1.1,1.2,1.1,1.1
41.658093,-0.930266,124768932,Miralbueno,side_street,0.0194,0.1283,0.1107,0.4121,0.0184,0.0187,0.0209,0.022,0.0319,1.1,1.1,1.1,1.1,1.1,1.1
41.661152,-0.92753,124768935,Miralbueno,side_street,0.0216,0.0954,0.1114,0.0413,0.0249,0.0198,0.0257,0.0148,0.0025,0.7,0.7,0.7,0.7,0.7,0.7
41.661007,-0.927299,124768935,Miralbueno,side_street,0.0213,0.0954,0.1114,0.0496,0.0242,0.0194,0.025,0.0153,0.0018,0.7,0.7,0.7,0.7,0.7,0.7
41.660863,-0.927068,124768935,Miralbueno,side_street,0.0198,0.0954,0.1114,0.0438,0.0219,0.0179,0.0229,0.014,0.002,0.7,0.7,0.7,0.7,0.7,0.7
41.651527,-0.919423,125628985,Oliver-Valdefierro,secondary_street,0.3159,0.2814,0.2673,0.8546,0.3173,0.3054,0.3181,0.3095,0.3221,3.6,3.6,3.5,3.6,3.6,3.6
41.650668,-0.916522,125644893,Delicias,main_street,0.6673,0.9601,0.8506,0.8995,0.6588,0.6412,0.68,0.6693,0.6562,9.4,9.3,9.2,9.4,9.4,9.3
41.650715,-0.916318,125644895,Delicias,main_street,0.6829,0.8846,0.8561,0.8802,0.6724,0.6516,0.6964,0.6837,0.6646,9.1,9.1,9,9.2,9.2,9.1
41.650778,-0.91603,125644895,Delicias,main_street,0.7001,0.8846,0.8699,0.8194,0.6884,0.6644,0.7077,0.6988,0.6744,9.2,9.1,9,9.2,9.2,9.1
41.651017,-0.914954,125644899,Delicias,main_street,0.7364,0.5649,0.8699,0.8208,0.7363,0.7154,0.7439,0.7281,0.7106,7.9,7.9,7.8,8,7.9,7.8
41.651081,-0.914666,125644899,Delicias,main_street,0.7395,0.6155,0.8699,0.8215,0.7408,0.7183,0.7465,0.7288,0.7094,8.2,8.3,8.1,8.3,8.2,8.1
41.651146,-0.914378,125644899,Delicias,main_street,0.7404,0.5936,0.8699,0.8423,0.7418,0.7195,0.7483,0.7291,0.708,8.2,8.2,8,8.2,8.1,8
41.651209,-0.914089,125644899,Delicias,main_street,0.7391,0.5936,0.8891,0.8417,0.7414,0.7186,0.7472,0.7265,0.7036,8.2,8.2,8.1,8.3,8.1,8
41.651272,-0.9138,125644899,Delicias,main_street,0.7363,0.5895,0.8891,0.7966,0.739,0.7162,0.7448,0.7237,0.6988,8.1,8.1,7.9,8.2,8,7.9
41.651335,-0.913512,125644899,Delicias,main_street,0.7337,0.5895,0.8891,0.7672,0.7373,0.7135,0.7427,0.7215,0.696,8,8,7.9,8.1,8,7.8
41.651399,-0.913223,125644899,Delicias,main_street,0.7325,0.5895,0.8796,0.7315,0.7362,0.7131,0.7414,0.7207,0.6981,7.9,7.9,7.8,8,7.9,7.7
41.651462,-0.912934,125644899,Delicias,main_street,0.7309,0.5895,0.8796,0.7511,0.7349,0.7124,0.7387,0.7196,0.6991,7.9,8,7.8,8,7.9,7.8
41.651526,-0.912646,125644899,Delicias,main_street,0.7267,0.5999,0.8891,0.725,0.7304,0.7045,0.7321,0.714,0.6949,7.9,8,7.8,8,7.9,7.8
41.651588,-0.912356,125644899,Delicias,main_street,0.7175,0.5885,0.8995,0.7342,0.7178,0.6938,0.7212,0.7077,0.6861,7.9,7.9,7.7,7.9,7.8,7.7
41.65165,-0.912067,125644899,Delicias,main_street,0.7056,0.5885,0.911,0.7319,0.7031,0.6793,0.7104,0.6983,0.6745,7.8,7.8,7.7,7.9,7.8,7.6
41.651712,-0.911778,125644899,Delicias,main_street,0.6933,0.5885,0.9234,0.7292,0.6885,0.6672,0.7021,0.6867,0.6638,7.8,7.7,7.6,7.8,7.8,7.6
41.651774,-0.911489,125644899,Delicias,main_street,0.6728,0.608,0.8995,0.7116,0.6697,0.6521,0.685,0.6682,0.6515,7.6,7.6,7.5,7.7,7.6,7.5
41.651838,-0.9112,125644899,Delicias,main_street,0.6526,0.9271,0.9234,0.7318,0.6533,0.6367,0.6625,0.6466,0.6344,9.1,9.1,9.1,9.2,9.1,9.1
41.651903,-0.910912,125644899,Delicias,main_street,0.6385,0.9271,0.8995,0.764,0.6381,0.6251,0.6392,0.6331,0.6187,9.1,9,9,9,9,8.9
41.651968,-0.910624,125644899,Delicias,main_street,0.6184,0.9271,0.8995,0.7667,0.6214,0.6091,0.6173,0.6131,0.6005,8.9,8.9,8.9,8.9,8.9,8.8
41.650633,-0.916665,125644903,Delicias,side_street,0.6533,0.9648,0.8506,0.906,0.6464,0.6314,0.6668,0.6555,0.6482,9.3,9.3,9.2,9.4,9.3,9.3
41.650417,-0.917135,125644905,Delicias,side_street,0.6203,0.9093,0.8506,0.9292,0.6156,0.6037,0.6228,0.6258,0.6215,9,8.9,8.9,9,9,9
41.650478,-0.916846,125644905,Delicias,side_street,0.6481,0.9093,0.8506,0.9248,0.6406,0.6268,0.6566,0.6473,0.642,9.1,9,9,9.1,9.1,9.1
41.650583,-0.9176,125644909,Delicias,secondary_street,0.564,0.9693,0.839,0.9066,0.5588,0.5492,0.5676,0.5724,0.5797,8.8,8.7,8.7,8.8,8.9,8.9
41.650628,-0.917894,125644909,Delicias,secondary_street,0.5276,0.9674,0.8371,0.8779,0.5195,0.5071,0.53,0.5363,0.5427,8.5,8.5,8.4,8.5,8.5,8.6
41.650707,-0.918175,125644909,Delicias,secondary_street,0.4792,0.9661,0.839,0.8828,0.4727,0.4606,0.4859,0.4857,0.5049,8.3,8.2,8.1,8.3,8.3,8.4
41.650823,-0.918432,125644909,Delicias,secondary_street,0.443,0.9683,0.839,0.8505,0.4385,0.4292,0.451,0.4495,0.4698,7.9,7.9,7.8,8,8,8.2
41.650645,-0.916448,125644911,Delicias,secondary_street,0.6776,0.5408,0.8506,0.8939,0.6689,0.6481,0.6904,0.6761,0.66,7.5,7.4,7.3,7.6,7.5,7.4
41.650427,-0.916375,125644911,Delicias,secondary_street,0.7021,0.4962,0.8506,0.8787,0.6957,0.6679,0.7075,0.6952,0.6679,7.4,7.4,7.2,7.4,7.3,7.2
41.650209,-0.916303,125644911,Delicias,secondary_street,0.7169,0.4962,0.8506,0.8689,0.7148,0.6846,0.7178,0.7041,0.6724,7.5,7.5,7.3,7.5,7.4,7.2
41.64999,-0.91623,125644911,Delicias,secondary_street,0.7234,0.4962,0.8506,0.841,0.7267,0.6959,0.726,0.7097,0.6778,7.5,7.5,7.3,7.5,7.4,7.2
41.650677,-0.915958,125644920,Delicias,side_street,0.7135,0.4562,0.8699,0.7944,0.7059,0.6796,0.7182,0.7089,0.6851,7.2,7.1,6.9,7.2,7.1,7
41.65046,-0.915877,125644920,Delicias,side_street,0.7285,0.4562,0.8699,0.8041,0.7291,0.7007,0.735,0.7192,0.695,7.3,7.3,7.1,7.4,7.2,7.1
41.650244,-0.915796,125644920,Delicias,side_street,0.7398,0.4562,0.8506,0.7901,0.7411,0.7182,0.746,0.7264,0.7011,7.3,7.3,7.2,7.4,7.2,7
41.65909,-0.941751,134158152,Miralbueno,side_street,0.0586,0.0329,0.1075,0.3585,0.0594,0.0571,0.0646,0.0619,0.0818,0.9,0.9,0.9,0.9,0.9,1
41.659343,-0.941254,134158152,Miralbueno,side_street,0.0608,0.0329,0.1075,0.3721,0.0654,0.0627,0.067,0.0639,0.0865,0.9,0.9,0.9,0.9,0.9,1
41.64583,-0.91452,148161123,Delicias,side_street,0.4464,0.2239,0.911,0.4904,0.4545,0.4486,0.4652,0.433,0.3872,4.6,4.7,4.6,4.7,4.6,4.4
41.645992,-0.914312,148161123,Delicias,side_street,0.4696,0.2239,0.9234,0.5295,0.477,0.4746,0.4897,0.4551,0.4169,4.8,4.8,4.8,4.9,4.7,4.6
41.646152,-0.914101,148161123,Delicias,side_street,0.4934,0.2451,0.9616,0.5171,0.5016,0.4965,0.5102,0.4791,0.4457,5,5,5,5.1,4.9,4.8
41.64564,-0.914504,148161124,Delicias,square,0.4363,0.0026,0.8995,0.4881,0.4429,0.438,0.4535,0.4214,0.3704,4,4,4,4.1,3.9,3.8
41.645886,-0.914821,148161125,Delicias,side_street,0.4289,0.2566,0.8995,0.4936,0.432,0.4269,0.4454,0.4141,0.3663,4.6,4.7,4.6,4.7,4.6,4.4
41.645608,-0.914594,148161185,Delicias,side_street,0.43,0.2718,0.8891,0.4919,0.4343,0.4308,0.4449,0.4127,0.3633,4.7,4.7,4.7,4.7,4.6,4.4
41.646738,-0.918162,148897444,Oliver-Valdefierro,side_street,0.2822,0.3088,0.2697,0.3802,0.2698,0.2725,0.2983,0.2938,0.2378,3.1,3,3.1,3.1,3.2,3
41.64681,-0.917877,148897444,Oliver-Valdefierro,side_street,0.3118,0.2969,0.2707,0.4151,0.2986,0.2996,0.3297,0.3218,0.2764,3.2,3.2,3.2,3.3,3.3,3.1
41.644314,-0.918056,148897461,Oliver-Valdefierro,square,0.1001,0.2342,0.2697,0.4969,0.1094,0.1006,0.1122,0.0856,0.0743,2.4,2.4,2.4,2.4,2.3,2.3
41.644095,-0.918012,148897461,Oliver-Valdefierro,square,0.0895,0.3406,0.2697,0.5151,0.0968,0.0903,0.1001,0.0757,0.068,2.7,2.7,2.7,2.7,2.6,2.6
41.643879,-0.91793,148897461,Oliver-Valdefierro,square,0.0742,0.3406,0.2688,0.526,0.0796,0.0741,0.0831,0.0656,0.0596,2.6,2.6,2.6,2.6,2.6,2.6
41.643662,-0.917848,148897461,Oliver-Valdefierro,square,0.0705,0.3464,0.2673,0.4924,0.0757,0.0704,0.075,0.0612,0.0567,2.6,2.6,2.6,2.6,2.6,2.5
41.645891,-0.918354,148897469,Oliver-Valdefierro,square,0.2004,0.8272,0.2673,0.2893,0.2025,0.1969,0.2089,0.1819,0.1256,4.1,4.1,4.1,4.1,4,3.8
41.646107,-0.91844,148897469,Oliver-Valdefierro,square,0.2131,0.8507,0.2673,0.3187,0.2131,0.2077,0.225,0.2052,0.1433,4.2,4.2,4.2,4.2,4.2,3.9
41.646322,-0.918527,148897469,Oliver-Valdefierro,square,0.2233,0.8507,0.2688,0.1994,0.224,0.2171,0.2387,0.2234,0.154,4.1,4.1,4.1,4.2,4.1,3.9
41.646537,-0.918614,148897469,Oliver-Valdefierro,square,0.2315,0.8486,0.2688,0.2972,0.228,0.2246,0.249,0.2391,0.1704,4.2,4.2,4.2,4.3,4.2,4
41.634446,-0.945593,170243989,Sur,secondary_street,0.185,0.4292,0.0873,0.4217,0.1919,0.1498,0.2082,0.1252,0.028,2.8,2.8,2.7,2.8,2.6,2.2
41.63467,-0.945596,170243989,Sur,secondary_street,0.1987,0.4168,0.0873,0.4392,0.2011,0.1679,0.2268,0.1423,0.035,2.8,2.8,2.7,2.9,2.7,2.3
41.636019,-0.945622,170243989,Sur,secondary_street,0.2124,0.3008,0.0873,0.2496,0.2034,0.1974,0.2463,0.208,0.0941,2.4,2.4,2.4,2.6,2.4,1.8
41.636244,-0.945627,170243989,Sur,secondary_street,0.209,0.3008,0.0873,0.2557,0.2001,0.1966,0.2393,0.2083,0.1034,2.4,2.4,2.4,2.5,2.4,1.9
41.636469,-0.945631,170243989,Sur,secondary_street,0.2041,0.7443,0.0873,0.2633,0.1963,0.1918,0.2275,0.2025,0.1081,3.6,3.5,3.5,3.7,3.6,3.2
41.636694,-0.945636,170243989,Sur,secondary_street,0.1979,0.7443,0.1001,0.2579,0.1915,0.1873,0.2182,0.197,0.1122,3.6,3.5,3.5,3.6,3.6,3.3
41.636918,-0.945642,170243989,Sur,secondary_street,0.1836,0.7443,0.1001,0.228,0.1768,0.1759,0.1974,0.1795,0.1083,3.5,3.5,3.5,3.5,3.5,3.2
41.637813,-0.945702,170243989,Sur,secondary_street,0.1042,0.4987,0.1001,0.1398,0.0985,0.1059,0.1145,0.1091,0.083,2.5,2.5,2.5,2.6,2.5,2.4
41.643103,-0.925485,192082513,Oliver-Valdefierro,side_street,0.0179,0.7658,0.2492,0.2127,0.0215,0.0184,0.0184,0.0093,0.0092,3.2,3.2,3.2,3.2,3.2,3.2
41.6432,-0.925757,192082513,Oliver-Valdefierro,side_street,0.0185,0.7658,0.2492,0.2059,0.0218,0.0188,0.0189,0.0098,0.0099,3.2,3.2,3.2,3.2,3.2,3.2
41.638128,-0.932646,192130352,Oliver-Valdefierro,secondary_street,0.0425,0.3701,0.2492,0.2809,0.0386,0.0408,0.048,0.0609,0.0661,2.3,2.3,2.3,2.3,2.4,2.4
41.651477,-0.924799,192153228,Oliver-Valdefierro,side_street,0.2791,0.7105,0.2597,0.1439,0.2978,0.2923,0.2711,0.2226,0.144,3.9,4,4,3.9,3.7,3.5
41.651254,-0.924834,192153228,Oliver-Valdefierro,side_street,0.2688,0.7105,0.2597,0.0742,0.2855,0.2831,0.2602,0.209,0.1311,3.8,3.9,3.9,3.8,3.6,3.4
41.645476,-0.932276,194789106,Oliver-Valdefierro,side_street,0.0188,0.0319,0.2492,0.0106,0.0266,0.0205,0.0179,0.0035,0,0.8,0.8,0.8,0.8,0.7,0.7
41.645254,-0.932329,194789106,Oliver-Valdefierro,side_street,0.0192,0.0319,0.2492,0.0116,0.0257,0.0211,0.0198,0.0057,0.0003,0.8,0.8,0.8,0.8,0.7,0.7
41.648137,-0.917639,207806847,Delicias,side_street,0.4717,0.2925,0.8561,0.8269,0.4618,0.4548,0.4884,0.4901,0.4829,5.2,5.1,5.1,5.2,5.2,5.1
41.648353,-0.917722,207806847,Delicias,side_street,0.4764,0.2831,0.8506,0.839,0.4659,0.46,0.4918,0.4939,0.488,5.1,5.1,5.1,5.2,5.2,5.1
41.648995,-0.917999,207806847,Delicias,side_street,0.4895,0.2915,0.839,0.8556,0.478,0.4695,0.5007,0.5011,0.4881,5.2,5.2,5.1,5.3,5.3,5.2
41.649215,-0.918058,207806847,Delicias,side_street,0.4955,0.2982,0.839,0.8482,0.4849,0.4753,0.5049,0.5058,0.49,5.3,5.2,5.2,5.3,5.3,5.2
41.649439,-0.918055,207806847,Delicias,side_street,0.5106,0.3437,0.839,0.8622,0.5034,0.489,0.5202,0.5205,0.4992,5.5,5.5,5.4,5.6,5.6,5.5
41.649661,-0.918011,207806847,Delicias,side_street,0.5309,0.3875,0.839,0.8891,0.5222,0.5098,0.5363,0.5355,0.5168,5.9,5.8,5.7,5.9,5.9,5.8
41.649872,-0.917907,207806847,Delicias,side_street,0.5471,0.436,0.839,0.9007,0.5421,0.5305,0.552,0.5488,0.5339,6.2,6.1,6.1,6.2,6.2,6.1
41.650072,-0.917771,207806847,Delicias,side_street,0.5629,0.4894,0.8411,0.8992,0.5591,0.5485,0.5666,0.567,0.5578,6.5,6.5,6.4,6.5,6.5,6.5
41.646934,-0.91379,207806851,Delicias,secondary_street,0.5382,0.8284,0.9674,0.5479,0.5391,0.5318,0.5529,0.5304,0.4778,7.8,7.8,7.8,7.9,7.8,7.4
41.63396,-0.92299,219692870,Casablanca,secondary_street,0.0037,0.4435,0.1385,0.106,0.0042,0.0031,0.0051,0.0033,0.0051,1.9,1.9,1.9,1.9,1.9,1.8
41.65166,-0.919745,226703357,Oliver-Valdefierro,side_street,0.2828,0.4507,0.2673,0.8628,0.2815,0.2788,0.2866,0.2802,0.2812,3.9,3.9,3.9,3.9,3.9,3.9
41.659731,-0.933474,226738894,Miralbueno,square,0.0229,0.0107,0.1121,0.4295,0.0188,0.0215,0.0297,0.0287,0.0332,0.8,0.8,0.8,0.8,0.8,0.8
41.659805,-0.933676,226738894,Miralbueno,square,0.0242,0.011,0.1121,0.443,0.0199,0.0225,0.0308,0.0325,0.0369,0.8,0.8,0.8,0.8,0.9,0.8
41.66003,-0.933674,226738894,Miralbueno,square,0.022,0.011,0.1121,0.2887,0.0178,0.0212,0.0285,0.0278,0.029,0.7,0.7,0.7,0.7,0.7,0.7
41.641792,-0.913147,253786974,Delicias,square,0.3595,0.2159,0.8411,0.3744,0.3444,0.3549,0.3732,0.3833,0.383,4.1,4.1,4.1,4.1,4.2,4.1
41.641882,-0.912871,253786974,Delicias,square,0.3936,0.2159,0.8411,0.379,0.3817,0.3858,0.4056,0.4151,0.4122,4.2,4.2,4.2,4.2,4.3,4.3
41.642151,-0.912044,253786974,Delicias,square,0.4856,0.2159,0.8447,0.3149,0.4722,0.4813,0.499,0.5177,0.5244,4.5,4.4,4.5,4.5,4.6,4.6
41.647302,-0.916087,254785293,Delicias,side_street,0.5051,0.7416,0.8796,0.5246,0.5017,0.4898,0.5216,0.5134,0.4902,6.8,6.8,6.7,6.9,6.9,6.8
41.647353,-0.915797,254785293,Delicias,side_street,0.5321,0.6726,0.8796,0.5483,0.5274,0.5196,0.544,0.5342,0.5122,6.7,6.7,6.6,6.8,6.7,6.6
41.647418,-0.915509,254785293,Delicias,side_street,0.5537,0.6891,0.8891,0.5414,0.5509,0.5425,0.5632,0.552,0.5295,6.9,6.9,6.8,7,6.9,6.8
41.642504,-0.933823,254833875,Oliver-Valdefierro,side_street,0.0401,0.5072,0.2492,0.2801,0.0365,0.0336,0.052,0.0454,0.0209,2.7,2.7,2.7,2.7,2.7,2.6
41.642501,-0.933523,254833875,Oliver-Valdefierro,side_street,0.0413,0.4804,0.2523,0.2196,0.038,0.0341,0.0538,0.0459,0.022,2.6,2.6,2.5,2.6,2.6,2.5
41.652942,-0.914796,261114083,Delicias,square,0.4055,0.1768,0.8699,0.7017,0.3975,0.3797,0.4173,0.4076,0.3831,4.5,4.4,4.4,4.5,4.5,4.4
41.647363,-0.914154,261116302,Delicias,square,0.5733,0.0544,0.9616,0.4859,0.5712,0.5649,0.5878,0.5712,0.5281,4.7,4.7,4.7,4.8,4.7,4.5
41.647266,-0.91619,261117737,Delicias,square,0.4939,0.5342,0.8699,0.4955,0.4866,0.4791,0.5099,0.4997,0.4763,5.8,5.8,5.7,5.9,5.8,5.7
41.649073,-0.913895,292867726,Delicias,secondary_street,0.7422,0.621,0.9234,0.3737,0.7451,0.7215,0.753,0.7268,0.6901,7.7,7.7,7.6,7.7,7.6,7.4
41.649288,-0.913983,292867726,Delicias,secondary_street,0.753,0.621,0.9234,0.4483,0.7557,0.7305,0.7631,0.7367,0.7008,7.9,7.9,7.7,7.9,7.8,7.6
41.649503,-0.914069,292867726,Delicias,secondary_street,0.7622,0.4876,0.911,0.5013,0.7637,0.738,0.7725,0.7422,0.706,7.3,7.3,7.2,7.4,7.2,6.9
41.649719,-0.914153,292867726,Delicias,secondary_street,0.7701,0.4876,0.8891,0.4921,0.7735,0.7443,0.7807,0.749,0.7138,7.3,7.3,7.1,7.4,7.1,6.9
41.649935,-0.914238,292867726,Delicias,secondary_street,0.7752,0.4829,0.8796,0.5277,0.7777,0.7484,0.7849,0.7545,0.7186,7.3,7.3,7.2,7.4,7.2,6.9
41.65015,-0.914324,292867726,Delicias,secondary_street,0.7809,0.4829,0.8617,0.5627,0.7834,0.7527,0.7879,0.759,0.723,7.4,7.4,7.2,7.4,7.2,7
41.650366,-0.91441,292867726,Delicias,secondary_street,0.7821,0.4829,0.8699,0.6296,0.7843,0.754,0.7883,0.7603,0.7267,7.5,7.5,7.4,7.5,7.4,7.1
41.650582,-0.914493,292867726,Delicias,secondary_street,0.776,0.5606,0.8699,0.6911,0.7785,0.7487,0.7831,0.7559,0.7264,8,8,7.8,8,7.9,7.7
41.650798,-0.914575,292867726,Delicias,secondary_street,0.7631,0.5606,0.8699,0.772,0.7646,0.7387,0.7684,0.7448,0.7216,8,8,7.8,8.1,7.9,7.8
41.651014,-0.914658,292867726,Delicias,secondary_street,0.7452,0.5808,0.8699,0.816,0.746,0.7239,0.7516,0.7337,0.7128,8.1,8.1,7.9,8.1,8,7.9
41.648934,-0.913995,292867728,Delicias,side_street,0.735,0.5454,0.8995,0.4172,0.7369,0.7138,0.7482,0.723,0.6853,7.3,7.3,7.1,7.4,7.2,6.9
41.64887,-0.914284,292867728,Delicias,side_street,0.7336,0.5454,0.8796,0.4261,0.7356,0.713,0.7463,0.7226,0.6875,7.2,7.2,7,7.3,7.1,6.9
41.648806,-0.914572,292867728,Delicias,side_street,0.7277,0.5454,0.8891,0.5435,0.7296,0.7039,0.7397,0.7186,0.6857,7.4,7.4,7.3,7.5,7.3,7.1
41.648742,-0.914861,292867728,Delicias,side_street,0.7162,0.4056,0.8699,0.5969,0.7114,0.6897,0.7243,0.7099,0.6774,6.7,6.6,6.5,6.7,6.6,6.4
41.648678,-0.915149,292867728,Delicias,side_street,0.7044,0.4056,0.8796,0.6488,0.6979,0.6759,0.713,0.7021,0.675,6.7,6.6,6.5,6.7,6.7,6.6
41.648615,-0.915438,292867728,Delicias,side_street,0.6884,0.4056,0.8796,0.6304,0.6785,0.6622,0.7025,0.6923,0.6699,6.6,6.5,6.4,6.6,6.6,6.5
41.648554,-0.915728,292867728,Delicias,side_street,0.6687,0.4221,0.8891,0.668,0.6608,0.6488,0.6873,0.6747,0.6622,6.6,6.6,6.5,6.7,6.6,6.6
41.662744,-0.929015,294929084,"La Almozara",side_street,0.0321,0.2877,0.1451,0.0673,0.0442,0.0379,0.0273,0.015,0.0068,1.4,1.4,1.4,1.3,1.2,1.2
41.639634,-0.935247,329495132,Oliver-Valdefierro,secondary_street,0.0133,0.4891,0.2455,0.0866,0.0124,0.0103,0.0165,0.0131,0.0038,2.4,2.3,2.3,2.4,2.4,2.3
41.639504,-0.935001,329495132,Oliver-Valdefierro,secondary_street,0.0154,0.3309,0.2455,0.0962,0.0137,0.0124,0.0175,0.0167,0.0047,1.8,1.7,1.7,1.8,1.8,1.7
41.639373,-0.934757,329495132,Oliver-Valdefierro,secondary_street,0.017,0.3309,0.2455,0.1107,0.015,0.0146,0.0191,0.0192,0.0065,1.8,1.8,1.8,1.8,1.8,1.7
41.640751,-0.928934,329495140,Oliver-Valdefierro,secondary_street,0.0514,0.4443,0.2492,0.3533,0.0503,0.0437,0.0571,0.0472,0.0442,2.6,2.6,2.6,2.6,2.6,2.6
41.640955,-0.928808,329495140,Oliver-Valdefierro,secondary_street,0.048,0.4089,0.2492,0.3551,0.0482,0.0411,0.0534,0.042,0.0418,2.5,2.5,2.5,2.6,2.5,2.5
41.641159,-0.928681,329495140,Oliver-Valdefierro,secondary_street,0.0442,0.4089,0.2492,0.3283,0.0461,0.038,0.0485,0.0391,0.0393,2.5,2.5,2.5,2.5,2.5,2.4
41.659337,-0.940896,369384214,Miralbueno,side_street,0.0616,0.522,0.1075,0.4267,0.0666,0.0632,0.068,0.0625,0.0855,2.7,2.7,2.7,2.7,2.7,2.8
41.659516,-0.941079,369384214,Miralbueno,side_street,0.0629,0.5247,0.1075,0.3386,0.0683,0.0647,0.0692,0.0629,0.0859,2.6,2.6,2.6,2.6,2.6,2.7
41.659695,-0.94126,369384214,Miralbueno,side_street,0.0627,0.5247,0.1075,0.2859,0.0684,0.0646,0.0698,0.0605,0.0813,2.6,2.6,2.6,2.6,2.6,2.6
41.662778,-0.929088,371456027,"La Almozara",side_street,0.0325,0.13,0.1451,0.0657,0.0447,0.0391,0.0277,0.0157,0.0072,0.9,0.9,0.9,0.9,0.8,0.8
41.651597,-0.919865,371597932,Oliver-Valdefierro,secondary_street,0.28,0.9962,0.2673,0.8544,0.2794,0.2778,0.2834,0.2763,0.2743,5.4,5.4,5.4,5.4,5.4,5.3
41.651629,-0.91658,371895548,Delicias,side_street,0.5432,0.9214,0.8447,0.8331,0.5308,0.522,0.551,0.5595,0.5623,8.4,8.3,8.2,8.4,8.4,8.5
41.652541,-0.915693,371895549,Delicias,side_street,0.4323,0.9562,0.8796,0.7383,0.423,0.41,0.4423,0.4442,0.4406,7.7,7.7,7.6,7.8,7.9,7.9
41.653388,-0.916039,371895550,Delicias,side_street,0.2817,0.8858,0.839,0.5663,0.2713,0.2674,0.2928,0.2904,0.2675,6.1,6,6,6.2,6.2,6
41.652049,-0.910538,371895556,Delicias,main_street,0.6088,0.5523,0.911,0.7552,0.6108,0.5984,0.6032,0.5977,0.5862,7,7,7,7,7,6.9
41.651984,-0.910826,371895556,Delicias,main_street,0.6246,0.5293,0.8995,0.7493,0.6285,0.6153,0.6245,0.6208,0.6075,7,7,6.9,7,6.9,6.9
41.65192,-0.911115,371895556,Delicias,main_street,0.6389,0.5293,0.911,0.7359,0.6364,0.6259,0.6417,0.6358,0.6241,7.1,7,7,7.1,7.1,7
41.651855,-0.911403,371895556,Delicias,main_street,0.6566,0.5136,0.8995,0.7362,0.6557,0.6402,0.6694,0.6522,0.6409,7.1,7.1,7,7.2,7,7
41.651795,-0.911693,371895556,Delicias,main_street,0.6745,0.5511,0.911,0.7267,0.6693,0.6522,0.6875,0.6709,0.655,7.4,7.4,7.3,7.5,7.4,7.3
41.651733,-0.911982,371895556,Delicias,main_street,0.6916,0.5511,0.9234,0.7708,0.686,0.6651,0.7018,0.6873,0.6648,7.6,7.6,7.5,7.7,7.6,7.5
41.65167,-0.912271,371895556,Delicias,main_street,0.7049,0.5511,0.911,0.7637,0.7024,0.6776,0.7096,0.6977,0.6737,7.7,7.7,7.5,7.7,7.7,7.5
41.651608,-0.91256,371895556,Delicias,main_street,0.7161,0.5482,0.8891,0.7524,0.7164,0.6915,0.7202,0.7069,0.6854,7.7,7.7,7.5,7.7,7.6,7.5
41.651544,-0.912849,371895556,Delicias,main_street,0.7231,0.6222,0.8891,0.7764,0.7264,0.6993,0.7288,0.7125,0.6942,8.1,8.2,8,8.2,8.1,8
41.65148,-0.913137,371895556,Delicias,main_street,0.7263,0.6222,0.8796,0.7869,0.7287,0.7017,0.7328,0.7144,0.6946,8.2,8.2,8,8.2,8.1,8
41.651416,-0.913425,371895556,Delicias,main_street,0.728,0.6165,0.8796,0.7489,0.7311,0.7036,0.7359,0.7166,0.6935,8.1,8.1,7.9,8.1,8,7.9
41.651352,-0.913714,371895556,Delicias,main_street,0.7289,0.6165,0.8891,0.7761,0.7313,0.7038,0.7376,0.7188,0.6943,8.2,8.2,8,8.2,8.1,8
41.651287,-0.914002,371895556,Delicias,main_street,0.7318,0.6165,0.8891,0.8136,0.7335,0.7076,0.7404,0.7209,0.6979,8.2,8.3,8.1,8.3,8.2,8.1
41.651223,-0.91429,371895556,Delicias,main_street,0.734,0.6165,0.8891,0.8404,0.736,0.7125,0.7422,0.7239,0.7032,8.3,8.3,8.1,8.3,8.2,8.1
41.651159,-0.914579,371895556,Delicias,main_street,0.7335,0.6406,0.8699,0.8313,0.7347,0.71,0.7417,0.7246,0.7053,8.3,8.4,8.2,8.4,8.3,8.2
41.651095,-0.914867,371895556,Delicias,main_street,0.7315,0.8532,0.8699,0.8115,0.7318,0.7062,0.7386,0.7243,0.7075,9.2,9.2,9.1,9.2,9.2,9.1
41.651031,-0.915156,371895556,Delicias,main_street,0.7274,0.7692,0.8699,0.7985,0.7271,0.7011,0.7343,0.7227,0.7058,8.8,8.8,8.6,8.9,8.8,8.7
41.650968,-0.915444,371895556,Delicias,main_street,0.721,0.7692,0.8699,0.7817,0.7166,0.6921,0.7274,0.7174,0.7001,8.7,8.7,8.5,8.8,8.7,8.6
41.650905,-0.915733,371895556,Delicias,main_street,0.7099,0.7692,0.8699,0.7736,0.6995,0.675,0.7154,0.709,0.6881,8.6,8.6,8.4,8.7,8.6,8.5
41.650967,-0.934753,374536786,Oliver-Valdefierro,secondary_street,0.0031,0.1261,0.2455,0.2236,0.0024,0.0034,0.0034,0.0059,0.0137,1.1,1.1,1.1,1.1,1.1,1.1
41.639594,-0.930572,396954029,Oliver-Valdefierro,side_street,0.0667,0.4549,0.2492,0.2501,0.0568,0.0603,0.0789,0.0844,0.0763,2.6,2.6,2.6,2.7,2.7,2.7
41.639446,-0.930345,396954029,Oliver-Valdefierro,side_street,0.0651,0.4447,0.2492,0.2052,0.0564,0.0595,0.0757,0.0832,0.0777,2.6,2.5,2.5,2.6,2.6,2.6
41.639325,-0.930094,396954029,Oliver-Valdefierro,side_street,0.0589,0.4122,0.2492,0.2069,0.052,0.0546,0.0673,0.0729,0.0663,2.4,2.4,2.4,2.5,2.5,2.4
41.638884,-0.92871,396954029,Oliver-Valdefierro,side_street,0.0328,0.2734,0.2492,0.2144,0.0349,0.0332,0.0353,0.0376,0.0421,1.8,1.8,1.8,1.8,1.8,1.8
41.638793,-0.928435,396954029,Oliver-Valdefierro,side_street,0.0288,0.2734,0.2492,0.1815,0.0291,0.0291,0.0305,0.0298,0.0343,1.7,1.7,1.7,1.7,1.7,1.7
41.658793,-0.919898,419897270,"La Almozara",main_street,0.0478,0.1557,0.1427,0.5408,0.0471,0.043,0.0462,0.0541,0.0808,1.5,1.5,1.5,1.6,1.6,1.7
41.644617,-0.926539,429619247,Oliver-Valdefierro,side_street,0.0177,0.1946,0.2523,0.2326,0.0201,0.0201,0.0171,0.0143,0.0184,1.4,1.4,1.4,1.4,1.4,1.4
41.652089,-0.921088,429759616,Oliver-Valdefierro,square,0.2412,0.0517,0.265,0.7236,0.2463,0.2465,0.2278,0.2247,0.2299,2.6,2.6,2.6,2.6,2.6,2.6
41.651745,-0.920791,429759616,Oliver-Valdefierro,square,0.253,0.1376,0.2655,0.739,0.2565,0.2568,0.2445,0.2381,0.2336,2.8,2.9,2.9,2.8,2.8,2.8
41.651814,-0.920541,429759854,Oliver-Valdefierro,square,0.2559,0.2508,0.2655,0.7462,0.2581,0.2571,0.2504,0.2448,0.2419,3.2,3.2,3.2,3.1,3.1,3.1
41.651716,-0.919875,451705230,Oliver-Valdefierro,side_street,0.2732,0.6036,0.2673,0.8609,0.274,0.2712,0.2776,0.2704,0.2684,4.2,4.2,4.2,4.2,4.2,4.2
41.638184,-0.933142,456064569,Oliver-Valdefierro,secondary_street,0.0366,0.3728,0.2455,0.3642,0.0301,0.0352,0.0399,0.0517,0.062,2.4,2.3,2.4,2.4,2.4,2.5
41.634322,-0.945735,456801577,Sur,side_street,0.1765,0.5211,0.0873,0.3932,0.1844,0.1336,0.1991,0.114,0.0236,2.9,3,2.8,3,2.8,2.5
41.63425,-0.946137,457058027,Sur,side_street,0.1735,0.7133,0.0873,0.3339,0.1839,0.1272,0.195,0.1042,0.0185,3.4,3.5,3.3,3.5,3.2,2.9
41.648772,-0.911487,469101005,Delicias,side_street,0.6056,0.668,0.9674,0.0523,0.6051,0.5951,0.6104,0.6032,0.5904,6.6,6.6,6.6,6.7,6.6,6.6
41.648704,-0.911773,469101005,Delicias,side_street,0.6121,0.62,0.9674,0.0886,0.6115,0.6012,0.6187,0.6105,0.5906,6.5,6.5,6.5,6.6,6.5,6.4
41.648568,-0.912347,469101005,Delicias,side_street,0.6248,0.62,0.946,0.1447,0.6224,0.6119,0.6368,0.6259,0.5964,6.6,6.6,6.6,6.7,6.6,6.5
41.6485,-0.912634,469101005,Delicias,side_street,0.6372,0.62,0.9358,0.2179,0.6334,0.6201,0.6577,0.6354,0.6032,6.8,6.7,6.7,6.9,6.8,6.6
41.648433,-0.912921,469101005,Delicias,side_street,0.6509,0.6219,0.9234,0.2653,0.6457,0.6311,0.6768,0.6461,0.6116,6.9,6.8,6.8,7,6.9,6.7
41.648365,-0.913208,469101005,Delicias,side_street,0.6639,0.6219,0.9234,0.314,0.6584,0.6405,0.6916,0.6596,0.619,7.1,7,6.9,7.3,7,6.8
41.648297,-0.913495,469101005,Delicias,side_street,0.6714,0.633,0.911,0.3512,0.6653,0.6458,0.699,0.6668,0.6232,7.2,7.2,7,7.4,7.2,6.9
41.64816,-0.920659,470005076,Oliver-Valdefierro,square,0.1815,0.0278,0.2673,0.5547,0.1802,0.1819,0.1793,0.1817,0.158,2.1,2.1,2.1,2.1,2.2,2
41.65613,-0.937641,472647935,Miralbueno,main_street,0.0054,0.3059,0.1075,0.1153,0.0072,0.0033,0.0073,0.003,0.0027,1.3,1.3,1.2,1.3,1.2,1.2
41.656346,-0.937727,472647935,Miralbueno,main_street,0.0075,0.3059,0.1075,0.2226,0.0086,0.0048,0.0088,0.0037,0.004,1.4,1.4,1.4,1.4,1.4,1.4
41.638152,-0.932849,475922205,Oliver-Valdefierro,secondary_street,0.0414,0.3811,0.2492,0.3298,0.0373,0.0396,0.0458,0.0599,0.0695,2.4,2.4,2.4,2.4,2.5,2.5
41.646395,-0.914559,489693762,Delicias,side_street,0.4828,0.3534,0.9542,0.5016,0.4864,0.4799,0.5004,0.4702,0.4373,5.3,5.3,5.2,5.4,5.2,5
41.646154,-0.913978,489693766,Delicias,side_street,0.4992,0.1462,0.9674,0.4914,0.5081,0.5034,0.5157,0.483,0.4462,4.7,4.8,4.7,4.8,4.6,4.5
41.646314,-0.914189,489693766,Delicias,side_street,0.4976,0.3943,0.9542,0.4902,0.5042,0.4987,0.5141,0.486,0.4555,5.5,5.5,5.5,5.6,5.4,5.2
41.645823,-0.913713,489693769,Delicias,side_street,0.4854,0.0514,0.9542,0.5089,0.4938,0.4891,0.502,0.4674,0.4224,4.4,4.4,4.4,4.5,4.3,4.2
41.645669,-0.913932,489693769,Delicias,side_street,0.4692,0.0514,0.9234,0.5192,0.4788,0.4748,0.4881,0.4504,0.4023,4.3,4.3,4.3,4.4,4.2,4.1
41.646257,-0.913907,489693774,Delicias,side_street,0.504,0.4224,0.9674,0.5071,0.5131,0.5092,0.5206,0.4924,0.4568,5.7,5.8,5.7,5.8,5.6,5.4
41.646415,-0.913692,489693774,Delicias,side_street,0.5127,0.4224,0.971,0.5332,0.5196,0.5164,0.5294,0.5016,0.4582,5.8,5.9,5.8,5.9,5.7,5.5
41.646572,-0.913477,489693774,Delicias,side_street,0.5182,0.4224,0.971,0.5174,0.5249,0.5195,0.5348,0.5052,0.45,5.8,5.9,5.8,5.9,5.7,5.4
41.646961,-0.913611,489693776,Delicias,side_street,0.5359,0.5876,0.971,0.4688,0.5366,0.5297,0.55,0.5269,0.4731,6.5,6.5,6.5,6.6,6.5,6.1
41.64584,-0.915011,489693779,Delicias,side_street,0.4141,0.7596,0.8891,0.5021,0.4194,0.4076,0.4293,0.3966,0.3502,6.3,6.4,6.3,6.5,6.3,6
41.648671,-0.914652,489831191,Delicias,side_street,0.7172,0.1751,0.8995,0.544,0.713,0.6889,0.7263,0.7093,0.6728,5.7,5.7,5.6,5.8,5.6,5.4
41.648238,-0.914488,489831191,Delicias,side_street,0.6694,0.1751,0.8995,0.4806,0.6645,0.6457,0.6935,0.6652,0.6296,5.4,5.4,5.2,5.5,5.3,5.1
41.648021,-0.914407,489831191,Delicias,side_street,0.643,0.1751,0.8995,0.4565,0.6365,0.6261,0.668,0.6403,0.6092,5.2,5.2,5.1,5.3,5.2,5
41.647805,-0.914325,489831191,Delicias,side_street,0.6181,0.1751,0.911,0.435,0.6162,0.606,0.6327,0.621,0.5783,5.1,5.1,5,5.2,5.1,4.9
41.647589,-0.914243,489831191,Delicias,side_street,0.5978,0.1751,0.9542,0.4558,0.5931,0.5835,0.6101,0.5958,0.5529,5.1,5.1,5.1,5.2,5.1,4.9
41.649964,-0.916066,489895635,Delicias,side_street,0.7313,0.3219,0.8506,0.8388,0.7342,0.706,0.7364,0.7169,0.6897,6.7,6.7,6.5,6.7,6.6,6.4
41.650025,-0.915776,489895635,Delicias,side_street,0.7425,0.3219,0.8447,0.7965,0.7449,0.7219,0.7492,0.728,0.702,6.7,6.7,6.5,6.7,6.6,6.4
41.650904,-0.916302,525247908,Delicias,side_street,0.6591,0.8852,0.8561,0.8506,0.6491,0.6345,0.6759,0.6678,0.6547,9,8.9,8.8,9.1,9.1,9
41.65112,-0.916385,525247908,Delicias,side_street,0.6252,0.8852,0.8617,0.8598,0.616,0.6078,0.6323,0.6398,0.6371,8.8,8.7,8.7,8.8,8.9,8.9
41.651336,-0.916469,525247908,Delicias,side_street,0.5943,0.8852,0.8561,0.8392,0.5824,0.5769,0.6005,0.6128,0.6128,8.5,8.5,8.4,8.6,8.7,8.7
41.644083,-0.917654,543976516,Oliver-Valdefierro,square,0.1088,0.1296,0.2688,0.5599,0.1222,0.1098,0.1167,0.0889,0.08,2.2,2.2,2.2,2.2,2.1,2
41.643962,-0.917498,543976516,Oliver-Valdefierro,square,0.1092,0.0372,0.2707,0.5766,0.1251,0.1125,0.1153,0.0893,0.0838,1.8,1.9,1.8,1.9,1.7,1.6
41.64421,-0.917623,543976516,Oliver-Valdefierro,square,0.1179,0.1173,0.2688,0.5622,0.1347,0.1186,0.1296,0.0977,0.0842,2.2,2.2,2.2,2.2,2.1,1.9
41.644263,-0.914328,551899675,Delicias,main_street,0.4026,0.8286,0.8617,0.4452,0.4111,0.3964,0.4151,0.3698,0.3006,6.4,6.5,6.4,6.5,6.2,5.9
41.644505,-0.913486,551899675,Delicias,main_street,0.4568,0.842,0.8995,0.3493,0.4665,0.4559,0.4715,0.4326,0.3611,6.8,6.8,6.8,6.9,6.6,6.2
41.644594,-0.913209,551899675,Delicias,main_street,0.473,0.846,0.9234,0.3468,0.4822,0.4736,0.491,0.4493,0.3745,6.9,7,7,7.1,6.8,6.4
41.644685,-0.912935,551899675,Delicias,main_street,0.4853,0.846,0.9234,0.3089,0.4924,0.4822,0.5011,0.4614,0.3804,7,7,6.9,7.1,6.8,6.4
41.644776,-0.91266,551899675,Delicias,main_street,0.4949,0.6697,0.9234,0.246,0.5027,0.4897,0.5109,0.4706,0.384,6.2,6.2,6.1,6.2,6,5.6
41.651694,-0.924022,562744349,Oliver-Valdefierro,secondary_street,0.2562,0.9055,0.2597,0.2404,0.2684,0.2643,0.2434,0.1984,0.1446,4.4,4.4,4.4,4.3,4.2,4
41.651743,-0.923728,562744349,Oliver-Valdefierro,secondary_street,0.2514,0.9055,0.2597,0.3385,0.2633,0.259,0.2378,0.1935,0.1409,4.5,4.5,4.5,4.4,4.3,4.1
41.651795,-0.923435,562744349,Oliver-Valdefierro,secondary_street,0.247,0.9098,0.2597,0.2955,0.2602,0.253,0.2318,0.1868,0.1395,4.4,4.5,4.4,4.4,4.2,4
41.651844,-0.923142,562744349,Oliver-Valdefierro,secondary_street,0.2438,0.9098,0.2597,0.2976,0.2579,0.2504,0.228,0.1815,0.1403,4.4,4.5,4.4,4.3,4.2,4
41.651704,-0.927112,573740073,Oliver-Valdefierro,side_street,0.2489,0.3844,0.2556,0.2337,0.2672,0.2507,0.233,0.155,0.1066,3,3.1,3,2.9,2.7,2.6
41.651593,-0.927253,573740075,Oliver-Valdefierro,secondary_street,0.2417,0.7465,0.2556,0.2668,0.2626,0.2427,0.2274,0.1478,0.1053,4,4,4,3.9,3.7,3.6
41.651597,-0.926952,573740075,Oliver-Valdefierro,secondary_street,0.2585,0.6957,0.2556,0.2169,0.2778,0.2617,0.246,0.1652,0.1095,3.9,3.9,3.9,3.8,3.6,3.4
41.651595,-0.926651,573740075,Oliver-Valdefierro,secondary_street,0.2743,0.6836,0.2556,0.1735,0.299,0.2814,0.2663,0.1929,0.1191,3.9,3.9,3.9,3.8,3.6,3.3
41.651592,-0.926351,573740075,Oliver-Valdefierro,secondary_street,0.2887,0.716,0.2556,0.0907,0.3144,0.2937,0.2774,0.2092,0.1239,3.9,4,3.9,3.9,3.6,3.4
41.651591,-0.92605,573740075,Oliver-Valdefierro,secondary_street,0.2942,0.7267,0.2556,0.0818,0.3198,0.3007,0.2841,0.2223,0.1272,3.9,4,4,3.9,3.7,3.4
41.651588,-0.925749,573740075,Oliver-Valdefierro,secondary_street,0.2959,0.733,0.2556,0.0755,0.3217,0.3043,0.2872,0.2343,0.1367,4,4,4,3.9,3.8,3.5
41.651599,-0.925449,573740075,Oliver-Valdefierro,secondary_street,0.2954,0.7754,0.2556,0.0741,0.3197,0.3071,0.2855,0.238,0.1464,4.1,4.1,4.1,4,3.9,3.6
41.65161,-0.925148,573740075,Oliver-Valdefierro,secondary_street,0.2906,0.798,0.2556,0.076,0.3143,0.3051,0.2817,0.2345,0.1463,4.1,4.2,4.1,4.1,3.9,3.6
41.651601,-0.924848,573740075,Oliver-Valdefierro,secondary_street,0.2815,0.938,0.2556,0.1085,0.3021,0.2949,0.2725,0.2237,0.1453,4.4,4.5,4.5,4.4,4.2,4
41.65158,-0.924631,604181151,Oliver-Valdefierro,secondary_street,0.2718,0.8752,0.2597,0.1577,0.289,0.2848,0.2655,0.2166,0.1422,4.3,4.3,4.3,4.3,4.1,3.9
41.651625,-0.924337,604181151,Oliver-Valdefierro,secondary_street,0.2617,0.9356,0.2597,0.1894,0.2753,0.2733,0.2517,0.2048,0.1399,4.4,4.5,4.5,4.4,4.2,4
41.66296,-0.928926,625376055,"La Almozara",side_street,0.0353,0.3816,0.1451,0.0619,0.0479,0.0418,0.0288,0.0163,0.0088,1.8,1.8,1.8,1.7,1.6,1.6
41.664227,-0.931334,625376057,"La Almozara",side_street,0.0394,0.2888,0.1451,0.1285,0.0499,0.0497,0.0349,0.0237,0.0218,1.5,1.6,1.6,1.5,1.4,1.4
41.664333,-0.931599,625376057,"La Almozara",side_street,0.0428,0.2888,0.1451,0.1056,0.0524,0.0537,0.0389,0.0266,0.0229,1.5,1.5,1.5,1.5,1.4,1.4
41.664439,-0.931864,625376057,"La Almozara",side_street,0.0462,0.2888,0.1451,0.094,0.056,0.0568,0.0413,0.027,0.0201,1.5,1.5,1.5,1.4,1.4,1.3
41.664546,-0.932129,625376057,"La Almozara",side_street,0.0454,0.2888,0.1451,0.0878,0.0555,0.0562,0.0418,0.0264,0.0182,1.5,1.5,1.5,1.4,1.4,1.3
41.651498,-0.924417,625988478,Oliver-Valdefierro,square,0.2626,0.5561,0.2631,0.1744,0.2766,0.2753,0.2525,0.2062,0.1384,3.5,3.6,3.5,3.5,3.3,3.1
41.650865,-0.915916,643713960,Delicias,main_street,0.7004,0.7739,0.8699,0.788,0.6874,0.6642,0.7083,0.7007,0.6758,8.6,8.6,8.4,8.7,8.6,8.5
41.650807,-0.916206,643713960,Delicias,main_street,0.6817,0.4941,0.8617,0.8458,0.6702,0.6509,0.696,0.6846,0.6651,7.2,7.1,7,7.3,7.2,7.1
41.638531,-0.949135,660699385,Sur,side_street,0.0283,0.4976,0.1001,0.0729,0.028,0.0276,0.0318,0.0271,0.0165,2.1,2.1,2.1,2.1,2.2,2
41.65771,-0.940897,672691391,Miralbueno,square,0.0261,0.2405,0.1075,0.2523,0.0283,0.025,0.0298,0.0261,0.0322,1.3,1.3,1.3,1.3,1.3,1.3
41.658571,-0.940826,672691392,Miralbueno,side_street,0.0517,0.2402,0.1075,0.5112,0.0517,0.0503,0.0554,0.0562,0.0852,1.8,1.8,1.8,1.8,1.8,1.9
41.658346,-0.940834,672691392,Miralbueno,side_street,0.0448,0.2402,0.1075,0.4592,0.0458,0.0442,0.0476,0.0486,0.077,1.7,1.7,1.6,1.7,1.7,1.8
41.657896,-0.940851,672691392,Miralbueno,side_street,0.0317,0.2402,0.1075,0.2971,0.0366,0.0317,0.0352,0.0311,0.042,1.4,1.4,1.4,1.4,1.4,1.4
41.657672,-0.94086,672691392,Miralbueno,side_street,0.0247,0.3881,0.1075,0.2441,0.026,0.0243,0.0287,0.0247,0.03,1.9,1.9,1.9,1.9,1.9,1.8
41.658719,-0.941769,673843072,Miralbueno,secondary_street,0.0554,0.7914,0.1075,0.4066,0.0537,0.0529,0.0601,0.0589,0.0801,3.3,3.3,3.3,3.3,3.4,3.4
41.658736,-0.942069,673843072,Miralbueno,secondary_street,0.0555,0.7914,0.1075,0.4096,0.0536,0.0514,0.0603,0.0571,0.0711,3.3,3.3,3.3,3.3,3.3,3.4
41.653589,-0.917345,685420916,Delicias,side_street,0.213,0.9312,0.8356,0.4531,0.2157,0.2035,0.2135,0.2036,0.1856,5.8,5.8,5.7,5.8,5.7,5.6
41.653373,-0.917262,685420916,Delicias,side_street,0.2401,0.9336,0.8356,0.4953,0.2336,0.227,0.2458,0.2449,0.228,6,5.9,5.9,6,6,5.9
41.650587,-0.916892,687169932,Delicias,main_street,0.6336,0.5543,0.8506,0.923,0.6287,0.6166,0.6384,0.6385,0.6337,7.3,7.3,7.2,7.3,7.3,7.3
41.63432,-0.946027,687811223,Sur,side_street,0.1799,0.5461,0.0873,0.3703,0.1889,0.1396,0.2027,0.1142,0.023,3,3,2.9,3.1,2.8,2.5
41.634257,-0.945724,687811224,Sur,secondary_street,0.1699,0.7723,0.0873,0.3751,0.1778,0.1239,0.1918,0.1068,0.0212,3.6,3.7,3.5,3.7,3.4,3.1
41.634002,-0.923385,688215068,Casablanca,secondary_street,0.0062,0.4457,0.1385,0.1467,0.0066,0.0051,0.0061,0.0054,0.0073,2,2,2,2,2,1.9
41.656063,-0.929011,689088042,Miralbueno,secondary_street,0.0178,0.6894,0.1114,0.0256,0.0185,0.0195,0.0181,0.0154,0.0164,2.6,2.6,2.6,2.6,2.6,2.6
41.656088,-0.92931,689088042,Miralbueno,secondary_street,0.0172,0.693,0.1097,0.0247,0.0167,0.0181,0.0168,0.0138,0.0175,2.6,2.6,2.6,2.6,2.6,2.6
41.660608,-0.927421,689340342,Miralbueno,side_street,0.0189,0.2897,0.1114,0.0885,0.0194,0.0172,0.022,0.0134,0.0021,1.2,1.2,1.2,1.2,1.2,1.2
41.660608,-0.92712,689340342,Miralbueno,side_street,0.0187,0.2785,0.1114,0.0832,0.0181,0.0164,0.0208,0.0117,0.0024,1.2,1.2,1.2,1.2,1.1,1.1
41.646801,-0.913605,689435595,Delicias,secondary_street,0.5322,0.7201,0.971,0.5131,0.5342,0.5269,0.5449,0.5215,0.4686,7.2,7.2,7.2,7.3,7.1,6.8
41.646646,-0.913387,689435595,Delicias,secondary_street,0.5171,0.7201,0.971,0.484,0.5223,0.5154,0.5343,0.5055,0.4497,7,7,7,7.1,6.9,6.6
41.646505,-0.913154,689435595,Delicias,secondary_street,0.5044,0.8485,0.9741,0.5085,0.5114,0.5021,0.522,0.4917,0.4353,7.6,7.7,7.6,7.7,7.6,7.2
41.648433,-0.915774,689435596,Delicias,secondary_street,0.655,0.681,0.8891,0.6586,0.6467,0.6382,0.675,0.6646,0.654,7.7,7.7,7.7,7.9,7.9,7.8
41.648217,-0.915689,689435596,Delicias,secondary_street,0.6371,0.673,0.8796,0.5957,0.63,0.6239,0.6495,0.6467,0.6432,7.5,7.4,7.4,7.5,7.5,7.5
41.648001,-0.915604,689435596,Delicias,secondary_street,0.619,0.673,0.8891,0.5335,0.6139,0.6088,0.629,0.6311,0.6228,7.3,7.3,7.2,7.4,7.4,7.3
41.647786,-0.915519,689435596,Delicias,secondary_street,0.6029,0.673,0.8995,0.5482,0.5965,0.5917,0.6122,0.6085,0.5953,7.2,7.2,7.2,7.3,7.3,7.2
41.64757,-0.915435,689435596,Delicias,secondary_street,0.5782,0.673,0.8891,0.541,0.5738,0.5685,0.5883,0.579,0.5585,7,6.9,6.9,7.1,7,6.9
41.651597,-0.927666,692070372,Oliver-Valdefierro,secondary_street,0.2134,0.7065,0.2556,0.2029,0.2345,0.2145,0.2001,0.1214,0.0896,3.7,3.8,3.8,3.7,3.4,3.3
41.651601,-0.927457,692070375,Oliver-Valdefierro,secondary_street,0.2267,0.7209,0.2556,0.2159,0.2518,0.2305,0.2161,0.1357,0.0988,3.8,3.9,3.8,3.8,3.5,3.4
41.651549,-0.928888,692070379,Oliver-Valdefierro,secondary_street,0.1262,0.5815,0.2533,0.2174,0.17,0.1234,0.1191,0.0691,0.0608,3.1,3.3,3.1,3.1,2.9,2.9
41.651559,-0.928588,692070379,Oliver-Valdefierro,secondary_street,0.1628,0.5955,0.2533,0.1993,0.195,0.1577,0.1478,0.082,0.0759,3.3,3.4,3.3,3.2,3,3
41.651593,-0.928291,692070379,Oliver-Valdefierro,secondary_street,0.1817,0.6895,0.2538,0.1912,0.2083,0.1806,0.1711,0.0904,0.0797,3.6,3.7,3.6,3.5,3.2,3.2
41.651528,-0.919648,693933451,Oliver-Valdefierro,secondary_street,0.2997,0.9983,0.2673,0.8533,0.3002,0.291,0.301,0.294,0.3016,5.5,5.5,5.5,5.5,5.5,5.5
41.658685,-0.94078,760571567,Miralbueno,secondary_street,0.0533,0.7413,0.1075,0.5288,0.053,0.0526,0.0572,0.0572,0.0866,3.3,3.3,3.3,3.3,3.3,3.4
41.659236,-0.940789,762714634,Miralbueno,side_street,0.0598,0.418,0.1075,0.4233,0.0651,0.0618,0.0656,0.0613,0.0851,2.4,2.4,2.4,2.4,2.4,2.5
41.659023,-0.940809,762714635,Miralbueno,side_street,0.0581,0.2343,0.1075,0.4781,0.0602,0.0574,0.0622,0.0602,0.0863,1.7,1.7,1.7,1.8,1.7,1.8
41.650777,-0.934928,806490051,Oliver-Valdefierro,secondary_street,0.0023,0.5007,0.2455,0.2227,0.0018,0.0024,0.0024,0.0049,0.013,2.5,2.5,2.5,2.5,2.5,2.5
41.65069,-0.934914,806490054,Oliver-Valdefierro,main_street,0.0021,0.5179,0.2492,0.2295,0.0017,0.0021,0.0023,0.0047,0.0127,2.5,2.5,2.5,2.6,2.5,2.6
41.637428,-0.946254,813937975,Sur,side_street,0.1419,0.437,0.1001,0.1634,0.1362,0.1405,0.1587,0.1372,0.0909,2.5,2.5,2.5,2.6,2.5,2.3
41.646697,-0.913398,893398996,Delicias,square,0.5192,0.0199,0.971,0.4822,0.5237,0.5165,0.5362,0.509,0.4525,4.4,4.5,4.4,4.5,4.4,4.2
41.646852,-0.913616,893398996,Delicias,square,0.5338,0.0201,0.971,0.476,0.5348,0.5273,0.5468,0.5228,0.4688,4.5,4.5,4.5,4.5,4.4,4.3
41.646748,-0.913341,893398996,Delicias,square,0.5198,0.0222,0.971,0.4795,0.5229,0.5157,0.5372,0.5131,0.4586,4.5,4.5,4.4,4.5,4.4,4.2
41.643716,-0.914895,896038697,Delicias,square,0.326,0.0119,0.8411,0.408,0.3344,0.3294,0.3386,0.3067,0.2352,3.5,3.6,3.5,3.6,3.5,3.2
41.643787,-0.91461,896038697,Delicias,square,0.3598,0.0119,0.8447,0.3982,0.3664,0.3583,0.377,0.3345,0.2603,3.6,3.7,3.6,3.7,3.5,3.3
41.643691,-0.915032,896038698,Delicias,square,0.3116,0.0104,0.8411,0.4358,0.3192,0.3159,0.3222,0.2944,0.2152,3.5,3.5,3.5,3.5,3.4,3.2
41.64378,-0.914792,896038698,Delicias,square,0.3393,0.0116,0.8447,0.43,0.3477,0.3423,0.3529,0.3164,0.246,3.6,3.6,3.6,3.6,3.5,3.3
41.652047,-0.921863,1176277158,Oliver-Valdefierro,secondary_street,0.24,0.9536,0.2597,0.5589,0.2475,0.2487,0.2246,0.2148,0.2041,4.7,4.8,4.8,4.7,4.6,4.6
41.651996,-0.921914,1176277635,Oliver-Valdefierro,secondary_street,0.2415,0.7008,0.2597,0.5536,0.2484,0.2494,0.2257,0.2161,0.2046,4.1,4.1,4.1,4,4,3.9
41.635172,-0.946043,1189728436,Sur,side_street,0.2181,0.2722,0.0873,0.276,0.2154,0.1943,0.254,0.1755,0.054,2.4,2.4,2.3,2.5,2.3,1.5
41.651722,-0.924426,1192103740,Oliver-Valdefierro,square,0.264,0.4384,0.2597,0.18,0.2791,0.277,0.2551,0.2068,0.1396,3.2,3.2,3.3,3.1,3,2.8
41.652076,-0.92244,1208048856,Oliver-Valdefierro,side_street,0.2304,0.8129,0.2597,0.4395,0.2451,0.241,0.2138,0.1898,0.1624,4.2,4.3,4.3,4.2,4.1,4
41.651853,-0.923552,1208048859,Oliver-Valdefierro,side_street,0.2497,0.2231,0.2597,0.2879,0.2629,0.2562,0.2354,0.1895,0.1392,2.7,2.7,2.7,2.6,2.5,2.3
41.65166,-0.924165,1208105185,Oliver-Valdefierro,side_street,0.2582,0.3689,0.2597,0.2171,0.2704,0.2678,0.2473,0.2014,0.1429,3,3,3,3,2.8,2.7
41.650849,-0.934808,1219843324,Oliver-Valdefierro,secondary_street,0.0028,0.5117,0.2455,0.2264,0.0023,0.003,0.0028,0.0058,0.014,2.5,2.5,2.5,2.5,2.5,2.5
41.63812,-0.945732,1225650242,Sur,secondary_street,0.0893,0.7918,0.1001,0.142,0.0866,0.0928,0.0984,0.0906,0.07,3.2,3.2,3.2,3.2,3.2,3.1
41.66008,-0.913825,1281816080,"La Almozara",square,0.0431,0.1311,0.1495,0.4772,0.043,0.0517,0.0406,0.0543,0.0921,1.3,1.4,1.4,1.3,1.4,1.6
41.660138,-0.913571,1281816080,"La Almozara",square,0.0456,0.1241,0.1495,0.4789,0.0441,0.055,0.0431,0.0596,0.0977,1.3,1.3,1.4,1.3,1.4,1.6
41.660031,-0.913329,1281816080,"La Almozara",square,0.055,0.1208,0.1495,0.5561,0.0509,0.0639,0.0546,0.0709,0.1167,1.5,1.5,1.5,1.5,1.6,1.8
41.659569,-0.911669,1281816080,"La Almozara",square,0.0731,0.1177,0.1523,0.8006,0.0708,0.0869,0.0707,0.0943,0.1604,1.9,1.9,2,1.9,2.1,2.3
41.659491,-0.911386,1281816080,"La Almozara",square,0.0815,0.1177,0.1523,0.8412,0.077,0.0964,0.0784,0.1049,0.1767,2,2,2.1,2,2.2,2.4
41.659261,-0.910565,1281816080,"La Almozara",square,0.0841,0.1212,0.1523,0.8232,0.0797,0.0989,0.0818,0.1111,0.1841,2,2,2.1,2,2.2,2.5
41.659182,-0.910283,1281816080,"La Almozara",square,0.0827,0.1212,0.1539,0.7774,0.0784,0.0981,0.081,0.1078,0.1737,2,1.9,2,2,2.2,2.4
41.658257,-0.908908,1281816080,"La Almozara",square,0.0998,0.1384,0.1598,0.5991,0.1025,0.1265,0.1013,0.1126,0.1415,1.9,1.9,2,1.9,2,2.1
41.658053,-0.908783,1281816080,"La Almozara",square,0.1002,0.1384,0.1598,0.5803,0.1056,0.1269,0.0993,0.1074,0.136,1.9,1.9,2,1.9,1.9,2.1
41.657848,-0.908658,1281816080,"La Almozara",square,0.1026,0.1384,0.1611,0.6039,0.1125,0.1283,0.0982,0.1037,0.1328,1.9,2,2,1.9,1.9,2.1
41.657657,-0.908503,1281816080,"La Almozara",square,0.1025,0.1417,0.1622,0.5309,0.1132,0.128,0.0962,0.1013,0.1279,1.8,1.9,2,1.8,1.8,1.9
41.657437,-0.908523,1281816080,"La Almozara",square,0.102,0.1473,0.1622,0.474,0.1189,0.1268,0.095,0.0933,0.1166,1.8,1.9,1.9,1.7,1.7,1.8
41.657518,-0.908804,1281816080,"La Almozara",square,0.1044,0.1473,0.1622,0.5714,0.1198,0.1323,0.0972,0.0979,0.1254,1.9,2,2.1,1.9,1.9,2
41.657506,-0.908642,1281816080,"La Almozara",square,0.1039,0.1388,0.1622,0.5271,0.1194,0.132,0.0965,0.0972,0.1238,1.8,1.9,2,1.8,1.8,1.9
41.657645,-0.908566,1281816080,"La Almozara",square,0.104,0.128,0.1622,0.5348,0.1155,0.1314,0.0979,0.1029,0.132,1.8,1.8,1.9,1.8,1.8,1.9
41.657732,-0.908823,1281816080,"La Almozara",square,0.1061,0.1256,0.1622,0.6002,0.1173,0.1333,0.1008,0.1046,0.1347,1.9,1.9,2,1.9,1.9,2
41.657871,-0.908776,1281816080,"La Almozara",square,0.1006,0.1111,0.1606,0.5579,0.1083,0.1273,0.0986,0.1057,0.1351,1.7,1.7,1.9,1.7,1.7,1.9
41.657982,-0.908964,1281816080,"La Almozara",square,0.1064,0.1081,0.1598,0.5861,0.1149,0.1357,0.1036,0.1102,0.1379,1.8,1.8,1.9,1.8,1.8,1.9
41.658116,-0.908935,1281816080,"La Almozara",square,0.1056,0.0928,0.1598,0.5964,0.1126,0.134,0.104,0.1109,0.1369,1.7,1.7,1.9,1.7,1.7,1.8
41.658232,-0.909108,1281816080,"La Almozara",square,0.105,0.0892,0.1598,0.6173,0.1092,0.1328,0.1042,0.1125,0.1419,1.7,1.7,1.9,1.7,1.8,1.9
41.658362,-0.909092,1281816080,"La Almozara",square,0.0967,0.0729,0.1598,0.6221,0.0975,0.1207,0.0964,0.1118,0.1436,1.6,1.6,1.8,1.6,1.7,1.8
41.658482,-0.909255,1281816080,"La Almozara",square,0.0979,0.0685,0.1598,0.6467,0.0982,0.1225,0.1012,0.1173,0.1482,1.6,1.6,1.8,1.7,1.8,1.9
41.658608,-0.909249,1281816080,"La Almozara",square,0.0995,0.057,0.1598,0.6576,0.0991,0.1249,0.1016,0.1198,0.1507,1.6,1.6,1.8,1.7,1.7,1.9
41.659126,-0.91029,1281816080,"La Almozara",square,0.0847,0.0493,0.1557,0.7826,0.0806,0.0998,0.0834,0.1098,0.1765,1.7,1.6,1.7,1.7,1.8,2.2
41.659204,-0.910572,1281816080,"La Almozara",square,0.0862,0.0493,0.1523,0.8279,0.0821,0.1013,0.0845,0.1139,0.1908,1.7,1.7,1.8,1.7,1.9,2.3
41.659283,-0.910854,1281816080,"La Almozara",square,0.0844,0.0493,0.1523,0.8512,0.0803,0.0986,0.0817,0.1112,0.1901,1.8,1.7,1.8,1.8,1.9,2.3
41.659361,-0.911136,1281816080,"La Almozara",square,0.0856,0.0493,0.1523,0.8607,0.0818,0.1003,0.0847,0.1129,0.1935,1.8,1.7,1.9,1.8,2,2.3
41.65944,-0.911418,1281816080,"La Almozara",square,0.0834,0.0493,0.1523,0.8489,0.0793,0.0975,0.0824,0.109,0.1832,1.8,1.7,1.8,1.8,1.9,2.3
41.659518,-0.9117,1281816080,"La Almozara",square,0.0748,0.0501,0.1523,0.8111,0.0722,0.0895,0.0722,0.0971,0.1652,1.6,1.6,1.7,1.7,1.8,2.2
41.65999,-0.913392,1281816080,"La Almozara",square,0.0553,0.0501,0.1495,0.5666,0.0513,0.0643,0.0548,0.0715,0.1184,1.2,1.2,1.3,1.2,1.3,1.5
41.660017,-0.913642,1281816080,"La Almozara",square,0.0509,0.0517,0.1495,0.5465,0.0476,0.0575,0.0473,0.0636,0.1044,1.2,1.2,1.2,1.2,1.2,1.5
41.659911,-0.913692,1281816080,"La Almozara",square,0.0521,0.0601,0.1495,0.5753,0.05,0.0596,0.0503,0.0661,0.1097,1.3,1.2,1.3,1.2,1.3,1.6
41.639947,-0.932207,1354734210,Oliver-Valdefierro,side_street,0.054,0.0553,0.2492,0.2687,0.0455,0.0462,0.0627,0.0647,0.0466,1.1,1.1,1.1,1.1,1.2,1.1
41.640159,-0.932107,1354734210,Oliver-Valdefierro,side_street,0.056,0.106,0.2492,0.2869,0.0472,0.0486,0.0649,0.0664,0.0473,1.3,1.3,1.3,1.4,1.4,1.3
41.639735,-0.931249,1354734287,Oliver-Valdefierro,side_street,0.0647,0.0535,0.2492,0.2257,0.0558,0.0579,0.0772,0.0831,0.0741,1.1,1.1,1.1,1.2,1.2,1.2
41.651572,-0.916403,1372458230,Delicias,side_street,0.5646,0.6243,0.8447,0.8282,0.5537,0.5476,0.5724,0.5844,0.59,7,6.9,6.9,7,7.1,7.2
41.651633,-0.916113,1372458230,Delicias,side_street,0.5726,0.6206,0.8447,0.814,0.5613,0.5555,0.5807,0.5928,0.5957,7,6.9,6.9,7,7.1,7.2
41.651695,-0.915824,1372458230,Delicias,side_street,0.5807,0.6206,0.8447,0.7791,0.5673,0.5622,0.5868,0.6012,0.6034,7,6.9,6.9,7,7.1,7.2
41.650817,-0.915854,1372458231,Delicias,main_street,0.7093,0.5712,0.8699,0.7839,0.6998,0.6745,0.7147,0.7072,0.6829,7.7,7.6,7.5,7.7,7.7,7.6
41.650881,-0.915566,1372458231,Delicias,main_street,0.722,0.5558,0.8617,0.7616,0.7196,0.6933,0.7281,0.7172,0.6986,7.7,7.6,7.5,7.7,7.7,7.5
41.650945,-0.915277,1372458231,Delicias,main_street,0.7304,0.5558,0.8699,0.7951,0.7309,0.7051,0.7381,0.7241,0.7063,7.8,7.8,7.7,7.8,7.8,7.7
41.649305,-0.916099,1423869558,Delicias,secondary_street,0.7065,0.8032,0.8506,0.7859,0.7011,0.6761,0.7121,0.6991,0.6685,8.7,8.7,8.5,8.8,8.7,8.5
41.649088,-0.916022,1423869558,Delicias,secondary_street,0.6971,0.8032,0.8699,0.801,0.6877,0.6689,0.7058,0.696,0.6703,8.8,8.7,8.6,8.8,8.8,8.6
41.64887,-0.915946,1423869558,Delicias,secondary_street,0.6853,0.8012,0.8796,0.777,0.6748,0.6594,0.7005,0.6906,0.6706,8.7,8.6,8.5,8.8,8.7,8.6
41.648653,-0.915868,1423869558,Delicias,secondary_street,0.6713,0.8021,0.8891,0.7188,0.6628,0.6505,0.6894,0.6783,0.6656,8.5,8.5,8.4,8.6,8.6,8.5
41.638039,-0.945678,1456783241,Sur,secondary_street,0.0924,0.4272,0.1001,0.1385,0.0889,0.0961,0.1023,0.0964,0.0762,2.2,2.2,2.2,2.3,2.3,2.2
41.638219,-0.945497,1456783241,Sur,secondary_street,0.0794,0.4091,0.1001,0.1173,0.0752,0.0825,0.09,0.0839,0.0605,2.1,2,2.1,2.2,2.2,1.9
41.637404,-0.945937,1456783246,Sur,secondary_street,0.1478,0.7378,0.1001,0.1252,0.1409,0.1473,0.1648,0.1429,0.0958,3.3,3.2,3.3,3.3,3.2,3.1
41.637179,-0.94593,1456783246,Sur,secondary_street,0.1716,0.7378,0.1001,0.208,0.167,0.1663,0.18,0.1614,0.1022,3.4,3.4,3.4,3.4,3.4,3.2
41.636955,-0.945925,1456783246,Sur,secondary_street,0.1868,0.4417,0.1001,0.2401,0.1809,0.1799,0.2005,0.1798,0.1084,2.7,2.7,2.7,2.7,2.7,2.4
41.63673,-0.945921,1456783246,Sur,secondary_street,0.1986,0.4417,0.1001,0.2845,0.1926,0.1902,0.2193,0.198,0.1143,2.8,2.7,2.8,2.8,2.8,2.5
41.636505,-0.945918,1456783246,Sur,secondary_street,0.2051,0.4364,0.0873,0.2962,0.1974,0.1953,0.2295,0.2076,0.1155,2.8,2.7,2.8,2.8,2.8,2.5
41.63628,-0.945914,1456783246,Sur,secondary_street,0.2114,0.4288,0.0873,0.2704,0.2018,0.1993,0.2419,0.2157,0.114,2.7,2.7,2.7,2.8,2.8,2.4
41.636055,-0.945909,1456783246,Sur,secondary_street,0.2191,0.4288,0.0873,0.2598,0.2077,0.201,0.253,0.2192,0.1043,2.8,2.7,2.7,2.9,2.8,2.4
41.635606,-0.945901,1456783246,Sur,secondary_street,0.221,0.4339,0.0873,0.2288,0.213,0.2,0.2585,0.2044,0.0814,2.8,2.7,2.7,2.9,2.7,2.3
41.635381,-0.945897,1456783246,Sur,secondary_street,0.2199,0.4339,0.0873,0.2552,0.2137,0.1979,0.2569,0.1926,0.0673,2.8,2.8,2.7,2.9,2.7,2.3
41.635156,-0.945892,1456783246,Sur,secondary_street,0.2179,0.1997,0.0873,0.3287,0.2142,0.1938,0.2534,0.1754,0.0534,2.2,2.2,2.1,2.4,2,1.3
41.634931,-0.945889,1456783246,Sur,secondary_street,0.215,0.1997,0.0873,0.3746,0.2155,0.1888,0.2503,0.1628,0.0451,2.3,2.3,2.1,2.4,2,1.3
41.634707,-0.945885,1456783246,Sur,secondary_street,0.208,0.1997,0.0873,0.4156,0.2103,0.1802,0.2407,0.1518,0.0365,2.3,2.3,2.2,2.4,2,1.3
41.634482,-0.945882,1456783246,Sur,secondary_street,0.1967,0.2125,0.0873,0.4276,0.201,0.1631,0.2231,0.1344,0.0304,2.3,2.3,2.1,2.4,2,1.4
41.634257,-0.945874,1456783246,Sur,secondary_street,0.174,0.7337,0.0873,0.3676,0.1836,0.1285,0.1959,0.1084,0.0213,3.5,3.6,3.4,3.6,3.3,3
41.651898,-0.922818,1463903678,Oliver-Valdefierro,secondary_street,0.2373,0.9089,0.2597,0.3973,0.2517,0.2451,0.2206,0.1808,0.147,4.5,4.5,4.5,4.4,4.3,4.1
41.651947,-0.922524,1463903678,Oliver-Valdefierro,secondary_street,0.2328,0.9089,0.2597,0.4356,0.2469,0.2434,0.2168,0.1905,0.16,4.5,4.6,4.5,4.4,4.3,4.2
41.651984,-0.922228,1463903678,Oliver-Valdefierro,secondary_street,0.238,0.7962,0.2597,0.4888,0.2472,0.2476,0.2215,0.206,0.1878,4.2,4.3,4.3,4.2,4.1,4.1
41.651674,-0.920414,1463906005,Oliver-Valdefierro,secondary_street,0.2622,0.9989,0.266,0.828,0.2643,0.2634,0.2622,0.2542,0.2507,5.3,5.3,5.3,5.3,5.2,5.2
41.634264,-0.945424,1466613291,Sur,secondary_street,0.1584,0.7735,0.0873,0.3691,0.1658,0.1118,0.1785,0.0986,0.0191,3.6,3.6,3.4,3.7,3.4,3.1
41.649685,-0.916134,1467463402,Delicias,secondary_street,0.7226,0.5791,0.8447,0.8081,0.7248,0.6956,0.7253,0.7101,0.6769,7.8,7.8,7.6,7.8,7.8,7.5
41.649461,-0.916139,1467463402,Delicias,secondary_street,0.7125,0.575,0.8447,0.7886,0.7087,0.6832,0.7157,0.7032,0.668,7.7,7.7,7.5,7.7,7.6,7.4
41.649623,-0.916524,1467635064,Delicias,square,0.6947,0.0535,0.8506,0.8362,0.6887,0.6608,0.7014,0.6793,0.6492,5.4,5.3,5.2,5.4,5.3,5.1
41.64956,-0.916812,1467635064,Delicias,square,0.6601,0.1043,0.8506,0.8464,0.6579,0.6365,0.6728,0.6498,0.6285,5.4,5.4,5.3,5.5,5.3,5.2
41.65066,-0.91681,1563198719,Delicias,side_street,0.6362,0.945,0.8447,0.9062,0.6302,0.6174,0.6423,0.6413,0.6388,9.1,9.1,9.1,9.2,9.2,9.2
41.639795,-0.90205,4759672,Universidad,side_street,0.2261,0.4483,0.358,0.5521,0.2352,0.2343,0.2087,0.2066,0.2496,3.6,3.6,3.6,3.5,3.5,3.7
41.639586,-0.902163,4759672,Universidad,side_street,0.2296,0.4689,0.3572,0.5738,0.2408,0.238,0.2142,0.2072,0.2469,3.7,3.7,3.7,3.6,3.6,3.7
41.644367,-0.891538,4759679,Centro,secondary_street,0.9278,0.9064,0.7312,0.9873,0.9333,0.9121,0.9285,0.9117,0.8881,9.9,9.9,9.9,9.9,9.9,9.9
41.644548,-0.89136,4759679,Centro,secondary_street,0.9271,0.9004,0.7312,0.9788,0.9341,0.9111,0.9271,0.9053,0.8782,9.9,9.9,9.9,9.9,9.9,9.9
41.644712,-0.891156,4759679,Centro,secondary_street,0.9213,0.8903,0.734,0.9674,0.9286,0.906,0.9223,0.8992,0.8673,9.9,9.9,9.9,9.9,9.9,9.8
41.647318,-0.885564,4759681,Centro,main_street,0.8744,0.9772,0.7922,0.9852,0.8848,0.8711,0.8817,0.8437,0.8044,10,9.9,10,10,9.9,9.9
41.64057,-0.901403,4759684,Universidad,side_street,0.2135,0.2309,0.359,0.3116,0.2207,0.2237,0.2018,0.2145,0.2568,2.7,2.8,2.8,2.7,2.8,2.9
41.651995,-0.88022,4759687,Centro,secondary_street,0.9965,0.9893,0.794,0.687,0.9986,0.9969,0.9948,0.9833,0.9754,10,10,10,10,10,10
41.642478,-0.896452,4759689,Universidad,side_street,0.7316,0.2527,0.3951,0.6817,0.7292,0.7329,0.7219,0.7557,0.8085,5,5,5,5,5.1,5.3
41.642607,-0.896698,4759689,Universidad,side_street,0.711,0.2527,0.3951,0.6422,0.7027,0.7188,0.7017,0.7363,0.7932,4.9,4.9,4.9,4.8,5,5.2
41.642737,-0.896944,4759689,Universidad,side_street,0.6803,0.2436,0.3951,0.5831,0.671,0.6892,0.6696,0.7133,0.779,4.7,4.7,4.7,4.7,4.8,5
41.644032,-0.899403,4759689,Universidad,side_street,0.3618,0.1706,0.3787,0.4175,0.3684,0.3732,0.3605,0.3645,0.4161,3.3,3.3,3.3,3.3,3.3,3.5
41.644162,-0.899649,4759689,Universidad,side_street,0.3472,0.1706,0.3768,0.4503,0.3559,0.3611,0.3462,0.3438,0.3848,3.2,3.3,3.3,3.2,3.2,3.4
41.638884,-0.896815,4759691,Universidad,main_street,0.6865,0.9161,0.3707,0.9709,0.6741,0.6929,0.6791,0.7272,0.7996,7.9,7.8,8,7.9,8.2,8.7
41.6431,-0.892886,4766158,Universidad,secondary_street,0.9443,0.8616,0.4302,0.9743,0.9471,0.9247,0.9445,0.9302,0.9084,9.4,9.4,9.3,9.4,9.3,9.3
41.649245,-0.898442,4766165,Delicias,main_street,0.4528,0.7672,0.9847,0.3184,0.4515,0.4545,0.4494,0.4548,0.4705,6.6,6.6,6.6,6.6,6.6,6.8
41.646882,-0.879773,4766166,Centro,main_street,0.8167,0.8393,0.7904,0.1006,0.8166,0.8232,0.812,0.8282,0.839,8.4,8.4,8.4,8.3,8.4,8.5
41.64674,-0.879539,4766166,Centro,main_street,0.8055,0.8183,0.7663,0.1829,0.8064,0.8105,0.8003,0.8185,0.8383,8.3,8.3,8.3,8.2,8.3,8.5
41.646588,-0.879318,4766166,Centro,main_street,0.7952,0.8002,0.7617,0.2206,0.7959,0.8002,0.7882,0.8081,0.8338,8.2,8.2,8.2,8.1,8.2,8.4
41.642291,-0.88619,4766211,Centro,main_street,0.7867,0.8403,0.7023,0.9162,0.7956,0.7736,0.7964,0.7547,0.6887,9.2,9.2,9.1,9.2,9,8.6
41.649341,-0.898534,4766226,Delicias,main_street,0.4421,0.3696,0.9847,0.307,0.4411,0.4438,0.4398,0.4473,0.4616,5,5,5,5,5,5
41.649234,-0.898073,4766227,Delicias,main_street,0.4682,0.9611,0.9847,0.3383,0.4678,0.4698,0.4655,0.4669,0.4691,7.7,7.7,7.7,7.7,7.7,7.7
41.649197,-0.897776,4766227,Delicias,main_street,0.4842,0.947,0.9864,0.3696,0.484,0.4835,0.4823,0.4808,0.4765,7.8,7.8,7.8,7.8,7.8,7.8
41.649655,-0.898639,4766235,Delicias,main_street,0.4221,0.8113,0.988,0.263,0.4206,0.4233,0.4217,0.4265,0.4262,6.6,6.6,6.6,6.6,6.6,6.6
41.649862,-0.898755,4766235,Delicias,main_street,0.408,0.7975,0.9889,0.2243,0.405,0.4039,0.4076,0.4086,0.3999,6.4,6.4,6.3,6.4,6.4,6.3
41.657115,-0.890603,4766243,"Casco Histórico",side_street,0.3527,0.2607,0.5483,0.3055,0.3539,0.3539,0.3629,0.3402,0.3036,3.7,3.7,3.7,3.7,3.6,3.5
41.657066,-0.890309,4766243,"Casco Histórico",side_street,0.3462,0.2607,0.5563,0.2873,0.3491,0.3489,0.3549,0.3321,0.2938,3.6,3.7,3.7,3.7,3.6,3.5
41.642071,-0.885954,4911856,Centro,main_street,0.7808,0.9108,0.6956,0.9259,0.7884,0.7658,0.7906,0.7508,0.6849,9.4,9.4,9.3,9.4,9.3,8.9
41.645914,-0.898279,5094617,Delicias,secondary_street,0.5685,0.7125,0.9919,0.2798,0.583,0.5907,0.5533,0.5578,0.608,7,7.2,7.2,6.9,7,7.3
41.662951,-0.883728,5094748,"Actur-Rey Fernando",main_street,0.2407,0.3155,0.1878,0.9668,0.2501,0.237,0.2421,0.2518,0.4175,3.4,3.4,3.4,3.4,3.4,3.9
41.664615,-0.88423,5094748,"Actur-Rey Fernando",main_street,0.2068,0.5414,0.1892,0.6449,0.2241,0.2053,0.1857,0.1604,0.2462,3.6,3.6,3.5,3.5,3.4,3.7
41.65378,-0.881372,5094750,"Casco Histórico",square,0.9771,0.9447,0.6532,0.5609,0.9733,0.9758,0.977,0.9798,0.9772,9.8,9.8,9.8,9.8,9.8,9.8
41.65396,-0.881192,5094750,"Casco Histórico",square,0.9765,0.4153,0.6478,0.5205,0.9717,0.9754,0.9774,0.9804,0.9785,7.5,7.5,7.6,7.5,7.6,7.6
41.654142,-0.881016,5094750,"Casco Histórico",square,0.9774,0.3817,0.6478,0.2336,0.9715,0.976,0.9787,0.9815,0.9804,6.9,6.8,6.9,6.9,6.9,6.9
41.654325,-0.880841,5094750,"Casco Histórico",square,0.9761,0.8665,0.6429,0.2195,0.9705,0.9751,0.9782,0.9822,0.9811,9.2,9.1,9.2,9.2,9.2,9.2
41.654508,-0.880666,5094750,"Casco Histórico",square,0.9756,0.8665,0.6391,0.2011,0.9693,0.9741,0.9771,0.9819,0.9808,9.1,9.1,9.1,9.1,9.2,9.2
41.654691,-0.880491,5094750,"Casco Histórico",square,0.9719,0.8686,0.637,0.181,0.9664,0.972,0.9754,0.9812,0.9812,9.1,9.1,9.1,9.1,9.2,9.2
41.654874,-0.880316,5094750,"Casco Histórico",square,0.9681,0.8686,0.6289,0.025,0.9624,0.9692,0.9707,0.9801,0.9802,8.8,8.8,8.8,8.8,8.9,8.9
41.655056,-0.880139,5094750,"Casco Histórico",square,0.9657,0.7746,0.6261,0.2248,0.9504,0.9664,0.9681,0.9787,0.9798,8.6,8.6,8.6,8.7,8.8,8.8
41.655236,-0.879959,5094750,"Casco Histórico",square,0.9604,0.7732,0.6227,0.3324,0.9226,0.96,0.963,0.9757,0.9774,8.8,8.5,8.8,8.8,8.9,8.9
41.65542,-0.879786,5094750,"Casco Histórico",square,0.9545,0.7729,0.6189,0.3639,0.9053,0.9556,0.9573,0.9723,0.9763,8.8,8.5,8.8,8.8,8.9,9
41.655603,-0.879612,5094750,"Casco Histórico",square,0.9356,0.6737,0.6124,0.3902,0.8893,0.9497,0.937,0.9669,0.9731,8.3,7.9,8.3,8.3,8.4,8.5
41.655786,-0.879436,5094750,"Casco Histórico",square,0.9039,0.7676,0.6063,0.4079,0.8622,0.9363,0.9047,0.958,0.9678,8.5,8.3,8.7,8.5,8.8,8.9
41.655967,-0.879258,5094750,"Casco Histórico",square,0.881,0.7676,0.6033,0.425,0.8385,0.9043,0.8786,0.9495,0.9624,8.3,8.1,8.5,8.3,8.8,8.9
41.650564,-0.8762,5558799,"Casco Histórico",secondary_street,0.8592,0.9785,0.6391,0.6454,0.8423,0.8799,0.8509,0.9196,0.9374,9.5,9.5,9.6,9.5,9.8,9.8
41.654067,-0.871959,6016217,"Casco Histórico",main_street,0.3792,0.9101,0.5528,0.6046,0.3597,0.4036,0.382,0.4276,0.5594,6,5.9,6.1,6,6.3,7.1
41.653181,-0.871807,6016217,"Casco Histórico",main_street,0.4137,0.9245,0.5544,0.7087,0.4015,0.4363,0.4139,0.4603,0.6074,6.4,6.3,6.5,6.4,6.7,7.7
41.641277,-0.874642,7983781,"San José",main_street,0.5308,0.2845,0.5055,0.8149,0.5219,0.5179,0.5336,0.5451,0.5692,4.7,4.6,4.6,4.7,4.7,4.8
41.641471,-0.874794,7983781,"San José",main_street,0.5298,0.2845,0.5086,0.7821,0.5201,0.5177,0.5326,0.5455,0.5717,4.6,4.6,4.6,4.7,4.7,4.8
41.641858,-0.875099,7983781,"San José",main_street,0.5413,0.2845,0.5169,0.6176,0.5331,0.5325,0.5442,0.5582,0.5888,4.6,4.5,4.5,4.6,4.6,4.7
41.642246,-0.875403,7983781,"San José",main_street,0.5574,0.2845,0.5179,0.5314,0.5506,0.5505,0.5574,0.5721,0.6042,4.5,4.5,4.5,4.5,4.6,4.7
41.64244,-0.875556,7983781,"San José",main_street,0.5591,0.2845,0.5262,0.5256,0.5531,0.5531,0.5586,0.5746,0.6066,4.5,4.5,4.5,4.5,4.6,4.7
41.642634,-0.875708,7983781,"San José",main_street,0.5619,0.2877,0.5282,0.5321,0.5567,0.5577,0.5606,0.5784,0.6131,4.6,4.6,4.6,4.6,4.6,4.7
41.642828,-0.87586,7983781,"San José",main_street,0.5626,0.2877,0.5336,0.6125,0.5574,0.5603,0.5612,0.581,0.617,4.7,4.7,4.6,4.7,4.7,4.8
41.640858,-0.890415,7983980,Universidad,main_street,0.7147,0.9559,0.417,0.4585,0.7222,0.7151,0.7131,0.7065,0.7113,7.6,7.7,7.6,7.6,7.6,7.6
41.644148,-0.897941,7984911,Universidad,side_street,0.5579,0.3036,0.392,0.3471,0.5589,0.5796,0.5485,0.5818,0.6658,4.2,4.2,4.3,4.2,4.3,4.5
41.644315,-0.89774,7984911,Universidad,side_street,0.5926,0.3031,0.3938,0.3741,0.5927,0.6135,0.5817,0.6187,0.6993,4.3,4.3,4.4,4.3,4.4,4.7
41.644481,-0.897538,7984911,Universidad,side_street,0.6262,0.3031,0.3951,0.3581,0.6306,0.6475,0.6163,0.644,0.7175,4.4,4.5,4.5,4.4,4.5,4.7
41.644648,-0.897335,7984911,Universidad,side_street,0.6679,0.3031,0.3973,0.2949,0.6718,0.6871,0.6594,0.6809,0.735,4.6,4.6,4.6,4.5,4.6,4.7
41.644814,-0.897133,7984911,Universidad,side_street,0.7024,0.3031,0.401,0.2735,0.7083,0.7179,0.6933,0.7059,0.7448,4.7,4.7,4.7,4.6,4.6,4.8
41.64498,-0.89693,7984911,Universidad,side_street,0.7278,0.3031,0.401,0.211,0.7391,0.736,0.7164,0.7231,0.7535,4.7,4.7,4.7,4.7,4.6,4.7
41.645154,-0.89674,7984911,Universidad,side_street,0.7482,0.627,0.398,0.2322,0.7579,0.751,0.741,0.7378,0.7602,5.9,6,5.9,5.9,5.9,6
41.645485,-0.896333,7984911,Universidad,side_street,0.7698,0.6311,0.3992,0.3016,0.7828,0.7704,0.761,0.7517,0.7655,6.2,6.2,6.2,6.1,6.1,6.1
41.645653,-0.896133,7984911,Universidad,side_street,0.7759,0.5548,0.401,0.3423,0.7896,0.7757,0.7681,0.7561,0.7668,5.9,6,5.9,5.9,5.8,5.9
41.645818,-0.895929,7984911,Universidad,side_street,0.7784,0.5369,0.398,0.3109,0.7913,0.7778,0.7709,0.7568,0.7681,5.8,5.9,5.8,5.8,5.7,5.8
41.646109,-0.895474,7984911,Universidad,side_street,0.7804,0.5129,0.4068,0.3229,0.7934,0.7773,0.7742,0.7552,0.7609,5.8,5.9,5.8,5.8,5.6,5.7
41.646296,-0.895308,7984911,Universidad,side_street,0.7783,0.5105,0.4083,0.3933,0.792,0.7739,0.7729,0.7513,0.7555,5.9,6,5.8,5.9,5.7,5.7
41.646716,-0.895102,7984911,Universidad,side_street,0.7678,0.5255,0.4115,0.4549,0.7815,0.763,0.764,0.7405,0.7434,6,6,5.9,5.9,5.8,5.8
41.644546,-0.892661,8454546,Universidad,side_street,0.9534,0.5502,0.4361,0.9819,0.9628,0.9406,0.9522,0.9326,0.9107,8.2,8.2,8.1,8.1,8,7.9
41.644362,-0.892834,8454546,Universidad,side_street,0.9544,0.5502,0.4331,0.9849,0.9627,0.9419,0.9542,0.9351,0.9165,8.2,8.2,8.1,8.2,8,7.9
41.644178,-0.893007,8454546,Universidad,side_street,0.9518,0.5502,0.4331,0.9867,0.9603,0.9388,0.9521,0.9346,0.9159,8.1,8.2,8,8.1,8,7.9
41.643994,-0.89318,8454546,Universidad,side_street,0.9515,0.5502,0.4331,0.9822,0.9594,0.9381,0.9517,0.9343,0.9152,8.1,8.2,8,8.1,8,7.9
41.64381,-0.893353,8454546,Universidad,side_street,0.9479,0.5502,0.4302,0.9795,0.9536,0.9315,0.947,0.9306,0.9112,8.1,8.1,7.9,8.1,8,7.9
41.643626,-0.893526,8454546,Universidad,side_street,0.9378,0.5502,0.4276,0.9723,0.9391,0.9204,0.936,0.925,0.9081,8,8,7.9,8,7.9,7.8
41.643442,-0.893698,8454546,Universidad,side_street,0.9275,0.4354,0.4267,0.9627,0.9278,0.9101,0.9248,0.9185,0.9043,7.3,7.3,7.2,7.3,7.3,7.2
41.643258,-0.893871,8454546,Universidad,side_street,0.9101,0.4129,0.4259,0.9618,0.9112,0.8974,0.9076,0.9103,0.8973,7.1,7.1,7,7,7.1,7
41.642522,-0.894563,8454546,Universidad,side_street,0.8574,0.4129,0.4146,0.9226,0.8566,0.845,0.8549,0.8727,0.8826,6.7,6.6,6.6,6.6,6.7,6.8
41.642338,-0.894736,8454546,Universidad,side_street,0.8477,0.433,0.4134,0.9178,0.8458,0.8365,0.8447,0.8653,0.8823,6.7,6.7,6.6,6.7,6.8,6.9
41.642153,-0.894906,8454546,Universidad,side_street,0.8389,0.5149,0.4052,0.8908,0.8352,0.8296,0.8347,0.8597,0.8843,6.9,6.9,6.9,6.9,7,7.3
41.64197,-0.89508,8454546,Universidad,side_street,0.827,0.5149,0.404,0.8718,0.8226,0.8185,0.8221,0.8508,0.8834,6.8,6.8,6.8,6.8,7,7.2
41.641786,-0.895254,8454546,Universidad,side_street,0.8159,0.5098,0.3992,0.8933,0.8123,0.8061,0.8109,0.8397,0.8802,6.7,6.7,6.7,6.7,6.9,7.2
41.640657,-0.897054,8454551,Universidad,side_street,0.7003,0.1048,0.3836,0.7862,0.6714,0.7082,0.6884,0.7542,0.8337,4.5,4.4,4.6,4.5,4.7,5
41.640529,-0.896807,8454551,Universidad,side_street,0.7299,0.1048,0.3836,0.8707,0.7162,0.7333,0.7152,0.7743,0.8543,4.7,4.7,4.7,4.7,4.9,5.2
41.640401,-0.89656,8454551,Universidad,side_street,0.7513,0.1426,0.3823,0.8981,0.7434,0.7508,0.7415,0.7889,0.8653,4.9,4.9,4.9,4.9,5.1,5.4
41.640272,-0.896314,8454551,Universidad,side_street,0.7674,0.0755,0.3823,0.9209,0.7598,0.7643,0.7558,0.8006,0.8696,4.8,4.8,4.8,4.8,4.9,5.2
41.640142,-0.896068,8454551,Universidad,side_street,0.7797,0.0755,0.3823,0.9319,0.7746,0.7759,0.7678,0.8072,0.8715,4.9,4.9,4.9,4.8,5,5.2
41.648609,-0.899033,8455011,Delicias,side_street,0.4699,0.5849,0.9864,0.2948,0.4761,0.4774,0.461,0.4647,0.4919,5.9,6,6,5.9,5.9,6
41.648507,-0.899301,8455011,Delicias,side_street,0.4648,0.5849,0.9864,0.2825,0.4707,0.473,0.4556,0.4604,0.489,5.9,5.9,5.9,5.9,5.8,6
41.648405,-0.899569,8455011,Delicias,side_street,0.4586,0.5849,0.9864,0.2644,0.4655,0.4672,0.4514,0.4555,0.4887,5.8,5.9,5.9,5.8,5.8,6
41.648302,-0.899837,8455011,Delicias,side_street,0.445,0.5849,0.9832,0.2421,0.4511,0.4528,0.438,0.4445,0.4768,5.7,5.8,5.7,5.7,5.7,5.9
41.648199,-0.900104,8455011,Delicias,side_street,0.435,0.5305,0.9807,0.223,0.4399,0.4395,0.4283,0.4319,0.4594,5.4,5.5,5.4,5.4,5.4,5.5
41.648093,-0.900369,8455011,Delicias,side_street,0.4187,0.5079,0.9775,0.2097,0.4257,0.4235,0.4145,0.4145,0.4354,5.2,5.3,5.2,5.2,5.2,5.3
41.635554,-0.884828,14183299,Universidad,side_street,0.3101,0.4319,0.3707,0.6573,0.313,0.2995,0.3246,0.2903,0.2486,3.9,3.9,3.9,4,3.9,3.7
41.661066,-0.895825,15669699,"La Almozara",secondary_street,0.1143,0.5325,0.1571,0.2572,0.1033,0.1152,0.1111,0.1519,0.1829,2.8,2.7,2.8,2.8,2.9,3.1
41.661242,-0.896011,15669699,"La Almozara",secondary_street,0.1111,0.5322,0.1557,0.2849,0.1005,0.1112,0.108,0.1464,0.1768,2.8,2.8,2.8,2.8,2.9,3.1
41.66142,-0.896195,15669699,"La Almozara",secondary_street,0.1047,0.3597,0.1539,0.2487,0.0967,0.1057,0.1015,0.1389,0.1731,2.3,2.3,2.3,2.3,2.4,2.6
41.661597,-0.89638,15669699,"La Almozara",secondary_street,0.1012,0.3567,0.1523,0.2152,0.0955,0.103,0.0978,0.1358,0.1727,2.2,2.2,2.2,2.3,2.4,2.5
41.661775,-0.896565,15669699,"La Almozara",secondary_street,0.0968,0.3622,0.1512,0.1588,0.0928,0.0991,0.0937,0.129,0.1675,2.2,2.1,2.2,2.2,2.3,2.5
41.661953,-0.896749,15669699,"La Almozara",secondary_street,0.0907,0.3173,0.1507,0.1475,0.0875,0.0923,0.0878,0.1145,0.1536,2,1.9,1.9,2,2.1,2.3
41.649961,-0.887359,15801528,Centro,secondary_street,0.7723,0.9886,0.7691,0.9802,0.7838,0.777,0.7774,0.752,0.7571,9.8,9.8,9.8,9.8,9.7,9.7
41.650123,-0.88715,15801528,Centro,secondary_street,0.7702,0.988,0.7638,0.972,0.7814,0.7761,0.7746,0.7537,0.7605,9.8,9.8,9.8,9.8,9.7,9.7
41.644309,-0.891985,15801845,Centro,main_street,0.9469,0.7544,0.7291,0.9918,0.9546,0.9313,0.9467,0.9271,0.907,9.7,9.7,9.6,9.7,9.7,9.6
41.639873,-0.88258,20194152,"San José",side_street,0.5742,0.2388,0.5262,0.5962,0.5717,0.5615,0.5882,0.5574,0.4563,4.5,4.5,4.5,4.6,4.5,4.1
41.640058,-0.882411,20194152,"San José",side_street,0.579,0.2388,0.5282,0.6625,0.5757,0.5654,0.5919,0.5584,0.4524,4.6,4.6,4.6,4.7,4.5,4.2
41.639906,-0.878527,20194154,Centro,side_street,0.4429,0.7452,0.6702,0.1929,0.4556,0.4344,0.446,0.4057,0.3543,5.5,5.5,5.4,5.5,5.2,5
41.641457,-0.895961,20215593,Universidad,side_street,0.7766,0.1071,0.3938,0.872,0.7679,0.7716,0.7696,0.8062,0.8657,4.9,4.9,4.9,4.9,5,5.3
41.638774,-0.907953,20798302,Universidad,side_street,0.2494,0.4518,0.3524,0.1711,0.2486,0.2513,0.2448,0.2598,0.3395,3.3,3.3,3.4,3.3,3.4,3.7
41.648126,-0.893906,20802510,Delicias,main_street,0.687,0.8626,0.9993,0.6297,0.6939,0.6863,0.6942,0.6621,0.6311,9.1,9.2,9.1,9.1,9,8.8
41.638906,-0.875438,20812982,Centro,side_street,0.5311,0.8662,0.6657,0.7997,0.5396,0.5181,0.5315,0.4932,0.4488,7.4,7.4,7.3,7.4,7.1,6.8
41.637644,-0.86901,22661933,"San José",side_street,0.1922,0.8467,0.4457,0.1491,0.2021,0.173,0.1954,0.1347,0.102,4.3,4.3,4.2,4.3,4.1,3.9
41.639198,-0.875903,22811471,Centro,side_street,0.5081,0.8816,0.6673,0.7425,0.5189,0.4951,0.512,0.4765,0.4398,7.2,7.3,7.1,7.2,7,6.8
41.651496,-0.882099,23022650,Centro,square,0.9795,0.8604,0.7998,0.9214,0.989,0.9794,0.9758,0.9623,0.9541,10,10,10,10,10,10
41.651593,-0.882371,23022650,Centro,square,0.9733,0.8604,0.8026,0.882,0.9835,0.9737,0.9699,0.9583,0.9514,9.9,9.9,9.9,9.9,10,10
41.65169,-0.882642,23022650,Centro,square,0.9664,0.8604,0.8026,0.8304,0.9744,0.9671,0.9647,0.9539,0.948,9.9,9.9,9.9,9.9,9.9,9.9
41.651787,-0.882913,23022650,Centro,square,0.9611,0.8636,0.8026,0.7646,0.9682,0.9596,0.9577,0.9491,0.9422,9.9,9.9,9.9,9.9,9.9,9.9
41.651885,-0.883185,23022650,Centro,square,0.9541,0.8636,0.7922,0.6967,0.9607,0.9541,0.9395,0.9436,0.9364,9.8,9.8,9.8,9.8,9.8,9.8
41.651982,-0.883456,23022650,Centro,square,0.9389,0.8636,0.794,0.6371,0.9409,0.9486,0.9211,0.938,0.9306,9.8,9.8,9.8,9.7,9.8,9.7
41.652347,-0.884503,23022651,Centro,square,0.8481,0.1462,0.7811,0.4898,0.8533,0.8645,0.8363,0.8608,0.8813,5.9,5.9,6,5.9,6,6.1
41.651072,-0.884643,23022652,Centro,side_street,0.9035,0.9891,0.7966,0.5129,0.9081,0.9206,0.8929,0.9093,0.9067,9.8,9.8,9.9,9.8,9.9,9.9
41.651256,-0.884476,23022652,Centro,side_street,0.9096,0.9577,0.7922,0.4641,0.9134,0.9285,0.8963,0.9155,0.9162,9.8,9.8,9.8,9.7,9.8,9.8
41.651469,-0.884381,23022652,Centro,side_street,0.9053,0.97,0.7966,0.452,0.9104,0.924,0.8926,0.9128,0.9153,9.8,9.8,9.8,9.7,9.8,9.8
41.651686,-0.884298,23022652,Centro,side_street,0.8981,0.9712,0.7904,0.5078,0.9032,0.9148,0.885,0.9049,0.9128,9.8,9.8,9.8,9.8,9.8,9.8
41.651902,-0.884216,23022652,Centro,side_street,0.893,0.9712,0.7853,0.552,0.8978,0.9076,0.8772,0.9011,0.9096,9.8,9.8,9.8,9.8,9.8,9.9
41.658083,-0.890512,23058139,"Casco Histórico",side_street,0.3108,0.4356,0.5436,0.5287,0.3067,0.3151,0.3188,0.3126,0.2702,4.1,4.1,4.1,4.1,4.1,4
41.657862,-0.890567,23058139,"Casco Histórico",side_street,0.3243,0.4307,0.5449,0.5116,0.3242,0.3282,0.3339,0.3221,0.2767,4.1,4.1,4.1,4.2,4.1,4
41.657641,-0.890622,23058139,"Casco Histórico",side_street,0.3341,0.4307,0.5457,0.4252,0.3354,0.3385,0.3441,0.3289,0.2825,4.1,4.1,4.1,4.1,4.1,3.9
41.65742,-0.890678,23058139,"Casco Histórico",side_street,0.3458,0.4361,0.5467,0.3871,0.3457,0.3486,0.3547,0.3363,0.2932,4.1,4.1,4.1,4.1,4.1,3.9
41.657199,-0.890735,23058139,"Casco Histórico",side_street,0.3525,0.4486,0.5483,0.3587,0.3533,0.3533,0.3619,0.3417,0.3062,4.1,4.1,4.1,4.2,4.1,4
41.656978,-0.89079,23058139,"Casco Histórico",side_street,0.3585,0.4683,0.5483,0.3922,0.3595,0.3598,0.3703,0.3472,0.3184,4.2,4.2,4.2,4.3,4.2,4.1
41.656757,-0.890846,23058139,"Casco Histórico",side_street,0.3638,0.6176,0.5483,0.3956,0.3657,0.365,0.3754,0.3522,0.3307,4.7,4.7,4.7,4.7,4.6,4.5
41.656773,-0.893399,23058146,"Casco Histórico",side_street,0.3912,0.1933,0.5423,0.8236,0.3988,0.4011,0.3898,0.3738,0.3732,4,4.1,4.1,4,3.9,3.9
41.656715,-0.893108,23058146,"Casco Histórico",side_street,0.3915,0.1559,0.5423,0.8133,0.397,0.399,0.392,0.3779,0.3792,3.9,3.9,3.9,3.9,3.9,3.9
41.655502,-0.889347,23058147,"Casco Histórico",side_street,0.3597,0.6934,0.5652,0.1564,0.3599,0.3686,0.3653,0.356,0.3515,4.7,4.7,4.7,4.7,4.6,4.6
41.655716,-0.889253,23058147,"Casco Histórico",side_street,0.3575,0.6934,0.5652,0.1124,0.3578,0.3664,0.3632,0.358,0.3605,4.6,4.6,4.6,4.6,4.6,4.6
41.65637,-0.889043,23058147,"Casco Histórico",side_street,0.3421,0.6704,0.5636,0.141,0.342,0.3523,0.3477,0.3431,0.3426,4.5,4.5,4.6,4.5,4.5,4.5
41.656587,-0.888968,23058147,"Casco Histórico",side_street,0.3345,0.6711,0.562,0.136,0.3342,0.3457,0.3414,0.3386,0.3393,4.5,4.5,4.5,4.5,4.5,4.5
41.656803,-0.888894,23058147,"Casco Histórico",side_street,0.3221,0.6877,0.5613,0.0986,0.3204,0.3314,0.3291,0.3253,0.3209,4.5,4.5,4.5,4.5,4.5,4.4
41.655538,-0.885942,23058151,"Casco Histórico",square,0.5827,0.5437,0.5735,0.5834,0.5739,0.6242,0.5772,0.6275,0.7256,5.7,5.6,5.9,5.6,5.9,6.4
41.65576,-0.885896,23058151,"Casco Histórico",square,0.5715,0.5437,0.5687,0.5664,0.5629,0.616,0.5671,0.6232,0.7236,5.6,5.5,5.8,5.5,5.8,6.4
41.656766,-0.890641,23058154,"Casco Histórico",square,0.3601,0.301,0.5528,0.3797,0.3621,0.3607,0.3713,0.3469,0.3239,3.9,3.9,3.9,3.9,3.8,3.7
41.650402,-0.904044,23067601,Delicias,side_street,0.3817,0.2304,0.9234,0.0209,0.3704,0.3819,0.3745,0.4108,0.4815,4,4,4,4,4.1,4.4
41.650468,-0.903756,23067601,Delicias,side_street,0.3857,0.2304,0.911,0.0376,0.3769,0.386,0.3773,0.4129,0.4874,4.1,4,4.1,4,4.1,4.4
41.650533,-0.903468,23067601,Delicias,side_street,0.3831,0.3542,0.9234,0.0428,0.3755,0.3852,0.373,0.4091,0.4839,4.4,4.3,4.4,4.3,4.5,4.7
41.650598,-0.90318,23067601,Delicias,side_street,0.3799,0.3631,0.9358,0.0469,0.3727,0.3824,0.3687,0.4045,0.4774,4.4,4.4,4.4,4.4,4.5,4.7
41.650908,-0.902051,23067601,Delicias,side_street,0.3751,0.4676,0.9234,0.0688,0.3717,0.3751,0.3618,0.3893,0.4384,4.7,4.7,4.7,4.6,4.7,4.9
41.650979,-0.901766,23067601,Delicias,side_street,0.3787,0.5802,0.9234,0.0738,0.3776,0.3785,0.3673,0.3886,0.4302,5,5,5,5,5,5.2
41.651117,-0.901193,23067601,Delicias,side_street,0.3752,0.5779,0.9358,0.0767,0.3758,0.3752,0.3628,0.3797,0.4101,5,5,5,5,5,5.1
41.652031,-0.898838,23067601,Delicias,side_street,0.3263,0.422,0.9775,0.0709,0.3334,0.3352,0.3212,0.3201,0.3197,4.5,4.5,4.5,4.5,4.5,4.4
41.652201,-0.898641,23067601,Delicias,side_street,0.3184,0.4216,0.9832,0.0835,0.3252,0.3263,0.3127,0.3102,0.3098,4.5,4.5,4.5,4.4,4.4,4.4
41.652372,-0.898445,23067601,Delicias,side_street,0.3058,0.4216,0.9832,0.0961,0.3089,0.3143,0.2989,0.3027,0.3061,4.4,4.4,4.5,4.4,4.4,4.4
41.660721,-0.90557,23067765,"La Almozara",side_street,0.0749,0.0354,0.1507,0.3537,0.0726,0.0822,0.0766,0.0827,0.1015,1,1,1.1,1,1.1,1.1
41.660623,-0.905299,23067765,"La Almozara",side_street,0.0779,0.0354,0.1507,0.3898,0.0748,0.0849,0.0813,0.0851,0.1051,1.1,1.1,1.1,1.1,1.1,1.2
41.662272,-0.901357,23067772,"La Almozara",secondary_street,0.1215,0.2519,0.1451,0.5577,0.1402,0.1193,0.1129,0.1108,0.1492,2.3,2.4,2.3,2.3,2.3,2.4
41.662055,-0.901437,23067772,"La Almozara",secondary_street,0.1263,0.2519,0.1451,0.619,0.1464,0.1245,0.1177,0.1153,0.1505,2.4,2.5,2.4,2.4,2.4,2.5
41.649977,-0.908392,23069995,Delicias,side_street,0.4601,0.2501,0.9358,0.0605,0.4637,0.4517,0.4589,0.4609,0.5001,4.4,4.4,4.4,4.4,4.4,4.5
41.649764,-0.908295,23069995,Delicias,side_street,0.4433,0.2501,0.9234,0.0187,0.4443,0.4374,0.4432,0.4491,0.4967,4.3,4.3,4.3,4.3,4.3,4.5
41.646031,-0.91254,23069997,Delicias,secondary_street,0.4709,0.7795,0.9741,0.5034,0.474,0.4693,0.4887,0.4594,0.4064,7,7,7,7.2,7,6.7
41.663651,-0.890922,23070499,"Actur-Rey Fernando",main_street,0.0588,0.1618,0.1886,0.0311,0.0592,0.0608,0.0637,0.062,0.0647,1.1,1.1,1.1,1.1,1.1,1.1
41.66351,-0.890687,23070499,"Actur-Rey Fernando",main_street,0.0544,0.1774,0.1892,0.0574,0.0544,0.0553,0.0582,0.0538,0.0579,1.2,1.2,1.2,1.2,1.1,1.2
41.65433,-0.874104,23075731,"Casco Histórico",secondary_street,0.6612,0.4805,0.57,0.5283,0.6246,0.7207,0.6634,0.7391,0.8046,5.7,5.6,6,5.8,6.2,6.6
41.654141,-0.874267,23075731,"Casco Histórico",secondary_street,0.7079,0.516,0.5726,0.49,0.668,0.7442,0.7034,0.7674,0.8317,6.1,5.9,6.3,6.1,6.4,6.8
41.653952,-0.874431,23075731,"Casco Histórico",secondary_street,0.7412,0.6762,0.5735,0.4518,0.7188,0.7726,0.7347,0.7915,0.8611,6.9,6.8,7.1,6.9,7.2,7.8
41.653388,-0.874925,23075731,"Casco Histórico",secondary_street,0.8176,0.8099,0.5904,0.5472,0.8009,0.8465,0.8081,0.885,0.9313,8.3,8.2,8.5,8.3,8.7,9.1
41.653197,-0.875085,23075731,"Casco Histórico",secondary_street,0.8392,0.8099,0.5941,0.539,0.8184,0.8666,0.8243,0.9059,0.9419,8.4,8.4,8.6,8.3,8.9,9.1
41.653009,-0.875248,23075731,"Casco Histórico",secondary_street,0.8544,0.8241,0.5941,0.4959,0.8342,0.8837,0.8396,0.9224,0.9495,8.5,8.4,8.7,8.4,9,9.1
41.65282,-0.875413,23075731,"Casco Histórico",secondary_street,0.8672,0.8383,0.5979,0.3934,0.8481,0.8963,0.8515,0.9349,0.9536,8.5,8.4,8.7,8.4,9,9.1
41.652632,-0.875578,23075731,"Casco Histórico",secondary_street,0.8797,0.7868,0.5993,0.3342,0.8544,0.9035,0.8604,0.9402,0.9562,8.3,8.1,8.4,8.2,8.6,8.8
41.652444,-0.875742,23075731,"Casco Histórico",secondary_street,0.8871,0.7868,0.6033,0.4001,0.8607,0.9114,0.8679,0.9426,0.9579,8.4,8.3,8.6,8.3,8.8,8.9
41.652255,-0.875906,23075731,"Casco Histórico",secondary_street,0.8936,0.7278,0.6094,0.3293,0.869,0.9226,0.878,0.946,0.9599,8.1,7.9,8.3,8,8.4,8.5
41.652066,-0.876068,23075731,"Casco Histórico",secondary_street,0.8999,0.7371,0.6189,0.3414,0.8735,0.93,0.8889,0.9481,0.9601,8.3,8.1,8.4,8.2,8.5,8.6
41.651875,-0.876228,23075731,"Casco Histórico",secondary_street,0.9081,0.7471,0.6215,0.3543,0.8852,0.9391,0.8958,0.9498,0.9589,8.4,8.3,8.5,8.3,8.6,8.7
41.651685,-0.876389,23075731,"Casco Histórico",secondary_street,0.9173,0.7471,0.6238,0.4005,0.8939,0.9443,0.9031,0.951,0.9592,8.5,8.4,8.7,8.4,8.7,8.8
41.653089,-0.871719,23076321,"Casco Histórico",main_street,0.41,0.9575,0.5528,0.7183,0.3961,0.4313,0.4101,0.4545,0.6029,6.5,6.4,6.6,6.5,6.8,7.8
41.652676,-0.874617,23076944,"Casco Histórico",square,0.8046,0.4735,0.6017,0.4069,0.7887,0.8318,0.7947,0.8737,0.9278,6.4,6.3,6.6,6.3,6.8,7.2
41.652548,-0.874369,23076944,"Casco Histórico",square,0.7887,0.4735,0.5825,0.4179,0.7654,0.8089,0.7749,0.8553,0.921,6.3,6.1,6.4,6.2,6.7,7.1
41.65136,-0.875958,23076947,"Casco Histórico",square,0.8811,0.1508,0.6307,0.5297,0.8547,0.8994,0.8673,0.9401,0.9508,5.8,5.6,5.8,5.7,6.1,6.1
41.652432,-0.873608,23076950,"Casco Histórico",square,0.7085,0.6526,0.5786,0.4675,0.6651,0.7393,0.6987,0.7753,0.8581,6.6,6.4,6.8,6.6,7,7.6
41.652608,-0.873794,23076950,"Casco Histórico",square,0.7298,0.6526,0.5765,0.4551,0.697,0.7566,0.7148,0.7903,0.87,6.7,6.6,6.9,6.7,7.1,7.7
41.65127,-0.874908,23076952,"Casco Histórico",side_street,0.8109,0.8997,0.6215,0.6482,0.7889,0.8321,0.8023,0.8844,0.9296,9,8.8,9.1,8.9,9.3,9.6
41.65147,-0.875046,23076952,"Casco Histórico",side_street,0.8217,0.8997,0.6238,0.5773,0.7999,0.8428,0.8129,0.896,0.9353,8.9,8.7,9,8.8,9.3,9.5
41.651631,-0.875248,23076952,"Casco Histórico",side_street,0.8421,0.8289,0.6202,0.5397,0.8171,0.8625,0.8321,0.9142,0.9432,8.6,8.5,8.7,8.5,9.1,9.3
41.651759,-0.875495,23076952,"Casco Histórico",side_street,0.8607,0.8289,0.6202,0.4994,0.8376,0.8851,0.8505,0.933,0.95,8.6,8.5,8.9,8.6,9.1,9.2
41.653958,-0.876158,23076953,"Casco Histórico",side_street,0.9145,0.292,0.5924,0.3792,0.8799,0.9471,0.9053,0.9563,0.9671,6.2,6,6.4,6.1,6.4,6.5
41.653859,-0.875888,23076953,"Casco Histórico",side_street,0.8946,0.3855,0.5924,0.3643,0.8652,0.9337,0.886,0.9486,0.962,6.5,6.3,6.7,6.4,6.8,6.9
41.653744,-0.875629,23076953,"Casco Histórico",side_street,0.8783,0.3858,0.5924,0.3881,0.8513,0.9073,0.8642,0.9399,0.9535,6.4,6.2,6.6,6.3,6.8,6.9
41.653628,-0.875371,23076953,"Casco Histórico",side_street,0.8566,0.3858,0.5914,0.5024,0.8354,0.8876,0.8464,0.9228,0.9466,6.4,6.3,6.6,6.4,6.8,7
41.653513,-0.875113,23076953,"Casco Histórico",side_street,0.8348,0.3858,0.5904,0.5424,0.8135,0.8619,0.8222,0.9007,0.937,6.4,6.2,6.5,6.3,6.8,7
41.640471,-0.901547,23077559,Universidad,side_street,0.2093,0.4343,0.359,0.3563,0.2179,0.2192,0.1949,0.2065,0.2523,3.3,3.4,3.4,3.3,3.3,3.5
41.661561,-0.899793,23077603,"La Almozara",side_street,0.1612,0.2407,0.1451,0.4101,0.1706,0.1564,0.141,0.142,0.1678,2.3,2.4,2.3,2.3,2.3,2.3
41.661344,-0.899871,23077603,"La Almozara",side_street,0.1679,0.2781,0.1451,0.5127,0.1775,0.1648,0.149,0.1504,0.1744,2.6,2.6,2.5,2.5,2.5,2.6
41.661126,-0.899948,23077603,"La Almozara",side_street,0.173,0.2781,0.148,0.5356,0.1823,0.1706,0.1533,0.1533,0.1754,2.6,2.6,2.6,2.5,2.5,2.6
41.66091,-0.90003,23077603,"La Almozara",side_street,0.1724,0.3563,0.148,0.5527,0.1826,0.1707,0.1474,0.1521,0.1772,2.8,2.8,2.8,2.7,2.7,2.8
41.661934,-0.898451,23077604,"La Almozara",side_street,0.1196,0.093,0.148,0.2079,0.1234,0.1227,0.1084,0.1401,0.1929,1.3,1.3,1.3,1.2,1.4,1.6
41.661733,-0.898585,23077604,"La Almozara",side_street,0.132,0.1488,0.148,0.2551,0.1374,0.1406,0.117,0.1512,0.2063,1.6,1.6,1.6,1.5,1.7,2
41.661531,-0.898717,23077604,"La Almozara",side_street,0.1454,0.1491,0.1495,0.3489,0.1535,0.1514,0.1249,0.1574,0.2103,1.8,1.9,1.8,1.7,1.9,2.2
41.661371,-0.895954,23077606,"La Almozara",side_street,0.1037,0.1607,0.1557,0.2219,0.0958,0.1046,0.1022,0.1384,0.1693,1.5,1.4,1.5,1.5,1.7,1.8
41.66151,-0.895717,23077606,"La Almozara",side_street,0.0933,0.1607,0.1539,0.1942,0.0873,0.0948,0.0931,0.1256,0.1543,1.4,1.3,1.4,1.4,1.5,1.7
41.660528,-0.897739,23077607,"La Almozara",side_street,0.1481,0.1413,0.1579,0.214,0.1406,0.1596,0.1263,0.1836,0.2484,1.6,1.6,1.7,1.5,1.9,2.2
41.660693,-0.897534,23077607,"La Almozara",side_street,0.144,0.1413,0.1557,0.2231,0.1354,0.155,0.1254,0.1805,0.2441,1.6,1.6,1.7,1.5,1.8,2.2
41.66135,-0.896713,23077607,"La Almozara",side_street,0.117,0.1193,0.1523,0.2442,0.1081,0.1214,0.1101,0.1557,0.2018,1.4,1.4,1.4,1.4,1.6,1.8
41.661515,-0.896508,23077607,"La Almozara",side_street,0.1101,0.1193,0.1523,0.2256,0.1008,0.1115,0.1049,0.1456,0.1885,1.3,1.3,1.3,1.3,1.5,1.7
41.660912,-0.897893,23077608,"La Almozara",side_street,0.1498,0.1429,0.1557,0.2008,0.1443,0.159,0.1266,0.1806,0.2506,1.6,1.6,1.7,1.5,1.8,2.2
41.66071,-0.898025,23077608,"La Almozara",side_street,0.156,0.1429,0.1579,0.2015,0.1509,0.1632,0.1283,0.1833,0.2513,1.7,1.6,1.7,1.5,1.8,2.2
41.662267,-0.901216,23077610,"La Almozara",secondary_street,0.1224,0.2973,0.1451,0.5506,0.1422,0.12,0.1138,0.1099,0.1474,2.5,2.6,2.5,2.4,2.4,2.6
41.662012,-0.899288,23077616,"La Almozara",side_street,0.1256,0.1686,0.1451,0.3314,0.1408,0.1258,0.1128,0.1268,0.1666,1.8,1.8,1.7,1.7,1.7,1.9
41.661922,-0.899012,23077616,"La Almozara",side_street,0.1283,0.1493,0.1451,0.3113,0.1396,0.1319,0.1136,0.1362,0.1836,1.6,1.7,1.6,1.6,1.7,1.9
41.661829,-0.898738,23077616,"La Almozara",side_street,0.1293,0.1493,0.148,0.3366,0.135,0.1351,0.1149,0.1463,0.1994,1.7,1.7,1.7,1.6,1.8,2.1
41.661736,-0.898464,23077616,"La Almozara",side_street,0.13,0.2188,0.148,0.2107,0.1334,0.1384,0.115,0.1509,0.2068,1.8,1.8,1.9,1.7,2,2.2
41.661641,-0.898191,23077616,"La Almozara",side_street,0.1275,0.2193,0.1507,0.2094,0.1293,0.1362,0.1125,0.1535,0.2133,1.8,1.8,1.8,1.7,2,2.3
41.661543,-0.897921,23077616,"La Almozara",side_street,0.1251,0.2241,0.1557,0.1723,0.1254,0.1343,0.1112,0.1563,0.2203,1.8,1.8,1.8,1.7,2,2.3
41.638932,-0.906717,23077725,Universidad,side_street,0.2453,0.1135,0.3524,0.1662,0.2511,0.2407,0.2395,0.228,0.2867,2.4,2.5,2.4,2.4,2.4,2.6
41.638073,-0.906222,23077726,Universidad,secondary_street,0.2545,0.7761,0.3489,0.3382,0.2691,0.249,0.25,0.1885,0.2272,4.3,4.3,4.3,4.3,4.1,4.2
41.637996,-0.906502,23077726,Universidad,secondary_street,0.25,0.7598,0.3489,0.2846,0.2644,0.2438,0.2435,0.1854,0.222,4.2,4.2,4.2,4.2,4,4.1
41.638006,-0.906801,23077726,Universidad,secondary_street,0.2448,0.7421,0.3477,0.2759,0.2583,0.2386,0.2383,0.1908,0.2345,4.1,4.2,4.1,4.1,3.9,4.1
41.638102,-0.907071,23077726,Universidad,secondary_street,0.2394,0.7345,0.3484,0.3036,0.2537,0.2362,0.2328,0.194,0.2439,4.1,4.1,4.1,4.1,3.9,4.1
41.638252,-0.907295,23077726,Universidad,secondary_street,0.2388,0.7282,0.3498,0.2808,0.2508,0.2367,0.2323,0.2049,0.2623,4.1,4.1,4.1,4.1,3.9,4.1
41.638418,-0.907498,23077726,Universidad,secondary_street,0.241,0.7229,0.3519,0.2504,0.2494,0.2402,0.2349,0.2222,0.2908,4,4.1,4,4,4,4.2
41.642027,-0.888818,23098690,Universidad,side_street,0.7842,0.5033,0.4395,0.7528,0.7976,0.7791,0.7866,0.7473,0.722,6.4,6.5,6.4,6.5,6.2,6.1
41.642235,-0.888707,23098690,Universidad,side_street,0.7959,0.5033,0.4399,0.734,0.8094,0.7903,0.7983,0.7605,0.7323,6.5,6.6,6.5,6.5,6.3,6.1
41.642444,-0.888595,23098690,Universidad,side_street,0.8064,0.5033,0.4402,0.7357,0.8215,0.7997,0.8092,0.7719,0.7455,6.6,6.6,6.5,6.6,6.4,6.2
41.642653,-0.888484,23098690,Universidad,side_street,0.8149,0.5033,0.4411,0.711,0.8277,0.8048,0.8174,0.7802,0.7501,6.6,6.6,6.5,6.6,6.4,6.2
41.638346,-0.889267,23098696,Universidad,side_street,0.4029,0.2429,0.3862,0.4388,0.4029,0.3981,0.4138,0.3988,0.3939,3.6,3.6,3.6,3.7,3.6,3.6
41.638497,-0.889489,23098696,Universidad,side_street,0.412,0.5037,0.3862,0.3878,0.412,0.4087,0.4216,0.4084,0.41,4.2,4.2,4.2,4.3,4.2,4.2
41.63865,-0.88971,23098696,Universidad,side_street,0.4156,0.5037,0.3875,0.3879,0.4168,0.4148,0.4244,0.4158,0.4185,4.2,4.2,4.2,4.3,4.2,4.3
41.638339,-0.889481,23098699,Universidad,secondary_street,0.3939,0.5267,0.3875,0.3677,0.3939,0.3899,0.4055,0.3903,0.3908,4.2,4.2,4.2,4.2,4.2,4.2
41.638188,-0.889704,23098699,Universidad,secondary_street,0.368,0.5267,0.3847,0.3054,0.3676,0.366,0.3824,0.3694,0.3751,4.1,4.1,4.1,4.1,4.1,4.1
41.638037,-0.889927,23098699,Universidad,secondary_street,0.3416,0.5267,0.3843,0.2137,0.3433,0.344,0.3508,0.3427,0.3522,3.9,3.9,3.9,4,3.9,3.9
41.637884,-0.890147,23098699,Universidad,secondary_street,0.3153,0.5199,0.3836,0.1138,0.3183,0.3198,0.3225,0.3146,0.3262,3.8,3.8,3.8,3.8,3.8,3.8
41.637729,-0.890365,23098699,Universidad,secondary_street,0.2927,0.5934,0.3823,0.0985,0.2949,0.2989,0.3002,0.2923,0.2978,3.8,3.8,3.9,3.9,3.8,3.8
41.637568,-0.890575,23098699,Universidad,secondary_street,0.2744,0.5859,0.3812,0.0913,0.277,0.2829,0.2843,0.2759,0.2791,3.8,3.8,3.8,3.8,3.8,3.7
41.636545,-0.89175,23098699,Universidad,secondary_street,0.2062,0.7582,0.3699,0.1584,0.2199,0.2127,0.1973,0.1757,0.2025,4,4,4,3.9,3.9,3.9
41.63637,-0.891939,23098699,Universidad,secondary_street,0.2028,0.7774,0.3681,0.1844,0.2159,0.2106,0.194,0.1735,0.2008,4,4.1,4.1,4,3.9,4
41.636195,-0.892127,23098699,Universidad,secondary_street,0.2008,0.7805,0.3674,0.2188,0.2134,0.2086,0.1922,0.172,0.1979,4.1,4.1,4.1,4,3.9,4
41.636017,-0.892312,23098699,Universidad,secondary_street,0.1929,0.7928,0.3642,0.2561,0.2039,0.202,0.1823,0.1702,0.1962,4.1,4.1,4.1,4.1,4,4.1
41.63584,-0.892497,23098699,Universidad,secondary_street,0.1778,0.7986,0.3652,0.291,0.1928,0.1908,0.1716,0.1579,0.1795,4.1,4.1,4.1,4.1,4,4.1
41.640107,-0.889086,23098702,Universidad,side_street,0.5971,0.2571,0.4068,0.6991,0.5992,0.6054,0.5988,0.594,0.5886,4.6,4.6,4.6,4.6,4.5,4.5
41.639937,-0.888888,23098702,Universidad,side_street,0.5873,0.2571,0.401,0.7051,0.5895,0.5961,0.5906,0.5839,0.5759,4.5,4.5,4.5,4.5,4.5,4.4
41.639259,-0.888097,23098702,Universidad,side_street,0.5611,0.2571,0.3889,0.7068,0.5647,0.5739,0.5692,0.5599,0.5533,4.4,4.4,4.4,4.4,4.4,4.3
41.639089,-0.8879,23098702,Universidad,side_street,0.5564,0.2512,0.3889,0.7066,0.5568,0.5676,0.5637,0.5536,0.5478,4.3,4.4,4.4,4.4,4.3,4.3
41.638919,-0.887704,23098702,Universidad,side_street,0.5505,0.2512,0.3862,0.7243,0.5523,0.5611,0.5582,0.5479,0.542,4.3,4.4,4.4,4.4,4.3,4.3
41.63875,-0.887505,23098702,Universidad,side_street,0.5428,0.2252,0.3852,0.7404,0.5455,0.5534,0.5527,0.5403,0.5349,4.3,4.3,4.3,4.3,4.3,4.2
41.638582,-0.887306,23098702,Universidad,side_street,0.5339,0.2252,0.3862,0.7333,0.535,0.5441,0.5438,0.5335,0.5322,4.2,4.2,4.3,4.3,4.2,4.2
41.638413,-0.887107,23098702,Universidad,side_street,0.5181,0.2252,0.3889,0.7459,0.5226,0.5307,0.5328,0.5179,0.5204,4.2,4.2,4.2,4.2,4.2,4.2
41.643234,-0.890018,23098710,Universidad,side_street,0.829,0.8399,0.4428,0.8834,0.8414,0.8187,0.8345,0.806,0.7863,8.6,8.6,8.5,8.6,8.4,8.4
41.642562,-0.887559,23098711,Universidad,side_street,0.8067,0.3997,0.4399,0.7256,0.8198,0.7976,0.8122,0.7723,0.7318,6.1,6.2,6,6.1,5.9,5.7
41.642353,-0.887669,23098711,Universidad,side_street,0.8002,0.3997,0.4389,0.7402,0.8133,0.7924,0.8053,0.765,0.7278,6.1,6.1,6,6.1,5.9,5.7
41.642143,-0.887778,23098711,Universidad,side_street,0.79,0.3997,0.4376,0.7949,0.8021,0.7821,0.7948,0.7534,0.7212,6.1,6.1,6.1,6.1,5.9,5.7
41.641934,-0.887888,23098711,Universidad,side_street,0.7771,0.3997,0.4345,0.8112,0.7917,0.7712,0.7808,0.7431,0.7164,6,6.1,6,6.1,5.8,5.7
41.641725,-0.887998,23098711,Universidad,side_street,0.7646,0.3997,0.4331,0.8266,0.7793,0.7609,0.7658,0.7343,0.7123,6,6.1,6,6,5.8,5.7
41.653988,-0.884008,23103332,Centro,side_street,0.8455,0.9959,0.7452,0.6993,0.8433,0.8649,0.839,0.8748,0.9083,9.8,9.7,9.8,9.8,9.9,9.9
41.642277,-0.89162,23110548,Universidad,side_street,0.8758,0.3572,0.4361,0.9368,0.8786,0.8557,0.8715,0.8578,0.8372,6.6,6.6,6.5,6.6,6.5,6.4
41.642093,-0.891792,23110548,Universidad,side_street,0.8802,0.3572,0.4345,0.9183,0.8831,0.8599,0.8755,0.8649,0.8451,6.6,6.6,6.5,6.6,6.5,6.4
41.641909,-0.891965,23110548,Universidad,side_street,0.8803,0.3572,0.4302,0.9364,0.8807,0.8605,0.8752,0.87,0.8529,6.6,6.6,6.5,6.6,6.5,6.5
41.641725,-0.892138,23110548,Universidad,side_street,0.8749,0.3572,0.4267,0.9275,0.873,0.8553,0.8703,0.8701,0.8585,6.6,6.5,6.4,6.5,6.5,6.5
41.641541,-0.89231,23110548,Universidad,side_street,0.8636,0.3572,0.4214,0.9127,0.866,0.8496,0.8618,0.8657,0.8608,6.4,6.5,6.4,6.4,6.5,6.4
41.641356,-0.892483,23110548,Universidad,side_street,0.8533,0.3572,0.4157,0.8973,0.8564,0.84,0.8506,0.8575,0.8604,6.3,6.4,6.3,6.3,6.4,6.4
41.641172,-0.892654,23110548,Universidad,side_street,0.841,0.4199,0.41,0.7376,0.8443,0.8314,0.8379,0.8462,0.8594,6.3,6.3,6.3,6.3,6.3,6.4
41.640988,-0.892827,23110548,Universidad,side_street,0.8255,0.3716,0.4052,0.7593,0.8273,0.8181,0.8197,0.8341,0.8559,6,6,6,6,6.1,6.2
41.640803,-0.893,23110548,Universidad,side_street,0.812,0.3716,0.404,0.7749,0.8142,0.8037,0.8057,0.8181,0.8498,6,6,5.9,6,6,6.2
41.64062,-0.893173,23110548,Universidad,side_street,0.7983,0.3636,0.4025,0.7828,0.8033,0.7948,0.7925,0.8036,0.8421,5.9,5.9,5.9,5.9,5.9,6.1
41.640436,-0.893346,23110548,Universidad,side_street,0.7859,0.4495,0.3992,0.7852,0.791,0.7824,0.7752,0.7872,0.8361,6.2,6.2,6.1,6.1,6.2,6.5
41.640251,-0.893517,23110548,Universidad,side_street,0.7719,0.4476,0.3938,0.8007,0.777,0.7675,0.76,0.7756,0.8298,6.1,6.1,6.1,6,6.1,6.4
41.640065,-0.893685,23110548,Universidad,side_street,0.76,0.777,0.3938,0.774,0.7667,0.7562,0.7499,0.7661,0.8228,7.5,7.5,7.5,7.4,7.5,8
41.639879,-0.893856,23110548,Universidad,side_street,0.7462,0.6143,0.3901,0.7545,0.7547,0.7438,0.7339,0.7516,0.8123,6.6,6.6,6.6,6.5,6.6,7
41.639326,-0.894372,23110548,Universidad,side_street,0.7076,0.6143,0.3799,0.6878,0.7121,0.7116,0.695,0.7233,0.7937,6.2,6.2,6.2,6.1,6.3,6.8
41.63914,-0.89454,23110548,Universidad,side_street,0.6889,0.3176,0.3768,0.8198,0.688,0.6922,0.6774,0.7135,0.7858,5.1,5.1,5.1,5.1,5.2,5.6
41.638953,-0.894707,23110548,Universidad,side_street,0.6625,0.3176,0.3756,0.8058,0.6632,0.6692,0.6492,0.7018,0.7774,5,5,5,5,5.2,5.5
41.638767,-0.894877,23110548,Universidad,side_street,0.6391,0.3155,0.3741,0.7999,0.6355,0.6487,0.6256,0.6802,0.7665,4.9,4.9,4.9,4.8,5,5.4
41.638401,-0.895226,23110548,Universidad,side_street,0.5992,0.32,0.3715,0.878,0.5923,0.6107,0.5854,0.6405,0.7504,4.8,4.8,4.9,4.8,5,5.5
41.63822,-0.895404,23110548,Universidad,side_street,0.5796,0.32,0.369,0.8957,0.5725,0.5931,0.567,0.6251,0.7404,4.8,4.7,4.8,4.7,4.9,5.4
41.638233,-0.895578,23110549,Universidad,main_street,0.5885,0.8385,0.369,0.921,0.582,0.602,0.5776,0.6338,0.747,6.8,6.8,6.9,6.7,7.1,7.9
41.638363,-0.895823,23110549,Universidad,main_street,0.614,0.8377,0.369,0.9517,0.607,0.627,0.6009,0.6615,0.7647,7,6.9,7.1,6.9,7.3,8.1
41.638492,-0.896069,23110549,Universidad,main_street,0.6334,0.8377,0.3699,0.961,0.6292,0.6473,0.6222,0.6888,0.7781,7.2,7.1,7.3,7.1,7.6,8.2
41.639942,-0.893614,23110550,Universidad,side_street,0.7442,0.3874,0.3929,0.7281,0.7517,0.7419,0.7311,0.7479,0.8062,5.6,5.7,5.6,5.5,5.6,5.9
41.639788,-0.893397,23110550,Universidad,side_street,0.7158,0.359,0.3911,0.6502,0.7254,0.7202,0.7024,0.7213,0.7831,5.2,5.3,5.2,5.2,5.3,5.6
41.638559,-0.894011,23110551,Universidad,side_street,0.5656,0.7756,0.3751,0.3775,0.5667,0.5793,0.5547,0.5995,0.7183,5.7,5.7,5.7,5.6,5.8,6.6
41.63868,-0.893758,23110551,Universidad,side_street,0.5707,0.8029,0.3807,0.2819,0.5748,0.5837,0.5575,0.5999,0.7171,5.7,5.8,5.8,5.6,5.8,6.5
41.640841,-0.891705,23110551,Universidad,side_street,0.7798,0.4645,0.4146,0.6461,0.7821,0.7708,0.7793,0.7754,0.7899,6,6.1,6,6,6,6.1
41.638001,-0.895141,23110553,Universidad,main_street,0.5326,0.8992,0.3681,0.7819,0.5277,0.5475,0.5196,0.5756,0.7066,6.5,6.5,6.6,6.5,6.8,7.7
41.638132,-0.895386,23110553,Universidad,main_street,0.5644,0.8919,0.369,0.8885,0.5601,0.581,0.5555,0.6118,0.7313,6.8,6.8,7,6.8,7.2,8.1
41.640075,-0.890907,23110562,Universidad,side_street,0.6249,0.24,0.4031,0.3547,0.6275,0.6334,0.6234,0.6369,0.667,4.3,4.3,4.3,4.3,4.3,4.4
41.640174,-0.891178,23110562,Universidad,side_street,0.6539,0.2499,0.404,0.3588,0.6564,0.6583,0.655,0.6661,0.7051,4.4,4.4,4.4,4.4,4.5,4.6
41.640389,-0.893215,23110562,Universidad,side_street,0.7761,0.2701,0.401,0.75,0.7822,0.773,0.7663,0.7785,0.8233,5.3,5.4,5.3,5.3,5.4,5.6
41.640872,-0.891182,23110794,Universidad,side_street,0.7555,0.6855,0.4181,0.4731,0.7599,0.7489,0.7559,0.7496,0.7595,6.6,6.6,6.6,6.6,6.6,6.7
41.640653,-0.891248,23110794,Universidad,side_street,0.7352,0.6855,0.4115,0.4575,0.7417,0.7316,0.7353,0.7325,0.7473,6.4,6.5,6.4,6.5,6.4,6.6
41.638995,-0.894163,23110800,Universidad,side_street,0.6352,0.5435,0.3768,0.5683,0.6362,0.6451,0.6208,0.6669,0.7599,5.4,5.4,5.4,5.3,5.5,6
41.638857,-0.894399,23110800,Universidad,side_street,0.627,0.5384,0.3756,0.7174,0.6303,0.6378,0.615,0.6625,0.7578,5.5,5.6,5.6,5.5,5.7,6.2
41.647991,-0.884207,23126877,Centro,square,0.9129,0.0053,0.8316,0.97,0.9196,0.9172,0.9193,0.897,0.8592,6.5,6.5,6.5,6.5,6.4,6.2
41.643844,-0.879966,23126880,Centro,side_street,0.6771,0.2752,0.6849,0.4901,0.6603,0.6704,0.6922,0.7042,0.7085,5.3,5.2,5.2,5.3,5.4,5.4
41.644032,-0.880131,23126880,Centro,side_street,0.7188,0.2752,0.6898,0.4702,0.7056,0.7157,0.7233,0.7287,0.7277,5.5,5.4,5.4,5.5,5.5,5.5
41.644785,-0.880789,23126880,Centro,side_street,0.8098,0.2752,0.7023,0.2431,0.8081,0.7988,0.8166,0.8067,0.7777,5.7,5.7,5.6,5.7,5.6,5.5
41.644972,-0.880956,23126880,Centro,side_street,0.8274,0.4218,0.7058,0.1998,0.8256,0.8143,0.8349,0.8225,0.7846,6.3,6.3,6.2,6.4,6.3,6.1
41.645158,-0.881125,23126880,Centro,side_street,0.842,0.4083,0.7144,0.2017,0.8424,0.8303,0.8488,0.8356,0.7906,6.4,6.4,6.3,6.4,6.3,6.1
41.645344,-0.881294,23126880,Centro,side_street,0.8543,0.4083,0.7224,0.1426,0.8556,0.8397,0.8609,0.8458,0.7958,6.4,6.4,6.3,6.4,6.3,6
41.64553,-0.881463,23126880,Centro,side_street,0.8663,0.4083,0.7348,0.0927,0.8669,0.8515,0.873,0.8566,0.8,6.4,6.4,6.3,6.5,6.4,6
41.645716,-0.881632,23126880,Centro,side_street,0.8813,0.4083,0.7414,0.0872,0.8756,0.8612,0.8868,0.8666,0.801,6.5,6.5,6.4,6.5,6.4,6.1
41.645902,-0.881801,23126880,Centro,side_street,0.894,0.4083,0.7772,0.0315,0.8943,0.8779,0.9028,0.8811,0.8077,6.6,6.6,6.5,6.7,6.5,6.1
41.646087,-0.881971,23126880,Centro,side_street,0.9043,0.5632,0.7853,0.0577,0.9031,0.8881,0.9166,0.8899,0.8113,7.5,7.5,7.4,7.6,7.4,6.9
41.646273,-0.88214,23126880,Centro,side_street,0.9202,0.5632,0.787,0.0695,0.9146,0.9007,0.9336,0.9022,0.8198,7.6,7.6,7.5,7.7,7.5,7
41.646459,-0.882309,23126880,Centro,side_street,0.9286,0.5632,0.7904,0.3077,0.9248,0.9098,0.9454,0.9096,0.8256,8.1,8.1,7.9,8.2,8,7.4
41.646645,-0.882478,23126880,Centro,side_street,0.9384,0.5632,0.8106,0.4505,0.9332,0.92,0.9527,0.9145,0.8325,8.4,8.4,8.3,8.5,8.3,7.8
41.646831,-0.882648,23126880,Centro,side_street,0.9435,0.5632,0.8266,0.5235,0.9401,0.9282,0.9575,0.9189,0.8382,8.6,8.6,8.5,8.7,8.5,8
41.647018,-0.882816,23126880,Centro,side_street,0.9456,0.5861,0.8242,0.5896,0.9442,0.9317,0.9582,0.921,0.8416,8.9,8.8,8.8,8.9,8.7,8.3
41.647993,-0.893562,23127144,Centro,main_street,0.7114,0.7809,0.693,0.6514,0.723,0.7104,0.7117,0.686,0.6522,8,8.1,8,8,7.8,7.6
41.64809,-0.893999,23127145,Delicias,main_street,0.6899,0.8065,0.9996,0.6258,0.6963,0.6882,0.6971,0.6635,0.6319,8.9,8.9,8.9,8.9,8.7,8.5
41.639285,-0.905402,23131176,Universidad,side_street,0.2215,0.0503,0.3519,0.2853,0.2364,0.2196,0.2117,0.1673,0.2215,2.3,2.3,2.3,2.3,2,2.3
41.635712,-0.907823,23131181,Universidad,secondary_street,0.0849,0.8101,0.3468,0.1759,0.1122,0.0777,0.0821,0.0375,0.0488,3.7,3.8,3.7,3.7,3.5,3.6
41.635513,-0.907963,23131181,Universidad,secondary_street,0.0725,0.7001,0.3465,0.1758,0.0953,0.0661,0.0697,0.0291,0.0362,3.4,3.5,3.4,3.3,3.2,3.2
41.642658,-0.905925,23131183,Universidad,main_street,0.2359,0.8547,0.358,0.7302,0.2369,0.2393,0.2332,0.2436,0.2708,4.8,4.8,4.8,4.8,4.8,4.9
41.64249,-0.905725,23131183,Universidad,main_street,0.2157,0.8503,0.3603,0.7678,0.223,0.2212,0.2094,0.2191,0.2586,4.7,4.8,4.8,4.7,4.7,4.9
41.641689,-0.90519,23131183,Universidad,main_street,0.1648,0.8328,0.3557,0.6916,0.1776,0.1717,0.1536,0.1502,0.1925,4.4,4.5,4.5,4.4,4.4,4.5
41.641447,-0.905297,23131391,Universidad,square,0.1706,0.0264,0.3557,0.6323,0.182,0.1767,0.1588,0.16,0.2058,2.4,2.4,2.4,2.3,2.3,2.5
41.641361,-0.905575,23131391,Universidad,square,0.1802,0.0396,0.3557,0.5955,0.1908,0.1861,0.1714,0.171,0.2154,2.4,2.4,2.4,2.4,2.4,2.5
41.654626,-0.900417,23133934,"La Almozara",main_street,0.4279,0.9484,0.1765,0.1546,0.4282,0.4378,0.4197,0.4418,0.5157,4.9,4.9,5,4.9,4.9,5.2
41.654521,-0.900683,23133934,Delicias,main_street,0.4401,0.9549,0.9358,0.236,0.4389,0.4504,0.4313,0.4597,0.5363,7.1,7.1,7.3,7.1,7.3,7.9
41.647116,-0.895111,23134279,Delicias,side_street,0.741,0.1085,0.9978,0.5298,0.7534,0.739,0.7394,0.7151,0.7109,5.8,5.9,5.8,5.8,5.6,5.6
41.64073,-0.895517,23134384,Universidad,side_street,0.8017,0.4978,0.392,0.9628,0.7982,0.7975,0.7955,0.8348,0.899,6.7,6.7,6.7,6.7,6.9,7.3
41.640858,-0.895764,23134384,Universidad,side_street,0.7937,0.4978,0.3929,0.9476,0.789,0.7901,0.7862,0.826,0.8902,6.6,6.6,6.6,6.6,6.8,7.3
41.641442,-0.894843,23134385,Universidad,side_street,0.8283,0.5683,0.3992,0.944,0.8242,0.8221,0.8224,0.8563,0.8974,7.2,7.2,7.2,7.1,7.4,7.7
41.641567,-0.895093,23134385,Universidad,side_street,0.8194,0.5683,0.3973,0.9218,0.8157,0.8113,0.8142,0.8479,0.8899,7.1,7,7,7,7.3,7.6
41.636548,-0.872366,23312800,"San José",side_street,0.2719,0.7985,0.452,0.0399,0.2836,0.2557,0.2876,0.2077,0.1278,4.3,4.4,4.3,4.4,4.1,3.8
41.636329,-0.872438,23312800,"San José",side_street,0.2739,0.8537,0.452,0.0239,0.2859,0.2585,0.2886,0.2089,0.1259,4.5,4.5,4.4,4.5,4.2,3.9
41.639144,-0.873906,23312801,"San José",side_street,0.477,0.5165,0.4922,0.8886,0.4857,0.4614,0.4802,0.4503,0.4545,5.2,5.2,5.1,5.2,5,5
41.64253,-0.881697,23313356,Centro,side_street,0.673,0.8034,0.693,0.4498,0.6634,0.6499,0.7028,0.6639,0.5687,7.5,7.4,7.4,7.7,7.4,6.8
41.64247,-0.881409,23313356,Centro,side_street,0.6331,0.8051,0.6855,0.4559,0.6242,0.6191,0.6637,0.635,0.55,7.2,7.2,7.1,7.4,7.2,6.7
41.639433,-0.880397,23313632,Centro,side_street,0.5397,0.8831,0.6708,0.3416,0.5599,0.5331,0.5287,0.4668,0.3814,6.7,6.8,6.7,6.7,6.3,5.9
41.639581,-0.880516,23313633,Centro,side_street,0.5266,0.7886,0.6711,0.2815,0.5458,0.5153,0.5195,0.4599,0.3725,6.2,6.3,6.1,6.1,5.8,5.3
41.639567,-0.880813,23313633,Centro,side_street,0.5283,0.7804,0.6711,0.3211,0.5438,0.5136,0.523,0.4662,0.378,6.2,6.3,6.1,6.2,5.9,5.4
41.639922,-0.878489,23313637,Centro,side_street,0.4422,0.8498,0.6703,0.1885,0.4538,0.4333,0.445,0.4052,0.3542,5.9,5.9,5.8,5.9,5.6,5.4
41.641034,-0.8915,23342122,Universidad,main_street,0.7882,0.9512,0.417,0.5791,0.7923,0.78,0.7884,0.7812,0.7893,8.3,8.4,8.2,8.3,8.3,8.3
41.64099,-0.891205,23342122,Universidad,main_street,0.7684,0.9508,0.4181,0.4917,0.7742,0.7602,0.7699,0.7613,0.7674,8,8.1,8,8,8,8.1
41.645978,-0.887717,23342201,Centro,side_street,0.918,0.5237,0.7788,0.9698,0.952,0.9162,0.9234,0.8614,0.8201,8.9,9,8.8,8.9,8.5,8.3
41.645756,-0.887763,23342201,Centro,side_street,0.9149,0.5237,0.7719,0.9521,0.9456,0.9112,0.9218,0.8609,0.8132,8.8,9,8.7,8.8,8.4,8.2
41.645534,-0.88781,23342201,Centro,side_street,0.9125,0.5237,0.7663,0.9149,0.9395,0.9066,0.9189,0.8595,0.8061,8.6,8.8,8.6,8.7,8.3,8.1
41.645312,-0.887856,23342201,Centro,side_street,0.9062,0.5237,0.7638,0.8713,0.9303,0.8997,0.9118,0.8534,0.7968,8.5,8.7,8.5,8.6,8.2,7.9
41.64509,-0.887903,23342201,Centro,side_street,0.8985,0.5441,0.7638,0.8369,0.9213,0.8919,0.9042,0.8475,0.791,8.5,8.7,8.5,8.6,8.2,7.9
41.644867,-0.887946,23342201,Centro,side_street,0.8923,0.8149,0.7719,0.8061,0.9107,0.8819,0.8956,0.8392,0.7842,9.6,9.6,9.5,9.6,9.4,9.1
41.644645,-0.887986,23342201,Centro,side_street,0.8831,0.8149,0.7638,0.8195,0.8988,0.8694,0.8858,0.8297,0.7753,9.6,9.6,9.5,9.6,9.3,9.1
41.644422,-0.888027,23342201,Centro,side_street,0.8711,0.8149,0.7581,0.8053,0.8879,0.858,0.8749,0.8245,0.7706,9.5,9.5,9.4,9.5,9.3,9
41.644199,-0.888068,23342201,Centro,side_street,0.8639,0.8149,0.7617,0.7777,0.8772,0.8516,0.8701,0.8208,0.7688,9.4,9.5,9.3,9.4,9.2,8.9
41.643977,-0.888112,23342201,Centro,side_street,0.857,0.8268,0.7581,0.7743,0.8708,0.8445,0.8632,0.817,0.7692,9.4,9.5,9.3,9.4,9.3,9
41.643754,-0.888154,23342201,Centro,side_street,0.8532,0.8268,0.7539,0.7298,0.8659,0.8414,0.8597,0.8166,0.7716,9.3,9.4,9.3,9.3,9.2,8.9
41.643531,-0.888195,23342201,Centro,side_street,0.8467,0.8327,0.743,0.648,0.8592,0.8368,0.8522,0.8119,0.7702,9.2,9.3,9.2,9.2,9,8.8
41.643308,-0.888225,23342201,Centro,side_street,0.8407,0.892,0.7401,0.6088,0.8539,0.8317,0.8455,0.8074,0.7694,9.3,9.4,9.3,9.3,9.2,9
41.643085,-0.888262,23342201,Centro,side_street,0.8337,0.8444,0.7374,0.6819,0.8469,0.8241,0.8385,0.8009,0.7663,9.2,9.3,9.2,9.2,9.1,8.8
41.657741,-0.889246,23342765,"Casco Histórico",side_street,0.2834,0.6702,0.5563,0.2435,0.2784,0.2897,0.2915,0.2843,0.2234,4.4,4.4,4.4,4.4,4.4,4.2
41.656937,-0.888899,23342766,"Casco Histórico",side_street,0.3115,0.2682,0.5594,0.0766,0.3082,0.3211,0.3192,0.3132,0.2925,3.4,3.3,3.4,3.4,3.4,3.3
41.657871,-0.88913,23342767,"Casco Histórico",side_street,0.2695,0.5601,0.5563,0.2176,0.2671,0.2807,0.2809,0.2726,0.2035,4.1,4,4.1,4.1,4,3.8
41.635232,-0.884579,23645865,"San José",side_street,0.3074,0.5546,0.4934,0.7079,0.3084,0.2955,0.3209,0.2901,0.2411,4.5,4.5,4.4,4.5,4.4,4.2
41.63518,-0.88429,23645865,"San José",side_street,0.2961,0.5044,0.4947,0.733,0.2954,0.2852,0.3119,0.2839,0.2237,4.3,4.3,4.3,4.4,4.3,4.1
41.634633,-0.882316,23645865,"San José",side_street,0.2975,0.5304,0.4956,0.7561,0.2903,0.2873,0.3147,0.2913,0.1822,4.4,4.4,4.4,4.5,4.4,4
41.64255,-0.894959,23726206,Universidad,main_street,0.8383,0.4037,0.4125,0.8865,0.8369,0.8287,0.8341,0.8549,0.8742,6.4,6.4,6.4,6.4,6.5,6.7
41.642735,-0.894788,23726206,Universidad,main_street,0.8505,0.4037,0.4134,0.9148,0.8502,0.8389,0.8462,0.8624,0.8759,6.6,6.5,6.5,6.5,6.6,6.7
41.64292,-0.894618,23726206,Universidad,main_street,0.8612,0.2621,0.4193,0.9388,0.8615,0.8509,0.8578,0.8724,0.8803,6.1,6.1,6,6,6.1,6.2
41.643105,-0.894447,23726206,Universidad,main_street,0.8779,0.2621,0.422,0.9428,0.8728,0.8633,0.8707,0.8834,0.8857,6.2,6.1,6.1,6.1,6.2,6.2
41.64329,-0.894277,23726206,Universidad,main_street,0.8905,0.2621,0.4235,0.9563,0.8915,0.8783,0.8862,0.8919,0.8882,6.3,6.3,6.2,6.2,6.3,6.2
41.643476,-0.894106,23726206,Universidad,main_street,0.9025,0.2621,0.4259,0.9411,0.9047,0.8917,0.8994,0.9031,0.893,6.3,6.3,6.3,6.3,6.3,6.3
41.643661,-0.893935,23726206,Universidad,main_street,0.9155,0.2664,0.4288,0.9582,0.9178,0.9019,0.9117,0.911,0.8978,6.4,6.5,6.4,6.4,6.4,6.3
41.643845,-0.893762,23726206,Universidad,main_street,0.9259,0.2561,0.4331,0.9679,0.9283,0.91,0.9226,0.9139,0.9022,6.5,6.5,6.4,6.5,6.4,6.4
41.644029,-0.89359,23726206,Universidad,main_street,0.9364,0.2561,0.4302,0.9757,0.9419,0.9224,0.9317,0.9206,0.9073,6.6,6.6,6.5,6.5,6.5,6.4
41.644214,-0.893418,23726206,Universidad,main_street,0.9429,0.2561,0.4331,0.9796,0.9512,0.9289,0.9401,0.9254,0.9105,6.6,6.6,6.5,6.6,6.5,6.4
41.644396,-0.893243,23726206,Universidad,main_street,0.9471,0.5679,0.4345,0.9747,0.9552,0.9341,0.9432,0.9272,0.9097,8.2,8.2,8.1,8.2,8.1,8
41.644578,-0.893066,23726206,Universidad,main_street,0.9464,0.5679,0.4361,0.9741,0.9553,0.9339,0.9426,0.9237,0.905,8.2,8.3,8.1,8.2,8,7.9
41.64476,-0.892889,23726206,Universidad,main_street,0.945,0.5793,0.4361,0.9719,0.9563,0.9329,0.9412,0.919,0.8941,8.2,8.3,8.1,8.2,8.1,7.9
41.637283,-0.900506,23726208,Universidad,square,0.3057,0.0113,0.3544,0.9453,0.2992,0.32,0.3005,0.3356,0.4685,3,3,3.1,3,3.2,3.6
41.637341,-0.900301,23726208,Universidad,square,0.3228,0.0122,0.3557,0.9534,0.319,0.3368,0.3187,0.3543,0.4911,3.1,3.1,3.2,3.1,3.2,3.7
41.637448,-0.900492,23726208,Universidad,square,0.3127,0.009,0.3544,0.9454,0.3094,0.3259,0.3091,0.3393,0.4678,3.1,3,3.1,3,3.2,3.6
41.643457,-0.906024,23938490,Delicias,main_street,0.2548,0.564,0.839,0.6112,0.2586,0.2582,0.2557,0.2435,0.2415,4.9,4.9,4.9,4.9,4.8,4.8
41.644707,-0.906705,23938490,Delicias,main_street,0.2913,0.6536,0.8617,0.4618,0.2947,0.2913,0.2972,0.2824,0.259,5.2,5.2,5.2,5.2,5.1,5
41.644914,-0.906822,23938490,Delicias,main_street,0.2992,0.6563,0.8617,0.4387,0.3019,0.2993,0.3041,0.2925,0.277,5.2,5.2,5.2,5.2,5.1,5
41.645124,-0.90693,23938490,Delicias,main_street,0.299,0.6699,0.8699,0.3693,0.2999,0.2985,0.3047,0.2968,0.2862,5.2,5.2,5.2,5.2,5.1,5.1
41.645333,-0.907041,23938490,Delicias,main_street,0.2937,0.6699,0.8796,0.3488,0.2923,0.2917,0.2979,0.293,0.2821,5.1,5.1,5.1,5.2,5.1,5.1
41.645541,-0.907154,23938490,Delicias,main_street,0.288,0.6789,0.8995,0.3291,0.2841,0.2853,0.292,0.2893,0.2797,5.2,5.2,5.1,5.2,5.2,5.1
41.646217,-0.90856,23938626,Delicias,main_street,0.3166,0.792,0.9358,0.1091,0.3171,0.312,0.3217,0.3133,0.2903,5.6,5.6,5.5,5.6,5.5,5.4
41.646126,-0.908835,23938626,Delicias,main_street,0.332,0.7888,0.946,0.116,0.3335,0.327,0.3416,0.3298,0.3012,5.7,5.7,5.6,5.7,5.6,5.5
41.646035,-0.909111,23938626,Delicias,main_street,0.3536,0.7888,0.9542,0.0965,0.353,0.3448,0.3664,0.3458,0.3033,5.8,5.8,5.7,5.9,5.7,5.5
41.649424,-0.870939,24025108,"Casco Histórico",main_street,0.4132,0.9924,0.5582,0.5146,0.4005,0.4295,0.4112,0.4456,0.5309,6.4,6.3,6.5,6.4,6.6,7.1
41.663397,-0.884291,24025320,"Actur-Rey Fernando",main_street,0.2175,0.4469,0.1884,0.9039,0.2292,0.2152,0.2104,0.2096,0.3584,3.6,3.6,3.6,3.6,3.5,4
41.661304,-0.866932,24025326,"El Rabal",main_street,0.1826,0.8458,0.2988,0.6915,0.1646,0.1885,0.1888,0.2346,0.2641,4.4,4.4,4.5,4.5,4.6,4.7
41.659686,-0.878331,24025329,"El Rabal",main_street,0.2343,0.7022,0.3385,0.2706,0.2198,0.2548,0.2352,0.2921,0.3642,4,3.9,4,4,4.1,4.4
41.659852,-0.878534,24025329,"El Rabal",main_street,0.2141,0.7022,0.3374,0.3358,0.2031,0.2311,0.2079,0.2722,0.3495,4,3.9,4,3.9,4.1,4.4
41.66002,-0.878734,24025329,"El Rabal",main_street,0.1973,0.7162,0.3374,0.3694,0.1878,0.2128,0.1889,0.2538,0.3339,4,3.9,4,3.9,4.1,4.4
41.65904,-0.875639,24025384,"El Rabal",side_street,0.3566,0.3593,0.3401,0.3817,0.3536,0.3628,0.3464,0.3527,0.3656,3.6,3.6,3.7,3.6,3.6,3.7
41.659091,-0.875933,24025384,"El Rabal",side_street,0.34,0.3593,0.3401,0.3867,0.3345,0.3503,0.3347,0.3488,0.3669,3.6,3.6,3.6,3.6,3.6,3.7
41.659141,-0.876226,24025384,"El Rabal",side_street,0.3255,0.3593,0.3401,0.3347,0.3153,0.3366,0.3226,0.3404,0.3614,3.5,3.5,3.5,3.5,3.5,3.6
41.659192,-0.876519,24025384,"El Rabal",side_street,0.3111,0.3593,0.3401,0.3332,0.2956,0.3229,0.3116,0.3337,0.3588,3.4,3.4,3.5,3.4,3.5,3.6
41.659245,-0.876811,24025384,"El Rabal",side_street,0.2989,0.3896,0.3401,0.3851,0.2795,0.3122,0.3014,0.3324,0.3653,3.5,3.5,3.6,3.5,3.6,3.7
41.659302,-0.877103,24025384,"El Rabal",side_street,0.2845,0.3896,0.3393,0.4111,0.2655,0.3012,0.2889,0.3225,0.3628,3.5,3.4,3.5,3.5,3.6,3.7
41.660294,-0.869234,24301745,"El Rabal",main_street,0.2097,0.4696,0.3145,0.406,0.1991,0.2118,0.2179,0.2549,0.2705,3.4,3.3,3.4,3.4,3.6,3.6
41.660077,-0.869297,24301745,"El Rabal",main_street,0.2125,0.5286,0.3145,0.4438,0.2008,0.2147,0.2191,0.2581,0.2835,3.6,3.5,3.6,3.6,3.7,3.8
41.660337,-0.869281,24302589,"El Rabal",main_street,0.2111,0.8369,0.3145,0.4004,0.1994,0.2123,0.2203,0.2572,0.2719,4.3,4.2,4.3,4.3,4.4,4.5
41.64225,-0.875097,24302814,"San José",side_street,0.5847,0.3102,0.5191,0.5541,0.5767,0.5789,0.5828,0.602,0.627,4.7,4.7,4.7,4.7,4.8,4.8
41.642263,-0.874797,24302814,"San José",side_street,0.6104,0.3102,0.5204,0.5468,0.6029,0.6043,0.6085,0.6268,0.6518,4.8,4.8,4.8,4.8,4.9,4.9
41.642277,-0.874497,24302814,"San José",side_street,0.6272,0.3102,0.5191,0.5653,0.6222,0.6231,0.6282,0.6434,0.6707,4.9,4.9,4.9,4.9,4.9,5
41.64229,-0.874196,24302814,"San José",side_street,0.6488,0.4375,0.5179,0.5806,0.6417,0.6408,0.6519,0.6612,0.6871,5.4,5.4,5.4,5.5,5.5,5.6
41.642304,-0.873896,24302814,"San José",side_street,0.6665,0.4375,0.5146,0.593,0.6625,0.6553,0.6755,0.6755,0.6957,5.5,5.5,5.5,5.6,5.6,5.7
41.63736,-0.874593,24302815,"San José",side_street,0.4743,0.4097,0.4877,0.5509,0.4845,0.4609,0.4863,0.437,0.353,4.5,4.6,4.5,4.6,4.4,4.1
41.638112,-0.876091,24302815,"San José",side_street,0.5709,0.4589,0.4877,0.8067,0.5858,0.5698,0.5753,0.5314,0.4514,5.3,5.4,5.3,5.3,5.1,4.8
41.646466,-0.879131,24303032,Centro,main_street,0.7824,0.2937,0.7562,0.2999,0.7818,0.7897,0.7733,0.7918,0.8252,5.8,5.8,5.9,5.8,5.9,6
41.64631,-0.878915,24303032,Centro,main_street,0.7668,0.1612,0.743,0.3636,0.7684,0.7769,0.7564,0.7804,0.8153,5.3,5.3,5.3,5.2,5.3,5.5
41.645957,-0.878543,24303032,Centro,main_street,0.7455,0.076,0.7144,0.5229,0.7477,0.7558,0.734,0.7616,0.8019,5,5,5,5,5,5.2
41.645769,-0.878377,24303032,Centro,main_street,0.7387,0.076,0.7113,0.6368,0.7427,0.7492,0.7254,0.7531,0.7952,5.1,5.1,5.1,5,5.1,5.3
41.645581,-0.878212,24303032,Centro,main_street,0.7281,0.076,0.7073,0.7123,0.7339,0.7415,0.7127,0.7414,0.7886,5.1,5.2,5.2,5.1,5.2,5.4
41.645393,-0.878047,24303032,Centro,main_street,0.7186,0.076,0.7023,0.7907,0.7239,0.7322,0.7032,0.7315,0.7815,5.1,5.2,5.2,5.1,5.2,5.4
41.645206,-0.877881,24303032,Centro,main_street,0.7046,0.076,0.6989,0.8055,0.7055,0.7243,0.6915,0.7206,0.7718,5.1,5.1,5.2,5,5.2,5.4
41.644904,-0.877826,24303188,Centro,main_street,0.6827,0.7614,0.6885,0.8054,0.6792,0.7024,0.6727,0.7103,0.7613,7.9,7.9,8.1,7.9,8.1,8.5
41.644825,-0.87716,24303189,"San José",main_street,0.6569,0.3282,0.5358,0.8033,0.656,0.6751,0.6432,0.6898,0.7438,5.4,5.4,5.5,5.3,5.5,5.8
41.644783,-0.877244,24303190,"San José",main_street,0.654,0.7258,0.5362,0.8064,0.6535,0.6721,0.6408,0.6874,0.7427,7,7,7.2,6.9,7.3,7.7
41.644222,-0.874828,24303192,"San José",side_street,0.6649,0.2271,0.5218,0.6184,0.6682,0.6584,0.6706,0.661,0.662,4.9,4.9,4.8,4.9,4.8,4.8
41.64406,-0.875036,24303192,"San José",side_street,0.6594,0.2271,0.5218,0.6181,0.6615,0.6552,0.6631,0.6607,0.6686,4.8,4.8,4.8,4.8,4.8,4.8
41.643897,-0.875245,24303192,"San José",side_street,0.6543,0.2271,0.5234,0.6532,0.6539,0.6508,0.6542,0.6617,0.6799,4.9,4.9,4.8,4.9,4.9,4.9
41.643732,-0.875446,24303192,"San José",side_street,0.6415,0.2233,0.5234,0.6946,0.6367,0.6398,0.636,0.6519,0.6786,4.8,4.8,4.8,4.8,4.8,4.9
41.643615,-0.875703,24303192,"San José",side_street,0.6205,0.2207,0.5282,0.6785,0.6169,0.6203,0.6167,0.6376,0.6672,4.7,4.7,4.7,4.7,4.8,4.9
41.6435,-0.875961,24303192,"San José",side_street,0.5979,0.2207,0.5326,0.7272,0.5906,0.5974,0.5927,0.62,0.6528,4.7,4.7,4.7,4.7,4.8,4.9
41.644844,-0.875157,24303193,"San José",side_street,0.6798,0.4871,0.5234,0.6939,0.6849,0.6772,0.6778,0.6704,0.6812,5.9,6,5.9,5.9,5.9,5.9
41.644651,-0.875003,24303193,"San José",side_street,0.6772,0.4871,0.5234,0.7219,0.6808,0.671,0.6771,0.6687,0.6731,6,6,5.9,6,5.9,5.9
41.644458,-0.874849,24303193,"San José",side_street,0.6711,0.4871,0.5218,0.7058,0.6747,0.6637,0.6754,0.6627,0.6605,5.9,6,5.9,5.9,5.9,5.9
41.643356,-0.874923,24303194,"San José",side_street,0.6552,0.2759,0.5169,0.6302,0.657,0.649,0.6512,0.6569,0.6824,5,5,4.9,4.9,4.9,5
41.643426,-0.874638,24303194,"San José",side_street,0.6635,0.2605,0.5169,0.6259,0.6663,0.655,0.6663,0.6624,0.6755,4.9,5,4.9,5,4.9,4.9
41.643346,-0.873746,24303194,"San José",side_street,0.6822,0.3112,0.5133,0.6628,0.685,0.6678,0.686,0.6683,0.6665,5.2,5.2,5.1,5.2,5.1,5.1
41.643271,-0.873153,24303194,"San José",side_street,0.6824,0.3078,0.5109,0.693,0.6829,0.6693,0.6887,0.6731,0.6678,5.2,5.2,5.2,5.2,5.2,5.1
41.642416,-0.873855,24303195,"San José",side_street,0.6775,0.0473,0.512,0.5835,0.6721,0.6618,0.6844,0.682,0.6977,4.3,4.3,4.3,4.4,4.4,4.4
41.642638,-0.873811,24303195,"San José",side_street,0.6888,0.0473,0.512,0.5996,0.6867,0.6714,0.6946,0.6861,0.6966,4.4,4.4,4.3,4.4,4.4,4.4
41.642861,-0.873768,24303195,"San José",side_street,0.695,0.0473,0.512,0.5931,0.6966,0.6755,0.6997,0.6823,0.6888,4.4,4.4,4.3,4.4,4.4,4.4
41.643083,-0.873725,24303195,"San José",side_street,0.6898,0.0473,0.5133,0.618,0.693,0.6711,0.6947,0.675,0.6761,4.4,4.4,4.4,4.4,4.4,4.4
41.643306,-0.873682,24303195,"San José",side_street,0.6841,0.0717,0.5133,0.614,0.687,0.6694,0.6889,0.6696,0.6673,4.5,4.5,4.4,4.5,4.4,4.4
41.643748,-0.873576,24303195,"San José",side_street,0.6724,0.2612,0.5154,0.6822,0.6771,0.6615,0.6761,0.6564,0.6499,5,5.1,5,5.1,4.9,4.9
41.643969,-0.87352,24303195,"San José",side_street,0.6676,0.2612,0.5161,0.7326,0.6716,0.6581,0.6717,0.6529,0.6458,5.1,5.1,5,5.1,5,4.9
41.64452,-0.8762,24303196,"San José",square,0.6634,0.68,0.5314,0.7595,0.6637,0.6707,0.6593,0.6832,0.7246,6.8,6.8,6.8,6.8,6.9,7.2
41.644411,-0.876463,24303196,"San José",square,0.6494,0.68,0.5314,0.747,0.646,0.66,0.6378,0.6758,0.7281,6.7,6.7,6.7,6.6,6.9,7.2
41.644305,-0.876728,24303196,"San José",square,0.6268,0.6898,0.5336,0.7757,0.6228,0.6427,0.6194,0.6604,0.724,6.7,6.6,6.7,6.6,6.9,7.3
41.641103,-0.867427,24303403,"San José",secondary_street,0.3741,0.8867,0.448,0.0332,0.3557,0.3602,0.3925,0.3963,0.3755,4.9,4.9,4.9,5,5,4.9
41.640732,-0.86896,24303403,"San José",secondary_street,0.4387,0.6608,0.4497,0.0455,0.4281,0.435,0.4464,0.4579,0.472,4.6,4.5,4.5,4.6,4.6,4.6
41.640511,-0.868991,24303403,"San José",secondary_street,0.4228,0.8943,0.4497,0.0513,0.4142,0.4153,0.4303,0.4391,0.4432,5.2,5.1,5.1,5.2,5.2,5.2
41.640063,-0.868937,24303403,"San José",secondary_street,0.3731,0.7914,0.452,0.0599,0.3631,0.3609,0.3871,0.3804,0.3676,4.7,4.7,4.6,4.7,4.7,4.6
41.643687,-0.896545,24304428,Universidad,side_street,0.7438,0.0971,0.4031,0.3667,0.7448,0.7462,0.7367,0.7592,0.8029,4.3,4.3,4.3,4.3,4.4,4.5
41.643873,-0.896375,24304428,Universidad,side_street,0.7607,0.0971,0.4052,0.3393,0.7609,0.7622,0.7541,0.7722,0.8098,4.4,4.4,4.4,4.3,4.4,4.5
41.644058,-0.896206,24304428,Universidad,side_street,0.7778,0.0971,0.4068,0.3624,0.7791,0.7784,0.7711,0.7826,0.8164,4.5,4.5,4.5,4.4,4.5,4.6
41.644244,-0.896036,24304428,Universidad,side_street,0.7925,0.0971,0.4083,0.3481,0.7954,0.7914,0.7873,0.7917,0.8217,4.5,4.5,4.5,4.5,4.5,4.6
41.64443,-0.895866,24304428,Universidad,side_street,0.8037,0.0971,0.4089,0.3756,0.8095,0.8017,0.8005,0.8034,0.8239,4.6,4.6,4.6,4.6,4.5,4.6
41.644678,-0.896358,24304429,Universidad,side_street,0.7754,0.1733,0.404,0.2997,0.7819,0.778,0.7692,0.7712,0.7947,4.6,4.6,4.6,4.6,4.6,4.6
41.644488,-0.896518,24304429,Universidad,side_street,0.7614,0.1733,0.401,0.3174,0.7651,0.7636,0.7555,0.7636,0.7928,4.6,4.6,4.6,4.5,4.5,4.6
41.6443,-0.896682,24304429,Universidad,side_street,0.7428,0.1598,0.401,0.2941,0.7465,0.7465,0.737,0.7484,0.7869,4.4,4.4,4.4,4.4,4.4,4.6
41.645221,-0.897481,24304430,Universidad,side_street,0.6659,0.2475,0.3938,0.3031,0.681,0.6841,0.6518,0.6557,0.7021,4.4,4.4,4.5,4.3,4.3,4.5
41.645036,-0.897651,24304430,Universidad,side_street,0.6326,0.2475,0.392,0.3228,0.6433,0.6546,0.6198,0.6361,0.6932,4.3,4.3,4.4,4.2,4.3,4.5
41.644851,-0.897821,24304430,Universidad,side_street,0.6022,0.2395,0.392,0.3444,0.6078,0.622,0.5893,0.6108,0.6682,4.2,4.2,4.2,4.1,4.2,4.4
41.644665,-0.897991,24304430,Universidad,side_street,0.5717,0.2395,0.392,0.3618,0.5772,0.5944,0.5596,0.5828,0.6516,4.1,4.1,4.2,4.1,4.1,4.3
41.64448,-0.898162,24304430,Universidad,side_street,0.541,0.2395,0.3907,0.3749,0.5479,0.5637,0.5293,0.5505,0.629,4,4,4.1,4,4,4.3
41.644848,-0.899265,24304431,Universidad,side_street,0.4173,0.4104,0.3812,0.528,0.4279,0.4312,0.4142,0.4015,0.4542,4.1,4.2,4.2,4.1,4.1,4.2
41.645418,-0.897968,24304431,Universidad,side_street,0.6027,0.435,0.3862,0.345,0.6142,0.6211,0.5856,0.5961,0.6413,4.7,4.7,4.8,4.6,4.6,4.8
41.638585,-0.895984,24304550,Universidad,side_street,0.6475,0.1851,0.3699,0.956,0.6388,0.6567,0.6333,0.6995,0.7825,4.7,4.7,4.7,4.7,4.9,5.2
41.638769,-0.895811,24304550,Universidad,side_street,0.6748,0.1851,0.3727,0.9436,0.6672,0.6808,0.6666,0.7164,0.7915,4.8,4.8,4.8,4.8,4.9,5.2
41.638953,-0.895639,24304550,Universidad,side_street,0.707,0.1851,0.3727,0.9276,0.7028,0.7117,0.6991,0.7328,0.8002,4.9,4.9,4.9,4.9,5,5.3
41.639137,-0.895466,24304550,Universidad,side_street,0.7243,0.1851,0.3727,0.9083,0.7265,0.7272,0.711,0.7443,0.8103,5,5,5,4.9,5,5.3
41.639322,-0.895293,24304550,Universidad,side_street,0.74,0.1851,0.3746,0.8943,0.7424,0.7386,0.7278,0.7576,0.8232,5,5,5,5,5.1,5.3
41.639506,-0.895121,24304550,Universidad,side_street,0.7504,0.1851,0.3777,0.8997,0.7535,0.7475,0.74,0.7689,0.8355,5.1,5.1,5,5,5.1,5.4
41.63969,-0.894949,24304550,Universidad,side_street,0.7626,0.3539,0.3812,0.9021,0.7655,0.7589,0.751,0.7761,0.8471,5.8,5.8,5.7,5.7,5.8,6.2
41.639875,-0.894778,24304550,Universidad,side_street,0.7728,0.3539,0.3862,0.8557,0.7754,0.7677,0.7571,0.7835,0.8551,5.8,5.8,5.7,5.7,5.8,6.2
41.64006,-0.894607,24304550,Universidad,side_street,0.7829,0.3539,0.3875,0.8847,0.7867,0.7787,0.7685,0.791,0.8621,5.9,5.9,5.8,5.8,5.9,6.3
41.645549,-0.896054,24305325,Universidad,side_street,0.7852,0.5582,0.4025,0.3491,0.7968,0.7845,0.7794,0.7654,0.7747,6,6.1,6,6,5.9,5.9
41.645425,-0.895803,24305325,Universidad,side_street,0.7972,0.5582,0.4052,0.3308,0.8074,0.7951,0.7927,0.7788,0.7877,6.1,6.1,6.1,6,6,6
41.645301,-0.895553,24305325,Universidad,side_street,0.8099,0.5582,0.4089,0.3584,0.8217,0.806,0.8046,0.7899,0.7975,6.2,6.2,6.2,6.1,6.1,6.1
41.645176,-0.895302,24305325,Universidad,side_street,0.8235,0.5582,0.4134,0.5415,0.8366,0.8201,0.8171,0.8054,0.8101,6.5,6.6,6.5,6.5,6.4,6.5
41.645052,-0.895051,24305325,Universidad,side_street,0.8382,0.5582,0.4181,0.6854,0.8503,0.8342,0.8317,0.8221,0.8274,6.8,6.9,6.8,6.8,6.8,6.8
41.645722,-0.896241,24305326,Universidad,side_street,0.7665,0.5996,0.401,0.2924,0.78,0.7663,0.7576,0.7455,0.7582,6,6.1,6,6,5.9,5.9
41.645921,-0.896381,24305326,Universidad,side_street,0.7501,0.5996,0.3992,0.2465,0.765,0.7528,0.7421,0.7292,0.7429,5.9,5.9,5.9,5.8,5.7,5.8
41.64612,-0.896521,24305326,Universidad,side_street,0.7342,0.5996,0.398,0.1328,0.7508,0.7404,0.722,0.711,0.7251,5.6,5.7,5.6,5.6,5.5,5.5
41.646319,-0.896661,24305326,Universidad,side_street,0.715,0.5996,0.3951,0.1323,0.7336,0.7256,0.7012,0.6854,0.7025,5.5,5.6,5.6,5.4,5.3,5.4
41.646614,-0.895912,24305327,Universidad,side_street,0.7302,0.1403,0.3992,0.3248,0.7462,0.7328,0.7223,0.707,0.7131,4.3,4.4,4.4,4.3,4.3,4.3
41.646416,-0.895771,24305327,Universidad,side_street,0.7483,0.1403,0.401,0.2533,0.7629,0.7482,0.7428,0.7244,0.7325,4.3,4.4,4.4,4.3,4.3,4.3
41.642987,-0.894739,24305337,Universidad,side_street,0.8556,0.2071,0.4193,0.9025,0.8563,0.8441,0.852,0.8667,0.8763,5.8,5.8,5.7,5.8,5.8,5.9
41.643122,-0.894979,24305337,Universidad,side_street,0.8427,0.2071,0.4202,0.8841,0.8434,0.8354,0.8388,0.855,0.8714,5.7,5.7,5.6,5.7,5.7,5.8
41.643258,-0.895219,24305337,Universidad,side_street,0.828,0.2071,0.417,0.8527,0.8274,0.8228,0.8231,0.8406,0.8652,5.6,5.6,5.5,5.5,5.6,5.7
41.643394,-0.895458,24305337,Universidad,side_street,0.8154,0.2071,0.4134,0.7733,0.815,0.8085,0.8096,0.8273,0.8595,5.4,5.4,5.3,5.3,5.4,5.6
41.643529,-0.895698,24305337,Universidad,side_street,0.8026,0.2071,0.41,0.5876,0.8041,0.7996,0.7985,0.8151,0.8516,5.1,5.1,5.1,5.1,5.1,5.3
41.643665,-0.895938,24305337,Universidad,side_street,0.7904,0.2071,0.41,0.4248,0.7901,0.788,0.7843,0.7999,0.8389,4.9,4.9,4.9,4.9,4.9,5
41.641166,-0.89163,24305491,Universidad,side_street,0.8027,0.6368,0.4202,0.6894,0.8062,0.7941,0.8033,0.7997,0.8034,7,7,6.9,7,7,7
41.641376,-0.891524,24305491,Universidad,side_street,0.813,0.6098,0.424,0.857,0.8164,0.8016,0.8132,0.8078,0.806,7.3,7.3,7.2,7.3,7.2,7.2
41.641561,-0.891355,24305491,Universidad,side_street,0.817,0.6052,0.4276,0.8375,0.8228,0.805,0.8177,0.8068,0.7983,7.2,7.3,7.2,7.2,7.1,7.1
41.641712,-0.891133,24305491,Universidad,side_street,0.8133,0.6261,0.4316,0.8516,0.8202,0.8014,0.8143,0.7985,0.7903,7.4,7.4,7.3,7.4,7.2,7.2
41.645847,-0.906518,24319044,Delicias,side_street,0.2425,0.4132,0.8891,0.3578,0.2424,0.2431,0.2373,0.2411,0.254,4.2,4.3,4.3,4.2,4.2,4.3
41.645868,-0.905504,24319045,Delicias,side_street,0.2001,0.1814,0.8561,0.3689,0.2124,0.2049,0.1829,0.1686,0.1964,3.5,3.6,3.5,3.4,3.4,3.5
41.646075,-0.905621,24319045,Delicias,side_street,0.2011,0.1814,0.8699,0.3625,0.2127,0.2068,0.1834,0.1779,0.2142,3.5,3.6,3.6,3.5,3.5,3.6
41.64298,-0.9093,24319201,Delicias,side_street,0.5365,0.0461,0.8699,0.2339,0.5322,0.5239,0.5526,0.5358,0.4842,4.2,4.2,4.1,4.2,4.2,4
41.643041,-0.90959,24319201,Delicias,side_street,0.5667,0.0461,0.8617,0.1579,0.5633,0.5554,0.5811,0.5649,0.5088,4.2,4.2,4.2,4.2,4.2,4
41.643101,-0.90988,24319201,Delicias,side_street,0.5912,0.0461,0.8617,0.1587,0.5873,0.58,0.605,0.588,0.5294,4.3,4.3,4.2,4.3,4.3,4.1
41.643162,-0.910169,24319201,Delicias,side_street,0.6142,0.0461,0.8561,0.158,0.6094,0.6026,0.628,0.6143,0.5553,4.3,4.3,4.3,4.4,4.3,4.1
41.643223,-0.910459,24319201,Delicias,side_street,0.6273,0.0461,0.8561,0.1566,0.6258,0.6189,0.646,0.6283,0.5748,4.4,4.4,4.4,4.5,4.4,4.2
41.643284,-0.910748,24319201,Delicias,side_street,0.6393,0.0442,0.8561,0.1272,0.6348,0.6282,0.6646,0.6379,0.5923,4.4,4.4,4.4,4.5,4.4,4.3
41.643342,-0.911039,24319201,Delicias,side_street,0.6396,0.0442,0.8561,0.128,0.6351,0.6276,0.6659,0.6372,0.5856,4.4,4.4,4.4,4.5,4.4,4.2
41.643401,-0.91133,24319201,Delicias,side_street,0.6314,0.0442,0.8561,0.1248,0.6314,0.6224,0.6543,0.6306,0.5708,4.4,4.4,4.3,4.5,4.4,4.2
41.643459,-0.91162,24319201,Delicias,side_street,0.621,0.0442,0.8699,0.1166,0.6183,0.6125,0.6354,0.622,0.5616,4.4,4.4,4.3,4.4,4.4,4.1
41.643061,-0.911897,24319202,Delicias,side_street,0.5945,0.4194,0.8447,0.129,0.5899,0.5882,0.6068,0.5979,0.5517,5.3,5.3,5.3,5.4,5.4,5.1
41.643001,-0.911607,24319202,Delicias,side_street,0.6125,0.4194,0.8506,0.1054,0.6081,0.6053,0.6251,0.6176,0.5729,5.4,5.4,5.4,5.5,5.4,5.2
41.642941,-0.911317,24319202,Delicias,side_street,0.618,0.4194,0.8506,0.1215,0.6155,0.6118,0.6307,0.6248,0.5912,5.5,5.5,5.4,5.5,5.5,5.3
41.64288,-0.911027,24319202,Delicias,side_street,0.6176,0.4194,0.8506,0.135,0.6136,0.6115,0.6299,0.6269,0.5988,5.5,5.5,5.4,5.6,5.5,5.3
41.64282,-0.910737,24319202,Delicias,side_street,0.6102,0.4201,0.8617,0.1443,0.602,0.6023,0.6211,0.6217,0.596,5.5,5.5,5.4,5.5,5.5,5.4
41.642759,-0.910448,24319202,Delicias,side_street,0.593,0.4201,0.8617,0.1854,0.5844,0.5844,0.6043,0.6075,0.5804,5.5,5.4,5.4,5.5,5.5,5.3
41.642699,-0.910158,24319202,Delicias,side_street,0.5729,0.4304,0.8617,0.198,0.5656,0.5673,0.5861,0.5862,0.5591,5.4,5.4,5.4,5.5,5.5,5.3
41.642638,-0.909868,24319202,Delicias,side_street,0.549,0.4304,0.8617,0.2046,0.541,0.5406,0.5619,0.5608,0.5328,5.3,5.3,5.2,5.3,5.3,5.2
41.643989,-0.912103,24319203,Delicias,secondary_street,0.5779,0.8923,0.8995,0.1645,0.5756,0.5721,0.5904,0.5708,0.5051,7.5,7.5,7.5,7.6,7.5,7
41.643792,-0.912247,24319203,Delicias,secondary_street,0.5755,0.8923,0.8891,0.1391,0.5741,0.5717,0.5889,0.5711,0.514,7.4,7.4,7.4,7.5,7.4,7
41.643595,-0.912392,24319203,Delicias,secondary_street,0.5613,0.8923,0.8699,0.1143,0.5605,0.5582,0.5757,0.5586,0.5092,7.2,7.2,7.2,7.3,7.2,6.9
41.643386,-0.912477,24319203,Delicias,secondary_street,0.5499,0.8905,0.8506,0.1027,0.548,0.5454,0.5616,0.5483,0.501,7,7,7,7.1,7,6.8
41.643177,-0.91237,24319203,Delicias,secondary_street,0.555,0.8899,0.8506,0.1745,0.5507,0.55,0.566,0.5555,0.5134,7.2,7.2,7.2,7.3,7.2,6.9
41.64297,-0.912252,24319203,Delicias,secondary_street,0.5558,0.7291,0.8447,0.2313,0.5516,0.5516,0.5674,0.5603,0.5225,6.5,6.5,6.5,6.6,6.6,6.3
41.642763,-0.912135,24319203,Delicias,secondary_street,0.552,0.774,0.8447,0.2525,0.5465,0.5482,0.5618,0.5588,0.5304,6.7,6.7,6.7,6.8,6.8,6.6
41.642556,-0.912017,24319203,Delicias,secondary_street,0.5408,0.7701,0.8447,0.2696,0.5338,0.5384,0.5531,0.5546,0.5348,6.7,6.6,6.6,6.7,6.8,6.7
41.642349,-0.911901,24319203,Delicias,secondary_street,0.5252,0.7736,0.8447,0.2911,0.5155,0.5233,0.5377,0.5471,0.5407,6.6,6.6,6.6,6.7,6.8,6.8
41.64214,-0.911789,24319203,Delicias,secondary_street,0.5024,0.7911,0.8506,0.315,0.4874,0.4982,0.514,0.5373,0.5458,6.6,6.5,6.6,6.7,6.8,6.9
41.64195,-0.911634,24319203,Delicias,secondary_street,0.4847,0.7968,0.8506,0.3368,0.4688,0.4805,0.4965,0.526,0.5488,6.6,6.5,6.6,6.6,6.8,7
41.641833,-0.911378,24319203,Delicias,secondary_street,0.476,0.8014,0.8506,0.3151,0.4616,0.4734,0.4893,0.5235,0.5538,6.5,6.4,6.5,6.6,6.8,7
41.643428,-0.909118,24319206,Delicias,side_street,0.5394,0.0734,0.8617,0.2085,0.5401,0.523,0.5567,0.524,0.4456,4.2,4.2,4.2,4.3,4.2,3.9
41.643485,-0.909408,24319206,Delicias,side_street,0.5684,0.0734,0.8561,0.1679,0.5694,0.5543,0.5855,0.5523,0.4693,4.3,4.3,4.2,4.3,4.2,3.9
41.643543,-0.909699,24319206,Delicias,side_street,0.5924,0.0734,0.8561,0.1673,0.5917,0.5777,0.6097,0.5766,0.4895,4.4,4.4,4.3,4.4,4.3,4
41.6436,-0.90999,24319206,Delicias,side_street,0.6114,0.0734,0.8561,0.169,0.6104,0.596,0.6286,0.5992,0.5131,4.4,4.4,4.4,4.5,4.4,4.1
41.643658,-0.910281,24319206,Delicias,side_street,0.6245,0.0734,0.8617,0.1417,0.6237,0.6108,0.6453,0.6174,0.5334,4.5,4.5,4.4,4.5,4.4,4.1
41.643715,-0.910572,24319206,Delicias,side_street,0.6279,0.0658,0.8699,0.0904,0.6278,0.6167,0.6536,0.6237,0.5434,4.4,4.4,4.4,4.5,4.4,4.1
41.643776,-0.910861,24319206,Delicias,side_street,0.6259,0.0658,0.8796,0.102,0.6248,0.6149,0.6478,0.6231,0.5455,4.4,4.4,4.4,4.5,4.4,4.2
41.643837,-0.911151,24319206,Delicias,side_street,0.6208,0.0658,0.8796,0.1535,0.6186,0.6098,0.6382,0.6186,0.5418,4.5,4.5,4.4,4.5,4.5,4.2
41.643898,-0.911441,24319206,Delicias,side_street,0.6132,0.0658,0.8796,0.2032,0.6098,0.6036,0.6275,0.6095,0.5387,4.5,4.5,4.5,4.5,4.5,4.2
41.644748,-0.912376,24319208,Delicias,secondary_street,0.5075,0.7518,0.9234,0.247,0.515,0.504,0.5243,0.4866,0.3966,6.6,6.6,6.6,6.7,6.5,6
41.644537,-0.912271,24319208,Delicias,secondary_street,0.5332,0.7388,0.911,0.1559,0.5355,0.5284,0.5458,0.5164,0.4251,6.5,6.5,6.5,6.6,6.4,5.9
41.644015,-0.911584,24319210,Delicias,square,0.6016,0.0006,0.8796,0.2164,0.5979,0.5921,0.6145,0.5953,0.5264,4.3,4.3,4.3,4.3,4.3,4
41.642517,-0.911845,24319211,Delicias,side_street,0.5502,0.2141,0.8447,0.2739,0.5428,0.5468,0.5598,0.566,0.5482,4.7,4.7,4.6,4.7,4.7,4.6
41.642456,-0.911555,24319211,Delicias,side_street,0.5598,0.2141,0.8447,0.249,0.5524,0.5584,0.5698,0.5789,0.5701,4.7,4.7,4.7,4.7,4.7,4.7
41.642394,-0.911266,24319211,Delicias,side_street,0.5594,0.2141,0.8506,0.227,0.5496,0.5571,0.5691,0.5835,0.5879,4.7,4.7,4.7,4.7,4.7,4.7
41.643057,-0.909112,24319215,Delicias,secondary_street,0.5191,0.7521,0.8699,0.2298,0.517,0.503,0.5366,0.5154,0.4569,6.5,6.5,6.4,6.6,6.5,6.1
41.643272,-0.909025,24319215,Delicias,secondary_street,0.522,0.749,0.8699,0.22,0.5209,0.5037,0.5391,0.5105,0.4426,6.5,6.5,6.4,6.6,6.4,6
41.643488,-0.908941,24319215,Delicias,secondary_street,0.5163,0.7383,0.8617,0.1716,0.5184,0.4977,0.5359,0.4994,0.4245,6.3,6.3,6.2,6.4,6.2,5.8
41.643706,-0.908938,24319215,Delicias,secondary_street,0.5161,0.7261,0.8617,0.1655,0.5212,0.4958,0.5365,0.4915,0.4059,6.2,6.3,6.1,6.3,6.1,5.6
41.643907,-0.909073,24319215,Delicias,secondary_street,0.5253,0.7224,0.8796,0.1263,0.5311,0.5025,0.5437,0.4927,0.3964,6.3,6.3,6.1,6.4,6.1,5.6
41.644043,-0.909296,24319215,Delicias,secondary_street,0.5355,0.7226,0.8699,0.1221,0.5417,0.5137,0.554,0.5003,0.3949,6.3,6.3,6.2,6.4,6.1,5.5
41.644465,-0.911075,24319216,Delicias,secondary_street,0.5625,0.7523,0.8995,0.2113,0.5637,0.5538,0.579,0.5493,0.4583,6.8,6.8,6.7,6.9,6.7,6.2
41.644878,-0.911314,24319216,Delicias,secondary_street,0.5213,0.7576,0.911,0.1668,0.5233,0.5107,0.539,0.5038,0.4019,6.5,6.6,6.5,6.6,6.5,5.9
41.645084,-0.911432,24319216,Delicias,secondary_street,0.4989,0.7776,0.9358,0.2068,0.5024,0.488,0.5167,0.4799,0.3875,6.6,6.6,6.6,6.7,6.5,6
41.64106,-0.910364,24319415,Universidad,secondary_street,0.3957,0.725,0.3614,0.3532,0.3714,0.3864,0.4049,0.444,0.522,4.7,4.6,4.7,4.7,4.9,5.1
41.640853,-0.910247,24319415,Universidad,secondary_street,0.3714,0.7179,0.3603,0.3029,0.3445,0.3639,0.3841,0.4279,0.5123,4.5,4.4,4.5,4.6,4.7,5
41.640647,-0.910128,24319415,Universidad,secondary_street,0.352,0.5247,0.3603,0.2428,0.3269,0.3475,0.3591,0.4096,0.4956,3.9,3.9,3.9,4,4.1,4.4
41.650381,-0.904886,24319718,Delicias,square,0.3782,0.1685,0.946,0.0076,0.3689,0.3756,0.3708,0.4009,0.4597,3.9,3.9,3.9,3.9,4,4.2
41.650448,-0.909806,24319721,Delicias,side_street,0.6235,0.3315,0.946,0.2302,0.6316,0.6143,0.6249,0.6133,0.6061,5.5,5.6,5.5,5.6,5.5,5.4
41.650272,-0.909992,24319721,Delicias,side_street,0.6369,0.3315,0.9542,0.1611,0.6456,0.6244,0.6402,0.6239,0.6146,5.5,5.6,5.5,5.6,5.5,5.4
41.650095,-0.910178,24319721,Delicias,side_street,0.6425,0.3048,0.946,0.1389,0.6518,0.6287,0.6477,0.6272,0.6179,5.4,5.5,5.3,5.5,5.3,5.2
41.649916,-0.910361,24319721,Delicias,side_street,0.6463,0.3048,0.9358,0.1126,0.6562,0.6321,0.6547,0.6307,0.6217,5.4,5.4,5.3,5.4,5.3,5.2
41.649738,-0.910543,24319721,Delicias,side_street,0.6501,0.3048,0.9234,0.127,0.6601,0.6347,0.6618,0.6341,0.6265,5.4,5.5,5.3,5.5,5.3,5.2
41.649559,-0.910726,24319721,Delicias,side_street,0.6468,0.3048,0.9542,0.0629,0.6553,0.6326,0.6572,0.6327,0.6246,5.4,5.4,5.3,5.4,5.3,5.2
41.649381,-0.910909,24319721,Delicias,side_street,0.6432,0.3048,0.946,0.0425,0.6507,0.6307,0.6511,0.632,0.6248,5.3,5.3,5.2,5.3,5.2,5.1
41.649202,-0.911092,24319721,Delicias,side_street,0.6316,0.3192,0.946,0.0276,0.6357,0.6213,0.6376,0.6265,0.6218,5.3,5.3,5.2,5.3,5.2,5.2
41.651053,-0.90905,24319722,Delicias,side_street,0.5421,0.5578,0.911,0.377,0.5472,0.5343,0.5379,0.5307,0.5277,6.1,6.1,6.1,6.1,6.1,6
41.650582,-0.909691,24319722,Delicias,side_street,0.6116,0.5314,0.9358,0.3057,0.617,0.6018,0.6112,0.6006,0.5934,6.3,6.4,6.3,6.4,6.3,6.3
41.648487,-0.903963,24319727,Delicias,square,0.3469,0.0562,0.8995,0.238,0.3482,0.3464,0.3282,0.3551,0.4117,3.7,3.7,3.7,3.6,3.7,3.8
41.648273,-0.90387,24319727,Delicias,square,0.3423,0.0562,0.8617,0.3338,0.3478,0.3406,0.3215,0.339,0.3927,3.7,3.7,3.7,3.6,3.6,3.8
41.651057,-0.905288,24319731,Delicias,square,0.3878,0.0365,0.9674,0.0218,0.381,0.3847,0.381,0.4025,0.4518,3.7,3.7,3.7,3.7,3.7,3.9
41.650984,-0.905573,24319731,Delicias,square,0.3845,0.0365,0.9674,0.0246,0.3799,0.3813,0.378,0.3992,0.4446,3.7,3.7,3.7,3.7,3.7,3.8
41.652559,-0.905899,24319733,Delicias,side_street,0.4672,0.5244,0.9741,0.0676,0.4699,0.4675,0.4577,0.4611,0.4795,5.3,5.4,5.3,5.3,5.3,5.4
41.652622,-0.905611,24319733,Delicias,side_street,0.483,0.5589,0.9542,0.0541,0.4856,0.4846,0.4696,0.4785,0.5113,5.5,5.5,5.5,5.4,5.4,5.6
41.652699,-0.905329,24319733,Delicias,side_street,0.4891,0.5852,0.946,0.0856,0.4901,0.4934,0.4737,0.4943,0.5369,5.7,5.7,5.7,5.6,5.6,5.9
41.652788,-0.905053,24319733,Delicias,side_street,0.4884,0.4585,0.9234,0.0787,0.4869,0.4946,0.4734,0.5021,0.5574,5.1,5.1,5.1,5,5.1,5.4
41.652862,-0.904769,24319733,Delicias,side_street,0.4922,0.4585,0.9234,0.0728,0.4905,0.4992,0.4785,0.5126,0.5728,5.1,5.1,5.1,5.1,5.2,5.5
41.650303,-0.909308,24319734,Delicias,side_street,0.5765,0.2672,0.9358,0.1812,0.5801,0.5677,0.5763,0.564,0.5656,5,5,5,5,4.9,4.9
41.650378,-0.909024,24319734,Delicias,side_street,0.5438,0.2672,0.911,0.187,0.5486,0.5348,0.5414,0.5338,0.5383,4.8,4.9,4.8,4.8,4.8,4.8
41.651148,-0.907992,24319734,Delicias,side_street,0.4504,0.1424,0.911,0.264,0.4541,0.4428,0.4433,0.4429,0.4618,4.2,4.2,4.2,4.2,4.2,4.3
41.653247,-0.905789,24319736,Delicias,side_street,0.4741,0.6276,0.9234,0.157,0.4809,0.4795,0.4634,0.4655,0.4907,5.8,5.8,5.8,5.7,5.7,5.9
41.652846,-0.907499,24319736,Delicias,side_street,0.4268,0.867,0.946,0.5228,0.4291,0.4221,0.4257,0.4128,0.3836,7.1,7.1,7.1,7.1,7,6.9
41.648274,-0.903234,24319740,Delicias,side_street,0.3455,0.5954,0.8796,0.259,0.3462,0.3431,0.3328,0.3505,0.3845,5,5,5,5,5,5.1
41.650189,-0.904106,24319740,Delicias,side_street,0.3766,0.3373,0.8995,0.0213,0.3633,0.3741,0.368,0.4055,0.475,4.2,4.2,4.2,4.2,4.3,4.6
41.650402,-0.904203,24319740,Delicias,side_street,0.3814,0.471,0.9234,0.0194,0.3696,0.381,0.3749,0.4111,0.4799,4.7,4.6,4.7,4.6,4.8,5
41.650615,-0.9043,24319740,Delicias,side_street,0.3851,0.471,0.946,0.0114,0.3754,0.3838,0.3783,0.4101,0.4761,4.7,4.7,4.7,4.7,4.8,5
41.651679,-0.904786,24319740,Delicias,side_street,0.4149,0.471,0.9616,0.0434,0.4096,0.4151,0.408,0.4356,0.502,4.9,4.9,4.9,4.9,4.9,5.2
41.651892,-0.904883,24319740,Delicias,side_street,0.4285,0.471,0.9674,0.0473,0.4238,0.4324,0.4206,0.448,0.5164,5,4.9,5,4.9,5,5.3
41.65253,-0.905176,24319740,Delicias,side_street,0.4748,0.7381,0.946,0.057,0.4737,0.4815,0.4618,0.4877,0.5414,6.1,6.1,6.2,6.1,6.2,6.6
41.652742,-0.905273,24319740,Delicias,side_street,0.4915,0.666,0.9358,0.0841,0.4931,0.4976,0.4767,0.4986,0.5442,5.9,6,6,5.9,6,6.2
41.652955,-0.905371,24319740,Delicias,side_street,0.4984,0.666,0.9358,0.0651,0.5038,0.5062,0.4826,0.498,0.5356,6,6,6,5.9,5.9,6.2
41.653168,-0.905467,24319740,Delicias,side_street,0.4914,0.3645,0.9358,0.1316,0.4979,0.4979,0.4768,0.4864,0.523,4.9,4.9,4.9,4.9,4.9,5
41.652665,-0.907041,24320122,Delicias,side_street,0.4343,0.9809,0.9616,0.3826,0.4351,0.4303,0.4322,0.4252,0.4063,7.6,7.6,7.6,7.5,7.5,7.4
41.652563,-0.907308,24320122,Delicias,side_street,0.4337,0.9798,0.9616,0.4633,0.4349,0.4283,0.4315,0.4221,0.3967,7.7,7.7,7.7,7.6,7.6,7.5
41.652445,-0.907564,24320122,Delicias,side_street,0.4412,0.8765,0.9234,0.5208,0.4449,0.4361,0.4392,0.4303,0.4084,7.2,7.2,7.2,7.2,7.1,7
41.652597,-0.908601,24320124,Delicias,side_street,0.4624,0.4251,0.9358,0.6263,0.4696,0.4542,0.4623,0.4397,0.3922,5.6,5.6,5.5,5.6,5.4,5.1
41.653426,-0.905084,24320129,Delicias,side_street,0.4878,0.1898,0.9234,0.1507,0.4921,0.4931,0.4733,0.4891,0.5343,4.4,4.4,4.4,4.3,4.4,4.5
41.654096,-0.905106,24320129,Delicias,side_street,0.4651,0.2686,0.9234,0.2479,0.47,0.474,0.4541,0.4651,0.5188,4.6,4.7,4.7,4.6,4.6,4.8
41.654321,-0.905102,24320129,Delicias,side_street,0.4577,0.2686,0.911,0.2329,0.4651,0.4666,0.4462,0.4568,0.511,4.6,4.6,4.6,4.5,4.5,4.7
41.655061,-0.904495,24320131,Delicias,secondary_street,0.4418,0.9812,0.911,0.3235,0.446,0.4442,0.4337,0.4435,0.4883,7.4,7.4,7.4,7.3,7.4,7.7
41.652876,-0.906921,24320144,Delicias,side_street,0.4356,0.9151,0.946,0.4072,0.4384,0.4339,0.4326,0.425,0.4097,7.3,7.3,7.3,7.2,7.2,7.1
41.654652,-0.899783,24320243,Delicias,main_street,0.4008,0.7778,0.946,0.0654,0.4043,0.4097,0.3909,0.4036,0.4676,5.9,6,6,5.9,5.9,6.3
41.6546,-0.899494,24320243,Delicias,main_street,0.3806,0.6954,0.946,0.0519,0.3872,0.3923,0.3691,0.3843,0.4466,5.5,5.5,5.5,5.4,5.5,5.8
41.654507,-0.89922,24320243,Delicias,main_street,0.3656,0.6788,0.9542,0.0595,0.3741,0.382,0.3491,0.3707,0.4303,5.3,5.4,5.4,5.3,5.4,5.7
41.654414,-0.898946,24320243,Delicias,main_street,0.3495,0.2747,0.9542,0.0707,0.3553,0.3663,0.3315,0.3585,0.4153,4.1,4.1,4.2,4.1,4.2,4.3
41.65423,-0.898397,24320243,Delicias,main_street,0.3177,0.2747,0.9542,0.1714,0.3256,0.3417,0.3023,0.3294,0.3878,4.1,4.1,4.2,4.1,4.1,4.3
41.654137,-0.898123,24320243,Delicias,main_street,0.3009,0.2825,0.9542,0.1597,0.3048,0.3243,0.2873,0.3122,0.3711,4.1,4.1,4.1,4,4.1,4.3
41.651187,-0.898301,24320244,Delicias,main_street,0.3195,0.3923,0.9832,0.1436,0.3161,0.3224,0.3201,0.3224,0.306,4.5,4.4,4.5,4.4,4.5,4.4
41.651619,-0.898134,24320244,Delicias,main_street,0.3,0.3738,0.9775,0.089,0.2962,0.3061,0.2997,0.3016,0.2742,4.3,4.3,4.3,4.3,4.3,4.2
41.652051,-0.89797,24320244,Delicias,main_street,0.2843,0.3736,0.9741,0.0945,0.2818,0.2938,0.2865,0.2894,0.2788,4.2,4.2,4.2,4.2,4.2,4.2
41.652268,-0.897887,24320244,Delicias,main_street,0.2749,0.3736,0.9741,0.1162,0.2733,0.2866,0.2773,0.2846,0.2839,4.2,4.2,4.2,4.2,4.2,4.2
41.654062,-0.897622,24320246,Delicias,main_street,0.2723,0.4943,0.9542,0.2263,0.2754,0.2997,0.2626,0.2879,0.3472,4.6,4.6,4.7,4.5,4.6,4.8
41.654154,-0.897897,24320246,Delicias,main_street,0.2865,0.4623,0.9542,0.1837,0.2889,0.3115,0.2749,0.2997,0.3587,4.5,4.5,4.6,4.5,4.5,4.7
41.654247,-0.898171,24320246,Delicias,main_street,0.3072,0.4623,0.946,0.1865,0.312,0.3324,0.2901,0.3177,0.3785,4.6,4.6,4.7,4.5,4.6,4.8
41.65434,-0.898445,24320246,Delicias,main_street,0.3236,0.565,0.946,0.1686,0.3308,0.3478,0.3065,0.3351,0.3954,4.9,4.9,5,4.8,4.9,5.1
41.654527,-0.898992,24320246,Delicias,main_street,0.3544,0.3197,0.9542,0.0745,0.3605,0.3717,0.3359,0.3611,0.4194,4.3,4.3,4.3,4.2,4.3,4.5
41.654619,-0.899267,24320246,Delicias,main_street,0.3676,0.3421,0.9616,0.0616,0.3763,0.384,0.3523,0.3717,0.4323,4.4,4.4,4.4,4.3,4.4,4.6
41.652357,-0.898129,24320410,Delicias,side_street,0.2886,0.233,0.9775,0.093,0.2866,0.3005,0.2882,0.2934,0.2962,3.9,3.9,3.9,3.9,3.9,3.9
41.653143,-0.899201,24320410,Delicias,side_street,0.3437,0.2928,0.9807,0.1268,0.351,0.3559,0.3317,0.3412,0.3648,4.2,4.3,4.3,4.2,4.2,4.3
41.653426,-0.899668,24320410,Delicias,side_street,0.3854,0.2928,0.9542,0.0639,0.3912,0.3954,0.3731,0.3858,0.4336,4.3,4.3,4.3,4.2,4.3,4.4
41.653617,-0.899804,24320410,Delicias,side_street,0.3998,0.5184,0.9674,0.0735,0.4039,0.411,0.3879,0.4023,0.4647,5,5,5.1,5,5,5.2
41.653832,-0.899891,24320410,Delicias,side_street,0.4069,0.5277,0.9616,0.0852,0.4101,0.4179,0.3956,0.4146,0.4822,5.1,5.1,5.1,5,5.1,5.4
41.654262,-0.900066,24320410,Delicias,side_street,0.4189,0.5277,0.9616,0.1073,0.4211,0.4322,0.4117,0.4315,0.5021,5.1,5.2,5.2,5.1,5.2,5.5
41.654477,-0.900154,24320410,Delicias,side_street,0.4213,0.5277,0.9616,0.123,0.4241,0.433,0.4144,0.434,0.5033,5.2,5.2,5.2,5.1,5.2,5.6
41.651972,-0.900373,24320411,Delicias,side_street,0.3783,0.26,0.9616,0.0312,0.3824,0.3806,0.369,0.377,0.3987,4.2,4.2,4.2,4.1,4.2,4.2
41.65252,-0.899429,24320411,Delicias,side_street,0.3571,0.2679,0.9542,0.0873,0.3669,0.3632,0.3458,0.3424,0.354,4.2,4.2,4.2,4.1,4.1,4.1
41.652672,-0.899207,24320411,Delicias,side_street,0.3447,0.2565,0.9775,0.0917,0.3543,0.3537,0.3334,0.3311,0.3444,4.1,4.2,4.2,4.1,4.1,4.1
41.653194,-0.898666,24320411,Delicias,side_street,0.3091,0.1368,0.9807,0.1059,0.3142,0.3235,0.2973,0.3084,0.3349,3.8,3.8,3.8,3.7,3.8,3.8
41.654221,-0.898148,24320411,Delicias,side_street,0.306,0.2564,0.946,0.155,0.3102,0.3301,0.2893,0.316,0.3758,4,4,4.1,4,4,4.2
41.651351,-0.898506,24320413,Delicias,side_street,0.3209,0.4012,0.9775,0.1572,0.32,0.3245,0.3202,0.3217,0.3051,4.5,4.5,4.5,4.5,4.5,4.4
41.654394,-0.900673,24320414,Delicias,side_street,0.4443,0.7815,0.911,0.1884,0.4463,0.4585,0.4356,0.4648,0.5421,6.2,6.2,6.3,6.2,6.4,6.8
41.654179,-0.900584,24320414,Delicias,side_street,0.4432,0.7681,0.911,0.1649,0.4456,0.458,0.434,0.4618,0.5376,6.1,6.1,6.2,6.1,6.3,6.7
41.653964,-0.900496,24320414,Delicias,side_street,0.4381,0.7681,0.8995,0.1437,0.4395,0.4515,0.4268,0.4525,0.5285,6,6.1,6.1,6,6.1,6.6
41.653749,-0.900407,24320414,Delicias,side_street,0.4309,0.7681,0.8891,0.1217,0.4324,0.4435,0.419,0.4408,0.512,6,6,6,5.9,6,6.4
41.653534,-0.900318,24320414,Delicias,side_street,0.4226,0.7681,0.8995,0.1008,0.4269,0.4371,0.4115,0.4275,0.4897,5.9,6,6,5.9,5.9,6.3
41.65332,-0.900229,24320414,Delicias,side_street,0.4139,0.7681,0.9234,0.0895,0.4197,0.4274,0.4026,0.4137,0.465,5.9,6,6,5.9,5.9,6.2
41.653105,-0.90014,24320414,Delicias,side_street,0.4018,0.7702,0.9234,0.0791,0.4081,0.4101,0.3891,0.3953,0.4289,5.9,5.9,5.9,5.8,5.8,6
41.652528,-0.899227,24320414,Delicias,side_street,0.3486,0.3836,0.971,0.0664,0.3591,0.3566,0.3375,0.3325,0.3431,4.4,4.5,4.5,4.4,4.4,4.4
41.652359,-0.899028,24320414,Delicias,side_street,0.3376,0.3836,0.9807,0.0705,0.3489,0.3499,0.331,0.3245,0.329,4.4,4.5,4.5,4.4,4.4,4.4
41.652023,-0.898628,24320414,Delicias,side_street,0.3191,0.3703,0.9807,0.0798,0.3238,0.3257,0.3154,0.3142,0.3092,4.3,4.3,4.3,4.3,4.3,4.3
41.651859,-0.898422,24320414,Delicias,side_street,0.312,0.3703,0.971,0.0831,0.3123,0.3188,0.3103,0.3094,0.294,4.3,4.3,4.3,4.3,4.3,4.2
41.654089,-0.901113,24320415,Delicias,side_street,0.4604,0.7695,0.8891,0.2672,0.4623,0.4731,0.4504,0.4798,0.5495,6.3,6.3,6.4,6.3,6.5,6.9
41.652568,-0.902276,24320416,Delicias,side_street,0.4514,0.4604,0.8995,0.1519,0.4521,0.4577,0.4373,0.4601,0.5232,5,5,5,4.9,5,5.3
41.652424,-0.902846,24320416,Delicias,side_street,0.4493,0.4604,0.8995,0.1023,0.4467,0.4565,0.4363,0.4696,0.5465,4.9,4.9,5,4.9,5,5.3
41.652351,-0.903131,24320416,Delicias,side_street,0.4522,0.5687,0.9234,0.0837,0.4473,0.459,0.4388,0.4739,0.5526,5.3,5.3,5.4,5.2,5.4,5.8
41.652129,-0.903983,24320416,Delicias,side_street,0.4515,0.4541,0.946,0.0205,0.4433,0.4601,0.4399,0.4825,0.566,4.9,4.9,5,4.9,5,5.4
41.652055,-0.904267,24320416,Delicias,side_street,0.4446,0.4546,0.946,0.0307,0.4367,0.4529,0.4351,0.4777,0.562,4.9,4.9,4.9,4.9,5,5.4
41.651988,-0.904554,24320416,Delicias,side_street,0.4385,0.4502,0.946,0.0459,0.4308,0.4425,0.4289,0.4672,0.5466,4.9,4.9,4.9,4.9,5,5.3
41.651922,-0.904842,24320416,Delicias,side_street,0.4298,0.4539,0.9674,0.0472,0.425,0.4336,0.4221,0.451,0.5211,4.9,4.9,4.9,4.9,5,5.3
41.652838,-0.903977,24320417,Delicias,side_street,0.4902,0.2658,0.946,0.08,0.4873,0.4984,0.4753,0.5153,0.5889,4.6,4.6,4.6,4.5,4.7,4.9
41.652911,-0.903692,24320417,Delicias,side_street,0.4928,0.2658,0.9234,0.0955,0.491,0.4993,0.4772,0.5148,0.5871,4.6,4.6,4.6,4.5,4.6,4.9
41.652984,-0.903408,24320417,Delicias,side_street,0.498,0.2658,0.9358,0.1172,0.4982,0.5057,0.4815,0.5168,0.5831,4.6,4.7,4.7,4.6,4.7,4.9
41.65313,-0.902838,24320417,Delicias,side_street,0.4983,0.2658,0.8995,0.1601,0.4986,0.5054,0.483,0.5172,0.5784,4.6,4.6,4.6,4.6,4.6,4.9
41.653203,-0.902554,24320417,Delicias,side_street,0.4979,0.2658,0.8891,0.1775,0.498,0.5051,0.4837,0.5167,0.5721,4.6,4.6,4.6,4.6,4.6,4.8
41.653276,-0.902269,24320417,Delicias,side_street,0.491,0.4366,0.8995,0.1936,0.4907,0.4969,0.4781,0.5061,0.5605,5.1,5.1,5.1,5.1,5.2,5.4
41.653349,-0.901985,24320417,Delicias,side_street,0.4789,0.4366,0.8995,0.2063,0.4789,0.4852,0.4664,0.4935,0.5492,5.1,5.1,5.1,5,5.1,5.4
41.650681,-0.898788,24320419,Delicias,side_street,0.3471,0.1319,0.9775,0.0968,0.3427,0.3455,0.3479,0.352,0.3311,3.9,3.8,3.9,3.9,3.9,3.8
41.650774,-0.899062,24320419,Delicias,side_street,0.3434,0.1319,0.9674,0.1189,0.3409,0.3436,0.3423,0.3499,0.3345,3.8,3.8,3.8,3.8,3.9,3.8
41.652271,-0.902984,24320421,Delicias,side_street,0.4416,0.2174,0.911,0.0667,0.4371,0.4462,0.4312,0.4642,0.5408,4.2,4.2,4.2,4.2,4.3,4.5
41.646524,-0.896785,24320624,Delicias,side_street,0.681,0.628,0.9962,0.197,0.7007,0.6962,0.6653,0.6525,0.6743,7.3,7.4,7.4,7.1,7,7.2
41.646729,-0.896907,24320624,Delicias,side_street,0.6499,0.628,0.9962,0.1639,0.6699,0.6663,0.6296,0.6326,0.6535,7,7.1,7.1,6.9,6.9,7
41.64714,-0.897151,24320624,Delicias,side_street,0.6033,0.5131,0.9957,0.2065,0.6148,0.6181,0.5851,0.5875,0.6155,6.3,6.3,6.3,6.2,6.2,6.3
41.647346,-0.897272,24320624,Delicias,side_street,0.5851,0.5131,0.995,0.2168,0.5955,0.6008,0.5678,0.5709,0.5996,6.2,6.2,6.3,6.1,6.1,6.3
41.647552,-0.897393,24320624,Delicias,side_street,0.5708,0.5131,0.995,0.1926,0.5832,0.5859,0.556,0.555,0.5749,6.1,6.1,6.2,6,6,6.1
41.648813,-0.897902,24320624,Delicias,side_street,0.4999,0.5004,0.9889,0.3438,0.5035,0.5033,0.4932,0.4946,0.4972,5.8,5.9,5.8,5.8,5.8,5.8
41.649036,-0.897858,24320624,Delicias,side_street,0.49,0.5004,0.988,0.3652,0.4904,0.4912,0.4878,0.4897,0.4927,5.8,5.8,5.8,5.8,5.8,5.8
41.648841,-0.895927,24320627,Delicias,side_street,0.5541,0.2911,0.9957,0.4986,0.556,0.5572,0.5505,0.5372,0.5004,5.5,5.5,5.5,5.5,5.4,5.2
41.647735,-0.897994,24320630,Delicias,side_street,0.5506,0.3256,0.9919,0.2458,0.5616,0.5667,0.5338,0.5345,0.5472,5.3,5.3,5.4,5.2,5.2,5.2
41.647634,-0.898263,24320630,Delicias,side_street,0.5435,0.3332,0.9903,0.1902,0.5541,0.5594,0.526,0.5298,0.5445,5.2,5.3,5.3,5.1,5.1,5.1
41.646868,-0.89984,24320632,Delicias,side_street,0.4218,0.0795,0.9832,0.1947,0.431,0.4298,0.4168,0.4012,0.4009,4.1,4.1,4.1,4,4,4
41.646666,-0.899709,24320632,Delicias,side_street,0.4251,0.0795,0.9864,0.2162,0.4334,0.4341,0.4182,0.4053,0.411,4.1,4.1,4.1,4.1,4,4
41.646464,-0.899578,24320632,Delicias,side_street,0.4288,0.0795,0.9864,0.2418,0.438,0.4375,0.4231,0.4104,0.4207,4.1,4.1,4.1,4.1,4,4.1
41.643329,-0.889941,24321716,Universidad,main_street,0.8327,0.8003,0.4422,0.8789,0.8437,0.8214,0.8373,0.8075,0.7862,8.4,8.5,8.3,8.4,8.3,8.2
41.643285,-0.889647,24321716,Universidad,main_street,0.8287,0.7585,0.4428,0.8426,0.8417,0.8188,0.8344,0.802,0.7783,8.2,8.2,8.1,8.2,8,7.9
41.643206,-0.889365,24321716,Universidad,main_street,0.8291,0.7559,0.4428,0.8267,0.843,0.82,0.8352,0.7996,0.772,8.1,8.2,8,8.2,7.9,7.7
41.643127,-0.889084,24321716,Universidad,main_street,0.8293,0.7559,0.4432,0.7853,0.8441,0.8202,0.8354,0.7978,0.7689,8,8.1,8,8.1,7.8,7.6
41.643048,-0.888802,24321716,Universidad,main_street,0.8282,0.7559,0.4428,0.7124,0.8421,0.8191,0.8322,0.7964,0.7675,7.9,8,7.8,7.9,7.7,7.5
41.642969,-0.888521,24321716,Universidad,main_street,0.8269,0.7559,0.4418,0.6728,0.841,0.8174,0.8308,0.7937,0.7636,7.8,7.9,7.8,7.8,7.6,7.4
41.648454,-0.890717,24321846,Centro,side_street,0.7598,0.4989,0.7094,0.6997,0.7763,0.7538,0.7581,0.7193,0.6894,7,7.1,7,7,6.8,6.6
41.648246,-0.890602,24321846,Centro,side_street,0.7795,0.4989,0.7144,0.6409,0.7962,0.7728,0.7795,0.7349,0.707,7.1,7.2,7,7,6.8,6.7
41.64807,-0.890416,24321846,Centro,side_street,0.7932,0.5692,0.7205,0.6786,0.8086,0.7884,0.7931,0.7486,0.7253,7.6,7.7,7.6,7.6,7.3,7.1
41.647124,-0.893531,24321848,Centro,side_street,0.7889,0.129,0.6975,0.6723,0.7983,0.7841,0.789,0.7626,0.7496,5.5,5.6,5.5,5.5,5.4,5.3
41.647218,-0.893257,24321848,Centro,side_street,0.785,0.129,0.701,0.6679,0.7952,0.7794,0.7852,0.7565,0.7443,5.5,5.6,5.5,5.5,5.4,5.3
41.647405,-0.89271,24321848,Centro,side_street,0.7777,0.129,0.701,0.6306,0.7891,0.7723,0.7777,0.7504,0.7421,5.4,5.5,5.4,5.4,5.3,5.2
41.647499,-0.892437,24321848,Centro,side_street,0.777,0.129,0.7043,0.602,0.7893,0.7718,0.776,0.748,0.7407,5.4,5.5,5.4,5.4,5.2,5.2
41.647909,-0.893248,24321849,Centro,main_street,0.7253,0.9764,0.6956,0.6398,0.7371,0.725,0.7257,0.7011,0.6655,9,9,9,9,8.9,8.6
41.648045,-0.893482,24321849,Centro,main_street,0.7069,0.9767,0.6975,0.6539,0.7176,0.7046,0.7082,0.6795,0.6478,8.9,9,8.9,8.9,8.7,8.5
41.648614,-0.88982,24321850,Centro,main_street,0.7634,0.8448,0.7144,0.8643,0.7778,0.7582,0.7672,0.7302,0.7099,9,9.1,9,9,8.8,8.7
41.648598,-0.89012,24321850,Centro,main_street,0.762,0.8448,0.7158,0.8089,0.7767,0.7569,0.7636,0.7271,0.7076,8.9,9,8.9,8.9,8.7,8.6
41.648582,-0.89042,24321850,Centro,main_street,0.7538,0.8448,0.7073,0.8105,0.7704,0.749,0.7549,0.7185,0.6929,8.9,8.9,8.8,8.9,8.6,8.5
41.648562,-0.89072,24321850,Centro,main_street,0.7486,0.8491,0.7094,0.7093,0.7641,0.7445,0.7501,0.7114,0.6783,8.7,8.8,8.6,8.7,8.4,8.3
41.648532,-0.891018,24321850,Centro,main_street,0.7443,0.9351,0.7073,0.6711,0.7602,0.74,0.7434,0.7051,0.6675,9,9.1,9,9,8.8,8.5
41.648475,-0.891309,24321850,Centro,main_street,0.7347,0.9279,0.7043,0.6758,0.7507,0.7319,0.7325,0.6956,0.659,8.9,9,8.9,8.9,8.6,8.5
41.648396,-0.891591,24321850,Centro,main_street,0.727,0.9283,0.7094,0.6097,0.7439,0.727,0.7251,0.6895,0.6552,8.7,8.9,8.7,8.7,8.5,8.4
41.648311,-0.891869,24321850,Centro,main_street,0.7222,0.9283,0.7094,0.5851,0.7386,0.7236,0.7196,0.6853,0.6553,8.7,8.8,8.7,8.6,8.4,8.3
41.648225,-0.892147,24321850,Centro,main_street,0.724,0.9299,0.7032,0.5507,0.7407,0.726,0.7213,0.6905,0.6611,8.6,8.7,8.6,8.6,8.4,8.3
41.648136,-0.892423,24321850,Centro,main_street,0.7233,0.9317,0.7023,0.5889,0.7383,0.7246,0.7216,0.6929,0.6612,8.7,8.8,8.7,8.7,8.5,8.4
41.648497,-0.88802,24321852,Centro,side_street,0.8088,0.2905,0.7387,0.9915,0.8249,0.8098,0.8127,0.7764,0.7708,6.9,6.9,6.9,6.9,6.7,6.7
41.648891,-0.88831,24321852,Centro,side_street,0.787,0.2905,0.733,0.9874,0.8006,0.7883,0.7924,0.7586,0.7531,6.7,6.8,6.7,6.8,6.6,6.6
41.649087,-0.888456,24321852,Centro,side_street,0.7725,0.3118,0.7263,0.9835,0.7855,0.7722,0.7785,0.7453,0.7442,6.7,6.8,6.7,6.7,6.6,6.6
41.648043,-0.888847,24321854,Centro,side_street,0.8061,0.5375,0.733,0.9504,0.8245,0.8054,0.8105,0.7698,0.7537,8,8.2,8,8.1,7.8,7.7
41.648148,-0.888581,24321854,Centro,side_street,0.8044,0.5375,0.733,0.976,0.8232,0.8051,0.8094,0.7694,0.7554,8.1,8.2,8.1,8.1,7.8,7.8
41.648253,-0.888316,24321854,Centro,side_street,0.807,0.5375,0.7348,0.9812,0.825,0.8084,0.8116,0.7728,0.763,8.1,8.2,8.1,8.1,7.9,7.8
41.648358,-0.88805,24321854,Centro,side_street,0.8125,0.5518,0.736,0.9884,0.8293,0.8147,0.8161,0.7784,0.7712,8.2,8.4,8.2,8.3,8,8
41.648871,-0.889211,24321855,Centro,side_street,0.7586,0.3862,0.7158,0.9479,0.772,0.7555,0.763,0.7295,0.7161,6.9,6.9,6.8,6.9,6.7,6.7
41.648974,-0.889479,24321855,Centro,side_street,0.7429,0.3132,0.7144,0.9373,0.7555,0.7411,0.7503,0.7165,0.6994,6.4,6.5,6.4,6.5,6.3,6.2
41.649075,-0.889747,24321855,Centro,side_street,0.7244,0.3132,0.7073,0.9252,0.738,0.7263,0.7299,0.7005,0.674,6.3,6.4,6.3,6.3,6.2,6
41.649176,-0.890016,24321855,Centro,side_street,0.7036,0.3132,0.7043,0.8811,0.712,0.7015,0.709,0.6785,0.6581,6.1,6.1,6.1,6.1,6,5.9
41.649277,-0.890285,24321855,Centro,side_street,0.67,0.3462,0.6989,0.8693,0.6767,0.6706,0.6858,0.6504,0.6338,6,6.1,6,6.1,5.9,5.8
41.649378,-0.890554,24321855,Centro,side_street,0.6319,0.3462,0.6956,0.8461,0.635,0.6386,0.6409,0.6266,0.6143,5.8,5.8,5.8,5.9,5.8,5.7
41.649478,-0.890823,24321855,Centro,side_street,0.6037,0.3581,0.6989,0.7958,0.6025,0.6094,0.6084,0.6009,0.588,5.6,5.7,5.7,5.7,5.6,5.5
41.648667,-0.890809,24321856,Centro,side_street,0.7346,0.669,0.7023,0.7401,0.75,0.7318,0.7345,0.6981,0.6653,7.7,7.8,7.7,7.7,7.5,7.3
41.648886,-0.890877,24321856,Centro,side_street,0.7055,0.669,0.7023,0.7487,0.7215,0.7035,0.707,0.6689,0.6456,7.6,7.7,7.6,7.6,7.3,7.2
41.649325,-0.890981,24321856,Centro,side_street,0.6196,0.6834,0.7023,0.7776,0.622,0.6272,0.6246,0.6159,0.6043,7.1,7.1,7.2,7.1,7.1,7
41.64951,-0.890811,24321856,Centro,side_street,0.5981,0.5123,0.6975,0.7978,0.5961,0.6046,0.6019,0.5937,0.5813,6.2,6.2,6.3,6.2,6.2,6.1
41.65061,-0.889766,24321856,Centro,side_street,0.4994,0.5223,0.7032,0.9163,0.4987,0.5148,0.5081,0.5075,0.525,5.9,5.9,6,6,5.9,6
41.642631,-0.88641,24321878,Centro,side_street,0.7992,0.6184,0.7128,0.8758,0.8091,0.789,0.8075,0.764,0.7029,8.2,8.3,8.1,8.3,8,7.6
41.642723,-0.886685,24321878,Centro,side_street,0.8012,0.6184,0.7205,0.8567,0.8127,0.7915,0.8095,0.7677,0.7083,8.2,8.3,8.1,8.3,8,7.6
41.642884,-0.886808,24321879,Centro,side_street,0.8051,0.3323,0.7275,0.7927,0.8168,0.7952,0.8135,0.7708,0.713,6.7,6.8,6.7,6.8,6.5,6.2
41.643329,-0.886726,24321879,Centro,side_street,0.8233,0.3349,0.736,0.7494,0.8365,0.8102,0.8328,0.7853,0.727,6.8,6.8,6.7,6.9,6.6,6.2
41.643552,-0.886691,24321879,Centro,side_street,0.8294,0.3756,0.7414,0.7753,0.8431,0.8184,0.8409,0.7894,0.7296,7.1,7.2,7,7.2,6.8,6.5
41.643775,-0.886655,24321879,Centro,side_street,0.8388,0.3756,0.7501,0.8342,0.8519,0.8259,0.8486,0.7969,0.7337,7.3,7.4,7.2,7.4,7,6.7
41.643999,-0.886619,24321879,Centro,side_street,0.8471,0.1029,0.7598,0.8311,0.8597,0.8339,0.8567,0.8047,0.7373,6.1,6.2,6.1,6.2,5.9,5.5
41.644222,-0.886584,24321879,Centro,side_street,0.8529,0.1051,0.7598,0.8137,0.8656,0.8386,0.8626,0.8088,0.7411,6.1,6.2,6.1,6.2,5.9,5.5
41.644892,-0.88648,24321879,Centro,side_street,0.8748,0.135,0.774,0.8252,0.8882,0.857,0.8833,0.8255,0.7544,6.4,6.5,6.3,6.5,6.2,5.8
41.651588,-0.891215,24322100,Centro,side_street,0.3106,0.1309,0.679,0.8109,0.305,0.3231,0.3143,0.3246,0.3619,3.8,3.8,3.9,3.8,3.9,4
41.651433,-0.891433,24322100,Centro,side_street,0.3067,0.0726,0.6781,0.7702,0.3005,0.3163,0.3109,0.3183,0.3525,3.6,3.6,3.7,3.7,3.7,3.8
41.650812,-0.892303,24322100,Centro,side_street,0.327,0.0726,0.672,0.6588,0.3205,0.3308,0.3379,0.3392,0.3402,3.6,3.6,3.6,3.7,3.6,3.6
41.650713,-0.892235,24322101,Centro,side_street,0.3451,0.0858,0.6768,0.6497,0.3358,0.3474,0.3553,0.3563,0.3546,3.7,3.7,3.7,3.7,3.7,3.7
41.650657,-0.892628,24322102,Centro,square,0.341,0.1911,0.6738,0.6755,0.3314,0.3441,0.3533,0.3566,0.3537,4,3.9,4,4,4,4
41.650475,-0.89506,24324913,Delicias,side_street,0.3515,0.3214,0.9944,0.5114,0.3361,0.354,0.3633,0.368,0.3632,4.7,4.7,4.7,4.8,4.8,4.7
41.655187,-0.892123,24324928,"Casco Histórico",side_street,0.3632,0.8674,0.5528,0.7858,0.3687,0.3755,0.3607,0.3622,0.3947,6,6,6.1,6,6,6.2
41.655085,-0.891855,24324928,"Casco Histórico",side_street,0.3519,0.8645,0.5544,0.726,0.3574,0.3642,0.3481,0.3506,0.3795,5.8,5.9,5.9,5.8,5.8,6
41.654982,-0.891588,24324928,"Casco Histórico",side_street,0.3403,0.8612,0.5563,0.6669,0.3468,0.355,0.3382,0.3365,0.3631,5.7,5.8,5.8,5.7,5.6,5.8
41.655248,-0.889399,24324929,"Casco Histórico",side_street,0.3534,0.9162,0.5659,0.1618,0.3547,0.3656,0.356,0.3501,0.3455,5.3,5.4,5.4,5.3,5.3,5.3
41.655582,-0.891974,24324931,"Casco Histórico",side_street,0.3899,0.4228,0.5528,0.7455,0.3936,0.3961,0.3903,0.38,0.407,4.6,4.6,4.6,4.6,4.5,4.6
41.655533,-0.89168,24324931,"Casco Histórico",side_street,0.3824,0.4228,0.5528,0.6816,0.3901,0.3902,0.3857,0.3734,0.3912,4.5,4.5,4.5,4.5,4.4,4.5
41.655484,-0.891386,24324931,"Casco Histórico",side_street,0.3802,0.4228,0.5528,0.6311,0.3881,0.3872,0.3848,0.369,0.3797,4.4,4.4,4.4,4.4,4.4,4.4
41.655435,-0.891092,24324931,"Casco Histórico",side_street,0.3779,0.4049,0.5528,0.5336,0.3854,0.3854,0.384,0.3662,0.3714,4.3,4.3,4.3,4.3,4.2,4.2
41.655386,-0.890799,24324931,"Casco Histórico",side_street,0.3693,0.4049,0.5603,0.4305,0.379,0.3766,0.3776,0.3583,0.3585,4.2,4.2,4.2,4.2,4.1,4.1
41.655288,-0.890212,24324931,"Casco Histórico",side_street,0.3612,0.4049,0.5645,0.3233,0.3711,0.3676,0.3652,0.3407,0.3322,4.1,4.1,4.1,4.1,4,4
41.655239,-0.889918,24324931,"Casco Histórico",side_street,0.3561,0.4049,0.5664,0.2116,0.3638,0.3657,0.3592,0.3383,0.3269,4,4,4,4,3.9,3.9
41.65519,-0.889624,24324931,"Casco Histórico",side_street,0.3542,0.4049,0.5659,0.1631,0.3584,0.3646,0.357,0.3441,0.3385,3.9,3.9,4,3.9,3.9,3.9
41.654521,-0.886297,24325056,"Casco Histórico",side_street,0.5974,0.1476,0.5885,0.535,0.5934,0.6395,0.5888,0.6316,0.7206,4.4,4.4,4.6,4.4,4.5,4.8
41.6543,-0.886354,24325056,"Casco Histórico",side_street,0.5955,0.1476,0.5961,0.5017,0.5913,0.6372,0.5866,0.6323,0.721,4.4,4.4,4.6,4.4,4.5,4.8
41.652617,-0.886269,24325136,"Casco Histórico",side_street,0.6652,0.3959,0.6417,0.1193,0.6618,0.7099,0.6569,0.706,0.7612,5.1,5.1,5.3,5.1,5.3,5.5
41.652357,-0.885436,24325136,"Casco Histórico",side_street,0.7688,0.1563,0.6584,0.1699,0.7716,0.7877,0.759,0.7808,0.8188,4.9,4.9,5,4.8,4.9,5
41.65227,-0.885158,24325136,"Casco Histórico",side_street,0.7997,0.2654,0.6596,0.1771,0.8029,0.8142,0.7918,0.8096,0.8434,5.4,5.4,5.5,5.3,5.4,5.6
41.652907,-0.885525,24325137,"Casco Histórico",side_street,0.7439,0.1544,0.6521,0.4155,0.7455,0.7655,0.7337,0.7646,0.8108,5,5,5.1,5,5.1,5.3
41.652872,-0.885914,24325138,"Casco Histórico",square,0.7058,0.2918,0.6404,0.1425,0.7008,0.7349,0.6979,0.7296,0.7822,5,5,5.1,4.9,5,5.3
41.653055,-0.885608,24325139,"Casco Histórico",square,0.7306,0.5086,0.6501,0.4264,0.7323,0.7554,0.7192,0.7527,0.8023,6.3,6.3,6.4,6.2,6.4,6.7
41.653262,-0.885493,24325139,"Casco Histórico",square,0.7362,0.1201,0.6449,0.4816,0.7374,0.7599,0.7256,0.7578,0.807,4.9,4.9,5,4.9,5,5.2
41.653227,-0.885239,24325139,"Casco Histórico",square,0.7605,0.589,0.6478,0.5133,0.7596,0.7835,0.7514,0.7794,0.8293,6.9,6.9,7.1,6.9,7.1,7.4
41.65304,-0.885291,24325139,"Casco Histórico",square,0.7595,0.1912,0.6501,0.4729,0.7586,0.7819,0.7506,0.7787,0.828,5.2,5.3,5.4,5.2,5.3,5.6
41.652878,-0.88543,24325139,"Casco Histórico",square,0.7521,0.1544,0.6546,0.4245,0.752,0.7742,0.7432,0.7716,0.8177,5.1,5.1,5.1,5,5.1,5.3
41.653529,-0.885387,24325140,"Casco Histórico",side_street,0.7432,0.1804,0.6437,0.5464,0.7445,0.7657,0.7342,0.7633,0.8106,5.2,5.2,5.3,5.2,5.3,5.5
41.653313,-0.885471,24325140,"Casco Histórico",side_street,0.7373,0.1804,0.6449,0.4931,0.7387,0.7614,0.7268,0.7589,0.8082,5.1,5.1,5.2,5.1,5.2,5.4
41.653111,-0.884671,24325141,"Casco Histórico",side_street,0.8111,0.7593,0.6561,0.5558,0.8126,0.831,0.8017,0.8291,0.8659,8.3,8.3,8.4,8.2,8.3,8.6
41.65416,-0.885079,24325143,"Casco Histórico",square,0.7623,0.1437,0.6326,0.7275,0.763,0.7836,0.7554,0.7771,0.8277,5.4,5.4,5.5,5.3,5.4,5.7
41.653327,-0.885164,24325144,"Casco Histórico",square,0.7648,0.0639,0.6501,0.5377,0.764,0.7875,0.7551,0.7831,0.8327,4.9,4.9,5,4.9,5,5.2
41.653543,-0.885081,24325144,"Casco Histórico",square,0.7681,0.091,0.6478,0.5863,0.7685,0.7899,0.7586,0.7845,0.8341,5.1,5.1,5.2,5,5.1,5.3
41.650546,-0.883075,24325145,Centro,square,0.97,0.6827,0.8187,0.6419,0.9774,0.9669,0.9691,0.9553,0.9397,9.4,9.5,9.4,9.4,9.4,9.3
41.650652,-0.88334,24325145,Centro,square,0.9665,0.6827,0.8164,0.6187,0.9741,0.9635,0.9654,0.9536,0.9392,9.4,9.4,9.4,9.3,9.3,9.3
41.650759,-0.883605,24325145,Centro,square,0.9635,0.6827,0.8164,0.5882,0.9699,0.9599,0.9621,0.9511,0.9387,9.3,9.3,9.3,9.3,9.3,9.2
41.650867,-0.883869,24325145,Centro,square,0.9593,0.7508,0.8135,0.556,0.9659,0.9558,0.9546,0.9466,0.935,9.5,9.5,9.5,9.5,9.4,9.4
41.650973,-0.884134,24325145,Centro,square,0.9498,0.6757,0.7998,0.5252,0.9555,0.9498,0.9349,0.9406,0.9272,9.1,9.1,9.1,9,9.1,9
41.652628,-0.883471,24325146,Centro,side_street,0.9015,0.3082,0.787,0.7479,0.9028,0.9259,0.8906,0.9172,0.923,7.4,7.4,7.5,7.3,7.5,7.5
41.64799,-0.886267,24325209,Centro,side_street,0.8751,0.5121,0.8051,0.9966,0.8891,0.8758,0.8785,0.8445,0.8191,8.6,8.7,8.6,8.6,8.4,8.3
41.648164,-0.886078,24325209,Centro,side_street,0.8766,0.4161,0.8078,0.998,0.8885,0.8762,0.8792,0.8478,0.8238,8.2,8.3,8.2,8.3,8.1,7.9
41.648341,-0.885891,24325209,Centro,side_street,0.8819,0.4161,0.8051,0.9976,0.8926,0.8811,0.8855,0.8564,0.8315,8.3,8.3,8.2,8.3,8.1,8
41.648517,-0.885705,24325209,Centro,side_street,0.8875,0.4161,0.8187,0.9914,0.897,0.886,0.8909,0.8645,0.8385,8.3,8.4,8.3,8.3,8.2,8.1
41.648694,-0.885519,24325209,Centro,side_street,0.8949,0.4179,0.8187,0.9881,0.9049,0.897,0.8987,0.8752,0.8475,8.4,8.4,8.3,8.4,8.2,8.1
41.648874,-0.885338,24325209,Centro,side_street,0.898,0.3762,0.8209,0.9815,0.9086,0.9016,0.9015,0.8828,0.8563,8.2,8.3,8.2,8.2,8.1,8
41.649054,-0.885158,24325209,Centro,side_street,0.9033,0.3762,0.8227,0.9751,0.9132,0.909,0.9057,0.8878,0.8605,8.2,8.3,8.2,8.2,8.1,8
41.649234,-0.884979,24325209,Centro,side_street,0.9064,0.3762,0.8187,0.9583,0.9163,0.9145,0.9069,0.8926,0.8655,8.2,8.3,8.2,8.2,8.1,8
41.649413,-0.884796,24325209,Centro,side_street,0.9121,0.3503,0.8242,0.919,0.922,0.9227,0.9103,0.9002,0.8713,8.1,8.1,8.1,8,8,7.8
41.649768,-0.884426,24325209,Centro,side_street,0.9324,0.341,0.8187,0.8949,0.9381,0.9422,0.9254,0.9187,0.8923,8.1,8.1,8.2,8,8,7.9
41.6507,-0.885379,24325211,Centro,side_street,0.8591,0.3221,0.7922,0.7884,0.8667,0.8722,0.8557,0.8604,0.8587,7.2,7.3,7.3,7.2,7.2,7.2
41.650501,-0.885239,24325211,Centro,side_street,0.8827,0.3221,0.8051,0.8245,0.8871,0.8908,0.8737,0.8773,0.866,7.5,7.5,7.6,7.4,7.4,7.4
41.656712,-0.885623,24326117,"Casco Histórico",square,0.4862,0.2602,0.5563,0.5776,0.472,0.5324,0.4852,0.5454,0.6574,4.3,4.3,4.5,4.3,4.5,4.9
41.656159,-0.88435,24326119,"Casco Histórico",side_street,0.6918,0.8975,0.5747,0.8916,0.667,0.7282,0.6897,0.7421,0.8127,8.4,8.3,8.6,8.4,8.7,9.2
41.656361,-0.884219,24326119,"Casco Histórico",side_street,0.6692,0.8975,0.5714,0.884,0.6437,0.7169,0.6693,0.7332,0.8051,8.3,8.1,8.5,8.3,8.6,9.1
41.657274,-0.886079,24326120,"Casco Histórico",square,0.3893,0.165,0.5528,0.2646,0.3802,0.4083,0.3902,0.4192,0.5174,3.5,3.5,3.6,3.5,3.6,3.9
41.657224,-0.885786,24326120,"Casco Histórico",square,0.4091,0.165,0.5552,0.3159,0.4004,0.4332,0.4094,0.4432,0.5568,3.6,3.6,3.7,3.6,3.8,4.1
41.656401,-0.888863,24326121,"Casco Histórico",square,0.3424,0.1109,0.5636,0.1352,0.3419,0.3532,0.3478,0.3475,0.3518,3.1,3.1,3.1,3.1,3.1,3.2
41.656039,-0.88652,24326122,"Casco Histórico",side_street,0.4852,0.5213,0.5636,0.404,0.4791,0.5332,0.4832,0.5283,0.6244,4.9,4.9,5.1,4.9,5,5.5
41.656962,-0.883795,24326124,"Casco Histórico",side_street,0.615,0.8159,0.5671,0.8871,0.5897,0.656,0.6091,0.7017,0.7867,7.5,7.3,7.8,7.5,8.1,8.6
41.657173,-0.883689,24326124,"Casco Histórico",side_street,0.5871,0.8173,0.5645,0.8929,0.5626,0.6266,0.5818,0.6703,0.7737,7.3,7.1,7.6,7.3,7.9,8.5
41.656766,-0.885202,24326125,"Casco Histórico",square,0.5126,0.1565,0.5574,0.71,0.4996,0.5581,0.5096,0.5762,0.7007,4.2,4.2,4.4,4.2,4.5,4.9
41.656405,-0.885422,24326126,"Casco Histórico",square,0.5465,0.1214,0.5664,0.7313,0.5332,0.588,0.5417,0.6053,0.7178,4.3,4.3,4.5,4.3,4.5,4.9
41.657731,-0.886488,24326127,"Casco Histórico",side_street,0.302,0.3419,0.5457,0.079,0.2921,0.3205,0.3048,0.3249,0.3655,3.5,3.5,3.6,3.5,3.6,3.7
41.651576,-0.87666,24326511,"Casco Histórico",side_street,0.9296,0.9219,0.6249,0.386,0.9026,0.9484,0.9144,0.9527,0.96,9.3,9.2,9.4,9.2,9.4,9.5
41.6517,-0.876911,24326511,"Casco Histórico",side_street,0.9495,0.9219,0.6227,0.2934,0.9206,0.9542,0.9365,0.9577,0.9634,9.3,9.1,9.3,9.2,9.3,9.4
41.652492,-0.876742,24326512,"Casco Histórico",side_street,0.9601,0.3638,0.6033,0.2535,0.9377,0.9616,0.9552,0.9689,0.9733,6.6,6.5,6.6,6.6,6.7,6.7
41.652699,-0.876625,24326512,"Casco Histórico",side_street,0.959,0.3345,0.5979,0.221,0.935,0.961,0.952,0.9688,0.9743,6.4,6.3,6.4,6.4,6.5,6.5
41.65234,-0.878782,24326514,"Casco Histórico",side_street,0.9897,0.1054,0.6449,0.3166,0.988,0.9901,0.9901,0.9869,0.9836,5.9,5.9,5.9,5.9,5.9,5.9
41.652501,-0.878572,24326514,"Casco Histórico",side_street,0.9893,0.1054,0.6417,0.3208,0.9864,0.9894,0.9902,0.9881,0.9849,5.9,5.9,5.9,5.9,5.9,5.9
41.652823,-0.878152,24326514,"Casco Histórico",side_street,0.9878,0.1054,0.6274,0.1125,0.9832,0.988,0.9884,0.9894,0.9878,5.6,5.6,5.6,5.6,5.6,5.5
41.654372,-0.877244,24326515,"Casco Histórico",square,0.9661,0.0945,0.6063,0.4108,0.943,0.9706,0.9666,0.9829,0.9871,5.8,5.7,5.8,5.8,5.8,5.9
41.654247,-0.876994,24326515,"Casco Histórico",square,0.9624,0.0945,0.6051,0.4091,0.9302,0.9662,0.9633,0.9788,0.9842,5.7,5.6,5.7,5.8,5.8,5.8
41.654112,-0.876754,24326515,"Casco Histórico",square,0.9582,0.1258,0.6005,0.3975,0.9168,0.9617,0.958,0.9746,0.9796,5.8,5.6,5.8,5.8,5.9,5.9
41.652383,-0.886542,24340045,"Casco Histórico",side_street,0.6401,0.7841,0.6417,0.1403,0.6358,0.6851,0.6289,0.6789,0.7449,6.5,6.5,6.8,6.5,6.8,7.2
41.652594,-0.88644,24340045,"Casco Histórico",side_street,0.6433,0.7841,0.637,0.1039,0.6361,0.6895,0.6304,0.6887,0.7517,6.5,6.4,6.7,6.4,6.8,7.2
41.652811,-0.886366,24340045,"Casco Histórico",side_street,0.6358,0.7949,0.6349,0.1071,0.6286,0.6785,0.6266,0.6871,0.7528,6.5,6.4,6.7,6.4,6.8,7.2
41.65303,-0.886297,24340045,"Casco Histórico",side_street,0.6355,0.7949,0.6307,0.1458,0.6283,0.6806,0.6262,0.6868,0.7538,6.5,6.5,6.8,6.5,6.8,7.3
41.653249,-0.88623,24340045,"Casco Histórico",side_street,0.6351,0.7142,0.6289,0.3949,0.6266,0.683,0.6261,0.6894,0.7572,6.5,6.5,6.8,6.5,6.9,7.3
41.65347,-0.886175,24340045,"Casco Histórico",side_street,0.6376,0.7294,0.6174,0.4398,0.629,0.687,0.6283,0.6922,0.7593,6.6,6.6,6.9,6.6,7,7.4
41.65282,-0.885247,24340046,"Casco Histórico",side_street,0.7685,0.1846,0.6561,0.4416,0.7696,0.7896,0.7572,0.7846,0.832,5.2,5.3,5.3,5.2,5.3,5.5
41.650428,-0.882369,24343114,Centro,side_street,0.976,0.3543,0.8078,0.6689,0.9845,0.9731,0.976,0.9599,0.9445,8,8.1,8,8,7.9,7.9
41.64886,-0.877207,24343146,Centro,square,0.763,0.0676,0.7757,0.4967,0.7607,0.7781,0.7523,0.7819,0.831,5.2,5.2,5.2,5.1,5.2,5.5
41.647463,-0.880749,24343190,Centro,side_street,0.8664,0.6321,0.7998,0.0489,0.8649,0.8681,0.8655,0.8741,0.8549,7.6,7.6,7.6,7.6,7.7,7.6
41.64984,-0.879376,24343223,Centro,side_street,0.9334,0.6231,0.8051,0.3371,0.9254,0.9474,0.9156,0.9409,0.9329,8.5,8.5,8.5,8.4,8.5,8.5
41.650044,-0.879252,24343223,Centro,side_street,0.9477,0.6231,0.8078,0.3619,0.9416,0.9521,0.9299,0.9456,0.9385,8.6,8.6,8.6,8.5,8.6,8.6
41.650249,-0.879127,24343223,Centro,side_street,0.957,0.6231,0.8051,0.3765,0.9583,0.9566,0.9474,0.9503,0.9453,8.7,8.7,8.7,8.6,8.6,8.6
41.646525,-0.874301,24344846,Centro,side_street,0.6966,0.543,0.6753,0.8437,0.7169,0.7056,0.6783,0.6694,0.7042,6.9,7,7,6.8,6.8,7
41.64673,-0.874424,24344846,Centro,side_street,0.6894,0.531,0.679,0.8595,0.7085,0.7008,0.672,0.6653,0.7086,6.9,7,6.9,6.8,6.7,7
41.646936,-0.874544,24344846,Centro,side_street,0.6802,0.531,0.6797,0.871,0.6997,0.6964,0.6581,0.658,0.7092,6.8,6.9,6.9,6.7,6.7,7
41.647142,-0.874664,24344846,Centro,side_street,0.6721,0.5253,0.6841,0.8626,0.6916,0.6926,0.6463,0.656,0.7144,6.8,6.9,6.9,6.6,6.7,7
41.647354,-0.874764,24344846,Centro,side_street,0.6628,0.5126,0.6885,0.851,0.6802,0.6857,0.6391,0.6552,0.7189,6.7,6.7,6.8,6.5,6.6,7
41.647574,-0.874828,24344846,Centro,side_street,0.6646,0.5095,0.6898,0.8594,0.6779,0.6877,0.6413,0.6651,0.7285,6.7,6.7,6.8,6.5,6.7,7.1
41.647795,-0.874883,24344846,Centro,side_street,0.6693,0.5326,0.6898,0.8372,0.6775,0.6919,0.6457,0.6771,0.7405,6.7,6.8,6.9,6.6,6.8,7.2
41.646939,-0.879742,24344983,Centro,main_street,0.815,0.9495,0.7904,0.0988,0.8144,0.8198,0.8102,0.8267,0.8369,8.9,8.9,8.9,8.8,8.9,9
41.638168,-0.877849,24345211,Centro,side_street,0.6097,0.951,0.6641,0.6733,0.6227,0.6064,0.6135,0.5677,0.4821,8.1,8.2,8.1,8.1,7.8,7.3
41.638365,-0.877706,24345211,Centro,side_street,0.592,0.7687,0.6641,0.6779,0.6059,0.5889,0.5948,0.549,0.4709,7,7.2,7,7,6.8,6.3
41.638564,-0.877566,24345211,Centro,side_street,0.5705,0.7311,0.6657,0.6707,0.5859,0.5704,0.5755,0.5321,0.4596,6.7,6.8,6.7,6.8,6.5,6.1
41.638762,-0.877423,24345211,Centro,side_street,0.5476,0.7012,0.6685,0.6376,0.5608,0.5432,0.5507,0.5049,0.4418,6.4,6.5,6.4,6.5,6.2,5.8
41.63896,-0.877279,24345211,Centro,side_street,0.5278,0.7059,0.6685,0.605,0.5411,0.5208,0.5295,0.4833,0.4285,6.3,6.4,6.3,6.3,6.1,5.8
41.640993,-0.873322,24345458,"San José",side_street,0.5602,0.4777,0.4977,0.8573,0.5536,0.5553,0.5605,0.5787,0.6111,5.4,5.4,5.4,5.4,5.5,5.7
41.640628,-0.872563,24345458,"San José",side_street,0.5319,0.4847,0.4909,0.7995,0.5257,0.5257,0.5276,0.5445,0.5837,5.2,5.2,5.2,5.2,5.3,5.5
41.640502,-0.872314,24345458,"San José",side_street,0.5122,0.325,0.4877,0.7831,0.5099,0.5068,0.5086,0.5266,0.5683,4.7,4.7,4.6,4.6,4.7,4.8
41.640376,-0.872065,24345458,"San José",side_street,0.4929,0.325,0.4852,0.7411,0.4893,0.4849,0.4902,0.5025,0.5462,4.5,4.5,4.5,4.5,4.5,4.7
41.639387,-0.870055,24345458,"San José",side_street,0.3512,0.3458,0.4705,0.2658,0.3461,0.3361,0.3599,0.3461,0.3313,3.7,3.7,3.7,3.7,3.7,3.6
41.639266,-0.869802,24345458,"San José",side_street,0.328,0.3931,0.4661,0.2663,0.327,0.3157,0.3389,0.3229,0.3054,3.7,3.7,3.7,3.8,3.7,3.7
41.639141,-0.869552,24345458,"San José",side_street,0.3055,0.3931,0.452,0.2318,0.2988,0.2915,0.3156,0.3013,0.2679,3.6,3.6,3.6,3.7,3.6,3.5
41.639833,-0.87001,24345460,"San José",side_street,0.3964,0.2335,0.4661,0.2077,0.394,0.3826,0.4032,0.3913,0.3861,3.5,3.5,3.5,3.5,3.5,3.5
41.640677,-0.871787,24345460,"San José",side_street,0.5225,0.3253,0.4877,0.6796,0.5211,0.5204,0.5138,0.5291,0.5644,4.6,4.6,4.6,4.6,4.6,4.7
41.6408,-0.872039,24345460,"San José",side_street,0.5377,0.3679,0.4895,0.7012,0.5334,0.5356,0.5309,0.5475,0.5855,4.8,4.8,4.8,4.8,4.8,4.9
41.640935,-0.87227,24345460,"San José",side_street,0.5534,0.4099,0.4895,0.7217,0.5488,0.5506,0.5495,0.5653,0.5995,5,5,5,5,5,5.1
41.641038,-0.872538,24345460,"San José",side_street,0.5622,0.4099,0.4909,0.7562,0.5575,0.5605,0.5609,0.577,0.606,5.1,5.1,5.1,5.1,5.1,5.2
41.64114,-0.872806,24345460,"San José",side_street,0.5743,0.2598,0.4934,0.792,0.5674,0.5712,0.5736,0.5888,0.6164,4.7,4.7,4.7,4.7,4.7,4.8
41.641242,-0.873074,24345460,"San José",side_street,0.5866,0.2598,0.5001,0.819,0.5783,0.5824,0.5862,0.6049,0.6262,4.8,4.8,4.8,4.8,4.8,4.9
41.641336,-0.873346,24345460,"San José",side_street,0.5934,0.2852,0.5025,0.8321,0.5863,0.5872,0.5934,0.6138,0.6321,4.9,4.9,4.9,4.9,5,5
41.64063,-0.872298,24345463,"San José",side_street,0.5257,0.7802,0.4863,0.7648,0.5204,0.5213,0.5213,0.5386,0.5752,6.3,6.3,6.3,6.3,6.4,6.6
41.640817,-0.872132,24345463,"San José",side_street,0.5414,0.7778,0.4895,0.7131,0.537,0.5396,0.5376,0.5514,0.5893,6.3,6.3,6.3,6.3,6.4,6.6
41.640994,-0.871946,24345463,"San José",side_street,0.5492,0.7251,0.4877,0.6607,0.5456,0.5489,0.5444,0.5609,0.5961,6.1,6,6.1,6,6.1,6.3
41.641734,-0.871264,24345463,"San José",side_street,0.5745,0.6945,0.4863,0.3224,0.5692,0.5786,0.5714,0.5879,0.6091,5.6,5.6,5.6,5.6,5.7,5.8
41.640163,-0.869085,24345464,"San José",side_street,0.3953,0.5411,0.452,0.1074,0.3861,0.3827,0.4053,0.4019,0.391,4.2,4.1,4.1,4.2,4.2,4.1
41.640211,-0.869379,24345464,"San José",side_street,0.4128,0.5411,0.452,0.1286,0.407,0.4021,0.4196,0.4213,0.4173,4.2,4.2,4.2,4.2,4.2,4.2
41.640263,-0.869671,24345464,"San José",side_street,0.4272,0.3226,0.4558,0.118,0.4235,0.4209,0.4329,0.4354,0.4474,3.8,3.7,3.7,3.8,3.8,3.8
41.640366,-0.869937,24345464,"San José",side_street,0.4462,0.3095,0.452,0.1338,0.4442,0.4406,0.4515,0.4522,0.4798,3.8,3.8,3.8,3.8,3.8,3.9
41.640598,-0.870453,24345464,"San José",side_street,0.4794,0.2581,0.4705,0.2422,0.4758,0.4757,0.4796,0.4907,0.5269,3.9,3.9,3.9,3.9,3.9,4
41.640714,-0.870711,24345464,"San José",side_street,0.496,0.2581,0.4741,0.3007,0.4922,0.4914,0.4953,0.513,0.5452,4,4,4,4,4,4.1
41.640828,-0.87097,24345464,"San José",side_street,0.5123,0.2995,0.4833,0.3659,0.5103,0.511,0.509,0.5281,0.5609,4.2,4.2,4.2,4.2,4.2,4.3
41.64094,-0.871231,24345464,"San José",side_street,0.5297,0.3078,0.4833,0.4692,0.5254,0.528,0.5229,0.5411,0.5722,4.4,4.4,4.4,4.3,4.4,4.5
41.641287,-0.872005,24345464,"San José",side_street,0.5683,0.1672,0.4877,0.6116,0.5654,0.5708,0.5659,0.5832,0.6101,4.3,4.3,4.3,4.2,4.3,4.4
41.641406,-0.87226,24345464,"San José",side_street,0.5858,0.1672,0.4934,0.6477,0.5796,0.5838,0.583,0.6001,0.6196,4.4,4.3,4.4,4.4,4.4,4.5
41.6425,-0.872944,24345466,"San José",side_street,0.6878,0.5371,0.5064,0.5721,0.6858,0.6758,0.6929,0.684,0.6843,6,6,5.9,6,6,6
41.64241,-0.872669,24345466,"San José",side_street,0.6751,0.5371,0.5055,0.5147,0.6745,0.6675,0.6793,0.6714,0.6693,5.9,5.9,5.8,5.9,5.8,5.8
41.64232,-0.872393,24345466,"San José",side_street,0.6553,0.5362,0.5047,0.4357,0.6567,0.6531,0.6598,0.6556,0.6577,5.6,5.7,5.6,5.7,5.6,5.6
41.642227,-0.872119,24345466,"San José",side_street,0.6364,0.3937,0.4977,0.3886,0.6347,0.6369,0.6341,0.6406,0.6446,5,5,5,5,4.9,4.9
41.64213,-0.871847,24345466,"San José",side_street,0.6214,0.3937,0.4934,0.4094,0.6193,0.6241,0.6197,0.6299,0.6299,4.9,4.9,4.9,4.9,4.9,4.9
41.642034,-0.871576,24345466,"San José",side_street,0.6064,0.3937,0.4934,0.3633,0.6033,0.6085,0.6026,0.6169,0.6189,4.8,4.8,4.8,4.8,4.8,4.8
41.641937,-0.871304,24345466,"San José",side_street,0.5869,0.3937,0.4922,0.3161,0.5818,0.5902,0.5839,0.6003,0.6109,4.7,4.7,4.7,4.7,4.7,4.7
41.641841,-0.871032,24345466,"San José",side_street,0.5731,0.8354,0.4852,0.2722,0.5683,0.5776,0.5715,0.5883,0.6087,6.1,6.1,6.1,6.1,6.2,6.3
41.641744,-0.870761,24345466,"San José",side_street,0.562,0.8354,0.4805,0.1943,0.5553,0.5661,0.5608,0.5815,0.6036,5.9,5.9,6,5.9,6,6.2
41.64165,-0.870487,24345466,"San José",side_street,0.5565,0.8971,0.4741,0.1661,0.5483,0.5568,0.5565,0.5767,0.5998,6.1,6.1,6.1,6.1,6.2,6.3
41.641558,-0.870213,24345466,"San José",side_street,0.5461,0.833,0.4661,0.1111,0.5352,0.5473,0.5464,0.5718,0.5991,5.7,5.7,5.7,5.7,5.8,6
41.64147,-0.869936,24345466,"San José",side_street,0.5375,0.833,0.4661,0.0229,0.5256,0.5391,0.5382,0.5661,0.5965,5.5,5.5,5.5,5.5,5.7,5.8
41.641378,-0.869661,24345466,"San José",side_street,0.5237,0.826,0.4609,0.0192,0.5109,0.5259,0.5253,0.5543,0.5873,5.4,5.4,5.4,5.4,5.6,5.7
41.641279,-0.869392,24345466,"San José",side_street,0.5069,0.8071,0.4609,0.0204,0.4942,0.5075,0.5129,0.5417,0.5642,5.3,5.2,5.3,5.3,5.4,5.5
41.641176,-0.869124,24345466,"San José",side_street,0.4864,0.8125,0.4609,0.0228,0.4717,0.4823,0.4945,0.5202,0.5353,5.2,5.1,5.2,5.2,5.3,5.4
41.640886,-0.870804,24345468,"San José",side_street,0.5131,0.0771,0.4705,0.3289,0.5105,0.5133,0.5105,0.5319,0.5649,3.6,3.6,3.6,3.6,3.7,3.8
41.641086,-0.870665,24345468,"San José",side_street,0.5293,0.0771,0.4661,0.2781,0.5213,0.5291,0.5239,0.5464,0.5818,3.6,3.6,3.6,3.6,3.7,3.8
41.641285,-0.870526,24345468,"San José",side_street,0.5379,0.0771,0.4705,0.1957,0.5288,0.5389,0.5358,0.5579,0.5917,3.6,3.6,3.6,3.6,3.7,3.8
41.641485,-0.870387,24345468,"San José",side_street,0.5475,0.0771,0.4705,0.1351,0.5387,0.5495,0.5475,0.5702,0.5993,3.6,3.5,3.6,3.6,3.7,3.7
41.644452,-0.870526,24345470,"San José",side_street,0.5635,0.3825,0.5035,0.6473,0.5639,0.567,0.5579,0.5692,0.5787,4.9,4.9,4.9,4.9,4.9,4.9
41.644373,-0.870807,24345470,"San José",side_street,0.5855,0.3825,0.5035,0.6516,0.5837,0.5842,0.5791,0.5878,0.5958,5,5,5,5,5,5
41.644294,-0.871089,24345470,"San José",side_street,0.6054,0.3825,0.5047,0.6231,0.6039,0.6051,0.5989,0.609,0.6112,5.1,5.1,5,5,5,5
41.641042,-0.86909,24345474,"San José",side_street,0.4722,0.6447,0.4609,0.038,0.4609,0.4696,0.4801,0.5033,0.5222,4.7,4.6,4.6,4.7,4.7,4.8
41.640819,-0.869052,24345474,"San José",side_street,0.451,0.6336,0.452,0.044,0.4391,0.4453,0.459,0.4731,0.4935,4.5,4.5,4.5,4.6,4.6,4.6
41.640597,-0.869004,24345474,"San José",side_street,0.4305,0.6338,0.4497,0.0486,0.4217,0.4255,0.4382,0.447,0.4534,4.5,4.4,4.4,4.5,4.5,4.5
41.639512,-0.87004,24345478,"San José",side_street,0.3633,0.5782,0.4705,0.2534,0.359,0.3488,0.3744,0.3592,0.3482,4.3,4.3,4.2,4.3,4.3,4.2
41.639715,-0.869912,24345478,"San José",side_street,0.3807,0.5739,0.4609,0.2055,0.3787,0.3649,0.3896,0.3754,0.3664,4.3,4.3,4.2,4.3,4.3,4.2
41.639213,-0.869968,24345482,"San José",side_street,0.3284,0.2152,0.4661,0.3034,0.3279,0.3164,0.3396,0.3228,0.3078,3.3,3.3,3.3,3.3,3.3,3.2
41.639023,-0.87013,24345482,"San José",side_street,0.3171,0.2152,0.4705,0.3495,0.3127,0.3037,0.3284,0.3101,0.2842,3.3,3.3,3.3,3.4,3.3,3.2
41.638834,-0.870292,24345482,"San José",side_street,0.3081,0.2364,0.4705,0.3893,0.3044,0.2927,0.3194,0.2993,0.2671,3.4,3.4,3.3,3.4,3.4,3.2
41.641338,-0.86991,24345483,"San José",side_street,0.5294,0.142,0.4661,0.0553,0.5157,0.53,0.5288,0.5561,0.5892,3.6,3.6,3.6,3.6,3.7,3.8
41.64073,-0.870301,24345483,"San José",side_street,0.4883,0.142,0.4661,0.1995,0.483,0.4843,0.4898,0.5047,0.5382,3.6,3.6,3.6,3.6,3.6,3.7
41.639185,-0.885993,24379389,"San José",side_street,0.6287,0.6444,0.5204,0.8591,0.634,0.6384,0.6345,0.6254,0.6122,6.5,6.6,6.6,6.6,6.5,6.5
41.639244,-0.885711,24379389,"San José",side_street,0.634,0.4582,0.5161,0.8518,0.6374,0.6426,0.6393,0.627,0.6124,5.8,5.8,5.8,5.8,5.7,5.7
41.639514,-0.884286,24379389,"San José",side_street,0.5975,0.4578,0.5234,0.7603,0.5941,0.5977,0.6037,0.5931,0.5476,5.5,5.5,5.5,5.5,5.4,5.2
41.639623,-0.884023,24379389,"San José",side_street,0.6001,0.4665,0.5234,0.7374,0.5957,0.5982,0.607,0.5941,0.5437,5.5,5.5,5.5,5.5,5.5,5.2
41.639737,-0.883764,24379389,"San José",side_street,0.6005,0.501,0.5249,0.699,0.5951,0.5957,0.6095,0.5943,0.5331,5.6,5.6,5.6,5.7,5.5,5.2
41.639896,-0.883577,24379389,"San José",side_street,0.6075,0.617,0.5234,0.7215,0.6034,0.6005,0.6172,0.6027,0.5336,6.1,6.1,6.1,6.2,6.1,5.7
41.639009,-0.883278,24379392,"San José",side_street,0.5107,0.0607,0.5169,0.5584,0.5117,0.4994,0.5257,0.4956,0.4093,3.8,3.8,3.8,3.9,3.8,3.5
41.637143,-0.877633,24379394,"San José",side_street,0.6446,0.4028,0.4773,0.7756,0.6605,0.6413,0.6597,0.6146,0.5283,5.4,5.5,5.4,5.5,5.3,4.9
41.637276,-0.877876,24379394,"San José",side_street,0.6392,0.4028,0.4773,0.7542,0.655,0.6352,0.6529,0.608,0.5209,5.4,5.5,5.3,5.4,5.2,4.8
41.637405,-0.878122,24379394,"San José",side_street,0.6278,0.2958,0.4805,0.7025,0.6425,0.6275,0.6375,0.5965,0.5106,4.9,5,4.9,4.9,4.8,4.5
41.637531,-0.878372,24379394,"San José",side_street,0.6167,0.2958,0.4805,0.6754,0.6304,0.6152,0.6239,0.5831,0.4951,4.8,4.9,4.8,4.9,4.7,4.4
41.637657,-0.878621,24379394,"San José",side_street,0.6067,0.2958,0.4833,0.6118,0.6176,0.603,0.6114,0.5694,0.4804,4.7,4.8,4.7,4.8,4.6,4.3
41.637783,-0.87887,24379394,"San José",side_street,0.5951,0.2958,0.4863,0.58,0.6064,0.5913,0.5967,0.5547,0.4671,4.7,4.7,4.7,4.7,4.5,4.2
41.637909,-0.879119,24379394,"San José",side_street,0.5852,0.2958,0.4877,0.5568,0.5972,0.5825,0.5847,0.5435,0.4587,4.6,4.7,4.6,4.6,4.5,4.2
41.638035,-0.879368,24379394,"San José",side_street,0.5774,0.2958,0.4895,0.5362,0.5909,0.5756,0.5739,0.5341,0.456,4.6,4.6,4.6,4.6,4.4,4.1
41.638162,-0.879616,24379394,"San José",side_street,0.5681,0.3142,0.4934,0.5178,0.5854,0.5687,0.5625,0.5225,0.451,4.6,4.7,4.6,4.6,4.4,4.2
41.638291,-0.879862,24379394,"San José",side_street,0.5596,0.1794,0.4977,0.4196,0.576,0.5574,0.5519,0.5059,0.4394,4.1,4.2,4.1,4.1,3.9,3.7
41.638418,-0.880111,24379394,"San José",side_street,0.5547,0.1794,0.4989,0.4344,0.5715,0.551,0.5425,0.4952,0.4296,4.1,4.2,4.1,4.1,3.9,3.7
41.638545,-0.880359,24379394,"San José",side_street,0.5485,0.1794,0.4989,0.407,0.5677,0.5444,0.5353,0.4813,0.4107,4.1,4.1,4.1,4,3.9,3.6
41.639305,-0.88185,24379394,"San José",side_street,0.529,0.5273,0.5133,0.3896,0.5326,0.5102,0.5375,0.4919,0.3901,5,5,4.9,5,4.8,4.4
41.639433,-0.882097,24379394,"San José",side_street,0.538,0.5273,0.5161,0.4542,0.5384,0.5216,0.5486,0.5099,0.4042,5.1,5.1,5,5.1,4.9,4.5
41.639561,-0.882345,24379394,"San José",side_street,0.5495,0.5273,0.5204,0.525,0.549,0.5363,0.5611,0.5288,0.4206,5.2,5.2,5.1,5.2,5.1,4.6
41.639688,-0.882593,24379394,"San José",side_street,0.5606,0.542,0.5218,0.5586,0.5596,0.549,0.5748,0.5449,0.4436,5.4,5.4,5.3,5.4,5.3,4.8
41.636795,-0.884382,24379401,"San José",side_street,0.381,0.4966,0.5001,0.6873,0.3811,0.3633,0.4002,0.3642,0.3007,4.6,4.6,4.5,4.6,4.5,4.3
41.636931,-0.884142,24379401,"San José",side_street,0.3879,0.4726,0.5001,0.6405,0.3871,0.369,0.4052,0.3689,0.3027,4.5,4.5,4.4,4.6,4.4,4.2
41.637592,-0.880179,24379406,"San José",side_street,0.5031,0.9289,0.4977,0.303,0.5153,0.4911,0.5085,0.4635,0.3718,6.2,6.2,6.1,6.2,6,5.5
41.637764,-0.879989,24379406,"San José",side_street,0.5277,0.9361,0.4947,0.3475,0.5377,0.5202,0.5273,0.4835,0.3975,6.4,6.5,6.4,6.4,6.2,5.7
41.636726,-0.882287,24379738,"San José",side_street,0.3689,0.0194,0.5011,0.3019,0.3681,0.3502,0.3906,0.3462,0.2258,2.9,2.9,2.9,3,2.9,2.5
41.636892,-0.88249,24379738,"San José",side_street,0.3739,0.0194,0.5011,0.3197,0.3739,0.353,0.3944,0.3529,0.2452,3,3,2.9,3.1,2.9,2.6
41.637057,-0.882694,24379738,"San José",side_street,0.3789,0.0194,0.5035,0.3033,0.378,0.3588,0.3977,0.3588,0.2576,3,3,2.9,3.1,3,2.6
41.635664,-0.881066,24379900,"San José",side_street,0.4172,0.3711,0.4922,0.5163,0.4166,0.3941,0.4341,0.3901,0.2619,4.2,4.2,4.1,4.2,4.1,3.7
41.635503,-0.880857,24379900,"San José",side_street,0.4302,0.3711,0.4909,0.557,0.4274,0.4096,0.4488,0.4059,0.2778,4.3,4.3,4.2,4.3,4.2,3.8
41.635342,-0.880647,24379900,"San José",side_street,0.4395,0.3711,0.4909,0.6001,0.4354,0.4203,0.4603,0.4206,0.2935,4.3,4.3,4.3,4.4,4.3,3.9
41.635952,-0.883686,24379901,"San José",side_street,0.3092,0.4706,0.5011,0.6802,0.3027,0.2965,0.3255,0.3041,0.237,4.2,4.2,4.2,4.3,4.2,4
41.636081,-0.883932,24379901,"San José",side_street,0.3185,0.4975,0.5001,0.7234,0.3126,0.3062,0.3361,0.3123,0.2557,4.4,4.4,4.3,4.4,4.3,4.1
41.637684,-0.877665,24379902,"San José",side_street,0.6405,0.2275,0.4773,0.7535,0.6621,0.6381,0.6546,0.6025,0.5165,4.8,4.9,4.8,4.9,4.6,4.3
41.637498,-0.877835,24379902,"San José",side_street,0.6395,0.2275,0.4773,0.7373,0.6581,0.6368,0.6528,0.604,0.5196,4.8,4.9,4.8,4.8,4.6,4.3
41.636207,-0.878819,24379903,"San José",side_street,0.6242,0.7725,0.4833,0.6194,0.6276,0.6083,0.6441,0.5967,0.4346,6.6,6.6,6.5,6.7,6.5,5.6
41.633571,-0.875641,24380414,"San José",side_street,0.432,0.3307,0.4558,0.1269,0.4275,0.4105,0.4401,0.4161,0.3321,3.8,3.8,3.7,3.8,3.8,3.5
41.634866,-0.875269,24380418,"San José",side_street,0.4459,0.8426,0.4558,0.1046,0.4479,0.4279,0.4604,0.4194,0.3038,5.2,5.2,5.1,5.2,5,4.6
41.635081,-0.875356,24380418,"San José",side_street,0.4565,0.8373,0.4609,0.1522,0.4594,0.437,0.4703,0.4288,0.3181,5.3,5.3,5.2,5.3,5.1,4.7
41.636275,-0.877403,24380418,"San José",side_street,0.6225,0.9771,0.4741,0.5981,0.6297,0.6146,0.6321,0.5974,0.4877,7.5,7.6,7.5,7.6,7.4,6.7
41.636374,-0.877671,24380418,"San José",side_street,0.6354,0.9847,0.4741,0.6584,0.642,0.6249,0.6516,0.6092,0.4963,7.7,7.8,7.7,7.9,7.6,6.9
41.634062,-0.876424,24380424,"San José",side_street,0.4625,0.6671,0.4609,0.2308,0.465,0.4426,0.4668,0.4385,0.3577,4.9,4.9,4.8,4.9,4.7,4.4
41.63401,-0.875524,24380424,"San José",side_street,0.4408,0.6671,0.4558,0.133,0.4398,0.4227,0.449,0.42,0.3286,4.7,4.7,4.6,4.7,4.6,4.3
41.636154,-0.874961,24380431,"San José",side_street,0.497,0.2321,0.4661,0.306,0.5013,0.4806,0.5116,0.4691,0.3728,3.9,3.9,3.9,4,3.8,3.5
41.636279,-0.875211,24380431,"San José",side_street,0.5195,0.2031,0.4661,0.3827,0.5247,0.5052,0.5329,0.4895,0.3893,4,4,3.9,4,3.9,3.6
41.636529,-0.875711,24380431,"San José",side_street,0.5595,0.1827,0.4661,0.472,0.5661,0.552,0.5683,0.5273,0.4145,4.1,4.1,4.1,4.2,4,3.7
41.636655,-0.875961,24380431,"San José",side_street,0.5776,0.1827,0.4661,0.5006,0.5865,0.5724,0.5822,0.5423,0.4351,4.2,4.2,4.2,4.2,4.1,3.7
41.63678,-0.87621,24380431,"San José",side_street,0.5927,0.1827,0.4661,0.5937,0.6023,0.5895,0.5969,0.5577,0.4559,4.3,4.4,4.3,4.4,4.2,3.9
41.636905,-0.87646,24380431,"San José",side_street,0.6099,0.1827,0.4661,0.63,0.6198,0.6075,0.6129,0.5743,0.4828,4.4,4.5,4.4,4.4,4.3,4
41.637031,-0.87671,24380431,"San José",side_street,0.6222,0.1827,0.4661,0.6925,0.6354,0.6227,0.6263,0.5876,0.5045,4.5,4.6,4.5,4.6,4.4,4.1
41.637156,-0.87696,24380431,"San José",side_street,0.6323,0.1827,0.4661,0.7028,0.6501,0.6338,0.6386,0.6008,0.5163,4.6,4.7,4.6,4.6,4.5,4.2
41.637283,-0.877208,24380431,"San José",side_street,0.6412,0.2696,0.4741,0.7569,0.6593,0.6401,0.6508,0.6067,0.5206,4.9,5,4.9,5,4.8,4.5
41.634869,-0.875194,24380433,"San José",main_street,0.4423,0.9587,0.4558,0.0772,0.444,0.4234,0.4563,0.4144,0.298,5.6,5.6,5.5,5.7,5.4,4.9
41.635309,-0.875067,24380433,"San José",main_street,0.4488,0.9172,0.4661,0.0919,0.4503,0.4306,0.4644,0.423,0.3119,5.5,5.5,5.4,5.6,5.4,4.8
41.635529,-0.875002,24380433,"San José",main_street,0.4563,0.9281,0.4661,0.1101,0.458,0.4373,0.4724,0.4313,0.3241,5.6,5.6,5.5,5.7,5.4,4.9
41.635748,-0.874935,24380433,"San José",main_street,0.4698,0.9211,0.4705,0.1706,0.4705,0.45,0.488,0.445,0.3412,5.7,5.8,5.6,5.8,5.6,5
41.635967,-0.874871,24380433,"San José",main_street,0.4806,0.919,0.4661,0.2089,0.4816,0.4624,0.4972,0.4538,0.3557,5.8,5.9,5.7,5.9,5.7,5.1
41.636186,-0.874802,24380433,"San José",main_street,0.484,0.9232,0.4661,0.285,0.4862,0.4682,0.4996,0.4556,0.3646,6,6,5.9,6,5.8,5.3
41.634862,-0.875043,24380656,"San José",side_street,0.4341,0.5099,0.4558,0.0529,0.4341,0.4128,0.4466,0.404,0.286,4.2,4.2,4.1,4.2,4.1,3.7
41.638751,-0.886501,24381154,Universidad,side_street,0.5811,0.7236,0.3875,0.8144,0.5828,0.5923,0.5892,0.5765,0.5678,6.2,6.2,6.2,6.2,6.2,6.1
41.643171,-0.896602,24387826,Universidad,side_street,0.7321,0.1227,0.3973,0.5526,0.7333,0.735,0.721,0.7472,0.7988,4.5,4.5,4.5,4.5,4.6,4.7
41.657056,-0.894552,24411970,"La Almozara",side_street,0.3662,0.2039,0.1741,0.84,0.3864,0.3879,0.3546,0.338,0.3481,3.4,3.4,3.5,3.3,3.3,3.3
41.657082,-0.894253,24411970,"La Almozara",side_street,0.3727,0.2039,0.1741,0.8233,0.3917,0.393,0.3669,0.3468,0.345,3.4,3.5,3.5,3.4,3.3,3.3
41.657108,-0.893954,24411970,"La Almozara",side_street,0.3734,0.2039,0.1733,0.8354,0.3892,0.3903,0.3718,0.3532,0.3489,3.4,3.5,3.5,3.4,3.3,3.3
41.656024,-0.894595,24411971,"La Almozara",side_street,0.3889,0.1315,0.1781,0.9185,0.4033,0.4081,0.3792,0.3693,0.421,3.3,3.4,3.4,3.3,3.3,3.5
41.656245,-0.894651,24411971,"La Almozara",side_street,0.3917,0.1315,0.1775,0.909,0.4066,0.4114,0.3814,0.3713,0.4209,3.3,3.4,3.4,3.3,3.3,3.5
41.656469,-0.894665,24411971,"La Almozara",side_street,0.3905,0.1105,0.1775,0.8882,0.4057,0.4098,0.3797,0.367,0.409,3.3,3.3,3.3,3.2,3.2,3.3
41.656663,-0.894034,24411973,"La Almozara",side_street,0.3974,0.348,0.175,0.8441,0.411,0.4152,0.3912,0.3745,0.3871,3.9,3.9,3.9,3.8,3.8,3.8
41.6567,-0.894331,24411973,"La Almozara",side_street,0.393,0.348,0.1745,0.8443,0.4088,0.4115,0.385,0.3656,0.3817,3.8,3.9,3.9,3.8,3.8,3.8
41.655518,-0.895274,24411974,Delicias,side_street,0.3337,0.6268,0.9616,0.9052,0.3502,0.3595,0.3207,0.3235,0.3776,6.1,6.2,6.3,6,6.1,6.4
41.655302,-0.895357,24411974,Delicias,side_street,0.3137,0.6268,0.9542,0.9114,0.3289,0.341,0.3012,0.3081,0.3639,6,6.1,6.1,5.9,6,6.3
41.660788,-0.900095,24411999,"La Almozara",side_street,0.169,0.3515,0.1507,0.5548,0.1799,0.17,0.143,0.1499,0.1769,2.8,2.8,2.8,2.7,2.7,2.8
41.660061,-0.899116,24412000,"La Almozara",side_street,0.1416,0.136,0.1622,0.2596,0.1508,0.1566,0.1121,0.1536,0.2162,1.6,1.7,1.7,1.5,1.7,2
41.660012,-0.898981,24412002,"La Almozara",side_street,0.1396,0.3169,0.1644,0.2408,0.1461,0.1557,0.1119,0.1572,0.2212,2.3,2.4,2.4,2.2,2.4,2.7
41.660214,-0.89885,24412002,"La Almozara",side_street,0.1556,0.3758,0.1588,0.2237,0.1604,0.1675,0.1211,0.1646,0.2295,2.5,2.6,2.6,2.4,2.6,2.8
41.660419,-0.898725,24412002,"La Almozara",side_street,0.1608,0.4462,0.1557,0.1971,0.1659,0.1713,0.1273,0.1678,0.2312,2.7,2.7,2.7,2.6,2.7,3
41.660278,-0.898636,24412004,"La Almozara",side_street,0.1581,0.15,0.1598,0.1847,0.1614,0.1692,0.1245,0.1683,0.2325,1.7,1.7,1.7,1.5,1.7,2.1
41.639945,-0.866817,24412030,"San José",square,0.2528,0.1424,0.446,0.0451,0.2411,0.2418,0.2685,0.2626,0.2107,2.6,2.6,2.6,2.7,2.6,2.4
41.63702,-0.866878,24412034,"San José",secondary_street,0.0804,0.6557,0.4445,0.2602,0.0879,0.0698,0.0924,0.0584,0.0379,3.5,3.6,3.5,3.6,3.5,3.4
41.63713,-0.866616,24412034,"San José",secondary_street,0.0757,0.6484,0.4445,0.2818,0.0824,0.066,0.0893,0.0536,0.0295,3.5,3.5,3.5,3.6,3.4,3.4
41.66057,-0.879376,24412431,"El Rabal",side_street,0.1492,0.2801,0.331,0.6218,0.1323,0.1689,0.1398,0.2035,0.3102,2.9,2.8,2.9,2.8,3.1,3.5
41.660891,-0.878731,24412437,"El Rabal",side_street,0.1369,0.1539,0.3294,0.3118,0.1276,0.1532,0.1292,0.1748,0.249,2.2,2.2,2.3,2.2,2.4,2.7
41.660667,-0.878723,24412437,"El Rabal",side_street,0.1624,0.1687,0.3351,0.3086,0.1475,0.1758,0.1505,0.2021,0.2725,2.4,2.3,2.4,2.3,2.5,2.8
41.660067,-0.878526,24412443,"El Rabal",side_street,0.2025,0.3204,0.3351,0.3499,0.1942,0.2155,0.1935,0.2566,0.331,2.9,2.9,3,2.9,3.1,3.4
41.660004,-0.878239,24412443,"El Rabal",side_street,0.2152,0.3212,0.3351,0.3143,0.2056,0.2299,0.2097,0.2663,0.3331,2.9,2.9,3,2.9,3.1,3.4
41.659899,-0.877654,24412443,"El Rabal",side_street,0.2287,0.3212,0.3326,0.24,0.2216,0.2439,0.2296,0.2744,0.3192,2.9,2.9,3,2.9,3.1,3.3
41.659848,-0.877361,24412443,"El Rabal",side_street,0.2445,0.3978,0.3326,0.237,0.2291,0.2541,0.2429,0.2774,0.2997,3.2,3.1,3.2,3.2,3.3,3.4
41.659795,-0.877068,24412443,"El Rabal",side_street,0.2589,0.3978,0.3351,0.3185,0.2436,0.2677,0.263,0.2863,0.302,3.3,3.3,3.4,3.3,3.4,3.5
41.659742,-0.876776,24412443,"El Rabal",side_street,0.2674,0.3978,0.331,0.3963,0.2568,0.278,0.2746,0.2918,0.2988,3.4,3.4,3.5,3.4,3.5,3.6
41.659734,-0.875921,24412446,"El Rabal",side_street,0.2972,0.4512,0.3326,0.423,0.2893,0.3024,0.2959,0.302,0.2949,3.7,3.7,3.7,3.7,3.7,3.7
41.660609,-0.876109,24412446,"El Rabal",side_street,0.2565,0.5711,0.327,0.325,0.2438,0.2555,0.262,0.2742,0.2612,3.8,3.7,3.8,3.8,3.8,3.8
41.639898,-0.886211,24412560,"San José",main_street,0.7018,0.8578,0.5326,0.9358,0.7075,0.7048,0.7065,0.6863,0.6624,8.3,8.3,8.2,8.3,8.2,8.1
41.640006,-0.885947,24412560,"San José",main_street,0.7073,0.8455,0.5326,0.9398,0.7124,0.7103,0.7111,0.6957,0.6689,8.2,8.3,8.2,8.3,8.2,8
41.640112,-0.885682,24412560,"San José",main_street,0.7101,0.8455,0.5326,0.9507,0.7141,0.7127,0.7142,0.6994,0.6733,8.3,8.3,8.3,8.3,8.2,8.1
41.640218,-0.885416,24412560,"San José",main_street,0.7109,0.8465,0.5336,0.946,0.7144,0.712,0.7151,0.7015,0.6716,8.3,8.3,8.2,8.3,8.2,8.1
41.640323,-0.88515,24412560,"San José",main_street,0.7128,0.8465,0.5326,0.9227,0.7168,0.7121,0.7169,0.7022,0.6666,8.3,8.3,8.2,8.3,8.2,8
41.640428,-0.884885,24412560,"San José",main_street,0.7141,0.9736,0.5282,0.8936,0.7179,0.7096,0.7185,0.7014,0.6586,8.8,8.8,8.7,8.8,8.7,8.5
41.640544,-0.884627,24412560,"San José",main_street,0.7174,0.9731,0.5282,0.8752,0.7219,0.7123,0.723,0.7029,0.6514,8.7,8.8,8.7,8.8,8.7,8.4
41.640679,-0.884386,24412560,"San José",main_street,0.7216,0.9737,0.5282,0.8455,0.7274,0.7175,0.7298,0.7068,0.6477,8.7,8.8,8.7,8.8,8.6,8.3
41.640756,-0.884014,24412561,"San José",side_street,0.7192,0.6095,0.5282,0.7947,0.7231,0.7079,0.7282,0.7024,0.6314,6.8,6.8,6.8,6.9,6.8,6.3
41.640563,-0.883859,24412561,"San José",side_street,0.6938,0.5767,0.5262,0.7824,0.6904,0.6765,0.7076,0.6748,0.6135,6.5,6.5,6.4,6.6,6.4,6.1
41.640371,-0.883704,24412561,"San José",side_street,0.6581,0.5767,0.5218,0.7664,0.6574,0.6485,0.6826,0.6453,0.5822,6.3,6.3,6.2,6.4,6.2,5.9
41.640085,-0.883247,24412561,"San José",side_street,0.6115,0.5301,0.5249,0.7034,0.6071,0.6019,0.6244,0.605,0.5229,5.8,5.8,5.7,5.9,5.7,5.3
41.639956,-0.883001,24412561,"San José",side_street,0.5923,0.5301,0.5218,0.6386,0.5885,0.5822,0.6047,0.583,0.498,5.6,5.6,5.5,5.7,5.5,5.1
41.639827,-0.882755,24412561,"San José",side_street,0.5766,0.5301,0.5262,0.5892,0.5722,0.5659,0.5895,0.5618,0.4666,5.5,5.4,5.4,5.5,5.4,4.9
41.639852,-0.886451,24412562,"San José",main_street,0.6957,0.8085,0.5336,0.9258,0.7015,0.7005,0.7022,0.6775,0.6584,7.9,8,8,8,7.8,7.7
41.64045,-0.888033,24412564,Universidad,side_street,0.6686,0.5825,0.404,0.8725,0.6754,0.6748,0.6785,0.6574,0.648,6.2,6.2,6.2,6.2,6.1,6.1
41.640637,-0.887867,24412564,Universidad,side_street,0.6919,0.5825,0.4068,0.8751,0.6991,0.6971,0.6993,0.6754,0.6625,6.3,6.4,6.4,6.4,6.3,6.2
41.640825,-0.887701,24412564,Universidad,side_street,0.7077,0.5825,0.4115,0.8768,0.7199,0.7141,0.7089,0.6914,0.6702,6.4,6.5,6.5,6.5,6.4,6.2
41.650744,-0.870038,24412629,"Casco Histórico",main_street,0.3577,0.7988,0.5483,0.5276,0.3257,0.3837,0.3721,0.4241,0.5256,5.3,5.2,5.5,5.4,5.7,6.2
41.638485,-0.907586,24412772,Universidad,side_street,0.2451,0.4747,0.3519,0.2347,0.2513,0.2436,0.238,0.2309,0.3053,3.4,3.5,3.4,3.4,3.4,3.6
41.637143,-0.874493,24412891,"San José",side_street,0.4661,0.4521,0.4773,0.436,0.4719,0.4507,0.4792,0.4322,0.3462,4.5,4.5,4.4,4.5,4.4,4.1
41.638613,-0.875743,24412896,Centro,side_street,0.5437,0.497,0.6657,0.7794,0.5546,0.5367,0.5445,0.5018,0.4419,5.8,5.8,5.7,5.8,5.5,5.2
41.638715,-0.87601,24412896,Centro,side_street,0.5407,0.4757,0.6648,0.7834,0.5526,0.5342,0.542,0.4999,0.4422,5.7,5.8,5.6,5.7,5.4,5.1
41.648475,-0.866472,24433253,"Las Fuentes",side_street,0.2449,0.7616,0.2329,0.3564,0.2421,0.2332,0.241,0.2233,0.1757,4,4,4,4,4,3.8
41.647177,-0.871,24433254,"Las Fuentes",main_street,0.4986,0.793,0.2421,0.8436,0.5144,0.5131,0.4788,0.4692,0.4886,5.7,5.8,5.7,5.6,5.5,5.6
41.646954,-0.871044,24433254,"Las Fuentes",main_street,0.5208,0.776,0.2405,0.8549,0.5373,0.5366,0.4979,0.484,0.4962,5.7,5.8,5.8,5.6,5.5,5.6
41.64637,-0.866887,24433259,"Las Fuentes",square,0.2599,0.0006,0.2357,0.3908,0.2641,0.2565,0.248,0.2371,0.2124,2.1,2.1,2.1,2.1,2.1,1.8
41.646591,-0.866942,24433259,"Las Fuentes",square,0.2571,0.0006,0.2363,0.3837,0.2617,0.252,0.2431,0.2296,0.1983,2.1,2.1,2.1,2,2,1.7
41.646729,-0.867006,24433262,"Las Fuentes",side_street,0.2551,0.5391,0.2366,0.3763,0.2589,0.2493,0.2415,0.2254,0.1904,3.6,3.6,3.5,3.5,3.5,3.4
41.643495,-0.869032,24433264,"Las Fuentes",side_street,0.5,0.1817,0.2372,0.0531,0.4963,0.49,0.4975,0.5078,0.5237,3.2,3.2,3.2,3.2,3.2,3.3
41.643367,-0.869279,24433264,"Las Fuentes",side_street,0.5314,0.251,0.2372,0.0318,0.5261,0.5252,0.5256,0.5407,0.5524,3.5,3.5,3.5,3.4,3.5,3.6
41.646227,-0.868652,24433273,"Las Fuentes",side_street,0.344,0.5871,0.2377,0.6164,0.3475,0.3403,0.3352,0.3256,0.3046,4.2,4.2,4.2,4.1,4.1,4
41.646369,-0.868419,24433273,"Las Fuentes",side_street,0.3219,0.5871,0.2374,0.6053,0.3274,0.3195,0.3132,0.3064,0.2769,4.1,4.1,4.1,4.1,4,3.9
41.648112,-0.866886,24433274,"Las Fuentes",side_street,0.2405,0.7333,0.2357,0.3968,0.2377,0.233,0.2363,0.2274,0.1888,4,4,4,4,3.9,3.8
41.646014,-0.868438,24433295,"Las Fuentes",main_street,0.3294,0.775,0.2376,0.6262,0.3349,0.3269,0.3214,0.3137,0.2915,4.6,4.6,4.6,4.6,4.5,4.5
41.648275,-0.870402,24433330,"Casco Histórico",main_street,0.3981,1,0.551,0.6468,0.3978,0.404,0.3899,0.3934,0.4096,6.5,6.5,6.6,6.5,6.5,6.6
41.649146,-0.88462,24481699,Centro,side_street,0.9207,0.3947,0.8282,0.9471,0.9274,0.9288,0.9203,0.904,0.8738,8.4,8.4,8.4,8.4,8.3,8.2
41.64928,-0.884861,24481699,Centro,side_street,0.9111,0.4313,0.8209,0.9463,0.9216,0.9211,0.911,0.8991,0.8697,8.4,8.5,8.5,8.5,8.4,8.2
41.649418,-0.885099,24481699,Centro,side_street,0.9008,0.6237,0.8135,0.9562,0.9115,0.9088,0.9007,0.8869,0.8626,9.2,9.3,9.3,9.2,9.2,9.1
41.649556,-0.885336,24481699,Centro,side_street,0.8906,0.6237,0.8106,0.9621,0.9004,0.8966,0.8893,0.8734,0.8537,9.2,9.2,9.2,9.2,9.1,9
41.649695,-0.885573,24481699,Centro,side_street,0.8752,0.3782,0.8106,0.9614,0.8843,0.8806,0.8724,0.8571,0.8403,8,8,8,7.9,7.9,7.8
41.649834,-0.885809,24481699,Centro,side_street,0.8571,0.3782,0.8026,0.9573,0.8696,0.8638,0.859,0.8414,0.8283,7.8,7.9,7.9,7.8,7.7,7.6
41.649973,-0.886046,24481699,Centro,side_street,0.8409,0.3782,0.8026,0.9558,0.8529,0.8455,0.8437,0.8248,0.8122,7.7,7.8,7.7,7.7,7.6,7.5
41.650112,-0.886282,24481699,Centro,side_street,0.8183,0.3782,0.794,0.9579,0.8303,0.8266,0.8214,0.804,0.7979,7.5,7.6,7.6,7.5,7.4,7.4
41.650251,-0.886519,24481699,Centro,side_street,0.798,0.3782,0.7904,0.9536,0.8084,0.8036,0.8007,0.7822,0.7845,7.4,7.5,7.4,7.4,7.3,7.3
41.650392,-0.886753,24481699,Centro,side_street,0.7744,0.4659,0.7833,0.949,0.7831,0.7811,0.779,0.763,0.7713,7.6,7.7,7.7,7.6,7.6,7.6
41.640611,-0.889238,24481913,Universidad,side_street,0.6482,0.9163,0.4157,0.7323,0.6552,0.6542,0.6562,0.641,0.6348,7.5,7.5,7.5,7.5,7.4,7.4
41.640388,-0.889272,24481913,Universidad,side_street,0.6204,0.904,0.4146,0.6776,0.6239,0.6286,0.6238,0.6225,0.6157,7.1,7.1,7.2,7.1,7.1,7.1
41.640482,-0.894032,24492862,Universidad,side_street,0.8006,0.7475,0.3929,0.9008,0.8034,0.7959,0.793,0.8144,0.8684,7.8,7.8,7.8,7.7,7.9,8.3
41.640353,-0.893786,24492862,Universidad,side_street,0.7869,0.7475,0.3938,0.8581,0.7911,0.7832,0.7763,0.7934,0.8532,7.6,7.7,7.6,7.6,7.7,8.2
41.640641,-0.894069,24492866,Universidad,side_street,0.8116,0.8672,0.3938,0.9179,0.813,0.804,0.8024,0.828,0.8786,8.5,8.5,8.4,8.4,8.6,8.9
41.640828,-0.893902,24492866,Universidad,side_street,0.8224,0.8754,0.3968,0.9009,0.8229,0.8161,0.8144,0.84,0.8814,8.6,8.6,8.5,8.5,8.7,9
41.641013,-0.893731,24492866,Universidad,side_street,0.8365,0.8338,0.398,0.8884,0.8371,0.8286,0.8291,0.8516,0.8809,8.4,8.5,8.4,8.4,8.5,8.8
41.641197,-0.89356,24492866,Universidad,side_street,0.8515,0.8338,0.4025,0.8762,0.8512,0.8396,0.8457,0.8659,0.8851,8.5,8.5,8.5,8.5,8.6,8.8
41.641382,-0.893388,24492866,Universidad,side_street,0.8633,0.8338,0.4068,0.9324,0.8629,0.8519,0.8588,0.877,0.8862,8.7,8.7,8.6,8.7,8.8,8.9
41.639263,-0.87575,24493277,Centro,side_street,0.509,0.4669,0.6673,0.736,0.5205,0.4962,0.5117,0.4768,0.445,5.4,5.5,5.3,5.4,5.2,5.1
41.63937,-0.875693,24493278,Centro,side_street,0.5072,0.4883,0.6685,0.738,0.5192,0.4936,0.5092,0.4734,0.4452,5.5,5.6,5.4,5.5,5.3,5.1
41.639501,-0.875455,24493279,Centro,side_street,0.5119,0.6906,0.6673,0.7718,0.5239,0.498,0.5119,0.4794,0.4625,6.4,6.4,6.3,6.4,6.2,6.1
41.639665,-0.87525,24493279,Centro,side_street,0.5165,0.6794,0.6657,0.7996,0.5273,0.5014,0.5163,0.4893,0.4857,6.4,6.4,6.3,6.4,6.2,6.2
41.639829,-0.875044,24493279,Centro,side_street,0.5205,0.6794,0.6691,0.8262,0.5285,0.5061,0.5188,0.4965,0.4969,6.5,6.5,6.4,6.5,6.3,6.3
41.639996,-0.874842,24493279,Centro,side_street,0.5178,0.6703,0.6691,0.8284,0.5267,0.5028,0.516,0.4967,0.5031,6.4,6.4,6.3,6.4,6.3,6.3
41.640208,-0.874798,24493279,Centro,side_street,0.5078,0.6625,0.6694,0.8255,0.5134,0.4922,0.5083,0.4962,0.5082,6.3,6.3,6.2,6.3,6.3,6.3
41.6404,-0.88398,24566169,"San José",side_street,0.6791,0.9324,0.5249,0.7822,0.6759,0.6665,0.6994,0.6648,0.6114,8.2,8.2,8.1,8.3,8.1,7.8
41.637925,-0.869259,24567760,"San José",main_street,0.2109,0.5957,0.448,0.1529,0.2192,0.1997,0.2188,0.1648,0.1307,3.7,3.8,3.7,3.8,3.6,3.5
41.637786,-0.869022,24567760,"San José",main_street,0.197,0.615,0.4465,0.1523,0.2058,0.1816,0.2034,0.1485,0.116,3.7,3.8,3.7,3.8,3.6,3.5
41.65412,-0.88043,24700369,"Casco Histórico",side_street,0.9832,0.653,0.6437,0.037,0.9763,0.9823,0.985,0.9883,0.9883,8,7.9,7.9,8,8,8.1
41.654237,-0.880687,24700369,"Casco Histórico",side_street,0.9791,0.653,0.6429,0.201,0.9727,0.978,0.9806,0.9852,0.9839,8.2,8.2,8.2,8.2,8.2,8.3
41.654916,-0.880092,24700370,"Casco Histórico",side_street,0.9685,0.8698,0.6274,0.0447,0.9611,0.9702,0.971,0.9808,0.9815,8.9,8.8,8.9,8.9,8.9,9
41.654797,-0.879836,24700370,"Casco Histórico",side_street,0.9717,0.5844,0.6289,0.0733,0.9651,0.9734,0.9746,0.9847,0.9854,7.6,7.5,7.6,7.6,7.7,7.7
41.654761,-0.877286,24700371,"Casco Histórico",square,0.9579,0.7035,0.6017,0.4606,0.909,0.9628,0.9597,0.977,0.9833,8.6,8.3,8.6,8.6,8.7,8.8
41.656049,-0.881383,24700373,"Casco Histórico",square,0.8482,0.3441,0.5961,0.8317,0.8163,0.8676,0.8501,0.9274,0.9467,6.7,6.5,6.8,6.7,7.2,7.3
41.656199,-0.881498,24700373,"Casco Histórico",square,0.8289,0.186,0.5885,0.8664,0.8013,0.8499,0.832,0.9074,0.9381,5.9,5.8,6.1,6,6.4,6.6
41.656193,-0.881737,24700373,"Casco Histórico",square,0.8222,0.1906,0.5897,0.8838,0.7972,0.8421,0.8239,0.8977,0.9339,6,5.9,6.1,6,6.4,6.6
41.65593,-0.88195,24700373,"Casco Histórico",square,0.8419,0.2663,0.5914,0.8679,0.8167,0.8614,0.8427,0.9112,0.9375,6.3,6.2,6.5,6.4,6.8,6.9
41.655898,-0.881722,24700373,"Casco Histórico",square,0.8525,0.2678,0.5979,0.8427,0.8239,0.8739,0.8533,0.9235,0.9447,6.4,6.2,6.5,6.4,6.8,7
41.655879,-0.881479,24700373,"Casco Histórico",square,0.8616,0.0485,0.5979,0.8153,0.8324,0.884,0.8629,0.9356,0.9493,5.5,5.4,5.6,5.5,5.9,6
41.653057,-0.87431,24700377,"Casco Histórico",side_street,0.7705,0.7,0.5747,0.4463,0.7504,0.7965,0.7565,0.8289,0.9019,7.2,7.1,7.4,7.1,7.6,8.2
41.655446,-0.880709,24700378,"Casco Histórico",side_street,0.9319,0.0894,0.6094,0.5971,0.8913,0.9477,0.9329,0.9617,0.9674,5.8,5.6,5.9,5.8,6,6
41.655628,-0.880533,24700378,"Casco Histórico",side_street,0.9186,0.0894,0.6078,0.6022,0.8759,0.9436,0.922,0.959,0.9662,5.8,5.5,5.9,5.8,5.9,6
41.655346,-0.880976,24700379,"Casco Histórico",square,0.934,0.1757,0.6153,0.5934,0.8944,0.948,0.9344,0.9607,0.9668,6.2,6,6.3,6.2,6.3,6.4
41.655154,-0.881133,24700379,"Casco Histórico",square,0.9487,0.1757,0.6261,0.579,0.908,0.9529,0.9484,0.9635,0.9676,6.3,6,6.3,6.3,6.4,6.4
41.654894,-0.881205,24700380,"Casco Histórico",square,0.9597,0.2504,0.6307,0.516,0.9313,0.9586,0.9616,0.9693,0.9707,6.6,6.4,6.6,6.6,6.6,6.7
41.654696,-0.881347,24700380,"Casco Histórico",square,0.9621,0.2504,0.6337,0.5352,0.9462,0.9609,0.964,0.9707,0.9712,6.6,6.5,6.6,6.6,6.7,6.7
41.6562,-0.88116,24700381,"Casco Histórico",square,0.8362,0.9001,0.5924,0.8293,0.8037,0.8543,0.8393,0.9163,0.9439,9.2,9.1,9.3,9.2,9.6,9.7
41.656386,-0.880992,24700381,"Casco Histórico",square,0.8135,0.1263,0.5885,0.8368,0.7825,0.8352,0.8167,0.8974,0.9346,5.6,5.4,5.7,5.6,6,6.2
41.655769,-0.8827,24700384,"Casco Histórico",square,0.8279,0.1339,0.5885,0.9086,0.8129,0.8481,0.8265,0.8836,0.9235,5.8,5.7,5.9,5.8,6.1,6.3
41.655623,-0.882471,24700384,"Casco Histórico",square,0.8519,0.1339,0.6017,0.8823,0.8315,0.873,0.8502,0.9098,0.934,5.9,5.8,6,5.9,6.2,6.4
41.65547,-0.882463,24700385,"Casco Histórico",square,0.8622,0.5909,0.6094,0.8735,0.8453,0.885,0.8612,0.9192,0.9377,8.2,8,8.3,8.1,8.5,8.6
41.655307,-0.882671,24700385,"Casco Histórico",square,0.8693,0.5909,0.611,0.8756,0.8537,0.8913,0.8669,0.9211,0.9378,8.2,8.1,8.3,8.2,8.5,8.6
41.654979,-0.882089,24700387,"Casco Histórico",square,0.9141,0.8643,0.6249,0.7151,0.8923,0.9409,0.9112,0.9494,0.9559,9.4,9.3,9.5,9.4,9.6,9.6
41.654137,-0.881206,24700390,"Casco Histórico",square,0.9743,0.6692,0.6449,0.2573,0.9696,0.9729,0.9756,0.9796,0.9775,8.3,8.4,8.3,8.4,8.3,8.4
41.65426,-0.881458,24700390,"Casco Histórico",square,0.9668,0.6692,0.6404,0.343,0.965,0.9668,0.9689,0.9747,0.9734,8.4,8.4,8.4,8.4,8.4,8.5
41.654378,-0.881714,24700390,"Casco Histórico",square,0.9614,0.6822,0.637,0.4012,0.9481,0.9597,0.9625,0.9674,0.9686,8.5,8.5,8.5,8.5,8.5,8.6
41.65448,-0.881982,24700390,"Casco Histórico",square,0.9517,0.6921,0.6349,0.4813,0.9241,0.9539,0.9494,0.9593,0.964,8.6,8.5,8.6,8.6,8.7,8.7
41.654412,-0.882144,24700391,"Casco Histórico",side_street,0.944,0.9846,0.6404,0.5154,0.9159,0.9511,0.9405,0.9549,0.961,9.7,9.6,9.8,9.7,9.8,9.8
41.654314,-0.88005,24700402,"Casco Histórico",square,0.9816,0.5422,0.6391,0.0555,0.9747,0.9822,0.9842,0.989,0.9895,7.4,7.4,7.5,7.4,7.5,7.5
41.654133,-0.88023,24700402,"Casco Histórico",square,0.9842,0.5422,0.6437,0.0397,0.9775,0.9832,0.9862,0.9893,0.9897,7.4,7.4,7.4,7.4,7.4,7.5
41.653729,-0.880585,24700404,"Casco Histórico",square,0.987,0.7791,0.6501,0.2564,0.9825,0.986,0.9877,0.991,0.9917,9,8.9,9,9,9,9
41.653621,-0.880322,24700404,"Casco Histórico",square,0.9915,0.7771,0.6501,0.2749,0.987,0.9905,0.9924,0.9951,0.9969,9,9,9,9,9.1,9.1
41.653763,-0.879911,24700405,"Casco Histórico",square,0.9921,0.3382,0.6429,0.0557,0.9863,0.9914,0.9932,0.9963,0.9986,6.5,6.5,6.5,6.5,6.5,6.6
41.65359,-0.880101,24700405,"Casco Histórico",square,0.9936,0.3294,0.6429,0.2757,0.9883,0.9931,0.9942,0.9975,0.9999,6.8,6.8,6.8,6.8,6.8,6.9
41.653449,-0.881504,24700406,"Casco Histórico",side_street,0.9763,0.4607,0.6574,0.6159,0.975,0.9757,0.9761,0.9771,0.9747,8,8,7.9,7.9,8,8
41.652707,-0.880207,24700407,"Casco Histórico",square,0.9955,0.1988,0.6584,0.5232,0.9955,0.9953,0.9949,0.9905,0.9874,6.7,6.6,6.6,6.6,6.6,6.6
41.652531,-0.880394,24700407,"Casco Histórico",square,0.9945,0.1407,0.66,0.6036,0.996,0.9945,0.9928,0.9866,0.9835,6.5,6.5,6.5,6.5,6.5,6.5
41.652356,-0.880583,24700407,"Casco Histórico",square,0.9928,0.1407,0.6614,0.6897,0.9962,0.9932,0.9907,0.9845,0.9782,6.6,6.6,6.6,6.6,6.6,6.6
41.652789,-0.879804,24700408,"Casco Histórico",square,0.9996,0.4973,0.6574,0.4385,0.9967,0.9997,0.9984,0.9946,0.9919,8,8,8,8,8,8
41.652938,-0.879581,24700408,"Casco Histórico",square,0.9999,0.5286,0.6532,0.3813,0.9959,0.9999,0.9992,0.9969,0.9946,8.1,8,8.1,8.1,8.1,8.1
41.653581,-0.878796,24700409,"Casco Histórico",square,0.9963,0.6169,0.6289,0.1796,0.9902,0.9967,0.9976,0.9987,0.997,8.1,8,8.1,8.1,8.1,8.1
41.653423,-0.879009,24700409,"Casco Histórico",square,0.9986,0.5603,0.637,0.1244,0.9924,0.9984,0.9989,0.9989,0.9962,7.7,7.7,7.7,7.7,7.8,7.7
41.65416,-0.879436,24700411,"Casco Histórico",square,0.9869,0.7342,0.6289,0.1152,0.9794,0.9873,0.989,0.9938,0.9955,8.4,8.4,8.4,8.5,8.5,8.5
41.654036,-0.879185,24700411,"Casco Histórico",square,0.99,0.7366,0.6289,0.1409,0.9833,0.9907,0.9911,0.9962,0.9983,8.5,8.5,8.5,8.5,8.5,8.6
41.65363,-0.879279,24700412,"Casco Histórico",square,0.9975,0.8691,0.6417,0.104,0.9912,0.9977,0.998,1,0.9997,9.1,9.1,9.2,9.1,9.2,9.2
41.65435,-0.874265,24700416,"Casco Histórico",side_street,0.6932,0.0812,0.57,0.4589,0.6481,0.7362,0.6936,0.7581,0.8211,4.5,4.3,4.6,4.5,4.7,4.9
41.654491,-0.874499,24700416,"Casco Histórico",side_street,0.7179,0.0812,0.5735,0.4397,0.673,0.7516,0.7134,0.775,0.8396,4.6,4.4,4.7,4.6,4.8,5
41.654838,-0.874238,24700418,"Casco Histórico",side_street,0.635,0.5288,0.5687,0.4425,0.5988,0.6973,0.6347,0.726,0.7924,5.7,5.5,6,5.7,6.2,6.6
41.653906,-0.874302,24700419,"Casco Histórico",side_street,0.7288,0.1952,0.5735,0.4517,0.6994,0.7613,0.7207,0.7814,0.8513,5,4.8,5.1,4.9,5.2,5.5
41.654365,-0.876502,24700421,"Casco Histórico",square,0.9268,0.1781,0.5914,0.446,0.8851,0.9505,0.9216,0.9625,0.972,5.9,5.7,6,5.9,6.1,6.1
41.654111,-0.87565,24700423,"Casco Histórico",square,0.8595,0.3436,0.587,0.4223,0.8331,0.8944,0.8554,0.9337,0.9491,6.1,6,6.3,6.1,6.6,6.7
41.654726,-0.876336,24700424,"Casco Histórico",square,0.8881,0.4599,0.5873,0.5239,0.8496,0.9233,0.8847,0.9504,0.9628,7,6.7,7.2,6.9,7.4,7.5
41.653955,-0.875813,24700427,"Casco Histórico",square,0.8864,0.4925,0.5885,0.3725,0.8561,0.9197,0.8744,0.9443,0.9576,6.9,6.7,7.1,6.8,7.3,7.4
41.653698,-0.876369,24700428,"Casco Histórico",side_street,0.9481,0.3471,0.5941,0.3443,0.9066,0.9555,0.9361,0.9655,0.9739,6.6,6.3,6.6,6.5,6.7,6.8
41.65391,-0.876278,24700428,"Casco Histórico",side_street,0.9303,0.3187,0.5961,0.3727,0.8933,0.952,0.92,0.9611,0.9709,6.4,6.2,6.5,6.3,6.6,6.7
41.653131,-0.876717,24700429,"Casco Histórico",side_street,0.9627,0.1232,0.5941,0.2783,0.9508,0.9658,0.9607,0.9741,0.9781,5.7,5.6,5.7,5.6,5.7,5.7
41.653317,-0.876547,24700429,"Casco Histórico",side_street,0.9586,0.1232,0.5961,0.3373,0.9289,0.9614,0.9536,0.971,0.9767,5.7,5.6,5.7,5.7,5.8,5.8
41.653502,-0.876377,24700429,"Casco Histórico",side_street,0.951,0.1232,0.5941,0.3939,0.9118,0.9568,0.9387,0.9662,0.9746,5.8,5.5,5.8,5.7,5.8,5.9
41.65325,-0.877227,24700430,"Casco Histórico",side_street,0.9744,0.1328,0.6051,0.2386,0.9689,0.9777,0.9729,0.9836,0.9857,5.7,5.7,5.7,5.7,5.8,5.8
41.653125,-0.876977,24700430,"Casco Histórico",side_street,0.9682,0.1328,0.5941,0.2691,0.9647,0.9726,0.9665,0.9795,0.9832,5.7,5.7,5.7,5.7,5.7,5.8
41.652802,-0.876475,24700431,"Casco Histórico",side_street,0.9551,0.3147,0.5941,0.2323,0.9244,0.9585,0.9408,0.9651,0.9723,6.3,6.1,6.3,6.2,6.4,6.4
41.652916,-0.876218,24700431,"Casco Histórico",side_street,0.9354,0.3191,0.5941,0.2901,0.9023,0.9517,0.9141,0.9589,0.9696,6.3,6.1,6.4,6.2,6.5,6.5
41.652833,-0.875948,24700431,"Casco Histórico",side_street,0.9069,0.3831,0.5941,0.2648,0.8821,0.9414,0.8919,0.9514,0.9651,6.4,6.2,6.6,6.3,6.6,6.7
41.652719,-0.875688,24700431,"Casco Histórico",side_street,0.8885,0.3831,0.5979,0.3259,0.8628,0.9161,0.8691,0.9433,0.9596,6.4,6.2,6.5,6.3,6.7,6.8
41.65473,-0.879979,24700432,"Casco Histórico",square,0.9731,0.7655,0.6307,0.0492,0.9661,0.974,0.9763,0.9849,0.985,8.4,8.4,8.4,8.4,8.5,8.5
41.655433,-0.878826,24700435,"Casco Histórico",square,0.9349,0.7609,0.6078,0.1832,0.8858,0.9518,0.9333,0.9685,0.9756,8.3,8,8.4,8.3,8.5,8.6
41.655534,-0.879095,24700435,"Casco Histórico",square,0.9293,0.2229,0.6078,0.1899,0.88,0.949,0.9291,0.9666,0.9744,5.8,5.5,5.9,5.8,6,6
41.655649,-0.879354,24700435,"Casco Histórico",square,0.922,0.2012,0.611,0.3875,0.8734,0.9462,0.9227,0.964,0.9719,5.9,5.7,6.1,5.9,6.2,6.2
41.652835,-0.873247,24700436,"Casco Histórico",side_street,0.6313,0.0726,0.5747,0.5979,0.6027,0.6783,0.6207,0.7254,0.8081,4.4,4.3,4.6,4.3,4.7,5
41.652982,-0.874061,24700437,"Casco Histórico",side_street,0.7476,0.6995,0.5747,0.4237,0.7278,0.7766,0.7352,0.8061,0.8816,7,6.9,7.3,6.9,7.4,8
41.652406,-0.873588,24700442,"Casco Histórico",square,0.7059,0.1731,0.5786,0.4689,0.6627,0.7376,0.6957,0.7737,0.8567,4.8,4.7,4.9,4.8,5.1,5.5
41.652297,-0.873482,24700442,"Casco Histórico",square,0.6906,0.1248,0.5774,0.4716,0.6429,0.7281,0.6802,0.7658,0.8461,4.6,4.5,4.8,4.6,4.9,5.2
41.652078,-0.873125,24700442,"Casco Histórico",square,0.6289,0.1973,0.5774,0.5471,0.5938,0.6718,0.6221,0.7301,0.8092,4.7,4.6,4.8,4.7,5,5.4
41.652124,-0.873515,24700442,"Casco Histórico",square,0.6953,0.4148,0.5804,0.4536,0.6453,0.7299,0.6865,0.7704,0.8502,5.6,5.3,5.8,5.5,6,6.4
41.652162,-0.873776,24700442,"Casco Histórico",square,0.7296,0.0734,0.5804,0.4423,0.6909,0.7552,0.7176,0.7949,0.8724,4.6,4.5,4.7,4.6,4.8,5.1
41.652276,-0.873734,24700442,"Casco Histórico",square,0.7248,0.2537,0.5786,0.4497,0.6847,0.7507,0.7123,0.7886,0.8681,5.1,5,5.2,5.1,5.4,5.8
41.652303,-0.873554,24700443,"Casco Histórico",square,0.7015,0.9471,0.5774,0.4651,0.6545,0.733,0.6918,0.772,0.8536,8.1,7.7,8.2,8,8.5,9
41.652114,-0.873707,24700443,"Casco Histórico",square,0.7236,0.9825,0.5804,0.4042,0.6817,0.7493,0.7116,0.788,0.8672,8.3,8,8.4,8.2,8.7,9.2
41.651917,-0.873844,24700443,"Casco Histórico",square,0.739,0.9829,0.5836,0.4317,0.7035,0.762,0.7285,0.8043,0.878,8.4,8.2,8.5,8.4,8.9,9.3
41.653589,-0.87249,24700444,"Casco Histórico",side_street,0.4716,0.6085,0.5588,0.5968,0.4505,0.5167,0.4674,0.5507,0.6945,5.3,5.2,5.5,5.3,5.7,6.5
41.652636,-0.874007,24700445,"Casco Histórico",square,0.7516,0.1319,0.5786,0.4391,0.7308,0.7795,0.7405,0.8135,0.8892,4.8,4.8,5,4.8,5.1,5.4
41.652452,-0.87418,24700445,"Casco Histórico",square,0.7736,0.1319,0.5822,0.4265,0.7492,0.7964,0.7598,0.8383,0.9118,4.9,4.8,5,4.9,5.2,5.5
41.653943,-0.878487,24700446,"Casco Histórico",square,0.9884,0.3217,0.6189,0.2606,0.9812,0.9895,0.9898,0.9943,0.9951,6.7,6.6,6.6,6.7,6.7,6.7
41.655341,-0.883192,24700447,"Casco Histórico",square,0.8438,0.8945,0.6063,0.9412,0.8332,0.864,0.8417,0.8876,0.9237,9.4,9.4,9.5,9.4,9.6,9.7
41.655154,-0.883358,24700447,"Casco Histórico",square,0.8498,0.8945,0.611,0.9467,0.8412,0.8701,0.8461,0.8903,0.9255,9.5,9.4,9.5,9.5,9.6,9.7
41.654594,-0.878541,24700449,"Casco Histórico",square,0.9767,0.6124,0.6174,0.1808,0.9674,0.9798,0.9781,0.9888,0.9929,7.9,7.8,7.9,7.9,8,8.1
41.654414,-0.878722,24700449,"Casco Histórico",square,0.9808,0.6124,0.6174,0.1375,0.9722,0.9843,0.983,0.9919,0.9952,7.8,7.8,7.8,7.8,7.9,8
41.654833,-0.876413,24700450,"Casco Histórico",square,0.8874,0.7728,0.5885,0.5496,0.8468,0.922,0.8838,0.9505,0.9633,8.5,8.4,8.8,8.5,9,9.1
41.647951,-0.875031,24715176,"Casco Histórico",main_street,0.6765,0.9265,0.5904,0.8099,0.6819,0.697,0.6545,0.6919,0.7514,8.4,8.4,8.5,8.3,8.4,8.9
41.648083,-0.875273,24715176,Centro,main_street,0.6881,0.9295,0.6975,0.752,0.6922,0.707,0.6697,0.7025,0.76,8.7,8.7,8.8,8.6,8.8,9.2
41.648277,-0.875422,24715176,"Casco Histórico",main_street,0.699,0.9346,0.6215,0.7325,0.698,0.7193,0.6792,0.7162,0.7752,8.5,8.5,8.6,8.4,8.6,9.1
41.64848,-0.875554,24715176,"Casco Histórico",main_street,0.7039,0.9373,0.6249,0.7045,0.6977,0.7241,0.6857,0.7285,0.7889,8.5,8.5,8.6,8.4,8.7,9.1
41.647441,-0.877012,24715178,Centro,side_street,0.6836,0.8544,0.743,0.5346,0.6921,0.7109,0.6658,0.698,0.7588,8.2,8.2,8.3,8,8.2,8.6
41.645891,-0.875727,24715181,Centro,side_street,0.6923,0.814,0.6804,0.7975,0.7077,0.7137,0.6748,0.6817,0.7284,8.2,8.4,8.3,8.1,8.2,8.5
41.646085,-0.875879,24715181,Centro,side_street,0.6887,0.814,0.6849,0.7339,0.7063,0.7144,0.669,0.6782,0.7315,8.1,8.3,8.3,8,8.1,8.4
41.646275,-0.87604,24715181,Centro,side_street,0.6796,0.8103,0.6956,0.6611,0.6983,0.7055,0.6549,0.673,0.7346,7.9,8.1,8.1,7.7,7.9,8.3
41.646464,-0.876202,24715181,Centro,side_street,0.6703,0.8257,0.6989,0.6549,0.6892,0.6984,0.643,0.6656,0.7329,7.9,8.1,8.2,7.7,7.9,8.4
41.646655,-0.87636,24715181,Centro,side_street,0.6668,0.8257,0.7058,0.6217,0.6837,0.696,0.6396,0.6666,0.7369,7.9,8,8.1,7.7,7.9,8.4
41.646847,-0.876517,24715181,Centro,side_street,0.6642,0.8257,0.7043,0.5821,0.6815,0.6947,0.6357,0.6673,0.7394,7.8,7.9,8,7.6,7.9,8.3
41.64723,-0.876834,24715181,Centro,side_street,0.6702,0.8318,0.7401,0.536,0.6799,0.699,0.6464,0.687,0.7523,7.9,8,8.1,7.7,8.1,8.5
41.649443,-0.876066,24868476,"Casco Histórico",secondary_street,0.775,0.9849,0.6532,0.7674,0.7576,0.7913,0.7616,0.827,0.8916,9.3,9.2,9.4,9.2,9.6,9.8
41.649666,-0.876103,24868476,"Casco Histórico",secondary_street,0.7949,0.9811,0.6574,0.79,0.7771,0.8074,0.786,0.8519,0.9114,9.4,9.4,9.5,9.4,9.7,9.9
41.64989,-0.876082,24868476,"Casco Histórico",secondary_street,0.8105,0.9804,0.6532,0.7744,0.7938,0.8265,0.8009,0.8725,0.9218,9.5,9.4,9.5,9.4,9.7,9.9
41.650695,-0.912256,25151303,Delicias,side_street,0.7609,0.4352,0.8796,0.5656,0.7677,0.7395,0.7677,0.738,0.7087,7,7.1,6.9,7.1,6.9,6.8
41.650479,-0.912174,25151303,Delicias,side_street,0.7561,0.4352,0.8891,0.5054,0.7633,0.7356,0.7629,0.7321,0.7005,6.9,7,6.8,7,6.8,6.6
41.650049,-0.911997,25151303,Delicias,side_street,0.7431,0.2978,0.911,0.3472,0.7513,0.7244,0.7511,0.7175,0.6819,6.1,6.1,6,6.1,6,5.8
41.649835,-0.911906,25151303,Delicias,side_street,0.7328,0.3554,0.9234,0.2562,0.7438,0.715,0.7418,0.7096,0.6717,6.2,6.2,6.1,6.2,6.1,5.9
41.649619,-0.91182,25151303,Delicias,side_street,0.7205,0.3554,0.9358,0.1762,0.7298,0.6957,0.7267,0.6973,0.6637,6,6.1,5.9,6.1,5.9,5.7
41.649423,-0.911709,25151303,Delicias,side_street,0.701,0.7113,0.9358,0.1177,0.7058,0.6726,0.7085,0.6764,0.6521,7.5,7.5,7.3,7.5,7.3,7.1
41.649289,-0.911468,25151303,Delicias,side_street,0.6678,0.5615,0.9358,0.0527,0.6731,0.6491,0.6832,0.6499,0.6382,6.4,6.5,6.3,6.5,6.3,6.3
41.649157,-0.911224,25151303,Delicias,side_street,0.6384,0.6645,0.946,0.0284,0.6423,0.6273,0.6444,0.6309,0.6231,6.7,6.7,6.6,6.7,6.7,6.7
41.651999,-0.912769,25151304,Delicias,side_street,0.6341,0.5541,0.8617,0.8031,0.6311,0.62,0.6422,0.6389,0.6306,7.1,7.1,7,7.2,7.2,7.1
41.651783,-0.912683,25151304,Delicias,side_street,0.684,0.5541,0.8796,0.7763,0.6781,0.6577,0.6983,0.6803,0.6604,7.5,7.5,7.3,7.6,7.5,7.3
41.650836,-0.912153,25151305,Delicias,side_street,0.7565,0.3359,0.9358,0.595,0.7627,0.7367,0.7627,0.7347,0.7079,6.8,6.8,6.6,6.8,6.6,6.5
41.6509,-0.911865,25151305,Delicias,side_street,0.7473,0.3359,0.9616,0.591,0.754,0.7298,0.7533,0.7258,0.6987,6.8,6.8,6.7,6.8,6.7,6.5
41.650965,-0.911576,25151305,Delicias,side_street,0.7366,0.3359,0.9674,0.5594,0.7443,0.721,0.7431,0.7176,0.6906,6.7,6.7,6.6,6.7,6.6,6.4
41.6495,-0.911592,25151308,Delicias,side_street,0.697,0.3,0.9358,0.1484,0.7025,0.6699,0.7059,0.6733,0.6507,5.7,5.7,5.5,5.7,5.5,5.4
41.649908,-0.91134,25151308,Delicias,side_street,0.7151,0.3,0.9234,0.3006,0.7246,0.6904,0.7183,0.6916,0.6601,5.9,6,5.8,6,5.8,5.6
41.650112,-0.911214,25151308,Delicias,side_street,0.7138,0.3,0.9358,0.3412,0.7236,0.6887,0.7179,0.6897,0.6559,6,6.1,5.9,6,5.9,5.7
41.650316,-0.911089,25151308,Delicias,side_street,0.7089,0.3,0.9358,0.3821,0.7165,0.6829,0.7137,0.685,0.6519,6,6.1,5.9,6.1,5.9,5.7
41.65052,-0.91096,25151308,Delicias,side_street,0.7066,0.3109,0.9542,0.3909,0.7133,0.6817,0.7118,0.6843,0.6536,6.1,6.2,6,6.2,6,5.8
41.650723,-0.910831,25151308,Delicias,side_street,0.7005,0.3109,0.9616,0.4394,0.7042,0.6741,0.7066,0.6796,0.6526,6.2,6.2,6,6.2,6.1,5.9
41.651129,-0.910572,25151308,Delicias,side_street,0.6754,0.3109,0.946,0.5774,0.6762,0.654,0.6868,0.6614,0.6439,6.2,6.2,6.1,6.3,6.1,6
41.651332,-0.910445,25151308,Delicias,side_street,0.6562,0.3513,0.9358,0.6367,0.6594,0.6409,0.6655,0.6447,0.6316,6.3,6.3,6.2,6.4,6.3,6.2
41.651072,-0.910218,25151309,Delicias,side_street,0.6478,0.3339,0.946,0.5294,0.6526,0.6341,0.6525,0.6374,0.6251,6.1,6.1,6,6.1,6,5.9
41.650868,-0.910344,25151309,Delicias,side_street,0.6596,0.3339,0.9542,0.4234,0.6668,0.6436,0.6721,0.6433,0.6289,6,6.1,5.9,6.1,5.9,5.8
41.650256,-0.910721,25151309,Delicias,side_street,0.6847,0.2711,0.9358,0.2636,0.6908,0.6604,0.697,0.6618,0.6427,5.7,5.7,5.5,5.7,5.5,5.4
41.650051,-0.910844,25151309,Delicias,side_street,0.6863,0.2711,0.9358,0.262,0.6938,0.661,0.6998,0.6622,0.643,5.7,5.7,5.5,5.8,5.5,5.4
41.649845,-0.910967,25151309,Delicias,side_street,0.6849,0.2711,0.9358,0.1863,0.6919,0.6601,0.6984,0.6608,0.6444,5.5,5.6,5.4,5.6,5.4,5.3
41.649436,-0.911217,25151309,Delicias,side_street,0.6683,0.2812,0.9358,0.0692,0.6755,0.6495,0.6824,0.6481,0.6364,5.3,5.4,5.2,5.4,5.2,5.1
41.649401,-0.909092,25151310,Delicias,side_street,0.5033,0.5591,0.9358,0.0093,0.5071,0.4902,0.5061,0.5073,0.537,5.5,5.5,5.4,5.5,5.5,5.7
41.644125,-0.87286,25151747,"San José",side_street,0.6584,0.5227,0.512,0.7046,0.6629,0.6519,0.6628,0.649,0.6386,6,6,5.9,6,5.9,5.9
41.644156,-0.873158,25151747,"San José",side_street,0.6608,0.5227,0.5154,0.6928,0.6673,0.6545,0.6648,0.6471,0.6343,6,6,5.9,6,5.9,5.8
41.644187,-0.873456,25151747,"San José",side_street,0.6624,0.5071,0.5161,0.7422,0.6692,0.6556,0.6669,0.6475,0.6351,6,6,5.9,6,5.9,5.8
41.644215,-0.873755,25151747,"San José",side_street,0.6666,0.4125,0.5179,0.7254,0.6727,0.657,0.6707,0.6495,0.6392,5.6,5.7,5.6,5.6,5.5,5.4
41.644243,-0.874053,25151747,"San José",side_street,0.6662,0.4125,0.5179,0.7075,0.6709,0.6564,0.6716,0.6516,0.6436,5.6,5.6,5.5,5.6,5.5,5.4
41.64427,-0.874352,25151747,"San José",side_street,0.6653,0.4125,0.5234,0.6504,0.6694,0.6563,0.6711,0.6542,0.6473,5.5,5.6,5.5,5.6,5.4,5.4
41.644298,-0.87465,25151747,"San José",side_street,0.668,0.4298,0.5191,0.6781,0.6706,0.6596,0.6724,0.6581,0.6564,5.6,5.7,5.6,5.7,5.6,5.5
41.636735,-0.874476,25151748,"San José",side_street,0.4633,0.3621,0.4609,0.3058,0.4683,0.4466,0.4774,0.4327,0.3467,4.1,4.1,4.1,4.2,4,3.7
41.638637,-0.875313,26256493,"San José",side_street,0.5302,0.8072,0.4895,0.8026,0.5424,0.5182,0.5298,0.4836,0.4299,6.5,6.6,6.4,6.5,6.3,5.9
41.651285,-0.881506,26261991,Centro,side_street,0.9917,0.209,0.8164,0.9408,0.9997,0.9927,0.9886,0.9705,0.9606,7.9,7.9,7.9,7.8,7.8,7.7
41.650736,-0.875819,26261993,"Casco Histórico",side_street,0.8486,0.5752,0.6326,0.6724,0.8252,0.8667,0.8397,0.9144,0.9389,7.7,7.6,7.8,7.6,8.2,8.3
41.651275,-0.873825,26261994,"Casco Histórico",side_street,0.7246,0.2868,0.5857,0.5119,0.6765,0.7496,0.7141,0.7965,0.8741,5.3,5.1,5.5,5.3,5.7,6.1
41.65114,-0.874066,26261994,"Casco Histórico",side_street,0.7441,0.2868,0.5865,0.543,0.7065,0.7664,0.7349,0.816,0.8919,5.5,5.3,5.6,5.4,5.8,6.3
41.651006,-0.874307,26261994,"Casco Histórico",side_street,0.7588,0.2868,0.6051,0.5832,0.7289,0.7818,0.7497,0.8327,0.9072,5.7,5.5,5.8,5.6,6,6.5
41.650514,-0.874919,26261994,"Casco Histórico",side_street,0.7873,0.3027,0.6261,0.6375,0.7592,0.8044,0.7766,0.8616,0.9247,6,5.9,6.1,5.9,6.4,6.8
41.650232,-0.875384,26261994,"Casco Histórico",side_street,0.8053,0.3274,0.6349,0.6942,0.7848,0.8255,0.7972,0.8804,0.9303,6.3,6.2,6.4,6.2,6.7,7
41.651474,-0.873588,26261997,"Casco Histórico",side_street,0.7032,0.9005,0.5825,0.4894,0.6504,0.7342,0.6967,0.777,0.857,7.9,7.5,8.1,7.8,8.3,8.9
41.651337,-0.87335,26261997,"Casco Histórico",side_street,0.6579,0.8934,0.5804,0.5359,0.6131,0.7044,0.6504,0.7541,0.8335,7.6,7.3,7.9,7.6,8.3,8.8
41.6512,-0.873111,26261997,"Casco Histórico",side_street,0.6234,0.8934,0.5804,0.5184,0.5825,0.6661,0.6166,0.7312,0.8096,7.4,7,7.7,7.3,8.1,8.6
41.651063,-0.872872,26261997,"Casco Histórico",side_street,0.596,0.8934,0.5774,0.4238,0.5548,0.6351,0.5903,0.7094,0.792,7,6.7,7.3,7,7.8,8.3
41.650924,-0.872636,26261997,"Casco Histórico",side_street,0.5661,0.9467,0.5721,0.4508,0.525,0.6066,0.5626,0.6752,0.7746,7.1,6.8,7.4,7,7.9,8.5
41.650783,-0.872402,26261997,"Casco Histórico",side_street,0.5353,0.9048,0.5687,0.4493,0.4912,0.5755,0.5305,0.6348,0.7492,6.7,6.4,6.9,6.7,7.3,8.2
41.650245,-0.871438,26261997,"Casco Histórico",side_street,0.4367,0.9048,0.5636,0.4146,0.4125,0.4644,0.4411,0.5195,0.6279,6.1,6,6.2,6.1,6.5,7.2
41.65011,-0.871197,26261997,"Casco Histórico",side_street,0.4238,0.994,0.5613,0.3681,0.4008,0.4449,0.4265,0.4886,0.6013,6.3,6.1,6.4,6.3,6.7,7.4
41.649976,-0.870956,26261997,"Casco Histórico",side_street,0.4115,0.994,0.5582,0.3995,0.3893,0.4309,0.4155,0.4628,0.563,6.2,6.1,6.4,6.3,6.6,7.2
41.649843,-0.870713,26261997,"Casco Histórico",side_street,0.3977,0.9942,0.5563,0.4666,0.3775,0.4124,0.4008,0.4399,0.5273,6.3,6.1,6.3,6.3,6.5,7
41.651021,-0.87453,26261999,"Casco Histórico",side_street,0.7757,0.5577,0.6094,0.6266,0.7472,0.7955,0.7657,0.8489,0.9178,6.9,6.8,7.1,6.9,7.5,8
41.651208,-0.874698,26261999,"Casco Histórico",side_street,0.7944,0.5841,0.6202,0.6357,0.7668,0.8106,0.7869,0.8677,0.9233,7.3,7.1,7.4,7.2,7.8,8.2
41.650396,-0.874834,26262000,"Casco Histórico",square,0.7787,0.0865,0.6215,0.5943,0.7497,0.7978,0.7655,0.8546,0.9223,5.1,5,5.1,5,5.4,5.8
41.650312,-0.874602,26262000,"Casco Histórico",square,0.7585,0.1482,0.6135,0.5524,0.728,0.7826,0.7451,0.8379,0.918,5.1,5,5.2,5.1,5.5,5.9
41.650146,-0.874281,26262001,"Casco Histórico",square,0.7284,0.0777,0.5904,0.5858,0.6834,0.7549,0.7107,0.807,0.8926,4.8,4.6,4.9,4.7,5,5.5
41.650455,-0.874047,26262003,"Casco Histórico",square,0.7168,0.3957,0.5885,0.5007,0.6639,0.7435,0.7027,0.793,0.8793,5.7,5.4,5.8,5.6,6.1,6.6
41.650754,-0.872601,26262004,"Casco Histórico",side_street,0.5575,0.4739,0.57,0.4419,0.5154,0.5955,0.553,0.6598,0.7651,5.1,4.9,5.2,5.1,5.6,6.1
41.650194,-0.871137,26262005,"Casco Histórico",side_street,0.4206,0.8909,0.5613,0.4127,0.3977,0.4429,0.4254,0.487,0.6027,5.9,5.8,6,5.9,6.3,7
41.651094,-0.87263,26262009,"Casco Histórico",side_street,0.5728,0.4551,0.57,0.393,0.5324,0.614,0.5705,0.6833,0.7769,5,4.9,5.2,5,5.5,6.1
41.651975,-0.872909,26262010,"Casco Histórico",side_street,0.5998,0.7752,0.5765,0.5786,0.5636,0.6364,0.5917,0.7045,0.7904,6.7,6.5,6.9,6.7,7.4,8
41.651843,-0.872666,26262010,"Casco Histórico",side_street,0.568,0.7752,0.5714,0.5478,0.5319,0.6073,0.5643,0.6702,0.7726,6.5,6.2,6.7,6.4,7.1,7.8
41.650785,-0.873821,26262014,"Casco Histórico",square,0.7014,0.6396,0.5873,0.4976,0.6426,0.7332,0.6909,0.7828,0.8664,6.6,6.3,6.8,6.5,7.1,7.7
41.639624,-0.869633,26285733,"San José",side_street,0.3592,0.3317,0.4558,0.1694,0.3542,0.3469,0.3694,0.3581,0.3447,3.6,3.6,3.5,3.6,3.6,3.6
41.63971,-0.86991,26285733,"San José",side_street,0.38,0.3549,0.4609,0.2058,0.3782,0.3645,0.3892,0.3751,0.3662,3.8,3.7,3.7,3.8,3.7,3.7
41.641325,-0.868559,26286334,"San José",side_street,0.4676,0.6545,0.4609,0.0141,0.4531,0.4631,0.4777,0.4976,0.509,4.6,4.6,4.6,4.7,4.7,4.7
41.64145,-0.868309,26286334,"San José",side_street,0.4597,0.6545,0.4609,0.0154,0.4459,0.4544,0.4689,0.4873,0.4941,4.6,4.6,4.6,4.6,4.7,4.7
41.641575,-0.868059,26286334,"San José",side_street,0.446,0.6545,0.4609,0.017,0.4319,0.4394,0.4579,0.4724,0.4756,4.6,4.5,4.5,4.6,4.6,4.6
41.64024,-0.872602,26286342,"San José",side_street,0.4959,0.602,0.4863,0.8263,0.4918,0.4866,0.4946,0.511,0.5589,5.5,5.5,5.5,5.5,5.6,5.8
41.640036,-0.872798,26286344,"San José",side_street,0.4774,0.9059,0.4877,0.856,0.4757,0.4683,0.4789,0.4812,0.5293,6.7,6.7,6.6,6.7,6.7,7
41.640243,-0.872683,26286344,"San José",side_street,0.4993,0.9059,0.4895,0.8314,0.4949,0.4888,0.4973,0.514,0.5622,6.8,6.8,6.7,6.8,6.9,7.3
41.64045,-0.872566,26286344,"San José",side_street,0.5116,0.7176,0.4877,0.8181,0.5082,0.5035,0.5095,0.528,0.5705,6,6,6,6,6.1,6.4
41.645492,-0.874265,26286875,"San José",side_street,0.6935,0.2725,0.5234,0.8396,0.7073,0.6901,0.6867,0.6611,0.6533,5.4,5.5,5.3,5.3,5.2,5.1
41.645684,-0.874422,26286875,"San José",side_street,0.6962,0.2725,0.5282,0.8378,0.71,0.6963,0.687,0.6679,0.6723,5.4,5.5,5.4,5.3,5.2,5.2
41.645875,-0.87458,26286875,"San José",side_street,0.6987,0.2725,0.5282,0.8358,0.7137,0.7022,0.688,0.6734,0.6954,5.4,5.5,5.4,5.3,5.3,5.3
41.646067,-0.874737,26286875,"San José",side_street,0.6976,0.3335,0.5314,0.8286,0.7142,0.7059,0.6829,0.6757,0.7093,5.6,5.8,5.7,5.6,5.5,5.7
41.646265,-0.874085,26286876,"San José",side_street,0.7028,0.0984,0.5302,0.8361,0.7233,0.7085,0.6874,0.67,0.6921,4.9,4.9,4.9,4.8,4.7,4.8
41.645885,-0.873765,26286876,"San José",side_street,0.708,0.0984,0.5262,0.8438,0.7281,0.7066,0.6962,0.6659,0.657,4.9,5,4.9,4.8,4.7,4.6
41.645693,-0.873607,26286876,"San José",side_street,0.7072,0.1036,0.5204,0.854,0.7284,0.7018,0.6977,0.6586,0.6379,4.9,5,4.9,4.8,4.7,4.6
41.651843,-0.867351,26287440,"Casco Histórico",side_street,0.184,0.596,0.5367,0.1132,0.1824,0.1939,0.1832,0.1925,0.181,3.8,3.7,3.8,3.8,3.8,3.7
41.65192,-0.867634,26287440,"Casco Histórico",side_street,0.1954,0.6136,0.5372,0.1057,0.1938,0.2038,0.1953,0.2087,0.2024,3.8,3.8,3.9,3.8,3.9,3.8
41.651999,-0.867916,26287440,"Casco Histórico",side_street,0.2,0.6149,0.5377,0.1053,0.1973,0.2094,0.201,0.2138,0.2049,3.9,3.8,3.9,3.9,3.9,3.8
41.651571,-0.867485,26287441,"Casco Histórico",side_street,0.1998,0.2333,0.5372,0.1121,0.198,0.2079,0.2003,0.2133,0.2094,2.8,2.8,2.9,2.8,2.9,2.9
41.65178,-0.867377,26287441,"Casco Histórico",side_street,0.1894,0.2318,0.5372,0.1129,0.1858,0.198,0.188,0.1967,0.1881,2.8,2.8,2.8,2.8,2.8,2.8
41.652074,-0.86776,26287446,"Casco Histórico",side_street,0.1935,0.0283,0.5377,0.0765,0.1912,0.2022,0.1929,0.2034,0.1915,2.3,2.3,2.3,2.3,2.3,2.3
41.652036,-0.868016,26287446,"Casco Histórico",side_street,0.201,0.1068,0.5377,0.1075,0.1983,0.2117,0.2022,0.2169,0.2096,2.6,2.5,2.6,2.6,2.6,2.6
41.651825,-0.86812,26287446,"Casco Histórico",side_street,0.2137,0.6564,0.5377,0.1224,0.2086,0.224,0.2189,0.2387,0.2397,4,4,4,4,4.1,4.1
41.651403,-0.868326,26287446,"Casco Histórico",side_street,0.2381,0.1002,0.5384,0.1461,0.2264,0.2521,0.2465,0.2715,0.2815,2.7,2.7,2.7,2.7,2.8,2.8
41.652012,-0.867533,26287447,"Casco Histórico",side_street,0.1867,0.0394,0.5367,0.1044,0.1843,0.1973,0.1867,0.1949,0.1826,2.3,2.3,2.3,2.3,2.3,2.3
41.635791,-0.874774,26338608,"San José",square,0.4603,0.1403,0.4661,0.1651,0.4625,0.4404,0.478,0.4368,0.3366,3.5,3.5,3.4,3.5,3.4,3
41.635813,-0.874475,26338608,"San José",square,0.4368,0.1403,0.4609,0.0845,0.4368,0.4176,0.4532,0.412,0.3176,3.3,3.3,3.2,3.3,3.2,2.9
41.634694,-0.875201,26339018,"San José",side_street,0.4394,0.2603,0.4558,0.0757,0.4392,0.4187,0.4521,0.4107,0.299,3.6,3.6,3.5,3.7,3.5,3.1
41.634425,-0.878189,26339995,"San José",side_street,0.537,0.4984,0.4805,0.702,0.5339,0.5201,0.5488,0.5219,0.4069,5.2,5.2,5.1,5.2,5.1,4.6
41.634579,-0.878407,26339996,"San José",side_street,0.5581,0.6635,0.4805,0.7271,0.5544,0.5418,0.5701,0.5427,0.4183,5.9,5.9,5.8,6,5.8,5.2
41.634737,-0.878622,26339996,"San José",side_street,0.5701,0.6635,0.4805,0.7547,0.5663,0.555,0.5848,0.5557,0.4326,6,6,6,6.1,6,5.3
41.634894,-0.878837,26339996,"San José",side_street,0.5749,0.6635,0.4805,0.7384,0.5691,0.5579,0.5907,0.5623,0.4333,6,6,5.9,6.1,6,5.3
41.635051,-0.879052,26339996,"San José",side_street,0.582,0.6635,0.4833,0.6888,0.5759,0.565,0.5958,0.5654,0.4276,6,6,5.9,6.1,5.9,5.2
41.635208,-0.879267,26339996,"San José",side_street,0.5842,0.6635,0.4833,0.686,0.5784,0.566,0.5999,0.5666,0.4178,6,6,5.9,6.1,5.9,5.1
41.635366,-0.879482,26339996,"San José",side_street,0.5773,0.6785,0.4852,0.6823,0.5721,0.5567,0.5944,0.5567,0.4012,6,6,5.9,6.1,5.9,5.1
41.634599,-0.878253,26340096,"San José",side_street,0.5601,0.7648,0.4805,0.7282,0.5582,0.5455,0.5719,0.5442,0.4238,6.4,6.4,6.3,6.4,6.3,5.6
41.634759,-0.878041,26340096,"San José",side_street,0.5791,0.7648,0.4805,0.6351,0.5762,0.5646,0.5886,0.5564,0.4371,6.3,6.3,6.3,6.4,6.2,5.6
41.634919,-0.87783,26340096,"San José",side_street,0.5899,0.7648,0.4773,0.5685,0.5903,0.5762,0.5974,0.5639,0.4358,6.3,6.3,6.2,6.3,6.2,5.4
41.634426,-0.878323,26340282,"San José",side_street,0.5362,0.8335,0.4805,0.7185,0.5317,0.5191,0.5489,0.5213,0.4038,6.5,6.5,6.4,6.6,6.4,5.8
41.634919,-0.879703,26341777,"San José",side_street,0.5167,0.528,0.4852,0.694,0.5119,0.4932,0.5393,0.504,0.3737,5.2,5.2,5.1,5.3,5.1,4.6
41.635074,-0.87992,26341777,"San José",side_street,0.5085,0.6283,0.4833,0.6572,0.5049,0.4854,0.5334,0.4945,0.3636,5.5,5.5,5.3,5.6,5.4,4.8
41.640623,-0.873545,26494354,"San José",main_street,0.5288,0.5143,0.4956,0.8676,0.5225,0.5174,0.5281,0.5383,0.5664,5.4,5.4,5.4,5.4,5.5,5.6
41.650873,-0.879927,26600239,Centro,square,0.9864,0.1138,0.7998,0.5266,0.9941,0.9852,0.9837,0.9712,0.9611,6.6,6.7,6.6,6.6,6.6,6.5
41.651072,-0.879785,26600239,Centro,square,0.9876,0.1138,0.7966,0.5161,0.9942,0.9867,0.9854,0.9739,0.9641,6.6,6.7,6.6,6.6,6.5,6.5
41.65127,-0.879643,26600239,Centro,square,0.9894,0.1138,0.794,0.5274,0.9953,0.989,0.9871,0.9768,0.9682,6.6,6.7,6.6,6.6,6.6,6.6
41.651468,-0.879501,26600239,Centro,square,0.9898,0.1138,0.794,0.5004,0.9949,0.9898,0.9876,0.9785,0.9706,6.6,6.6,6.6,6.6,6.5,6.5
41.650729,-0.87986,26600240,Centro,square,0.9821,0.7332,0.7966,0.4794,0.9898,0.9821,0.9798,0.9683,0.9575,9.4,9.5,9.4,9.4,9.4,9.3
41.650638,-0.879584,26600240,Centro,square,0.977,0.7128,0.8051,0.4224,0.9829,0.9767,0.9727,0.965,0.9556,9.3,9.3,9.3,9.2,9.2,9.2
41.650543,-0.879312,26600240,Centro,square,0.9686,0.7128,0.7966,0.4333,0.9737,0.9699,0.9657,0.9606,0.9539,9.2,9.2,9.2,9.2,9.2,9.2
41.650448,-0.879039,26600240,Centro,square,0.9616,0.7128,0.7998,0.4244,0.9657,0.962,0.9587,0.9546,0.951,9.2,9.2,9.2,9.2,9.2,9.2
41.650136,-0.87813,26600241,Centro,square,0.8968,0.3883,0.8026,0.2048,0.8912,0.9213,0.8869,0.931,0.9319,6.8,6.8,7,6.8,7.1,7.1
41.65023,-0.878404,26600241,Centro,square,0.9199,0.3883,0.8051,0.3139,0.9079,0.9433,0.9033,0.9411,0.9382,7.2,7.1,7.4,7.1,7.4,7.3
41.650324,-0.878677,26600241,Centro,square,0.9474,0.4278,0.8106,0.3947,0.9357,0.9524,0.9293,0.9474,0.9454,7.7,7.7,7.8,7.6,7.8,7.8
41.650417,-0.878951,26600241,Centro,square,0.9596,0.4394,0.8026,0.4142,0.9633,0.9589,0.9532,0.9531,0.9498,7.9,7.9,7.9,7.8,7.9,7.9
41.648666,-0.877583,26600243,Centro,square,0.7624,0.8428,0.7691,0.2627,0.7626,0.7774,0.7527,0.7769,0.8212,8.3,8.3,8.3,8.2,8.3,8.6
41.64846,-0.877703,26600243,Centro,square,0.7547,0.8428,0.7663,0.2125,0.7569,0.7682,0.7456,0.7688,0.8095,8.1,8.1,8.2,8,8.2,8.5
41.650724,-0.87708,26600244,Centro,side_street,0.9086,0.0872,0.7663,0.4153,0.8937,0.9358,0.8985,0.9435,0.9471,5.9,5.8,6,5.8,6,6.1
41.650524,-0.877216,26600244,Centro,side_street,0.8984,0.0872,0.7772,0.4187,0.8862,0.9245,0.8902,0.9397,0.9415,5.8,5.8,6,5.8,6.1,6.1
41.650123,-0.87749,26600244,Centro,side_street,0.8787,0.0872,0.7884,0.3978,0.8635,0.8949,0.8645,0.9158,0.9279,5.7,5.7,5.8,5.7,5.9,6
41.650849,-0.877433,26600323,Centro,square,0.9418,0.0935,0.7719,0.3192,0.9185,0.9507,0.9268,0.9515,0.9529,5.9,5.8,6,5.9,6,6
41.650653,-0.87758,26600323,Centro,square,0.9292,0.0935,0.7833,0.3176,0.9108,0.9473,0.9149,0.9473,0.9488,5.9,5.8,6,5.8,6,6
41.650456,-0.877726,26600323,Centro,square,0.9192,0.1342,0.7904,0.3079,0.9029,0.9429,0.9045,0.943,0.9442,6,5.9,6.1,5.9,6.2,6.1
41.650259,-0.87787,26600323,Centro,square,0.9014,0.1342,0.7966,0.2921,0.8929,0.9279,0.8917,0.9368,0.9361,5.9,5.9,6.1,5.9,6.1,6.1
41.650333,-0.878344,26600324,Centro,square,0.9295,0.3044,0.8051,0.3217,0.9155,0.947,0.9124,0.9442,0.9425,6.8,6.8,7,6.8,7,7
41.650738,-0.879517,26600325,Centro,square,0.9781,0.1121,0.7998,0.4231,0.9843,0.9781,0.9748,0.9664,0.9583,6.4,6.5,6.4,6.4,6.4,6.3
41.650933,-0.879368,26600325,Centro,square,0.9799,0.1121,0.7966,0.4515,0.9856,0.9808,0.9772,0.9706,0.9631,6.5,6.5,6.5,6.5,6.4,6.4
41.651337,-0.879108,26600325,Centro,square,0.983,0.0578,0.7966,0.4576,0.9871,0.9837,0.9808,0.9756,0.9683,6.3,6.3,6.3,6.3,6.2,6.2
41.651713,-0.87989,26600326,Centro,side_street,0.9956,0.9837,0.794,0.6132,0.9989,0.9962,0.9941,0.9809,0.9724,10,10,10,10,10,10
41.651513,-0.880027,26600326,Centro,side_street,0.9948,0.9837,0.7998,0.6508,0.999,0.9948,0.9931,0.9794,0.9693,10,10,10,10,10,10
41.651313,-0.880165,26600326,Centro,side_street,0.9946,0.9837,0.8026,0.6547,0.9993,0.9942,0.9927,0.978,0.9664,10,10,10,10,10,10
41.651113,-0.880302,26600326,Centro,side_street,0.9935,0.9837,0.8026,0.6778,0.9992,0.9922,0.9914,0.9754,0.9637,10,10,10,10,10,10
41.64875,-0.880021,26600390,Centro,side_street,0.8652,0.6769,0.8106,0.0336,0.8639,0.8795,0.8605,0.8831,0.8792,7.8,7.8,7.9,7.8,8,8
41.648544,-0.88014,26600390,Centro,side_street,0.8608,0.6769,0.8026,0.024,0.8604,0.8732,0.8566,0.8756,0.8701,7.7,7.8,7.9,7.7,7.9,7.9
41.64984,-0.881899,26600431,Centro,square,0.9737,0.2835,0.8227,0.5312,0.9806,0.9712,0.9741,0.9579,0.9391,7.5,7.5,7.5,7.5,7.4,7.3
41.650049,-0.881788,26600431,Centro,square,0.9784,0.2817,0.8209,0.6003,0.9854,0.9747,0.9784,0.961,0.9438,7.6,7.6,7.6,7.6,7.5,7.4
41.650258,-0.881677,26600431,Centro,square,0.9805,0.2817,0.8164,0.6487,0.9893,0.9787,0.9815,0.9631,0.9462,7.7,7.7,7.7,7.6,7.6,7.5
41.649901,-0.882562,26600432,Centro,side_street,0.9712,0.298,0.8164,0.6949,0.9784,0.9675,0.9716,0.9556,0.9349,7.8,7.8,7.8,7.8,7.7,7.6
41.649824,-0.88228,26600432,Centro,side_street,0.9724,0.3848,0.8187,0.6047,0.9796,0.9698,0.9736,0.9572,0.9371,8.1,8.1,8.1,8.1,8,7.9
41.649747,-0.881997,26600432,Centro,side_street,0.9716,0.3848,0.8209,0.5011,0.9785,0.9683,0.972,0.9566,0.936,7.9,7.9,7.9,7.9,7.8,7.7
41.649101,-0.882288,26600579,Centro,side_street,0.9603,0.3521,0.8242,0.6319,0.9668,0.9563,0.9609,0.9447,0.9189,7.9,7.9,7.9,7.9,7.8,7.6
41.649021,-0.882007,26600579,Centro,side_street,0.9583,0.3521,0.8187,0.5975,0.9654,0.9549,0.9596,0.9432,0.9169,7.8,7.8,7.8,7.8,7.7,7.5
41.64894,-0.881726,26600579,Centro,side_street,0.9546,0.3949,0.8135,0.5571,0.9585,0.9527,0.9531,0.9414,0.9135,7.9,7.9,7.9,7.9,7.9,7.7
41.648881,-0.88155,26600580,Centro,side_street,0.9493,0.3739,0.8187,0.4296,0.95,0.9491,0.945,0.9388,0.91,7.6,7.6,7.6,7.5,7.5,7.3
41.648786,-0.881278,26600580,Centro,side_street,0.9306,0.365,0.8135,0.2528,0.9264,0.9426,0.9251,0.9303,0.9029,7.1,7,7.2,7,7.1,6.9
41.648595,-0.880733,26600580,Centro,side_street,0.8929,0.365,0.8135,0.0319,0.8919,0.9021,0.8885,0.9032,0.8845,6.5,6.5,6.6,6.5,6.6,6.5
41.648499,-0.880461,26600580,Centro,side_street,0.8776,0.365,0.8164,0.0297,0.8717,0.8854,0.8696,0.8851,0.873,6.4,6.4,6.5,6.4,6.5,6.4
41.648364,-0.880081,26600581,Centro,side_street,0.8523,0.5195,0.7998,0.0254,0.8515,0.8608,0.8478,0.8662,0.8643,6.9,6.9,7,6.9,7,7
41.648266,-0.87981,26600581,Centro,side_street,0.8368,0.5139,0.7904,0.0367,0.8361,0.8444,0.8313,0.8502,0.8591,6.8,6.8,6.8,6.7,6.9,6.9
41.648168,-0.879539,26600581,Centro,side_street,0.8151,0.5139,0.787,0.0353,0.814,0.8246,0.8106,0.8283,0.8441,6.6,6.6,6.7,6.6,6.7,6.8
41.647387,-0.879628,26600584,Centro,side_street,0.8092,0.4432,0.7853,0.0627,0.8105,0.8173,0.805,0.8211,0.8359,6.3,6.3,6.4,6.3,6.4,6.5
41.647592,-0.879504,26600584,Centro,side_street,0.804,0.3809,0.7811,0.0774,0.8057,0.8123,0.8002,0.8159,0.833,6,6.1,6.1,6,6.1,6.2
41.647797,-0.87938,26600584,Centro,side_street,0.8033,0.3809,0.7853,0.0711,0.8048,0.8119,0.7997,0.8163,0.838,6,6.1,6.1,6,6.1,6.2
41.648625,-0.883442,26600703,Centro,side_street,0.9404,0.1439,0.8282,0.8139,0.9443,0.9457,0.9411,0.9251,0.886,7,7,7.1,7,6.9,6.7
41.64866,-0.882558,26600731,Centro,side_street,0.9522,0.3469,0.8266,0.5126,0.958,0.9504,0.9524,0.937,0.9023,7.6,7.7,7.6,7.6,7.5,7.3
41.648884,-0.882579,26600731,Centro,side_street,0.9559,0.3469,0.8266,0.673,0.963,0.9532,0.9568,0.9405,0.9093,7.9,8,7.9,7.9,7.8,7.6
41.648009,-0.882986,26600738,Centro,side_street,0.9433,0.6375,0.8303,0.6923,0.9449,0.9428,0.9487,0.9255,0.8718,9.2,9.2,9.2,9.2,9.1,8.8
41.661626,-0.879303,26676733,"El Rabal",side_street,0.0793,0.1354,0.2988,0.5212,0.0762,0.0837,0.0762,0.1053,0.184,2,2,2.1,2,2.2,2.5
41.661279,-0.878192,26676733,"El Rabal",side_street,0.1221,0.2103,0.3228,0.2373,0.1201,0.1266,0.116,0.1451,0.1833,2.3,2.2,2.3,2.3,2.3,2.5
41.65993,-0.899815,27038366,"La Almozara",side_street,0.1307,0.048,0.1611,0.346,0.1474,0.1492,0.1043,0.1354,0.1867,1.3,1.4,1.4,1.2,1.4,1.6
41.659725,-0.899939,27038366,"La Almozara",side_street,0.1166,0.048,0.1622,0.3168,0.1289,0.1296,0.0934,0.1242,0.1747,1.2,1.3,1.3,1.1,1.2,1.5
41.658706,-0.900573,27038366,"La Almozara",side_street,0.091,0.1118,0.1656,0.0931,0.0919,0.1002,0.0769,0.1105,0.1563,1.1,1.1,1.1,1,1.2,1.4
41.660741,-0.898688,27038368,"La Almozara",side_street,0.1631,0.2294,0.1557,0.2907,0.1672,0.1714,0.1334,0.1744,0.2376,2.2,2.2,2.2,2,2.3,2.5
41.661343,-0.898281,27038368,"La Almozara",side_street,0.1446,0.2294,0.1557,0.2205,0.1441,0.1531,0.1242,0.1679,0.2326,2,2,2,1.9,2.2,2.4
41.661544,-0.898145,27038368,"La Almozara",side_street,0.1311,0.2283,0.1539,0.2117,0.1321,0.142,0.1148,0.1605,0.2229,1.9,1.9,1.9,1.8,2.1,2.3
41.658755,-0.901155,27038369,"La Almozara",side_street,0.094,0.1736,0.1622,0.1627,0.094,0.1026,0.083,0.116,0.1632,1.4,1.4,1.5,1.3,1.5,1.7
41.658662,-0.900881,27038369,"La Almozara",side_street,0.0945,0.1736,0.1656,0.0999,0.0944,0.105,0.0825,0.12,0.1676,1.3,1.3,1.4,1.3,1.5,1.7
41.658568,-0.900608,27038369,"La Almozara",side_street,0.0926,0.1203,0.1663,0.0838,0.0923,0.1039,0.0782,0.115,0.161,1.1,1.1,1.2,1,1.2,1.5
41.654361,-0.899151,27039120,Delicias,side_street,0.3615,0.2154,0.9616,0.0551,0.3679,0.3773,0.3451,0.3676,0.424,4,4.1,4.1,4,4,4.2
41.653761,-0.899563,27039120,Delicias,side_street,0.3848,0.2154,0.9542,0.0646,0.3898,0.3944,0.3735,0.3898,0.4449,4.1,4.1,4.1,4.1,4.1,4.3
41.65356,-0.899697,27039120,Delicias,side_street,0.3922,0.2548,0.9616,0.067,0.3953,0.4014,0.3799,0.3954,0.448,4.2,4.2,4.3,4.2,4.2,4.4
41.653367,-0.899849,27039120,Delicias,side_street,0.3947,0.4107,0.9542,0.0702,0.3991,0.4038,0.3838,0.395,0.4409,4.7,4.7,4.7,4.6,4.6,4.8
41.653186,-0.900027,27039120,Delicias,side_street,0.3978,0.4107,0.9358,0.0746,0.4032,0.407,0.3869,0.3961,0.4365,4.6,4.7,4.7,4.6,4.6,4.7
41.656173,-0.906797,27040051,"La Almozara",side_street,0.261,0.1672,0.1644,0.3238,0.264,0.2773,0.2572,0.2607,0.2456,2.5,2.4,2.5,2.4,2.5,2.4
41.655952,-0.906851,27040051,"La Almozara",side_street,0.277,0.1832,0.1656,0.3796,0.2804,0.2918,0.2771,0.2784,0.2664,2.6,2.6,2.7,2.6,2.6,2.6
41.655732,-0.902535,27040117,"La Almozara",side_street,0.4081,0.0964,0.1663,0.1774,0.3994,0.4025,0.4064,0.4298,0.4825,2.7,2.6,2.6,2.6,2.7,2.9
41.655694,-0.902238,27040117,"La Almozara",side_street,0.4084,0.0964,0.168,0.1878,0.3995,0.4029,0.4072,0.4302,0.4847,2.7,2.6,2.7,2.7,2.8,2.9
41.655656,-0.901942,27040117,"La Almozara",side_street,0.4046,0.0964,0.1712,0.1952,0.398,0.4001,0.4045,0.4257,0.477,2.7,2.6,2.7,2.7,2.7,2.9
41.655617,-0.901645,27040117,"La Almozara",side_street,0.396,0.0964,0.1712,0.1949,0.3899,0.392,0.3947,0.4142,0.4655,2.6,2.6,2.6,2.6,2.7,2.9
41.655579,-0.901349,27040117,"La Almozara",side_street,0.3895,0.0964,0.1722,0.1843,0.3848,0.3869,0.3864,0.4021,0.4501,2.6,2.6,2.6,2.6,2.6,2.8
41.662717,-0.905288,27040253,"La Almozara",side_street,0.0677,0.2811,0.143,0.3861,0.0676,0.0722,0.0653,0.077,0.1099,2,2,2,2,2.1,2.2
41.663503,-0.903642,27040254,"La Almozara",side_street,0.0766,0.1863,0.1451,0.161,0.0822,0.0858,0.0739,0.0704,0.0873,1.3,1.4,1.4,1.3,1.2,1.4
41.663531,-0.903941,27040254,"La Almozara",side_street,0.0728,0.1863,0.1451,0.1553,0.0774,0.0827,0.0705,0.0685,0.0868,1.3,1.3,1.3,1.3,1.2,1.4
41.652216,-0.910309,27040354,Delicias,main_street,0.5815,0.8701,0.9234,0.7808,0.5869,0.5743,0.5774,0.5647,0.5449,8.5,8.5,8.4,8.5,8.4,8.3
41.652431,-0.910397,27040354,Delicias,main_street,0.5572,0.8649,0.911,0.7451,0.5632,0.5509,0.5524,0.5401,0.5236,8.3,8.3,8.2,8.2,8.2,8.1
41.652651,-0.910454,27040354,Delicias,main_street,0.5216,0.8614,0.8891,0.7024,0.5298,0.515,0.5164,0.5017,0.4918,7.8,7.9,7.8,7.8,7.7,7.7
41.659849,-0.902396,27040451,"La Almozara",side_street,0.0927,0.0906,0.1539,0.6152,0.0962,0.0968,0.0869,0.0955,0.1413,1.7,1.7,1.7,1.6,1.7,1.9
41.659465,-0.901308,27040451,"La Almozara",side_street,0.0969,0.0906,0.1588,0.3927,0.101,0.1042,0.0814,0.1032,0.1523,1.4,1.4,1.4,1.3,1.4,1.7
41.659369,-0.901036,27040451,"La Almozara",side_street,0.1034,0.0906,0.1611,0.3325,0.1102,0.1107,0.0873,0.1114,0.1627,1.3,1.4,1.4,1.3,1.4,1.7
41.658584,-0.892758,27044129,"La Almozara",main_street,0.2771,0.9194,0.1712,0.7606,0.2711,0.2858,0.285,0.2927,0.2774,4.8,4.8,4.8,4.9,4.9,4.8
41.65836,-0.892781,27044129,"La Almozara",main_street,0.2947,0.923,0.1722,0.7387,0.2883,0.304,0.2996,0.3057,0.2893,4.9,4.9,4.9,4.9,4.9,4.8
41.653735,-0.903888,27045858,Delicias,side_street,0.5113,0.3852,0.8796,0.1382,0.5167,0.5188,0.4958,0.5174,0.5688,5,5,5,4.9,4.9,5.1
41.653952,-0.903956,27045858,Delicias,side_street,0.5011,0.3366,0.8617,0.1833,0.5047,0.5049,0.4873,0.5093,0.5613,4.8,4.8,4.8,4.7,4.8,5
41.654331,-0.903304,27045859,Delicias,side_street,0.4942,0.187,0.8891,0.2367,0.4935,0.4975,0.4816,0.512,0.5663,4.4,4.4,4.4,4.4,4.5,4.7
41.654106,-0.903311,27045859,Delicias,side_street,0.5064,0.187,0.8796,0.2134,0.5098,0.512,0.4939,0.5223,0.5735,4.4,4.5,4.5,4.4,4.5,4.6
41.653881,-0.903317,27045859,Delicias,side_street,0.5185,0.187,0.8891,0.1873,0.5228,0.5249,0.5024,0.5263,0.5772,4.5,4.5,4.5,4.4,4.5,4.6
41.654872,-0.902563,27045860,"La Almozara",secondary_street,0.463,0.9657,0.1689,0.298,0.4582,0.4659,0.456,0.4898,0.5537,5.2,5.2,5.3,5.2,5.4,5.7
41.650025,-0.902194,27045862,Delicias,side_street,0.369,0.1573,0.8891,0.1016,0.3632,0.3701,0.3581,0.3923,0.4566,3.9,3.8,3.9,3.8,3.9,4.1
41.650812,-0.901961,27045865,Delicias,side_street,0.372,0.1794,0.9234,0.0698,0.3686,0.3727,0.3601,0.3876,0.4363,3.9,3.9,3.9,3.9,4,4.1
41.655277,-0.892357,27059385,"Casco Histórico",side_street,0.3683,0.7853,0.551,0.8467,0.377,0.3828,0.3683,0.3673,0.4018,5.8,5.8,5.8,5.8,5.7,5.9
41.655048,-0.891439,27059386,"Casco Histórico",side_street,0.3444,0.1045,0.5574,0.6358,0.3508,0.3568,0.3426,0.3389,0.3595,3.5,3.6,3.6,3.5,3.5,3.6
41.655268,-0.891375,27059386,"Casco Histórico",side_street,0.3643,0.1045,0.5528,0.631,0.3708,0.3718,0.3659,0.3573,0.3698,3.6,3.6,3.6,3.6,3.6,3.6
41.661996,-0.896603,27060741,"La Almozara",side_street,0.0876,0.0421,0.1507,0.1427,0.0852,0.0889,0.0862,0.1101,0.1481,0.9,0.9,0.9,0.9,1,1.1
41.661249,-0.896205,27060742,"La Almozara",side_street,0.1122,0.3707,0.1557,0.2769,0.1018,0.1131,0.1085,0.1488,0.1819,2.4,2.4,2.4,2.4,2.5,2.7
41.661089,-0.896416,27060742,"La Almozara",side_street,0.1197,0.3692,0.1557,0.2917,0.109,0.122,0.1133,0.1593,0.1956,2.4,2.4,2.5,2.4,2.6,2.7
41.660929,-0.896627,27060742,"La Almozara",side_street,0.1258,0.3692,0.1557,0.3023,0.1162,0.131,0.118,0.1653,0.2079,2.5,2.4,2.5,2.5,2.6,2.8
41.660769,-0.896839,27060742,"La Almozara",side_street,0.1304,0.3911,0.1571,0.3075,0.1224,0.1413,0.1205,0.1704,0.2192,2.6,2.5,2.6,2.5,2.7,2.9
41.660451,-0.897264,27060742,"La Almozara",side_street,0.1463,0.3911,0.1571,0.2599,0.1365,0.1563,0.13,0.1823,0.2359,2.6,2.5,2.6,2.5,2.7,2.9
41.661208,-0.89526,27060743,"La Almozara",side_street,0.0883,0.0406,0.1588,0.2986,0.0772,0.0906,0.0904,0.1296,0.1605,1.1,1,1.1,1.1,1.2,1.4
41.661066,-0.895494,27060743,"La Almozara",side_street,0.1051,0.0406,0.1579,0.3529,0.0948,0.1067,0.1037,0.145,0.1761,1.2,1.1,1.2,1.2,1.4,1.6
41.659998,-0.894215,27060746,"La Almozara",side_street,0.1658,0.0815,0.1644,0.6316,0.1573,0.1743,0.1604,0.1966,0.2157,2.1,2,2.1,2.1,2.3,2.3
41.660187,-0.894052,27060746,"La Almozara",side_street,0.1368,0.0815,0.1634,0.6012,0.1265,0.1511,0.1347,0.1699,0.1894,1.9,1.8,1.9,1.9,2.1,2.2
41.662157,-0.898877,27060749,"La Almozara",side_street,0.1124,0.0485,0.1451,0.2925,0.1205,0.1133,0.1025,0.123,0.1692,1.1,1.2,1.2,1.1,1.2,1.4
41.661954,-0.899007,27060749,"La Almozara",side_street,0.127,0.0784,0.1451,0.3096,0.1382,0.1295,0.1126,0.1348,0.1824,1.3,1.4,1.4,1.3,1.4,1.6
41.651238,-0.908891,27064965,Delicias,side_street,0.5249,0.7448,0.9234,0.417,0.5307,0.5175,0.5192,0.5129,0.5146,6.9,6.9,6.9,6.9,6.9,6.9
41.65131,-0.909029,27064967,Delicias,square,0.5366,0.0026,0.9358,0.4938,0.5427,0.5294,0.5318,0.5236,0.5189,4.4,4.4,4.4,4.4,4.3,4.3
41.658933,-0.87063,27099874,"El Rabal",side_street,0.2278,0.2061,0.3294,0.4948,0.2282,0.2378,0.2195,0.2438,0.2694,2.8,2.8,2.9,2.8,2.9,3
41.659092,-0.870842,27099874,"El Rabal",side_street,0.2422,0.2268,0.331,0.5367,0.2332,0.2503,0.2315,0.2576,0.2845,3,2.9,3,2.9,3.1,3.2
41.659247,-0.871057,27099874,"El Rabal",side_street,0.2527,0.263,0.331,0.6101,0.2417,0.2609,0.2452,0.2713,0.3064,3.2,3.2,3.2,3.2,3.3,3.4
41.657996,-0.870676,27099876,"El Rabal",side_street,0.2073,0.5568,0.3351,0.395,0.2125,0.2172,0.1904,0.1956,0.2113,3.6,3.7,3.7,3.6,3.6,3.6
41.657943,-0.870384,27099876,"El Rabal",side_street,0.1976,0.6508,0.3351,0.3998,0.2027,0.2075,0.1788,0.1832,0.201,3.8,3.9,3.9,3.8,3.8,3.8
41.659782,-0.870138,27099877,"El Rabal",side_street,0.2275,0.0498,0.3054,0.4709,0.2203,0.2363,0.2305,0.2699,0.3144,2.4,2.4,2.4,2.4,2.6,2.7
41.659592,-0.869979,27099877,"El Rabal",side_street,0.2222,0.0498,0.3145,0.459,0.2165,0.2309,0.222,0.2599,0.2999,2.4,2.4,2.4,2.4,2.5,2.7
41.660159,-0.869406,27099880,"El Rabal",main_street,0.2168,0.6743,0.3145,0.4306,0.2041,0.2193,0.2243,0.2638,0.2937,3.9,3.9,3.9,4,4.1,4.2
41.659409,-0.8648,27100782,"El Rabal",side_street,0.1112,0.0779,0.2822,0.1689,0.1095,0.106,0.1248,0.1097,0.1091,1.4,1.4,1.4,1.5,1.4,1.4
41.65929,-0.865056,27100782,"El Rabal",side_street,0.106,0.0779,0.2928,0.1516,0.1036,0.101,0.1172,0.1027,0.1056,1.4,1.4,1.4,1.5,1.4,1.4
41.661827,-0.865987,27100789,"El Rabal",side_street,0.1806,0.2423,0.2928,0.8639,0.1652,0.1856,0.1802,0.2333,0.2753,3,2.9,3,3,3.2,3.4
41.661979,-0.86621,27100789,"El Rabal",side_street,0.1718,0.2423,0.2928,0.8277,0.1528,0.1769,0.1728,0.2199,0.2634,2.9,2.9,3,3,3.1,3.3
41.661032,-0.866873,27100790,"El Rabal",secondary_street,0.1832,0.7818,0.2988,0.6436,0.1661,0.1881,0.1914,0.2306,0.2545,4.2,4.2,4.2,4.2,4.4,4.5
41.647685,-0.873514,27115456,"Casco Histórico",side_street,0.6367,0.6882,0.5757,0.8727,0.6531,0.6629,0.6153,0.6319,0.6768,7,7.1,7.2,6.8,6.9,7.3
41.647808,-0.873766,27115456,"Casco Histórico",side_street,0.6379,0.6844,0.5765,0.8605,0.6498,0.6638,0.617,0.6386,0.7018,6.9,7,7.1,6.8,6.9,7.4
41.647929,-0.874019,27115456,"Casco Histórico",side_street,0.6408,0.6844,0.5818,0.8433,0.6487,0.668,0.6205,0.6491,0.7191,6.9,7,7.2,6.8,7,7.5
41.648054,-0.87427,27115456,"Casco Histórico",side_street,0.644,0.6855,0.5825,0.8057,0.647,0.6697,0.6242,0.6645,0.7356,6.9,6.9,7.1,6.8,7,7.6
41.64818,-0.874519,27115456,"Casco Histórico",side_street,0.6528,0.6855,0.5844,0.7889,0.6536,0.6782,0.6311,0.6824,0.7493,7,6.9,7.2,6.8,7.2,7.6
41.648698,-0.875318,27115456,"Casco Histórico",side_street,0.706,0.8291,0.6307,0.7309,0.6911,0.7277,0.6888,0.7408,0.8064,8.1,8,8.2,8,8.3,8.7
41.648609,-0.875594,27115456,"Casco Histórico",side_street,0.7104,0.8597,0.6289,0.7133,0.7001,0.7294,0.6939,0.7393,0.7993,8.3,8.2,8.4,8.2,8.4,8.8
41.649404,-0.874911,27115463,"Casco Histórico",side_street,0.7393,0.9936,0.6261,0.7332,0.711,0.76,0.7199,0.805,0.8878,9.1,8.9,9.2,9,9.4,9.7
41.650676,-0.874206,27115465,"Casco Histórico",square,0.7369,0.5251,0.6124,0.5673,0.6952,0.7616,0.7236,0.8137,0.8946,6.5,6.3,6.6,6.4,7,7.5
41.650859,-0.874381,27115465,"Casco Histórico",square,0.7582,0.5251,0.611,0.6026,0.7282,0.7817,0.7486,0.8337,0.909,6.7,6.5,6.8,6.6,7.1,7.7
41.645657,-0.889898,27621985,Centro,side_street,0.9343,0.8609,0.7517,0.8584,0.9544,0.9261,0.9353,0.8896,0.8433,9.8,9.9,9.8,9.8,9.7,9.6
41.645789,-0.890141,27621985,Centro,side_street,0.9394,0.8609,0.7414,0.8428,0.9575,0.9303,0.9409,0.8964,0.8499,9.8,9.8,9.8,9.8,9.7,9.6
41.645922,-0.890384,27621985,Centro,side_street,0.938,0.857,0.7401,0.853,0.9551,0.9305,0.9378,0.8995,0.8566,9.8,9.8,9.8,9.8,9.7,9.6
41.646055,-0.890626,27621985,Centro,side_street,0.9336,0.857,0.7387,0.8509,0.9515,0.9281,0.9306,0.8981,0.8564,9.8,9.8,9.8,9.8,9.7,9.6
41.646188,-0.890869,27621985,Centro,side_street,0.9234,0.857,0.7291,0.8248,0.9367,0.9165,0.9197,0.8905,0.852,9.8,9.8,9.7,9.7,9.6,9.5
41.64632,-0.891112,27621985,Centro,side_street,0.9072,0.857,0.7275,0.8123,0.9218,0.9038,0.904,0.8819,0.8462,9.7,9.7,9.7,9.7,9.6,9.4
41.646453,-0.891355,27621985,Centro,side_street,0.8947,0.857,0.7263,0.762,0.9064,0.8902,0.8922,0.869,0.8351,9.6,9.6,9.6,9.6,9.5,9.4
41.644938,-0.886671,27621986,Centro,side_street,0.878,0.7301,0.7691,0.8341,0.892,0.8604,0.8857,0.8269,0.7589,9.2,9.3,9.2,9.3,9,8.6
41.644964,-0.88697,27621986,Centro,side_street,0.8858,0.7301,0.7757,0.8397,0.9005,0.8698,0.8927,0.8322,0.766,9.3,9.4,9.2,9.3,9.1,8.7
41.64499,-0.887269,27621986,Centro,side_street,0.892,0.778,0.7719,0.8414,0.9084,0.8796,0.8981,0.8386,0.7764,9.5,9.6,9.4,9.5,9.3,9
41.645019,-0.887567,27621986,Centro,side_street,0.8956,0.7737,0.7663,0.826,0.9145,0.8858,0.9012,0.8423,0.7828,9.5,9.6,9.4,9.5,9.3,8.9
41.645048,-0.887866,27621986,Centro,side_street,0.8973,0.7865,0.7691,0.8315,0.918,0.8886,0.9026,0.8453,0.7883,9.5,9.6,9.5,9.6,9.3,9.1
41.645094,-0.88816,27621986,Centro,side_street,0.8975,0.8366,0.7617,0.8611,0.9189,0.8915,0.9022,0.8481,0.7951,9.7,9.7,9.7,9.7,9.5,9.3
41.645138,-0.888455,27621986,Centro,side_street,0.8977,0.8312,0.7638,0.8479,0.9183,0.893,0.9016,0.8515,0.8016,9.7,9.7,9.7,9.7,9.5,9.3
41.645196,-0.888746,27621986,Centro,side_street,0.8987,0.8312,0.7598,0.8222,0.9207,0.8951,0.9025,0.8542,0.8078,9.6,9.7,9.6,9.7,9.5,9.3
41.645267,-0.889031,27621986,Centro,side_street,0.9028,0.8307,0.7489,0.8351,0.9243,0.8978,0.9052,0.8577,0.8091,9.6,9.7,9.6,9.7,9.5,9.3
41.637399,-0.884431,27622416,"San José",main_street,0.4146,0.8342,0.5011,0.5923,0.4156,0.4042,0.4285,0.3967,0.3294,5.8,5.8,5.7,5.8,5.6,5.2
41.637175,-0.884463,27622416,"San José",main_street,0.4022,0.8342,0.4977,0.6057,0.4023,0.3884,0.4166,0.3789,0.3153,5.7,5.7,5.6,5.8,5.5,5.2
41.636952,-0.884495,27622416,"San José",main_street,0.3933,0.8342,0.4977,0.6629,0.3934,0.377,0.4098,0.3728,0.3151,5.7,5.7,5.6,5.8,5.6,5.2
41.638358,-0.887236,27648618,Universidad,side_street,0.5028,0.5242,0.3862,0.7233,0.5072,0.5129,0.5179,0.5004,0.5055,4.9,5,5,5,4.9,4.9
41.637615,-0.884178,27648819,"San José",side_street,0.4286,0.1607,0.5018,0.5759,0.4286,0.4199,0.4422,0.4087,0.3347,3.8,3.8,3.8,3.9,3.8,3.5
41.635115,-0.881841,27648823,"San José",side_street,0.33,0.684,0.4956,0.7114,0.3273,0.3177,0.3512,0.3198,0.2085,4.9,4.9,4.9,5,4.9,4.4
41.635321,-0.881722,27648823,"San José",side_street,0.3513,0.684,0.4965,0.6762,0.3455,0.3328,0.3734,0.3322,0.2116,5,5,4.9,5.1,4.9,4.4
41.635527,-0.881602,27648823,"San José",side_street,0.3686,0.684,0.4965,0.5724,0.3645,0.3493,0.3922,0.3502,0.2277,4.9,4.9,4.9,5,4.8,4.4
41.639202,-0.883494,27648826,"San José",square,0.5417,0.0665,0.5179,0.5366,0.5399,0.5355,0.5544,0.529,0.4477,3.9,3.9,3.9,4,3.9,3.6
41.63956,-0.883859,27648826,"San José",square,0.5882,0.0665,0.5249,0.7142,0.5847,0.5847,0.5951,0.5825,0.5261,4.2,4.2,4.2,4.2,4.2,4
41.638853,-0.883301,27648832,"San José",side_street,0.4982,0.1157,0.5133,0.5493,0.4972,0.485,0.5126,0.4795,0.3953,3.9,3.9,3.9,4,3.9,3.6
41.640992,-0.891002,27649117,Universidad,side_street,0.7573,0.4419,0.417,0.4664,0.7624,0.7503,0.7579,0.7493,0.7557,5.6,5.6,5.6,5.6,5.5,5.6
41.64096,-0.890704,27649117,Universidad,side_street,0.7377,0.4748,0.417,0.4722,0.7446,0.7335,0.7395,0.7298,0.7371,5.6,5.7,5.6,5.7,5.6,5.6
41.65475,-0.878572,27675382,"Casco Histórico",side_street,0.9709,0.9082,0.6153,0.1743,0.9601,0.975,0.9726,0.986,0.991,9.2,9.1,9.2,9.2,9.3,9.3
41.654883,-0.878815,27675382,"Casco Histórico",side_street,0.9662,0.9082,0.6174,0.1816,0.9479,0.971,0.9683,0.9837,0.9876,9.2,9.1,9.2,9.2,9.3,9.3
41.655018,-0.879055,27675382,"Casco Histórico",side_street,0.9634,0.8958,0.6215,0.1283,0.9327,0.9661,0.9651,0.9802,0.9845,9.1,8.9,9.1,9.1,9.2,9.2
41.656499,-0.893631,28231372,"La Almozara",main_street,0.4016,0.9514,0.1756,0.8419,0.4115,0.4168,0.3974,0.3816,0.3971,5.6,5.7,5.7,5.6,5.5,5.5
41.656282,-0.893706,28231372,"La Almozara",main_street,0.4076,0.9546,0.175,0.8624,0.4179,0.4259,0.4022,0.3917,0.4189,5.7,5.7,5.8,5.7,5.6,5.7
41.651916,-0.875344,30745032,"Casco Histórico",square,0.8546,0.0765,0.6153,0.4415,0.8298,0.8785,0.844,0.9262,0.9483,5.2,5.1,5.3,5.1,5.5,5.6
41.656308,-0.877862,30745237,"Casco Histórico",square,0.7781,0.197,0.5796,0.3232,0.7376,0.8024,0.7835,0.8607,0.9134,5,4.9,5.1,5.1,5.4,5.7
41.656111,-0.878006,30745237,"Casco Histórico",square,0.8108,0.2354,0.5839,0.3241,0.7749,0.8383,0.8136,0.899,0.9323,5.3,5.2,5.5,5.3,5.8,5.9
41.657126,-0.881339,30745238,"Casco Histórico",side_street,0.709,0.7606,0.5687,0.9077,0.6436,0.7397,0.7103,0.7887,0.8744,7.9,7.4,8.1,7.9,8.4,8.9
41.657151,-0.881626,30745238,"Casco Histórico",side_street,0.7025,0.7904,0.5679,0.9648,0.6384,0.7353,0.7051,0.7842,0.8717,8.1,7.6,8.3,8.1,8.6,9.2
41.656975,-0.881809,30745238,"Casco Histórico",side_street,0.7291,0.8116,0.5735,0.9659,0.6813,0.7541,0.7295,0.8023,0.8848,8.4,8.1,8.5,8.4,8.8,9.3
41.655069,-0.878897,30745381,"Casco Histórico",square,0.9617,0.4727,0.6189,0.1734,0.9255,0.9644,0.9635,0.9792,0.984,7,6.8,7.1,7,7.2,7.2
41.655256,-0.87873,30745381,"Casco Histórico",square,0.9528,0.4555,0.611,0.194,0.9021,0.9579,0.9528,0.974,0.9792,6.9,6.6,6.9,6.9,7,7.1
41.656033,-0.88136,30745424,"Casco Histórico",side_street,0.851,0.9853,0.5961,0.827,0.8185,0.8713,0.853,0.9286,0.9476,9.6,9.5,9.7,9.6,9.9,9.9
41.653245,-0.874546,30745827,"Casco Histórico",side_street,0.792,0.6758,0.5735,0.5059,0.7719,0.8159,0.7809,0.8498,0.9144,7.4,7.2,7.5,7.3,7.8,8.2
41.653059,-0.875385,30745866,"Casco Histórico",side_street,0.8657,0.9407,0.5941,0.4907,0.8465,0.896,0.8513,0.9344,0.9532,9.1,9,9.3,9.1,9.4,9.6
41.653188,-0.875631,30745866,"Casco Histórico",side_street,0.8893,0.9407,0.5941,0.463,0.8632,0.9203,0.8717,0.9446,0.9609,9.2,9.1,9.4,9.1,9.5,9.6
41.653317,-0.875877,30745866,"Casco Histórico",side_street,0.9077,0.9407,0.5914,0.3687,0.8804,0.9438,0.894,0.9521,0.9658,9.2,9,9.3,9.1,9.4,9.5
41.653446,-0.876123,30745866,"Casco Histórico",side_street,0.9315,0.9407,0.5914,0.3987,0.8981,0.951,0.9142,0.9596,0.97,9.3,9.2,9.4,9.2,9.4,9.5
41.653574,-0.876371,30745866,"Casco Histórico",side_street,0.9501,0.937,0.5941,0.3265,0.91,0.956,0.9377,0.9658,0.974,9.3,9.1,9.3,9.2,9.4,9.4
41.653703,-0.876617,30745866,"Casco Histórico",side_street,0.9589,0.9567,0.5941,0.3413,0.9251,0.9625,0.9572,0.9726,0.978,9.4,9.3,9.5,9.4,9.5,9.6
41.653832,-0.876864,30745866,"Casco Histórico",side_street,0.9631,0.9567,0.6033,0.3583,0.9411,0.9672,0.9634,0.9781,0.9818,9.5,9.4,9.5,9.5,9.6,9.6
41.652492,-0.874937,30745867,"Casco Histórico",side_street,0.8307,0.5527,0.6033,0.4343,0.8115,0.8549,0.8164,0.9014,0.9404,6.9,6.8,7.1,6.9,7.4,7.7
41.652221,-0.874508,30746102,"Casco Histórico",square,0.8007,0.3305,0.6005,0.4572,0.7794,0.8239,0.791,0.8715,0.9264,5.9,5.8,6,5.8,6.3,6.6
41.652409,-0.874343,30746102,"Casco Histórico",square,0.7883,0.3305,0.5839,0.4185,0.7638,0.8082,0.775,0.8556,0.9211,5.7,5.6,5.8,5.6,6.1,6.4
41.651685,-0.875088,30746103,"Casco Histórico",square,0.8324,0.7872,0.6174,0.5318,0.8079,0.8527,0.8211,0.9055,0.9398,8.3,8.2,8.5,8.3,8.8,9.1
41.652231,-0.875749,30746127,"Casco Histórico",square,0.886,0.3556,0.611,0.4144,0.8591,0.9087,0.8681,0.9422,0.956,6.4,6.2,6.5,6.3,6.7,6.8
41.6431,-0.889869,31679352,Universidad,side_street,0.825,0.1713,0.4411,0.8649,0.8372,0.814,0.8296,0.7988,0.7797,5.5,5.6,5.4,5.5,5.3,5.2
41.64302,-0.889588,31679352,Universidad,side_street,0.8245,0.1713,0.4428,0.8444,0.8378,0.8132,0.8284,0.7923,0.7704,5.5,5.5,5.4,5.5,5.3,5.1
41.642939,-0.889307,31679352,Universidad,side_street,0.8215,0.1713,0.4422,0.8226,0.8362,0.8112,0.8263,0.7884,0.7631,5.4,5.5,5.3,5.4,5.2,5.1
41.642859,-0.889026,31679352,Universidad,side_street,0.8225,0.1808,0.4411,0.8088,0.8373,0.8122,0.8269,0.7879,0.7614,5.4,5.5,5.4,5.5,5.2,5.1
41.642779,-0.888745,31679352,Universidad,side_street,0.8204,0.1808,0.4411,0.715,0.8355,0.8109,0.8245,0.786,0.7585,5.3,5.4,5.2,5.3,5.1,5
41.642698,-0.888464,31679352,Universidad,side_street,0.8164,0.2044,0.4411,0.7104,0.83,0.8064,0.819,0.7818,0.7525,5.4,5.4,5.3,5.4,5.2,5
41.642272,-0.889604,31679354,Universidad,side_street,0.7965,0.0376,0.4361,0.773,0.8065,0.7887,0.7993,0.7672,0.7435,4.8,4.8,4.8,4.8,4.7,4.6
41.642482,-0.889497,31679354,Universidad,side_street,0.8043,0.0376,0.4385,0.7788,0.8181,0.7969,0.8089,0.7736,0.7482,4.8,4.9,4.8,4.9,4.7,4.6
41.642902,-0.889283,31679354,Universidad,side_street,0.8211,0.0376,0.4418,0.8177,0.8348,0.8099,0.825,0.7875,0.7623,5,5,4.9,5,4.8,4.7
41.644914,-0.894769,31679372,Universidad,side_street,0.8557,0.4257,0.4224,0.7696,0.8663,0.8491,0.8495,0.8409,0.8455,6.5,6.6,6.5,6.5,6.4,6.5
41.644794,-0.894515,31679372,Universidad,side_street,0.8718,0.4257,0.4229,0.8571,0.8803,0.8626,0.8639,0.857,0.8601,6.7,6.7,6.7,6.7,6.6,6.7
41.644673,-0.894261,31679372,Universidad,side_street,0.8896,0.4257,0.425,0.8988,0.8992,0.8809,0.8819,0.8732,0.8687,6.9,6.9,6.8,6.9,6.8,6.8
41.644553,-0.894006,31679372,Universidad,side_street,0.9052,0.4257,0.4259,0.9353,0.9153,0.8973,0.9002,0.8902,0.8817,7.1,7.1,7,7,7,6.9
41.644433,-0.893752,31679372,Universidad,side_street,0.925,0.4257,0.4276,0.9587,0.9316,0.9118,0.9186,0.907,0.8951,7.3,7.3,7.2,7.2,7.1,7.1
41.644313,-0.893498,31679372,Universidad,side_street,0.9385,0.4257,0.4276,0.9712,0.9453,0.9254,0.9343,0.9207,0.9076,7.4,7.4,7.3,7.3,7.2,7.1
41.644402,-0.899434,31680951,Universidad,side_street,0.3837,0.0559,0.3787,0.4977,0.3947,0.3943,0.3844,0.3744,0.423,3.1,3.1,3.1,3.1,3.1,3.2
41.644218,-0.899606,31680951,Universidad,side_street,0.3553,0.0559,0.3768,0.4623,0.3635,0.367,0.3543,0.3518,0.392,2.9,2.9,3,2.9,2.9,3.1
41.644184,-0.898909,31681737,Universidad,side_street,0.424,0.0978,0.3823,0.4192,0.4288,0.4368,0.421,0.4258,0.5054,3.3,3.3,3.4,3.3,3.3,3.6
41.644369,-0.898738,31681737,Universidad,side_street,0.4491,0.1334,0.3836,0.4258,0.46,0.4676,0.4436,0.4494,0.5317,3.5,3.5,3.5,3.5,3.5,3.7
41.639946,-0.881624,31786549,Centro,main_street,0.5383,0.8961,0.6717,0.3905,0.5444,0.5198,0.5483,0.4969,0.3803,6.9,6.9,6.8,6.9,6.6,6
41.640074,-0.881872,31786549,Centro,main_street,0.5546,0.8961,0.6718,0.5148,0.5558,0.5379,0.5647,0.5232,0.4047,7.2,7.2,7.1,7.3,7,6.3
41.640202,-0.882119,31786549,Centro,main_street,0.5666,0.897,0.6728,0.5739,0.5671,0.5513,0.5796,0.5425,0.4278,7.4,7.4,7.3,7.5,7.2,6.5
41.640328,-0.882368,31786549,Centro,main_street,0.5841,0.884,0.6753,0.6361,0.5815,0.57,0.5961,0.5643,0.4601,7.6,7.6,7.5,7.6,7.4,6.8
41.640458,-0.882614,31786549,Centro,main_street,0.6032,0.8879,0.6723,0.6829,0.5993,0.589,0.6164,0.5882,0.4946,7.8,7.7,7.7,7.9,7.7,7
41.640589,-0.882858,31786549,Centro,main_street,0.6201,0.8879,0.6728,0.7117,0.6174,0.609,0.6352,0.6136,0.5219,7.9,7.9,7.9,8.1,7.9,7.3
41.640719,-0.883103,31786549,Centro,main_street,0.6466,0.8879,0.6723,0.7398,0.6432,0.6337,0.6738,0.6343,0.5473,8.2,8.1,8.1,8.3,8.1,7.5
41.644167,-0.87181,31870334,"San José",side_street,0.6388,0.661,0.5086,0.6135,0.6375,0.636,0.6334,0.6378,0.6307,6.3,6.3,6.3,6.2,6.3,6.2
41.642097,-0.869564,31870335,"San José",side_street,0.5452,0.1427,0.4705,0.0081,0.5341,0.5452,0.5456,0.5701,0.593,3.6,3.6,3.6,3.6,3.7,3.8
41.642176,-0.869846,31870335,"San José",side_street,0.5536,0.1547,0.4741,0.0345,0.544,0.554,0.5553,0.5757,0.5968,3.7,3.7,3.7,3.7,3.8,3.8
41.64227,-0.870119,31870335,"San José",side_street,0.5615,0.1189,0.4805,0.0635,0.554,0.5644,0.5623,0.5822,0.5979,3.7,3.7,3.7,3.7,3.8,3.8
41.642837,-0.871757,31870335,"San José",side_street,0.631,0.1169,0.5025,0.3889,0.6282,0.6297,0.6328,0.6391,0.6323,4.2,4.2,4.2,4.2,4.2,4.2
41.642931,-0.87203,31870335,"San José",side_street,0.6487,0.1399,0.5086,0.4828,0.6439,0.6437,0.6533,0.6521,0.6474,4.4,4.4,4.4,4.4,4.4,4.4
41.643169,-0.871911,31870337,"San José",square,0.6461,0.0933,0.5086,0.5247,0.6412,0.6415,0.6498,0.6484,0.6405,4.3,4.3,4.3,4.3,4.3,4.3
41.642897,-0.870556,31870337,"San José",square,0.59,0.0465,0.4977,0.1133,0.5834,0.5863,0.5909,0.6029,0.5971,3.7,3.7,3.7,3.7,3.7,3.7
41.641194,-0.868591,31870338,"San José",side_street,0.4589,0.7287,0.4609,0.014,0.4454,0.4535,0.4683,0.4867,0.4989,4.8,4.8,4.8,4.8,4.9,4.9
41.645047,-0.900088,31872328,Delicias,main_street,0.346,0.1929,0.9807,0.4771,0.358,0.3604,0.3434,0.3338,0.3643,4.3,4.3,4.3,4.3,4.3,4.3
41.644957,-0.900363,31872328,Delicias,main_street,0.3259,0.1511,0.9741,0.5102,0.3412,0.3438,0.3276,0.3136,0.3468,4.1,4.2,4.2,4.2,4.1,4.2
41.641344,-0.868773,31972382,"San José",side_street,0.4818,0.3465,0.4609,0.0127,0.4668,0.4772,0.4917,0.5158,0.524,3.9,3.9,3.9,3.9,4,4
41.641529,-0.868942,31972382,"San José",side_street,0.5057,0.3289,0.4609,0.012,0.4917,0.5041,0.5124,0.5396,0.5544,3.9,3.9,3.9,4,4,4.1
41.641714,-0.869114,31972382,"San José",side_street,0.5226,0.3268,0.4609,0.0109,0.5089,0.5235,0.5249,0.5534,0.5793,4,3.9,4,4,4.1,4.1
41.6419,-0.869282,31972382,"San José",side_street,0.5348,0.3268,0.4609,0.0086,0.5202,0.5362,0.5356,0.5632,0.5897,4,4,4,4,4.1,4.2
41.642087,-0.869451,31972382,"San José",side_street,0.5418,0.2449,0.4705,0.0037,0.5302,0.5421,0.5432,0.5685,0.5933,3.9,3.8,3.9,3.9,3.9,4
41.642271,-0.869622,31972382,"San José",side_street,0.5493,0.2575,0.4705,0.0171,0.5397,0.5502,0.5496,0.5719,0.5931,3.9,3.9,3.9,3.9,4,4
41.641688,-0.869356,31972383,"San José",square,0.5312,0.1145,0.4609,0.0088,0.5163,0.5319,0.5325,0.5606,0.5909,3.5,3.4,3.5,3.5,3.6,3.7
41.641515,-0.869544,31972383,"San José",square,0.5295,0.3078,0.4609,0.0098,0.5151,0.5304,0.5304,0.5591,0.5907,4,3.9,4,4,4,4.1
41.642717,-0.868922,31972385,"San José",side_street,0.5168,0.5921,0.4773,0.0112,0.5107,0.5155,0.5134,0.5382,0.5629,4.7,4.7,4.7,4.7,4.7,4.8
41.642594,-0.869173,31972385,"San José",side_street,0.5342,0.5921,0.4773,0.011,0.5246,0.5322,0.5301,0.5521,0.5755,4.7,4.7,4.7,4.7,4.8,4.9
41.642471,-0.869425,31972385,"San José",side_street,0.5444,0.5921,0.4773,0.0182,0.5349,0.5434,0.5428,0.5656,0.5876,4.8,4.7,4.8,4.8,4.8,4.9
41.64217,-0.86986,31972385,"San José",side_street,0.554,0.6099,0.4741,0.0348,0.5441,0.5544,0.5554,0.576,0.5969,4.9,4.8,4.9,4.9,4.9,5
41.641966,-0.869987,31972385,"San José",side_street,0.5519,0.6087,0.4741,0.022,0.5404,0.5521,0.5537,0.5773,0.6008,4.9,4.8,4.9,4.9,4.9,5
41.641762,-0.870113,31972385,"San José",side_street,0.5517,0.6087,0.4773,0.0383,0.542,0.5524,0.5521,0.5748,0.5984,4.9,4.8,4.9,4.9,4.9,5
41.64402,-0.871988,31972387,"San José",side_street,0.6473,0.6762,0.5086,0.6044,0.6468,0.6432,0.6446,0.6443,0.6385,6.4,6.4,6.4,6.4,6.4,6.3
41.653369,-0.879227,31972615,"Casco Histórico",square,0.999,0.8252,0.637,0.108,0.9936,0.999,0.9996,0.9994,0.9972,9,8.9,9,9,9,9
41.653167,-0.879359,31972615,"Casco Histórico",square,0.9994,0.8252,0.6417,0.3209,0.9945,0.9994,0.9997,0.9986,0.9965,9.3,9.2,9.3,9.2,9.3,9.3
41.652965,-0.879492,31972615,"Casco Histórico",square,1,0.8252,0.6501,0.3653,0.9958,1,0.9999,0.9973,0.9948,9.3,9.3,9.3,9.3,9.3,9.4
41.653863,-0.880563,32085243,"Casco Histórico",side_street,0.9863,0.873,0.6478,0.2222,0.9809,0.9847,0.9873,0.9904,0.9907,9.3,9.2,9.2,9.3,9.3,9.3
41.654019,-0.880345,32085243,"Casco Histórico",side_street,0.9854,0.9022,0.6449,0.0414,0.9792,0.9845,0.987,0.9908,0.9912,9.1,9.1,9.1,9.1,9.2,9.2
41.654736,-0.880632,32085245,"Casco Histórico",square,0.9698,0.1197,0.6391,0.1954,0.9644,0.9696,0.9722,0.9799,0.9788,5.7,5.7,5.7,5.7,5.7,5.7
41.654863,-0.88088,32085245,"Casco Histórico",square,0.9642,0.1197,0.6349,0.4476,0.9503,0.9634,0.9658,0.9751,0.9748,6,5.9,6,6,6,6
41.65499,-0.881129,32085245,"Casco Histórico",square,0.9575,0.1197,0.6307,0.5196,0.9245,0.957,0.96,0.9682,0.9703,6,5.9,6,6,6.1,6.1
41.656064,-0.880105,32085955,"Casco Histórico",square,0.8684,0.1277,0.6063,0.4535,0.8284,0.892,0.8713,0.9452,0.957,5.4,5.2,5.5,5.4,5.8,5.9
41.656211,-0.879878,32085955,"Casco Histórico",square,0.8464,0.1277,0.6033,0.499,0.8072,0.8693,0.8493,0.9364,0.9515,5.4,5.2,5.5,5.4,5.8,5.9
41.654928,-0.883526,32086206,"Casco Histórico",square,0.8516,0.0317,0.6174,0.945,0.845,0.8731,0.8468,0.8888,0.9243,5.6,5.6,5.7,5.6,5.8,6
41.655388,-0.879532,32087627,"Casco Histórico",square,0.9549,0.709,0.6153,0.2345,0.905,0.9565,0.9576,0.9733,0.9771,8.3,8,8.3,8.3,8.4,8.4
41.655457,-0.879247,32087627,"Casco Histórico",square,0.9446,0.6967,0.6135,0.1453,0.8963,0.9536,0.9452,0.9703,0.9764,8,7.7,8.1,8,8.2,8.3
41.650449,-0.876457,32087629,Centro,square,0.8628,0.0042,0.7581,0.6008,0.8485,0.8823,0.8539,0.9182,0.9357,5.5,5.4,5.6,5.5,5.8,5.9
41.650253,-0.876602,32087629,Centro,square,0.8539,0.0053,0.7638,0.6081,0.8395,0.872,0.8458,0.9067,0.9295,5.5,5.4,5.6,5.5,5.7,5.9
41.650054,-0.876742,32087629,Centro,square,0.8447,0.0053,0.7691,0.6013,0.8289,0.8591,0.8365,0.8947,0.925,5.4,5.4,5.5,5.4,5.7,5.9
41.649853,-0.876877,32087629,Centro,square,0.8321,0.0042,0.7719,0.5763,0.8194,0.8457,0.8225,0.881,0.9179,5.3,5.3,5.4,5.3,5.6,5.8
41.650156,-0.876147,32087634,"Casco Histórico",secondary_street,0.8338,0.9788,0.6521,0.6995,0.8153,0.8505,0.8218,0.8934,0.9286,9.5,9.4,9.5,9.4,9.7,9.8
41.650379,-0.876185,32087634,"Casco Histórico",secondary_street,0.8485,0.9781,0.6478,0.654,0.8291,0.8662,0.8392,0.9081,0.9336,9.5,9.4,9.6,9.5,9.7,9.8
41.652609,-0.877558,32088432,"Casco Histórico",square,0.9772,0.1027,0.6238,0.1727,0.9712,0.9789,0.9765,0.9828,0.9819,5.6,5.6,5.6,5.6,5.6,5.6
41.651867,-0.87847,32088433,"Casco Histórico",square,0.9794,0.0921,0.6546,0.3892,0.9787,0.9812,0.978,0.9782,0.9736,5.9,5.9,5.9,5.9,5.9,5.9
41.638922,-0.875297,32095304,Centro,side_street,0.5263,0.804,0.6673,0.8116,0.536,0.5117,0.5278,0.488,0.446,7,7.1,6.9,7,6.8,6.6
41.63421,-0.87662,32620164,"San José",side_street,0.4787,0.965,0.4609,0.3369,0.4811,0.4604,0.4835,0.4487,0.3624,6.1,6.1,6.1,6.2,6,5.5
41.652974,-0.874429,32620766,"Casco Histórico",square,0.786,0.3127,0.5796,0.4081,0.7643,0.8079,0.7723,0.846,0.9149,5.6,5.5,5.7,5.5,5.9,6.3
41.652791,-0.874604,32620766,"Casco Histórico",square,0.8021,0.3127,0.5993,0.4077,0.7853,0.8289,0.7907,0.8703,0.9265,5.7,5.7,5.9,5.7,6.1,6.4
41.659995,-0.872701,32622532,"El Rabal",side_street,0.3071,0.7015,0.3294,0.6523,0.2935,0.3113,0.3085,0.3243,0.3477,4.5,4.5,4.5,4.5,4.6,4.6
41.65979,-0.872822,32622532,"El Rabal",side_street,0.3102,0.7015,0.3326,0.5965,0.3006,0.3149,0.3098,0.3209,0.3416,4.5,4.5,4.5,4.5,4.5,4.6
41.651505,-0.877535,32622833,"Casco Histórico",side_street,0.961,0.0897,0.637,0.3115,0.9548,0.9618,0.9593,0.9627,0.9644,5.7,5.6,5.7,5.7,5.6,5.7
41.651302,-0.877665,32622833,"Casco Histórico",side_street,0.9613,0.0897,0.6521,0.3102,0.957,0.9627,0.9599,0.9618,0.9623,5.7,5.7,5.7,5.7,5.7,5.7
41.655857,-0.881394,32623281,"Casco Histórico",side_street,0.8656,0.7315,0.5979,0.7973,0.8368,0.8875,0.8672,0.9389,0.9511,8.6,8.5,8.8,8.6,9.1,9.2
41.65569,-0.881193,32623281,"Casco Histórico",side_street,0.8899,0.7315,0.6033,0.7311,0.8571,0.9108,0.8898,0.947,0.9572,8.7,8.5,8.9,8.7,9.1,9.2
41.655522,-0.880993,32623281,"Casco Histórico",side_street,0.9114,0.7315,0.6051,0.6354,0.8746,0.9387,0.9128,0.9551,0.9642,8.7,8.5,8.9,8.7,9,9.1
41.655353,-0.880795,32623281,"Casco Histórico",side_street,0.9405,0.7205,0.611,0.5921,0.8977,0.9493,0.9422,0.9641,0.9688,8.8,8.5,8.9,8.8,8.9,9
41.655188,-0.880589,32623281,"Casco Histórico",side_street,0.9572,0.7193,0.6227,0.5261,0.9162,0.9569,0.9601,0.9715,0.9737,8.8,8.6,8.8,8.8,8.9,8.9
41.655045,-0.880359,32623281,"Casco Histórico",side_street,0.965,0.7284,0.6274,0.4243,0.9469,0.9645,0.9664,0.9772,0.9778,8.8,8.6,8.8,8.7,8.9,8.9
41.654864,-0.879231,32623736,"Casco Histórico",side_street,0.9699,0.4819,0.6215,0.1122,0.96,0.9727,0.9706,0.9846,0.9873,7.1,6.9,7.1,7,7.2,7.2
41.65496,-0.879127,32623738,"Casco Histórico",side_street,0.9655,0.5119,0.6215,0.122,0.9422,0.9679,0.9661,0.9811,0.9853,7.2,7,7.3,7.2,7.3,7.3
41.637819,-0.880116,33680570,"San José",side_street,0.5196,0.9449,0.4977,0.3311,0.5325,0.5112,0.5201,0.4743,0.3889,6.4,6.5,6.3,6.4,6.1,5.7
41.638358,-0.881359,33680570,"San José",side_street,0.4765,0.7661,0.5018,0.2024,0.4863,0.4648,0.4804,0.4398,0.3591,5.3,5.3,5.2,5.3,5.1,4.8
41.639863,-0.883383,33680570,"San José",side_street,0.5982,0.9096,0.5249,0.6621,0.5933,0.5896,0.6088,0.5886,0.5175,7.3,7.3,7.3,7.4,7.2,6.8
41.638696,-0.878487,33683452,Centro,side_street,0.5759,0.6187,0.6673,0.5403,0.5914,0.5735,0.5733,0.5278,0.4575,6.1,6.2,6.1,6.1,5.8,5.4
41.638545,-0.878267,33683452,Centro,side_street,0.5844,0.7465,0.6673,0.5619,0.5981,0.5813,0.5837,0.5393,0.4641,6.7,6.8,6.7,6.7,6.5,6
41.638417,-0.87802,33683452,Centro,side_street,0.591,0.7685,0.6657,0.5902,0.6047,0.5866,0.5926,0.5468,0.4681,6.9,7,6.9,6.9,6.6,6.2
41.638306,-0.877758,33683452,Centro,side_street,0.5989,0.7876,0.6641,0.6833,0.6116,0.5948,0.6016,0.5553,0.4743,7.2,7.3,7.2,7.2,6.9,6.4
41.638928,-0.878604,33683453,Centro,side_street,0.557,0.4583,0.6657,0.5075,0.5733,0.5523,0.5538,0.5006,0.4341,5.3,5.4,5.3,5.3,5,4.8
41.654936,-0.882263,34957364,"Casco Histórico",square,0.9073,0.8217,0.6249,0.7704,0.8895,0.9367,0.9046,0.9462,0.9534,9.3,9.2,9.4,9.3,9.5,9.5
41.655215,-0.882735,34957364,"Casco Histórico",square,0.8762,0.816,0.6174,0.8869,0.858,0.8957,0.871,0.9226,0.938,9.2,9.2,9.3,9.2,9.5,9.6
41.649107,-0.879978,34994886,Centro,side_street,0.8909,0.6389,0.8187,0.1932,0.8868,0.904,0.881,0.9047,0.9031,8.1,8.1,8.2,8.1,8.2,8.2
41.649202,-0.88025,34994886,Centro,side_street,0.9107,0.6381,0.8187,0.1891,0.9083,0.933,0.9023,0.9233,0.9124,8.3,8.3,8.4,8.2,8.3,8.3
41.649297,-0.880523,34994886,Centro,side_street,0.9397,0.6381,0.8254,0.2311,0.9347,0.9481,0.9282,0.9382,0.9203,8.5,8.5,8.5,8.4,8.5,8.4
41.649393,-0.880795,34994886,Centro,side_street,0.9552,0.6418,0.8227,0.3144,0.9586,0.9544,0.9505,0.944,0.9251,8.7,8.7,8.7,8.7,8.7,8.6
41.649488,-0.881068,34994886,Centro,side_street,0.962,0.6418,0.8227,0.3621,0.9679,0.9592,0.962,0.9488,0.9271,8.9,8.9,8.9,8.9,8.8,8.6
41.649557,-0.87913,34994887,Centro,side_street,0.8869,0.6868,0.8106,0.2848,0.8776,0.9012,0.8731,0.9077,0.9145,8.4,8.4,8.5,8.4,8.5,8.6
41.647404,-0.873083,35878785,"Casco Histórico",square,0.6386,0.2024,0.5671,0.8663,0.6598,0.6624,0.6149,0.6235,0.6501,5,5.1,5.1,4.9,4.9,5
41.64854,-0.875758,35879193,Centro,side_street,0.7133,0.9032,0.7374,0.6998,0.7069,0.7304,0.6974,0.7383,0.7962,8.8,8.7,8.9,8.7,9,9.3
41.648403,-0.875996,35879193,Centro,side_street,0.7111,0.8891,0.7374,0.6697,0.7092,0.7289,0.6956,0.7308,0.7876,8.6,8.6,8.8,8.5,8.8,9.2
41.648236,-0.876197,35879193,Centro,side_street,0.7048,0.8799,0.736,0.6289,0.7046,0.7247,0.6882,0.7219,0.7802,8.5,8.5,8.6,8.4,8.6,9
41.648061,-0.876386,35879193,Centro,side_street,0.6988,0.877,0.733,0.5893,0.7004,0.7209,0.6798,0.7128,0.7715,8.4,8.4,8.5,8.3,8.4,8.9
41.647875,-0.876554,35879193,Centro,side_street,0.6943,0.854,0.734,0.581,0.6984,0.7185,0.6758,0.7086,0.7653,8.3,8.3,8.4,8.1,8.3,8.7
41.647673,-0.876686,35879193,Centro,side_street,0.6861,0.85,0.7348,0.5839,0.6943,0.7128,0.6687,0.7,0.7592,8.2,8.3,8.3,8.1,8.3,8.6
41.647469,-0.876813,35879193,Centro,side_street,0.6809,0.85,0.7387,0.5647,0.6894,0.7073,0.6604,0.6953,0.7559,8.2,8.2,8.3,8,8.2,8.6
41.647468,-0.890925,35879589,Centro,main_street,0.8178,0.9149,0.7247,0.488,0.8375,0.8167,0.817,0.7821,0.7644,9.1,9.2,9.1,9.1,8.9,8.8
41.647643,-0.890737,35879589,Centro,main_street,0.8126,0.9087,0.7247,0.4658,0.8282,0.8072,0.8111,0.774,0.7561,9,9.1,9,9,8.8,8.7
41.64781,-0.890536,35879589,Centro,main_street,0.8029,0.9077,0.7177,0.6355,0.8207,0.7992,0.8021,0.7634,0.7415,9.2,9.3,9.2,9.2,9,8.8
41.647965,-0.890319,35879589,Centro,main_street,0.7999,0.9155,0.7275,0.7161,0.817,0.7956,0.7999,0.7588,0.737,9.3,9.4,9.3,9.3,9.1,9
41.648117,-0.890096,35879589,Centro,main_street,0.794,0.8792,0.7263,0.8486,0.8101,0.7904,0.7956,0.7514,0.7299,9.3,9.4,9.3,9.3,9.1,9
41.648266,-0.889871,35879589,Centro,main_street,0.7886,0.8773,0.7263,0.8902,0.8044,0.7856,0.7901,0.7467,0.728,9.3,9.4,9.3,9.3,9.1,9.1
41.648416,-0.889647,35879589,Centro,main_street,0.7814,0.8773,0.7194,0.9211,0.7964,0.7767,0.7846,0.7417,0.7239,9.3,9.4,9.3,9.3,9.1,9.1
41.648562,-0.889418,35879589,Centro,main_street,0.7749,0.8036,0.7224,0.9283,0.7907,0.7705,0.7811,0.74,0.7215,9,9.1,9,9.1,8.8,8.7
41.65008,-0.88491,35879591,Centro,side_street,0.9047,0.8575,0.8078,0.804,0.9131,0.9193,0.8998,0.8988,0.8766,9.8,9.8,9.8,9.8,9.8,9.7
41.649901,-0.885092,35879591,Centro,side_street,0.8954,0.8575,0.8187,0.9023,0.9035,0.905,0.8936,0.8857,0.8649,9.8,9.8,9.9,9.8,9.8,9.8
41.649722,-0.885274,35879591,Centro,side_street,0.8898,0.8575,0.8187,0.9484,0.8997,0.8971,0.8884,0.8745,0.8561,9.9,9.9,9.9,9.8,9.8,9.8
41.649543,-0.885457,35879591,Centro,side_street,0.8867,0.8433,0.8106,0.9662,0.8967,0.8906,0.8848,0.8687,0.8479,9.8,9.8,9.8,9.8,9.8,9.7
41.649365,-0.88564,35879591,Centro,side_street,0.8845,0.8433,0.8106,0.9761,0.8964,0.8871,0.8843,0.8625,0.8407,9.8,9.8,9.8,9.8,9.8,9.7
41.649187,-0.885824,35879591,Centro,side_street,0.8821,0.8433,0.8106,0.9826,0.893,0.8826,0.8828,0.8585,0.8344,9.8,9.8,9.8,9.8,9.8,9.7
41.649009,-0.886008,35879591,Centro,side_street,0.8731,0.8472,0.7998,0.9878,0.8828,0.8742,0.8759,0.853,0.8318,9.8,9.8,9.8,9.8,9.8,9.7
41.648834,-0.886196,35879591,Centro,side_street,0.8673,0.7934,0.7904,0.9925,0.8787,0.8696,0.8728,0.8469,0.8259,9.6,9.7,9.6,9.6,9.6,9.5
41.64866,-0.886387,35879591,Centro,side_street,0.8626,0.7934,0.7853,0.9958,0.8745,0.8657,0.8686,0.8407,0.8207,9.6,9.6,9.6,9.6,9.5,9.5
41.648492,-0.886587,35879591,Centro,side_street,0.8605,0.8177,0.7853,0.9989,0.8737,0.8632,0.8657,0.8359,0.8154,9.7,9.7,9.7,9.7,9.6,9.5
41.650055,-0.875177,35910499,"Casco Histórico",square,0.7918,0.0087,0.6349,0.7253,0.7653,0.8081,0.7784,0.865,0.9269,5,4.9,5.1,5,5.4,5.7
41.650269,-0.875087,35910499,"Casco Histórico",square,0.793,0.0096,0.6274,0.6617,0.7663,0.8088,0.7814,0.8674,0.9262,5,4.9,5,4.9,5.3,5.6
41.650231,-0.875278,35910499,"Casco Histórico",square,0.8013,0.0096,0.6307,0.6871,0.779,0.8208,0.7917,0.8759,0.9289,5,5,5.1,5,5.4,5.6
41.650043,-0.875261,35910499,"Casco Histórico",square,0.7947,0.0104,0.637,0.7352,0.7712,0.8116,0.7828,0.8693,0.9275,5.1,5,5.1,5,5.4,5.7
41.649491,-0.874731,35910500,"Casco Histórico",square,0.7376,0.7416,0.6227,0.7076,0.707,0.7593,0.7172,0.8058,0.8915,7.8,7.6,7.9,7.6,8.3,8.8
41.650097,-0.871501,35910501,"Casco Histórico",side_street,0.4374,0.7165,0.5636,0.4446,0.4138,0.4641,0.4415,0.5175,0.6255,5.4,5.2,5.5,5.4,5.8,6.4
41.650883,-0.872802,35910503,"Casco Histórico",square,0.5818,0.1964,0.5747,0.4833,0.5407,0.6205,0.5769,0.6962,0.7839,4.4,4.3,4.6,4.4,4.8,5.2
41.650921,-0.872953,35910504,"Casco Histórico",square,0.5995,0.0795,0.5812,0.4525,0.557,0.6385,0.592,0.7123,0.7948,4.2,4,4.3,4.2,4.6,4.8
41.650151,-0.871651,35910891,"Casco Histórico",square,0.4498,0.1802,0.5636,0.465,0.4237,0.4787,0.4539,0.5367,0.6451,3.9,3.9,4,3.9,4.2,4.6
41.651659,-0.873699,35912281,"Casco Histórico",square,0.7203,0.9972,0.5831,0.5,0.6728,0.7446,0.7092,0.7863,0.8639,8.5,8.2,8.6,8.4,8.9,9.4
41.651797,-0.873937,35912281,"Casco Histórico",square,0.7463,0.9972,0.5841,0.5098,0.7151,0.7687,0.7384,0.8132,0.8855,8.6,8.5,8.8,8.6,9.1,9.4
41.651384,-0.873672,35912282,"Casco Histórico",side_street,0.7121,0.9739,0.5831,0.4949,0.6611,0.7401,0.7038,0.7841,0.8638,8.3,8,8.5,8.3,8.8,9.2
41.635866,-0.892649,35987464,Universidad,side_street,0.1776,0.1032,0.3652,0.2595,0.1914,0.1919,0.1713,0.162,0.188,2.3,2.3,2.3,2.3,2.2,2.3
41.636061,-0.892798,35987464,Universidad,side_street,0.1988,0.1032,0.3662,0.2239,0.207,0.2114,0.1901,0.1932,0.2282,2.3,2.3,2.4,2.3,2.3,2.4
41.636843,-0.893392,35987464,Universidad,side_street,0.2776,0.1032,0.3652,0.1234,0.2749,0.2931,0.2752,0.3023,0.3752,2.5,2.5,2.6,2.5,2.6,2.9
41.651034,-0.888178,36389368,"Casco Histórico",side_street,0.5889,0.0948,0.6437,0.8773,0.591,0.6097,0.5897,0.5991,0.6326,4.7,4.7,4.7,4.7,4.7,4.8
41.650668,-0.888526,36389368,"Casco Histórico",side_street,0.5944,0.0948,0.6349,0.9462,0.5943,0.6114,0.5982,0.6047,0.6295,4.7,4.7,4.8,4.7,4.7,4.8
41.650484,-0.8887,36389368,"Casco Histórico",side_street,0.601,0.1104,0.6124,0.963,0.6003,0.6157,0.6044,0.6098,0.632,4.8,4.8,4.8,4.8,4.8,4.9
41.650713,-0.887719,36389604,"Casco Histórico",side_street,0.6672,0.12,0.6501,0.9172,0.6704,0.6853,0.6788,0.6697,0.6964,5.1,5.1,5.2,5.1,5.1,5.2
41.634549,-0.882055,36859917,"San José",side_street,0.3085,0.457,0.4947,0.7694,0.3017,0.2986,0.3245,0.3006,0.2004,4.3,4.2,4.2,4.3,4.2,3.9
41.636135,-0.883774,36860662,"San José",side_street,0.319,0.0866,0.5011,0.6977,0.3132,0.306,0.3366,0.3115,0.2494,3.3,3.3,3.3,3.4,3.3,3.1
41.662226,-0.875527,37961248,"El Rabal",side_street,0.1971,0.4398,0.3054,0.2723,0.2069,0.1946,0.1898,0.1644,0.1733,3.1,3.2,3.1,3.1,3,3
41.661685,-0.87355,37961248,"El Rabal",side_street,0.2658,0.3273,0.3145,0.5095,0.2571,0.2658,0.2736,0.2891,0.3057,3.3,3.3,3.3,3.3,3.4,3.5
41.661607,-0.873268,37961248,"El Rabal",side_street,0.2702,0.3473,0.3145,0.4915,0.2606,0.2713,0.2794,0.2985,0.3154,3.4,3.3,3.4,3.4,3.5,3.5
41.661523,-0.872988,37961248,"El Rabal",side_street,0.2711,0.6102,0.3145,0.5328,0.26,0.273,0.2815,0.3031,0.3242,4,4,4,4.1,4.1,4.2
41.661434,-0.872712,37961248,"El Rabal",side_street,0.2677,0.6102,0.3145,0.5222,0.2548,0.2696,0.2777,0.3009,0.3228,4,4,4,4.1,4.1,4.2
41.661341,-0.872438,37961248,"El Rabal",side_street,0.2607,0.6177,0.3145,0.5045,0.2448,0.2622,0.2705,0.2971,0.3146,4,4,4,4,4.1,4.2
41.660095,-0.872807,37961303,"El Rabal",side_street,0.3103,0.645,0.3294,0.6406,0.2966,0.3129,0.3126,0.3276,0.3488,4.4,4.3,4.4,4.4,4.4,4.5
41.660189,-0.873081,37961303,"El Rabal",side_street,0.3181,0.645,0.327,0.6809,0.3065,0.319,0.3208,0.3344,0.3485,4.4,4.4,4.4,4.4,4.5,4.5
41.660282,-0.873354,37961303,"El Rabal",side_street,0.3252,0.645,0.3228,0.7063,0.3135,0.3238,0.3308,0.3419,0.3529,4.5,4.4,4.5,4.5,4.5,4.5
41.660376,-0.873628,37961303,"El Rabal",side_street,0.3279,0.6518,0.3145,0.7049,0.3191,0.325,0.3341,0.3436,0.3516,4.5,4.5,4.5,4.5,4.5,4.5
41.659962,-0.874011,37961360,"El Rabal",square,0.3428,0.1589,0.327,0.7109,0.3376,0.3386,0.3447,0.3444,0.3437,3.3,3.3,3.3,3.3,3.3,3.3
41.660057,-0.874283,37961360,"El Rabal",square,0.3314,0.1589,0.327,0.6605,0.3287,0.329,0.3335,0.3339,0.3344,3.2,3.2,3.2,3.2,3.2,3.3
41.649104,-0.899139,38753984,Delicias,side_street,0.4405,0.8265,0.9832,0.3455,0.4409,0.4423,0.435,0.4449,0.4672,6.8,6.8,6.9,6.8,6.9,7
41.648895,-0.899026,38753984,Delicias,side_street,0.4556,0.8215,0.9847,0.3313,0.4599,0.4613,0.4501,0.457,0.4846,6.9,6.9,6.9,6.9,6.9,7.1
41.648687,-0.898913,38753984,Delicias,side_street,0.4707,0.8218,0.9864,0.3044,0.4764,0.4775,0.4617,0.4661,0.4929,7,7,7,6.9,6.9,7.1
41.648477,-0.898804,38753984,Delicias,side_street,0.4815,0.4858,0.9864,0.2694,0.4871,0.4887,0.4699,0.4751,0.5017,5.6,5.6,5.6,5.5,5.5,5.7
41.648064,-0.898569,38753984,Delicias,side_street,0.5112,0.4858,0.9864,0.2494,0.5242,0.5288,0.4992,0.499,0.5182,5.7,5.8,5.8,5.6,5.6,5.7
41.647857,-0.898452,38753984,Delicias,side_street,0.5284,0.4858,0.9889,0.2199,0.5389,0.5437,0.5112,0.5147,0.5302,5.8,5.8,5.8,5.7,5.7,5.8
41.64765,-0.898334,38753984,Delicias,side_street,0.539,0.4938,0.9911,0.1919,0.5513,0.5558,0.5225,0.5256,0.5404,5.8,5.9,5.9,5.7,5.7,5.8
41.647443,-0.898216,38753984,Delicias,side_street,0.5472,0.3983,0.9911,0.1717,0.5594,0.5663,0.5297,0.5348,0.5547,5.5,5.5,5.5,5.3,5.4,5.5
41.647236,-0.898097,38753984,Delicias,side_street,0.5577,0.3983,0.9927,0.2304,0.5687,0.5759,0.5399,0.5428,0.5676,5.6,5.7,5.7,5.5,5.5,5.6
41.64703,-0.897978,38753984,Delicias,side_street,0.567,0.3983,0.993,0.1881,0.5786,0.5852,0.5497,0.5529,0.5859,5.6,5.7,5.7,5.5,5.5,5.7
41.646823,-0.897859,38753984,Delicias,side_street,0.5821,0.3983,0.9938,0.1911,0.593,0.6003,0.5629,0.5704,0.6088,5.7,5.7,5.7,5.6,5.6,5.8
41.648328,-0.9001,38753985,Delicias,secondary_street,0.434,0.6668,0.9807,0.2856,0.4377,0.4387,0.4274,0.4317,0.4613,6,6.1,6.1,6,6,6.2
41.648524,-0.900247,38753985,Delicias,secondary_street,0.4269,0.6668,0.9807,0.2817,0.4298,0.4315,0.4209,0.4251,0.4484,6,6,6,6,6,6.1
41.64872,-0.900395,38753985,Delicias,secondary_street,0.4185,0.6759,0.9807,0.3085,0.4234,0.4226,0.4135,0.418,0.4439,6,6,6,6,6,6.2
41.64708,-0.901154,38753986,Delicias,side_street,0.3286,0.1967,0.9616,0.2277,0.3363,0.3349,0.3235,0.3232,0.3389,4,4.1,4,4,4,4
41.647186,-0.900889,38753986,Delicias,side_street,0.355,0.1967,0.971,0.2254,0.3608,0.3573,0.3469,0.3471,0.356,4.1,4.1,4.1,4.1,4.1,4.1
41.647612,-0.899829,38753986,Delicias,side_street,0.4436,0.1967,0.9807,0.1386,0.4558,0.4522,0.4371,0.4306,0.4438,4.3,4.4,4.4,4.3,4.3,4.3
41.647829,-0.894772,38753987,Delicias,side_street,0.686,0.8074,0.9976,0.5712,0.695,0.686,0.6921,0.6603,0.6357,8.8,8.8,8.8,8.8,8.6,8.5
41.647935,-0.894507,38753987,Delicias,side_street,0.6902,0.4442,0.9981,0.6245,0.6974,0.6878,0.6963,0.6629,0.6334,7.1,7.2,7.1,7.1,6.9,6.8
41.648041,-0.894241,38753987,Delicias,side_street,0.6915,0.4609,0.9984,0.6382,0.6986,0.6894,0.6995,0.6637,0.6304,7.3,7.3,7.3,7.3,7,6.9
41.646274,-0.89861,38753997,Delicias,side_street,0.5256,0.5938,0.9903,0.1997,0.5418,0.5464,0.5066,0.5114,0.5513,6.1,6.2,6.3,6,6.1,6.3
41.649591,-0.887937,38754414,Centro,main_street,0.7661,0.7282,0.7663,0.9904,0.7788,0.7684,0.7716,0.7432,0.7462,8.9,8.9,8.9,8.9,8.7,8.7
41.647858,-0.893235,38754415,Centro,main_street,0.7308,0.5797,0.6956,0.6395,0.7429,0.7296,0.7316,0.7075,0.6762,7.1,7.2,7.1,7.1,6.9,6.8
41.653717,-0.89756,39114363,Delicias,main_street,0.2616,0.4568,0.971,0.2087,0.2638,0.2838,0.2506,0.2771,0.3304,4.5,4.5,4.5,4.4,4.5,4.7
41.64697,-0.901421,39170112,Delicias,side_street,0.307,0.46,0.9542,0.1916,0.3112,0.3116,0.3009,0.3021,0.3174,4.6,4.6,4.6,4.6,4.5,4.6
41.64756,-0.898447,39170359,Delicias,side_street,0.5343,0.3842,0.9911,0.1824,0.5459,0.5499,0.5168,0.5198,0.5355,5.3,5.4,5.4,5.2,5.3,5.3
41.647345,-0.898975,39170359,Delicias,side_street,0.5035,0.3842,0.9896,0.2356,0.5198,0.5222,0.4915,0.4826,0.5052,5.2,5.3,5.3,5.2,5.1,5.2
41.647237,-0.899239,39170359,Delicias,side_street,0.4873,0.3854,0.988,0.2289,0.5052,0.5011,0.4751,0.4625,0.4789,5.2,5.3,5.2,5.1,5,5.1
41.647131,-0.899504,39170359,Delicias,side_street,0.4585,0.2742,0.9896,0.1853,0.4734,0.4713,0.4491,0.4367,0.4445,4.7,4.7,4.7,4.7,4.6,4.6
41.647024,-0.899769,39170359,Delicias,side_street,0.4339,0.2742,0.9832,0.185,0.4452,0.4405,0.4267,0.4135,0.4111,4.6,4.6,4.6,4.6,4.5,4.5
41.646919,-0.900035,39170359,Delicias,side_street,0.4094,0.2234,0.9832,0.1892,0.4185,0.4127,0.4046,0.3879,0.3857,4.3,4.4,4.4,4.3,4.3,4.3
41.65117,-0.898845,39427712,Delicias,side_street,0.3293,0.0603,0.9674,0.0637,0.3291,0.3327,0.3304,0.3334,0.3219,3.6,3.6,3.6,3.6,3.6,3.6
41.651005,-0.898641,39427712,Delicias,side_street,0.331,0.0603,0.9775,0.1304,0.3304,0.3342,0.3321,0.3354,0.3201,3.7,3.7,3.7,3.7,3.7,3.6
41.65119,-0.89837,39427713,Delicias,side_street,0.3211,0.6783,0.9832,0.1396,0.3184,0.3239,0.3211,0.3241,0.3075,5.3,5.3,5.3,5.3,5.3,5.2
41.652355,-0.900712,39428762,Delicias,side_street,0.4053,0.7191,0.8995,0.0912,0.4094,0.4063,0.3958,0.4002,0.4264,5.6,5.7,5.6,5.6,5.6,5.7
41.652143,-0.900613,39428762,Delicias,side_street,0.3967,0.7191,0.9358,0.0594,0.4001,0.3971,0.3867,0.3937,0.4197,5.6,5.7,5.6,5.6,5.6,5.7
41.651931,-0.900513,39428762,Delicias,side_street,0.3852,0.7403,0.946,0.035,0.3889,0.3865,0.3765,0.3807,0.405,5.7,5.7,5.7,5.6,5.6,5.7
41.651718,-0.900419,39428762,Delicias,side_street,0.3681,0.7403,0.946,0.03,0.3693,0.3689,0.3571,0.3722,0.3943,5.5,5.6,5.6,5.5,5.5,5.7
41.650442,-0.899831,39428762,Delicias,side_street,0.371,0.7031,0.9741,0.1511,0.3667,0.3687,0.3707,0.3795,0.3905,5.7,5.6,5.6,5.7,5.7,5.7
41.650232,-0.899723,39428762,Delicias,side_street,0.3786,0.7031,0.9775,0.1778,0.3761,0.3758,0.3789,0.3851,0.3933,5.8,5.7,5.7,5.8,5.8,5.8
41.650023,-0.899614,39428762,Delicias,side_street,0.3862,0.7031,0.9832,0.1767,0.3845,0.3841,0.3847,0.3922,0.4025,5.8,5.8,5.8,5.8,5.8,5.9
41.649813,-0.899507,39428762,Delicias,side_street,0.3985,0.7073,0.9847,0.2224,0.3954,0.3951,0.3954,0.4039,0.4192,5.9,5.9,5.9,5.9,6,6
41.652607,-0.900832,39428763,Delicias,side_street,0.4169,0.7367,0.911,0.1036,0.422,0.4223,0.4074,0.411,0.4412,5.8,5.9,5.8,5.8,5.8,5.9
41.64766,-0.88829,40218248,Centro,square,0.8379,0.096,0.747,0.9754,0.8619,0.8407,0.8416,0.7904,0.7793,6.2,6.3,6.2,6.2,5.9,5.9
41.647586,-0.888497,40218248,Centro,square,0.8375,0.0661,0.747,0.9683,0.8612,0.8393,0.8403,0.7897,0.777,6.1,6.2,6.1,6.1,5.8,5.7
41.647442,-0.888569,40218248,Centro,square,0.8423,0.6259,0.7452,0.9604,0.8662,0.8447,0.8448,0.7935,0.7795,8.7,8.9,8.7,8.7,8.4,8.4
41.647539,-0.888298,40218248,Centro,square,0.8434,0.629,0.7501,0.9739,0.868,0.8461,0.8465,0.7951,0.7811,8.8,8.9,8.8,8.8,8.4,8.4
41.647615,-0.887754,40218250,Centro,square,0.8499,0.0739,0.7517,0.9857,0.8718,0.854,0.8542,0.8055,0.7894,6.2,6.3,6.2,6.2,6,5.9
41.64648,-0.889537,40220903,Centro,side_street,0.9084,0.1306,0.7539,0.6656,0.9343,0.9093,0.9063,0.8656,0.8306,6.3,6.5,6.3,6.3,6.1,5.9
41.646327,-0.889316,40220903,Centro,side_street,0.9093,0.1306,0.7562,0.7424,0.9368,0.9097,0.9074,0.8632,0.8276,6.5,6.6,6.5,6.4,6.2,6
41.646174,-0.889096,40220903,Centro,side_street,0.9115,0.1306,0.7501,0.7638,0.9415,0.9124,0.9108,0.8631,0.826,6.5,6.7,6.5,6.5,6.2,6
41.646021,-0.888875,40220903,Centro,side_street,0.9163,0.1717,0.7539,0.8335,0.9474,0.9152,0.9165,0.8639,0.8222,6.8,7,6.8,6.8,6.5,6.3
41.646932,-0.89116,40220911,Centro,side_street,0.8618,0.2017,0.7194,0.5106,0.8748,0.8588,0.8594,0.8313,0.8031,6.1,6.1,6,6,5.9,5.7
41.646801,-0.890916,40220911,Centro,side_street,0.883,0.2017,0.7275,0.4674,0.8966,0.8797,0.8751,0.8493,0.8183,6.1,6.2,6.1,6.1,5.9,5.8
41.64667,-0.890671,40220911,Centro,side_street,0.8941,0.2017,0.733,0.5143,0.9087,0.8937,0.8908,0.8622,0.8297,6.3,6.4,6.3,6.3,6.1,5.9
41.646539,-0.890427,40220911,Centro,side_street,0.9038,0.2017,0.733,0.5644,0.9217,0.9018,0.9005,0.8714,0.8363,6.4,6.5,6.4,6.4,6.2,6
41.646408,-0.890182,40220911,Centro,side_street,0.9132,0.2017,0.7414,0.6538,0.9319,0.9107,0.9094,0.8782,0.8409,6.6,6.7,6.6,6.6,6.4,6.2
41.646277,-0.889937,40220911,Centro,side_street,0.9224,0.2223,0.7452,0.6716,0.9435,0.9186,0.9196,0.8826,0.843,6.8,6.9,6.8,6.8,6.6,6.3
41.646673,-0.891635,40220914,Centro,side_street,0.8667,0.8855,0.7177,0.3445,0.8778,0.8616,0.8648,0.8395,0.8102,9.1,9.1,9,9,8.9,8.7
41.646877,-0.891761,40220914,Centro,side_street,0.8465,0.879,0.7158,0.3834,0.8598,0.8412,0.8451,0.8174,0.7949,9,9,8.9,8.9,8.8,8.6
41.648102,-0.892517,40220914,Centro,side_street,0.7219,0.8266,0.701,0.6043,0.737,0.724,0.7203,0.6909,0.6567,8.3,8.4,8.2,8.2,8,7.8
41.64839,-0.889454,40220915,Centro,side_street,0.7853,0.5447,0.7247,0.9343,0.8002,0.7814,0.7887,0.7463,0.7294,7.8,8,7.8,7.9,7.6,7.5
41.648222,-0.889254,40220915,Centro,side_street,0.7954,0.5447,0.7247,0.9406,0.8122,0.7931,0.7989,0.7575,0.74,7.9,8.1,7.9,8,7.7,7.6
41.648053,-0.889055,40220915,Centro,side_street,0.803,0.5447,0.7291,0.9401,0.8221,0.802,0.8068,0.7653,0.7483,8,8.1,8,8,7.8,7.7
41.648648,-0.885377,40221043,Centro,square,0.8963,0.1393,0.8209,0.9864,0.9074,0.9002,0.9009,0.8793,0.8527,7,7,7,7,6.9,6.7
41.639844,-0.895525,40602028,Universidad,side_street,0.7812,0.7071,0.3787,0.9336,0.7802,0.7764,0.7688,0.7983,0.8645,7.5,7.5,7.5,7.4,7.6,8.1
41.639719,-0.895275,40602028,Universidad,side_street,0.7722,0.7071,0.3799,0.9244,0.7736,0.7667,0.7589,0.7862,0.8574,7.4,7.4,7.4,7.4,7.5,8.1
41.639594,-0.895025,40602028,Universidad,side_street,0.7562,0.4864,0.3799,0.905,0.759,0.7533,0.7455,0.7729,0.841,6.2,6.3,6.2,6.2,6.4,6.8
41.639342,-0.894526,40602028,Universidad,side_street,0.7185,0.4864,0.3787,0.7948,0.7247,0.7212,0.7036,0.7316,0.8005,5.9,6,5.9,5.8,6,6.4
41.639208,-0.894286,40602028,Universidad,side_street,0.6823,0.5945,0.3799,0.6143,0.684,0.6864,0.6709,0.7083,0.7824,5.9,5.9,5.9,5.9,6,6.5
41.638959,-0.893968,40602029,Universidad,square,0.6173,0.3139,0.3777,0.4982,0.62,0.6285,0.603,0.6451,0.7476,4.5,4.6,4.6,4.5,4.6,5
41.638749,-0.893862,40602029,Universidad,square,0.5854,0.3296,0.3777,0.3556,0.5875,0.5965,0.5707,0.6163,0.7275,4.3,4.3,4.4,4.3,4.4,4.8
41.638551,-0.89372,40602029,Universidad,square,0.5544,0.328,0.3787,0.2508,0.5562,0.5678,0.5403,0.5797,0.7017,4.1,4.1,4.2,4.1,4.2,4.6
41.638368,-0.893546,40602029,Universidad,square,0.5146,0.2641,0.3799,0.0725,0.5206,0.5321,0.503,0.5434,0.6617,3.7,3.7,3.8,3.7,3.8,4.2
41.638208,-0.893339,40602029,Universidad,square,0.4746,0.2337,0.3799,0.029,0.4796,0.4873,0.4638,0.5023,0.6276,3.5,3.5,3.5,3.4,3.6,4
41.638201,-0.893457,40602030,Universidad,side_street,0.4811,0.2446,0.3777,0.0305,0.4846,0.4939,0.4686,0.5127,0.6352,3.5,3.5,3.6,3.5,3.6,4
41.638242,-0.893753,40602030,Universidad,side_street,0.5048,0.2446,0.3746,0.1696,0.5095,0.5223,0.4934,0.5397,0.6628,3.7,3.7,3.8,3.7,3.8,4.2
41.638283,-0.894049,40602030,Universidad,side_street,0.5285,0.2446,0.3741,0.4093,0.5278,0.5423,0.5143,0.5642,0.6936,4,4,4,3.9,4.1,4.5
41.643185,-0.907506,41571902,Delicias,side_street,0.3715,0.1669,0.8411,0.4609,0.3762,0.3624,0.3845,0.3618,0.3457,4.1,4.1,4.1,4.1,4,4
41.642979,-0.907387,41571902,Delicias,side_street,0.357,0.208,0.839,0.51,0.3583,0.351,0.3656,0.3516,0.3458,4.2,4.2,4.2,4.2,4.1,4.1
41.647439,-0.89386,41572929,Universidad,main_street,0.7564,0.839,0.4181,0.6569,0.7665,0.7506,0.7569,0.7333,0.7195,7.6,7.7,7.6,7.6,7.5,7.4
41.647219,-0.893805,41572929,Universidad,main_street,0.7764,0.8137,0.4193,0.6668,0.7875,0.7699,0.778,0.7506,0.7401,7.7,7.8,7.7,7.7,7.5,7.5
41.646995,-0.893777,41572929,Universidad,main_street,0.7935,0.8137,0.4193,0.6702,0.8024,0.7882,0.7949,0.7699,0.7583,7.8,7.9,7.8,7.8,7.7,7.6
41.646547,-0.893719,41572929,Universidad,main_street,0.8187,0.817,0.4235,0.6481,0.8306,0.8115,0.8181,0.7954,0.7856,8,8.1,7.9,8,7.8,7.8
41.646326,-0.893668,41572929,Universidad,main_street,0.8325,0.828,0.4245,0.6994,0.8451,0.8252,0.83,0.8089,0.7969,8.2,8.3,8.2,8.2,8.1,8
41.64981,-0.88784,41572942,"Casco Histórico",main_street,0.7552,0.8704,0.6561,0.9825,0.7672,0.759,0.7603,0.7371,0.7432,9.1,9.1,9.1,9.1,9,9
41.650941,-0.884377,41589049,Centro,square,0.933,0.2427,0.8051,0.5257,0.9358,0.9449,0.9159,0.9316,0.9209,6.9,6.9,7,6.8,6.9,6.9
41.650744,-0.88452,41589049,Centro,square,0.9299,0.0862,0.8051,0.6579,0.9346,0.9432,0.9155,0.9267,0.9139,6.4,6.4,6.5,6.3,6.4,6.3
41.650772,-0.884738,41589049,Centro,square,0.9076,0.0663,0.7998,0.6827,0.9128,0.9258,0.8974,0.9107,0.9032,6.2,6.2,6.3,6.2,6.2,6.2
41.650988,-0.884682,41589049,Centro,square,0.904,0.1776,0.8026,0.5389,0.9093,0.9221,0.8941,0.9091,0.9057,6.5,6.5,6.6,6.4,6.5,6.5
41.651114,-0.884491,41589049,Centro,square,0.9142,0.7698,0.8026,0.491,0.9182,0.9336,0.9004,0.918,0.9151,9.2,9.3,9.3,9.2,9.3,9.3
41.650856,-0.883532,41589050,Centro,square,0.964,0.1433,0.8164,0.616,0.9702,0.9606,0.9623,0.9512,0.9395,6.8,6.8,6.8,6.8,6.8,6.7
41.650991,-0.883854,41589051,Centro,square,0.9576,0.2497,0.8135,0.5722,0.9648,0.9546,0.9498,0.9457,0.9344,7.2,7.3,7.2,7.2,7.1,7.1
41.650946,-0.883274,41589052,Centro,square,0.9652,0.1273,0.8078,0.6836,0.972,0.963,0.9637,0.952,0.9411,6.8,6.8,6.8,6.8,6.8,6.7
41.65082,-0.883025,41589052,Centro,square,0.9688,0.1273,0.8135,0.7077,0.9761,0.9666,0.9671,0.9548,0.9423,6.9,6.9,6.9,6.9,6.8,6.8
41.650694,-0.882776,41589052,Centro,square,0.9729,0.1273,0.8135,0.7296,0.9811,0.9703,0.9709,0.9573,0.9429,7,7,6.9,7,6.9,6.8
41.648128,-0.894127,41921147,Delicias,side_street,0.685,0.8837,0.9988,0.6423,0.6923,0.6836,0.6928,0.6577,0.6269,9.2,9.2,9.2,9.2,9.1,8.9
41.648124,-0.894419,41921147,Delicias,side_street,0.6741,0.864,0.9983,0.6244,0.6809,0.6713,0.6827,0.6485,0.6193,9.1,9.1,9.1,9.1,8.9,8.7
41.648159,-0.894716,41921147,Delicias,side_street,0.6514,0.4932,0.9981,0.5944,0.659,0.6539,0.656,0.6337,0.605,7,7.1,7.1,7.1,6.9,6.8
41.648377,-0.896498,41921147,Delicias,side_street,0.5568,0.4809,0.995,0.4083,0.562,0.5643,0.549,0.5421,0.5263,6.1,6.2,6.2,6.1,6.1,6
41.648415,-0.896794,41921147,Delicias,side_street,0.5497,0.4809,0.9938,0.3819,0.555,0.5561,0.5407,0.535,0.5213,6.1,6.1,6.1,6,6,5.9
41.648453,-0.897091,41921147,Delicias,side_street,0.5404,0.4809,0.9938,0.3485,0.5478,0.5471,0.5291,0.5253,0.5151,6,6,6,5.9,5.9,5.8
41.648645,-0.898573,41921147,Delicias,side_street,0.4833,0.6738,0.9864,0.2937,0.4877,0.4907,0.4731,0.4788,0.5025,6.4,6.4,6.4,6.3,6.3,6.5
41.648665,-0.898871,41921147,Delicias,side_street,0.4726,0.7058,0.9864,0.2992,0.4784,0.4801,0.4637,0.4688,0.4958,6.4,6.5,6.5,6.4,6.4,6.6
41.648009,-0.894464,41921149,Delicias,side_street,0.6832,0.748,0.9978,0.6248,0.6895,0.6819,0.6911,0.657,0.6286,8.5,8.6,8.5,8.6,8.4,8.3
41.650419,-0.895345,42301138,Delicias,side_street,0.3551,0.4293,0.993,0.4853,0.3413,0.3571,0.3697,0.371,0.3602,5,5,5,5.1,5.1,5
41.650546,-0.895575,42301139,Delicias,side_street,0.3332,0.1171,0.9924,0.4661,0.3215,0.3382,0.3443,0.3537,0.3441,4.1,4.1,4.1,4.1,4.1,4.1
41.650483,-0.895286,42301139,Delicias,side_street,0.3448,0.1171,0.993,0.4912,0.3317,0.3492,0.3559,0.3633,0.3563,4.1,4.1,4.2,4.2,4.2,4.2
41.649269,-0.895144,42301850,Delicias,side_street,0.5267,0.3425,0.9965,0.4911,0.5235,0.5353,0.5308,0.523,0.4908,5.6,5.6,5.6,5.6,5.5,5.3
41.649306,-0.895441,42301850,Delicias,side_street,0.5138,0.3425,0.9965,0.4707,0.5141,0.5212,0.5199,0.5083,0.4706,5.5,5.5,5.5,5.5,5.4,5.2
41.652451,-0.89796,42301853,Delicias,main_street,0.2795,0.5553,0.9775,0.1145,0.2783,0.2914,0.279,0.287,0.2995,4.7,4.7,4.8,4.7,4.7,4.7
41.652234,-0.898042,42301853,Delicias,main_street,0.2876,0.6595,0.9741,0.0967,0.2842,0.2982,0.2877,0.292,0.2879,5,5,5.1,5,5,5
41.652018,-0.898122,42301853,Delicias,main_street,0.292,0.6595,0.9775,0.0828,0.2897,0.3017,0.2924,0.2983,0.289,5,5,5.1,5,5,5
41.651801,-0.898203,42301853,Delicias,main_street,0.3016,0.6595,0.9741,0.068,0.3003,0.3079,0.3,0.3019,0.2809,5.1,5.1,5.1,5,5,4.9
41.651134,-0.902108,42303679,Delicias,side_street,0.3804,0.0626,0.9234,0.0547,0.3786,0.3814,0.3681,0.392,0.4378,3.7,3.7,3.7,3.6,3.7,3.8
41.650921,-0.90201,42303679,Delicias,side_street,0.3776,0.0626,0.9234,0.07,0.3744,0.3769,0.3648,0.3908,0.4385,3.7,3.7,3.7,3.6,3.7,3.8
41.64985,-0.902275,42303680,Delicias,side_street,0.3696,0.375,0.8891,0.1095,0.3643,0.3703,0.3577,0.3919,0.4606,4.4,4.4,4.4,4.3,4.5,4.7
41.649773,-0.902558,42303680,Delicias,side_street,0.3694,0.375,0.8796,0.1388,0.3619,0.3705,0.3584,0.3974,0.4736,4.4,4.4,4.4,4.3,4.5,4.7
41.65494,-0.904526,42303682,Delicias,main_street,0.4483,0.9621,0.911,0.3064,0.4524,0.4524,0.4387,0.4486,0.4945,7.3,7.3,7.3,7.2,7.3,7.6
41.654715,-0.904519,42303682,Delicias,main_street,0.458,0.9605,0.911,0.2719,0.4635,0.4627,0.4471,0.4593,0.5103,7.3,7.3,7.3,7.2,7.3,7.6
41.65449,-0.904511,42303682,Delicias,main_street,0.4668,0.9605,0.8995,0.2363,0.4698,0.4726,0.4551,0.4698,0.5246,7.3,7.3,7.3,7.1,7.3,7.6
41.654265,-0.904505,42303682,Delicias,main_street,0.4775,0.9019,0.8995,0.1984,0.4802,0.4829,0.4645,0.4847,0.544,6.9,6.9,7,6.9,7,7.4
41.65404,-0.904504,42303682,Delicias,main_street,0.4843,0.9019,0.8891,0.2021,0.4854,0.4876,0.4693,0.4928,0.5507,6.9,6.9,7,6.9,7,7.4
41.653816,-0.904502,42303682,Delicias,main_street,0.4901,0.9019,0.8891,0.2148,0.4928,0.4948,0.4764,0.4993,0.5571,7,7,7.1,6.9,7.1,7.5
41.653592,-0.904483,42303682,Delicias,main_street,0.4966,0.9074,0.8995,0.1576,0.5011,0.5016,0.4825,0.5054,0.5626,7,7,7.1,6.9,7.1,7.5
41.652735,-0.90438,42303684,Delicias,side_street,0.4869,0.3279,0.9234,0.0506,0.4826,0.4943,0.4719,0.5138,0.5878,4.7,4.7,4.7,4.6,4.8,5
41.649485,-0.903048,42303685,Delicias,side_street,0.3625,0.1581,0.8891,0.1114,0.352,0.3629,0.3495,0.3958,0.4791,3.8,3.8,3.8,3.8,3.9,4.2
41.649697,-0.903147,42303685,Delicias,side_street,0.3679,0.1581,0.8699,0.091,0.3581,0.3679,0.3544,0.3997,0.4878,3.8,3.8,3.8,3.8,3.9,4.2
41.650335,-0.903442,42303685,Delicias,side_street,0.3793,0.1639,0.911,0.0444,0.37,0.3807,0.3693,0.4056,0.4801,3.9,3.9,3.9,3.9,3.9,4.2
41.650548,-0.903538,42303685,Delicias,side_street,0.3844,0.2418,0.911,0.0408,0.3766,0.3857,0.3755,0.4097,0.484,4.1,4.1,4.1,4.1,4.2,4.4
41.65076,-0.903637,42303685,Delicias,side_street,0.3872,0.2368,0.9358,0.0146,0.3796,0.3876,0.3779,0.4103,0.4805,4.1,4.1,4.1,4.1,4.2,4.4
41.651824,-0.904124,42303685,Delicias,side_street,0.4291,0.2368,0.946,0.0161,0.4233,0.4354,0.4199,0.4552,0.5372,4.2,4.2,4.3,4.2,4.3,4.6
41.652037,-0.904221,42303685,Delicias,side_street,0.4426,0.2653,0.946,0.0309,0.4346,0.4505,0.4336,0.475,0.5598,4.4,4.3,4.4,4.3,4.5,4.8
41.652249,-0.904318,42303685,Delicias,side_street,0.4616,0.238,0.9358,0.0308,0.4542,0.4716,0.4507,0.4948,0.5746,4.3,4.3,4.4,4.3,4.5,4.7
41.652462,-0.904415,42303685,Delicias,side_street,0.4727,0.238,0.9542,0.0471,0.4669,0.4828,0.4611,0.5065,0.5872,4.4,4.4,4.5,4.4,4.5,4.8
41.652675,-0.904512,42303685,Delicias,side_street,0.4836,0.238,0.9358,0.0684,0.4795,0.491,0.4688,0.5113,0.5854,4.5,4.5,4.5,4.4,4.5,4.8
41.652888,-0.904608,42303685,Delicias,side_street,0.4943,0.3861,0.9234,0.0708,0.4927,0.5017,0.4795,0.5157,0.5811,4.9,4.9,4.9,4.8,5,5.2
41.6531,-0.904708,42303685,Delicias,side_street,0.4997,0.4965,0.9234,0.0748,0.5008,0.5078,0.485,0.5155,0.5732,5.3,5.3,5.3,5.2,5.4,5.7
41.653312,-0.904809,42303685,Delicias,side_street,0.4973,0.548,0.9234,0.1019,0.5006,0.5045,0.4839,0.5076,0.5619,5.5,5.5,5.5,5.4,5.5,5.8
41.651442,-0.909831,42303690,Delicias,side_street,0.5999,0.869,0.911,0.6381,0.6006,0.5892,0.5953,0.5907,0.5808,8.4,8.4,8.3,8.3,8.3,8.3
41.651483,-0.909536,42303690,Delicias,side_street,0.5746,0.8639,0.911,0.6009,0.5777,0.5684,0.5718,0.5633,0.5503,8.1,8.2,8.1,8.1,8.1,8
41.649853,-0.904766,42303692,Delicias,square,0.3614,0.0306,0.911,0.0263,0.3519,0.3615,0.3475,0.3896,0.463,3.5,3.4,3.5,3.4,3.6,3.8
41.652453,-0.905769,42303693,Delicias,square,0.4618,0.0744,0.971,0.0606,0.4648,0.4618,0.4529,0.4589,0.483,4,4.1,4,4,4,4.1
41.652241,-0.90567,42303693,Delicias,square,0.4452,0.0744,0.9674,0.0534,0.4457,0.4446,0.4385,0.4497,0.4816,4,4,4,4,4,4.1
41.651603,-0.905378,42303693,Delicias,square,0.4107,0.0262,0.9674,0.0499,0.4064,0.4073,0.4047,0.424,0.4699,3.8,3.7,3.8,3.7,3.8,3.9
41.65139,-0.905281,42303693,Delicias,square,0.3994,0.0262,0.9616,0.043,0.393,0.3939,0.393,0.4139,0.4604,3.7,3.7,3.7,3.7,3.8,3.9
41.650538,-0.904893,42303693,Delicias,square,0.3795,0.0306,0.9358,0.0037,0.372,0.3776,0.3727,0.4008,0.4548,3.6,3.5,3.6,3.5,3.6,3.8
41.650326,-0.904797,42303693,Delicias,square,0.3796,0.1816,0.9542,0.0089,0.371,0.3779,0.3725,0.4035,0.4665,4,3.9,4,3.9,4,4.2
41.650113,-0.9047,42303693,Delicias,square,0.3713,0.1739,0.9234,0.0201,0.3607,0.3694,0.3614,0.4004,0.4695,3.9,3.9,3.9,3.9,3.9,4.2
41.6499,-0.904603,42303693,Delicias,square,0.3648,0.1739,0.911,0.026,0.3534,0.3636,0.351,0.396,0.4713,3.9,3.8,3.8,3.8,3.9,4.2
41.649687,-0.904507,42303693,Delicias,square,0.3568,0.1726,0.8995,0.0321,0.3447,0.3581,0.3431,0.3906,0.4722,3.8,3.8,3.8,3.8,3.9,4.1
41.649379,-0.904367,42303694,Delicias,side_street,0.3482,0.1071,0.8891,0.066,0.3406,0.3513,0.333,0.3786,0.461,3.6,3.6,3.7,3.6,3.7,4
41.649166,-0.90427,42303694,Delicias,side_street,0.3426,0.1071,0.8995,0.0859,0.3356,0.3453,0.327,0.3714,0.447,3.7,3.6,3.7,3.6,3.7,4
41.648087,-0.903799,42303699,Delicias,side_street,0.3289,0.3966,0.8699,0.381,0.3359,0.3279,0.3135,0.3269,0.3787,4.5,4.6,4.5,4.4,4.5,4.6
41.647875,-0.903699,42303699,Delicias,side_street,0.3157,0.3966,0.8891,0.4145,0.3236,0.314,0.3046,0.3098,0.3551,4.5,4.6,4.5,4.5,4.5,4.6
41.648736,-0.903612,42303700,Delicias,side_street,0.3492,0.5538,0.8995,0.1641,0.3448,0.3495,0.3332,0.3663,0.4291,4.9,4.9,4.9,4.8,4.9,5.1
41.648662,-0.903896,42303700,Delicias,side_street,0.3461,0.5538,0.911,0.2041,0.3443,0.3467,0.3293,0.3612,0.4255,4.9,4.9,4.9,4.9,5,5.2
41.648588,-0.90418,42303700,Delicias,side_street,0.339,0.5468,0.8796,0.2049,0.341,0.3407,0.3218,0.3542,0.4135,4.8,4.8,4.8,4.7,4.8,5.1
41.648514,-0.904464,42303700,Delicias,side_street,0.3238,0.5468,0.8699,0.2473,0.325,0.3255,0.3067,0.3368,0.3978,4.8,4.8,4.8,4.7,4.8,5
41.64844,-0.904748,42303700,Delicias,side_street,0.3061,0.5468,0.8796,0.2072,0.306,0.3088,0.2899,0.3147,0.3738,4.7,4.7,4.7,4.6,4.7,4.9
41.648197,-0.906753,42303700,Delicias,side_street,0.2651,0.7922,0.8891,0.1474,0.265,0.2781,0.2518,0.2852,0.3536,5.2,5.2,5.3,5.2,5.3,5.7
41.648254,-0.907044,42303700,Delicias,side_street,0.2759,0.7922,0.911,0.0923,0.2737,0.2862,0.2667,0.2999,0.3696,5.3,5.3,5.3,5.2,5.4,5.7
41.649858,-0.909139,42303702,Delicias,side_street,0.5466,0.4505,0.946,0.0468,0.551,0.537,0.5469,0.5391,0.5509,5.4,5.4,5.3,5.4,5.3,5.3
41.649803,-0.908847,42303702,Delicias,side_street,0.5071,0.4247,0.9358,0.0407,0.5123,0.4949,0.5075,0.5072,0.5329,5.1,5.1,5,5.1,5,5.1
41.649744,-0.908556,42303702,Delicias,side_street,0.4666,0.4247,0.946,0.0352,0.4674,0.4569,0.4654,0.4685,0.5126,4.9,4.9,4.9,4.9,4.9,5.1
41.649686,-0.908266,42303702,Delicias,side_street,0.4382,0.4302,0.9234,0.0165,0.4364,0.4326,0.4365,0.4452,0.4939,4.7,4.8,4.7,4.8,4.8,4.9
41.649629,-0.907975,42303702,Delicias,side_street,0.4144,0.5592,0.9234,0.0037,0.4135,0.4046,0.4141,0.4211,0.4633,5,5,5,5,5,5.2
41.649572,-0.907684,42303702,Delicias,side_street,0.3937,0.3828,0.8995,0.0037,0.3909,0.3836,0.3919,0.3999,0.4405,4.4,4.4,4.4,4.4,4.4,4.6
41.64933,-0.90503,42303702,Delicias,side_street,0.3245,0.1352,0.911,0.0568,0.3194,0.3297,0.3101,0.3546,0.4168,3.7,3.6,3.7,3.6,3.8,3.9
41.649402,-0.904745,42303702,Delicias,side_street,0.3358,0.1352,0.9234,0.0406,0.3311,0.3416,0.3229,0.3686,0.4443,3.7,3.7,3.7,3.7,3.8,4
41.635505,-0.896023,42365015,Universidad,square,0.1933,0.1594,0.358,0.1367,0.183,0.2099,0.1884,0.2466,0.316,2.4,2.3,2.4,2.3,2.6,2.8
41.635337,-0.895823,42365015,Universidad,square,0.168,0.1666,0.358,0.0588,0.1532,0.1884,0.1678,0.2151,0.2785,2.2,2.1,2.3,2.2,2.4,2.6
41.642455,-0.911002,42426566,Delicias,square,0.5678,0.0849,0.8506,0.2319,0.5586,0.5666,0.5783,0.5927,0.5947,4.3,4.3,4.3,4.4,4.4,4.4
41.642672,-0.910924,42426566,Delicias,square,0.5977,0.0431,0.8561,0.147,0.5886,0.5919,0.6073,0.6152,0.6016,4.3,4.2,4.3,4.3,4.3,4.3
41.644085,-0.911883,42426726,Delicias,secondary_street,0.5838,0.3714,0.8995,0.1921,0.5811,0.5772,0.5955,0.5763,0.5086,5.3,5.3,5.3,5.4,5.3,4.9
41.644175,-0.911607,42426726,Delicias,secondary_street,0.5865,0.3564,0.911,0.233,0.5849,0.579,0.6001,0.5791,0.5071,5.3,5.4,5.3,5.4,5.3,5
41.639734,-0.886556,43017944,Universidad,main_street,0.6833,0.9248,0.3951,0.9194,0.6901,0.6932,0.693,0.6675,0.6511,8,8,8,8,7.9,7.8
41.63952,-0.886464,43017944,Universidad,main_street,0.6658,0.9112,0.392,0.9014,0.6735,0.6738,0.6782,0.6511,0.6378,7.7,7.8,7.8,7.8,7.7,7.6
41.639304,-0.88638,43017944,Universidad,main_street,0.6429,0.9112,0.3907,0.8741,0.6494,0.6529,0.6515,0.6345,0.6214,7.5,7.6,7.6,7.6,7.5,7.4
41.639088,-0.886295,43017944,Universidad,main_street,0.6193,0.9112,0.3889,0.8409,0.6234,0.6313,0.6255,0.618,0.6073,7.3,7.3,7.4,7.4,7.3,7.3
41.638923,-0.886117,43017944,Universidad,main_street,0.6025,0.7017,0.3843,0.8386,0.6046,0.6111,0.6087,0.5947,0.5794,6.2,6.2,6.3,6.2,6.2,6.1
41.639855,-0.886693,43017945,Universidad,main_street,0.6885,0.9298,0.3951,0.9186,0.6959,0.6967,0.6976,0.6723,0.6555,8,8.1,8.1,8.1,7.9,7.9
41.639832,-0.886937,43017946,Universidad,secondary_street,0.6747,0.8174,0.3938,0.9019,0.6791,0.6854,0.6849,0.6641,0.6532,7.3,7.4,7.4,7.4,7.3,7.2
41.639684,-0.887163,43017946,Universidad,secondary_street,0.6512,0.7999,0.3961,0.8796,0.6563,0.6625,0.6615,0.6457,0.6417,7,7.1,7.1,7.1,7,7
41.639536,-0.88739,43017946,Universidad,secondary_street,0.6254,0.7903,0.392,0.8604,0.6295,0.6406,0.631,0.628,0.6235,6.8,6.8,6.9,6.8,6.8,6.8
41.639388,-0.887616,43017946,Universidad,secondary_street,0.6018,0.7862,0.392,0.8103,0.601,0.6145,0.6066,0.6057,0.6053,6.6,6.6,6.6,6.6,6.6,6.6
41.639239,-0.887841,43017946,Universidad,secondary_street,0.5738,0.7862,0.3889,0.761,0.5743,0.5845,0.581,0.5749,0.5691,6.3,6.3,6.4,6.4,6.3,6.3
41.639949,-0.889315,46102948,Universidad,side_street,0.5794,0.8079,0.404,0.6239,0.5797,0.5858,0.5815,0.5776,0.5697,6.3,6.3,6.3,6.3,6.3,6.2
41.640159,-0.889231,46102948,Universidad,side_street,0.5991,0.8419,0.4068,0.6593,0.6002,0.6063,0.5998,0.5964,0.5916,6.6,6.6,6.7,6.6,6.6,6.6
41.660707,-0.876713,46896242,"El Rabal",side_street,0.2256,0.6504,0.327,0.2682,0.2212,0.2282,0.2281,0.252,0.2487,3.8,3.8,3.8,3.8,3.9,3.9
41.660257,-0.876702,46896242,"El Rabal",side_street,0.2508,0.2527,0.3294,0.3095,0.2359,0.2524,0.2533,0.2723,0.266,2.9,2.8,2.9,2.9,3,3
41.660032,-0.876695,46896242,"El Rabal",side_street,0.2593,0.2527,0.3294,0.3318,0.247,0.263,0.265,0.2808,0.2744,2.9,2.9,2.9,2.9,3,3
41.659808,-0.876689,46896242,"El Rabal",side_street,0.2671,0.2527,0.331,0.355,0.2578,0.276,0.2743,0.289,0.2904,2.9,2.9,3,3,3.1,3.1
41.659583,-0.876682,46896242,"El Rabal",side_street,0.2798,0.113,0.3326,0.3361,0.2668,0.2879,0.2839,0.3037,0.3211,2.7,2.6,2.7,2.7,2.8,2.8
41.659358,-0.876675,46896242,"El Rabal",side_street,0.2944,0.113,0.3374,0.3448,0.2777,0.3064,0.2958,0.3204,0.3451,2.7,2.7,2.8,2.7,2.8,2.9
41.648395,-0.866668,48087897,"Las Fuentes",side_street,0.2435,0.9091,0.2333,0.3769,0.2402,0.2336,0.2394,0.226,0.1834,4.4,4.4,4.4,4.4,4.4,4.2
41.648251,-0.866898,48087897,"Las Fuentes",side_street,0.2363,0.8689,0.2363,0.4015,0.234,0.2308,0.2329,0.223,0.1813,4.3,4.3,4.3,4.3,4.3,4.1
41.651126,-0.911292,48136268,Delicias,side_street,0.7227,0.582,0.9616,0.5772,0.7285,0.7021,0.7264,0.708,0.6823,7.8,7.9,7.7,7.8,7.8,7.6
41.651234,-0.911105,48136269,Delicias,side_street,0.7096,0.4466,0.9616,0.5917,0.7118,0.6874,0.7124,0.6967,0.6697,7.1,7.1,6.9,7.1,7,6.9
41.651281,-0.91081,48136269,Delicias,side_street,0.6877,0.4466,0.9234,0.623,0.6865,0.6631,0.6981,0.674,0.6549,6.8,6.8,6.7,6.9,6.8,6.7
41.651328,-0.910516,48136269,Delicias,side_street,0.6622,0.4466,0.9358,0.6341,0.6665,0.6464,0.6741,0.6512,0.6374,6.7,6.8,6.7,6.8,6.7,6.7
41.651376,-0.910222,48136269,Delicias,side_street,0.633,0.6713,0.911,0.6269,0.6352,0.623,0.6326,0.6285,0.6191,7.6,7.6,7.5,7.6,7.6,7.5
41.648797,-0.907953,48136271,Delicias,side_street,0.3605,0.8967,0.9234,0.0269,0.3544,0.3575,0.3519,0.3803,0.4562,6.1,6,6,6,6.2,6.6
41.648157,-0.907666,48136271,Delicias,side_street,0.2914,0.6331,0.946,0.0759,0.285,0.3031,0.2825,0.3222,0.4008,4.9,4.9,4.9,4.9,5,5.3
41.652295,-0.907795,48136274,Delicias,side_street,0.4501,0.8086,0.911,0.5244,0.4546,0.4414,0.447,0.4363,0.4128,6.9,6.9,6.8,6.9,6.8,6.7
41.655349,-0.892216,48138289,"Casco Histórico",side_street,0.3761,0.664,0.5528,0.8257,0.3843,0.3875,0.3785,0.3737,0.4094,5.3,5.4,5.4,5.3,5.3,5.4
41.655566,-0.892136,48138289,"Casco Histórico",side_street,0.3909,0.664,0.5528,0.7812,0.3949,0.3977,0.3917,0.3831,0.4146,5.3,5.4,5.4,5.3,5.3,5.4
41.655783,-0.89206,48138289,"Casco Histórico",side_street,0.394,0.5535,0.55,0.74,0.3981,0.4004,0.397,0.3861,0.4074,4.9,4.9,4.9,4.9,4.9,4.9
41.652812,-0.88652,48138291,"Casco Histórico",side_street,0.6169,0.567,0.6337,0.0979,0.6095,0.658,0.6094,0.6631,0.7418,5.4,5.4,5.7,5.4,5.7,6.1
41.645053,-0.891418,48390123,Centro,side_street,0.9347,0.382,0.7312,0.947,0.9454,0.9199,0.9346,0.9042,0.867,8.1,8.2,8,8.1,7.9,7.7
41.645184,-0.891663,48390123,Centro,side_street,0.9391,0.382,0.7275,0.9405,0.9518,0.925,0.9381,0.909,0.8691,8.1,8.2,8,8.1,7.9,7.7
41.645314,-0.891909,48390123,Centro,side_street,0.9365,0.382,0.7263,0.9303,0.9495,0.923,0.9347,0.906,0.8674,8.1,8.2,8,8.1,7.9,7.6
41.645443,-0.892155,48390123,Centro,side_street,0.9326,0.3696,0.7224,0.9317,0.9447,0.9173,0.9272,0.9018,0.8642,7.9,8,7.9,7.9,7.8,7.5
41.64547,-0.889537,48390124,Centro,side_street,0.9211,0.871,0.7562,0.845,0.9426,0.912,0.9231,0.8754,0.8272,9.8,9.8,9.8,9.8,9.7,9.5
41.646967,-0.907919,48396114,Delicias,main_street,0.2612,0.8647,0.946,0.1682,0.2613,0.2691,0.2566,0.2761,0.313,5.7,5.7,5.7,5.6,5.7,5.9
41.647178,-0.908024,48396114,Delicias,main_street,0.2641,0.8647,0.9542,0.1402,0.2634,0.2732,0.259,0.2801,0.3246,5.7,5.7,5.7,5.6,5.7,6
41.648026,-0.908423,48396114,Delicias,main_street,0.3233,0.4816,0.9616,0.0417,0.3188,0.3289,0.313,0.3536,0.4324,4.6,4.6,4.6,4.5,4.6,4.9
41.648239,-0.90852,48396114,Delicias,main_street,0.3526,0.4816,0.9775,0.0326,0.3454,0.3527,0.3424,0.3792,0.4683,4.7,4.7,4.7,4.7,4.8,5.1
41.648452,-0.908617,48396114,Delicias,main_street,0.3888,0.4816,0.9775,0.0271,0.3847,0.3834,0.3851,0.4074,0.4932,4.8,4.8,4.8,4.8,4.9,5.2
41.648664,-0.908716,48396114,Delicias,main_street,0.4098,0.5045,0.9674,0.0211,0.4062,0.4016,0.4079,0.4272,0.5062,5,5,4.9,4.9,5,5.4
41.645839,-0.907491,48396115,Delicias,main_street,0.2918,0.8511,0.911,0.2272,0.2894,0.29,0.2954,0.2969,0.2945,5.8,5.8,5.7,5.8,5.8,5.8
41.645632,-0.907372,48396115,Delicias,main_street,0.2958,0.8511,0.8995,0.2299,0.2937,0.2944,0.3019,0.299,0.288,5.8,5.8,5.7,5.8,5.7,5.7
41.645426,-0.907253,48396115,Delicias,main_street,0.3038,0.8478,0.8995,0.328,0.3024,0.301,0.3092,0.3024,0.2865,5.9,5.9,5.9,5.9,5.9,5.8
41.645219,-0.907135,48396115,Delicias,main_street,0.3089,0.8436,0.8796,0.3571,0.3078,0.305,0.3133,0.3062,0.2954,5.9,5.9,5.9,5.9,5.9,5.8
41.645012,-0.907016,48396115,Delicias,main_street,0.3105,0.8436,0.8699,0.419,0.3115,0.3074,0.3157,0.3044,0.2894,6,6,5.9,6,5.9,5.8
41.644805,-0.906898,48396115,Delicias,main_street,0.3082,0.8407,0.8561,0.431,0.3095,0.3057,0.3142,0.2992,0.2752,5.9,5.9,5.9,6,5.9,5.7
41.649635,-0.887612,48483135,Centro,main_street,0.7802,0.9358,0.774,0.9894,0.793,0.7843,0.7853,0.7564,0.7586,9.7,9.7,9.7,9.7,9.6,9.6
41.649584,-0.887401,48483136,Centro,secondary_street,0.7931,0.9179,0.7691,0.9895,0.8047,0.7949,0.7973,0.7696,0.7687,9.7,9.7,9.7,9.7,9.6,9.6
41.647875,-0.893967,48483587,Delicias,main_street,0.7134,0.8619,0.9988,0.6352,0.7241,0.7134,0.7133,0.6899,0.6539,9.2,9.3,9.2,9.2,9.2,9
41.647651,-0.893933,48483587,Delicias,main_street,0.7371,0.8651,0.9993,0.6764,0.7475,0.7343,0.7393,0.7127,0.6919,9.4,9.5,9.4,9.4,9.3,9.3
41.648218,-0.894019,48483588,Delicias,main_street,0.6737,0.9244,0.9988,0.6783,0.6795,0.6716,0.6833,0.6494,0.6203,9.3,9.4,9.3,9.4,9.3,9.1
41.648748,-0.894214,48483658,Delicias,main_street,0.5962,0.8445,0.9993,0.6772,0.5958,0.6034,0.5986,0.5863,0.5454,8.5,8.6,8.6,8.5,8.5,8.3
41.646731,-0.885688,48527804,Centro,main_street,0.8687,0.9086,0.7691,0.971,0.8816,0.8643,0.8796,0.8332,0.7841,9.9,9.9,9.8,9.9,9.8,9.6
41.646509,-0.885678,48527804,Centro,main_street,0.8662,0.8775,0.7757,0.9652,0.879,0.8598,0.8778,0.83,0.7798,9.8,9.8,9.8,9.8,9.7,9.5
41.660772,-0.876065,48528033,"El Rabal",side_street,0.2466,0.7927,0.327,0.3198,0.2339,0.2408,0.2493,0.262,0.2477,4.2,4.2,4.2,4.2,4.3,4.3
41.660986,-0.875974,48528033,"El Rabal",side_street,0.2404,0.7942,0.3145,0.3167,0.2311,0.2353,0.2436,0.2564,0.2422,4.2,4.2,4.2,4.2,4.3,4.2
41.661202,-0.875892,48528033,"El Rabal",side_street,0.2312,0.7034,0.3145,0.3125,0.2272,0.2301,0.2364,0.25,0.2388,4,4,4,4,4,4
41.660783,-0.876574,48528036,"El Rabal",side_street,0.2268,0.7711,0.327,0.2712,0.2233,0.2285,0.2299,0.2516,0.2449,4.1,4.1,4.1,4.1,4.2,4.1
41.66071,-0.876289,48528036,"El Rabal",side_street,0.2443,0.7711,0.327,0.301,0.2316,0.2397,0.2467,0.2623,0.2499,4.2,4.1,4.2,4.2,4.2,4.2
41.663359,-0.868028,48528037,"El Rabal",square,0.0858,0.0383,0.2988,0.3372,0.0719,0.0941,0.0871,0.1374,0.1898,1.4,1.3,1.5,1.4,1.7,2
41.663174,-0.868199,48528037,"El Rabal",square,0.0947,0.1254,0.2988,0.3091,0.079,0.1034,0.0951,0.1522,0.2089,1.8,1.7,1.8,1.8,2.2,2.4
41.662989,-0.868369,48528037,"El Rabal",square,0.1098,0.1254,0.2988,0.2805,0.0902,0.1187,0.1107,0.1717,0.2285,1.9,1.7,1.9,1.9,2.2,2.4
41.662803,-0.868539,48528037,"El Rabal",square,0.1214,0.1254,0.2988,0.2527,0.0977,0.1331,0.1239,0.1902,0.2425,1.9,1.7,1.9,1.9,2.3,2.4
41.662618,-0.86871,48528037,"El Rabal",square,0.1354,0.0324,0.2988,0.1897,0.1063,0.1509,0.1395,0.2045,0.2551,1.5,1.3,1.6,1.5,1.9,2.2
41.662433,-0.86888,48528037,"El Rabal",square,0.1587,0.0324,0.2988,0.1136,0.122,0.1659,0.1576,0.2215,0.2706,1.5,1.3,1.5,1.5,1.9,2.1
41.662248,-0.869051,48528037,"El Rabal",square,0.1693,0.0324,0.3054,0.1088,0.1343,0.1768,0.1721,0.2366,0.2794,1.6,1.4,1.6,1.6,2,2.2
41.66322,-0.868194,48528038,"El Rabal",square,0.0931,0.2543,0.2988,0.3094,0.0776,0.1019,0.094,0.1494,0.207,2.3,2.2,2.3,2.3,2.5,2.7
41.663344,-0.868445,48528038,"El Rabal",square,0.0879,0.2543,0.2988,0.2729,0.0733,0.0967,0.0902,0.1432,0.197,2.2,2.1,2.3,2.3,2.5,2.7
41.66273,-0.868794,48528039,"El Rabal",square,0.1278,0.0304,0.2988,0.1782,0.1015,0.1429,0.1321,0.1964,0.2482,1.4,1.3,1.5,1.4,1.8,2.1
41.662603,-0.868545,48528039,"El Rabal",square,0.1321,0.0505,0.2988,0.2565,0.1042,0.1495,0.1376,0.2032,0.2554,1.6,1.5,1.7,1.7,2.1,2.3
41.652165,-0.886581,48853463,"Casco Histórico",side_street,0.6511,0.9116,0.6391,0.266,0.6492,0.6936,0.6395,0.6875,0.746,7.4,7.4,7.7,7.3,7.7,8.1
41.651716,-0.886534,48853463,"Casco Histórico",side_street,0.6991,0.9116,0.6463,0.4209,0.6987,0.7275,0.6932,0.7138,0.7569,8,8,8.2,8,8.1,8.4
41.652636,-0.883219,48854678,Centro,side_street,0.9178,0.9461,0.7853,0.7586,0.9148,0.9405,0.9018,0.9323,0.9281,9.9,9.9,9.9,9.9,10,10
41.652821,-0.883048,48854678,Centro,side_street,0.9254,0.9461,0.7833,0.7531,0.9202,0.9452,0.9086,0.9374,0.9337,9.9,9.9,9.9,9.9,10,10
41.653191,-0.882706,48854678,Centro,side_street,0.9425,0.4483,0.7719,0.709,0.9298,0.95,0.9289,0.9469,0.9474,8.2,8.1,8.2,8.1,8.2,8.3
41.645948,-0.885007,48854714,Centro,secondary_street,0.8795,0.791,0.7833,0.9035,0.8847,0.859,0.893,0.8396,0.7617,9.6,9.6,9.5,9.6,9.4,9.1
41.645769,-0.884825,48854714,Centro,secondary_street,0.8843,0.7797,0.7788,0.8614,0.8908,0.8624,0.8978,0.845,0.7579,9.5,9.5,9.4,9.6,9.3,8.9
41.639114,-0.886079,48856095,"San José",main_street,0.622,0.9274,0.5179,0.8539,0.6259,0.632,0.6278,0.6194,0.6054,7.9,7.9,7.9,7.9,7.9,7.8
41.637887,-0.887159,48856096,Universidad,side_street,0.437,0.698,0.3777,0.5924,0.4405,0.4398,0.4538,0.4295,0.4237,5,5.1,5,5.1,5,4.9
41.638037,-0.886934,48856096,Universidad,side_street,0.4713,0.7166,0.3807,0.6726,0.4763,0.4785,0.4905,0.4637,0.4729,5.3,5.4,5.4,5.5,5.3,5.3
41.638849,-0.889172,48856440,Universidad,side_street,0.4531,0.457,0.3889,0.5369,0.4555,0.4572,0.4625,0.4488,0.4536,4.4,4.4,4.4,4.4,4.4,4.4
41.638696,-0.888951,48856440,Universidad,side_street,0.447,0.457,0.3862,0.5219,0.4497,0.449,0.4601,0.4426,0.438,4.3,4.4,4.3,4.4,4.3,4.3
41.638522,-0.888267,48856448,Universidad,side_street,0.4587,0.417,0.3862,0.6224,0.4628,0.4628,0.4717,0.4521,0.4505,4.4,4.4,4.4,4.4,4.3,4.3
41.638692,-0.888465,48856448,Universidad,side_street,0.4702,0.417,0.3852,0.6321,0.4736,0.4758,0.4847,0.4631,0.4627,4.4,4.4,4.4,4.5,4.4,4.4
41.638862,-0.888661,48856448,Universidad,side_street,0.4859,0.4363,0.3875,0.6064,0.4883,0.4894,0.4984,0.4789,0.4808,4.5,4.5,4.5,4.6,4.5,4.5
41.640119,-0.890682,48856620,Universidad,secondary_street,0.6211,0.4654,0.404,0.3787,0.6218,0.6279,0.6201,0.6324,0.6576,4.9,4.9,4.9,4.9,4.9,5
41.640301,-0.890505,48856620,Universidad,secondary_street,0.6402,0.4654,0.4089,0.4118,0.6416,0.647,0.6415,0.6463,0.6692,5,5,5.1,5,5,5.1
41.637885,-0.893202,48856621,Universidad,side_street,0.4159,0.1015,0.3751,0.0301,0.4186,0.4261,0.409,0.4364,0.5654,2.9,2.9,2.9,2.9,3,3.5
41.646861,-0.87091,48921313,"Las Fuentes",side_street,0.5052,0.194,0.2414,0.8488,0.5232,0.5178,0.486,0.4682,0.4658,3.9,4,4,3.9,3.8,3.8
41.646828,-0.870612,48921313,"Las Fuentes",side_street,0.4693,0.194,0.2414,0.8224,0.4828,0.4754,0.4546,0.4384,0.418,3.8,3.8,3.8,3.8,3.7,3.6
41.642319,-0.882347,48921490,Centro,secondary_street,0.7086,0.6422,0.6898,0.5092,0.7017,0.6809,0.7272,0.6935,0.5858,7,6.9,6.8,7.1,6.9,6.3
41.641714,-0.888173,48922199,Universidad,side_street,0.7651,0.8782,0.4331,0.8071,0.7798,0.7617,0.7664,0.7345,0.7127,8.2,8.3,8.2,8.3,8,7.9
41.641797,-0.888453,48922199,Universidad,side_street,0.772,0.8782,0.4361,0.7436,0.7872,0.7668,0.773,0.7388,0.7158,8.2,8.3,8.1,8.2,8,7.8
41.64188,-0.888732,48922199,Universidad,side_street,0.7753,0.8782,0.4376,0.6557,0.7904,0.7709,0.7783,0.7415,0.7193,8.1,8.2,8,8.1,7.8,7.7
41.641965,-0.889011,48922199,Universidad,side_street,0.7788,0.7879,0.4361,0.7022,0.7928,0.7729,0.7819,0.7445,0.7207,7.7,7.8,7.7,7.7,7.5,7.3
41.642052,-0.889288,48922199,Universidad,side_street,0.7822,0.7879,0.4345,0.6228,0.7944,0.7753,0.7856,0.75,0.7271,7.6,7.6,7.6,7.6,7.4,7.2
41.642139,-0.889566,48922199,Universidad,side_street,0.7911,0.7879,0.4376,0.7107,0.8014,0.7828,0.7945,0.76,0.7378,7.8,7.8,7.7,7.8,7.6,7.4
41.641634,-0.887906,48922200,Universidad,side_street,0.7559,0.1676,0.4316,0.838,0.7715,0.7537,0.7568,0.7274,0.7089,5.1,5.1,5.1,5.1,4.9,4.8
41.641545,-0.88763,48922200,Universidad,side_street,0.7531,0.129,0.4267,0.842,0.767,0.7501,0.7557,0.7247,0.7004,4.9,5,4.9,5,4.8,4.7
41.641461,-0.887352,48922200,Universidad,side_street,0.748,0.129,0.424,0.8708,0.7612,0.7448,0.7518,0.7203,0.6925,4.9,5,4.9,5,4.8,4.7
41.641292,-0.886794,48922200,Universidad,side_street,0.7427,0.129,0.4206,0.9176,0.7524,0.7388,0.7494,0.7195,0.6836,5,5,4.9,5,4.9,4.7
41.641209,-0.886514,48922200,Universidad,side_street,0.7418,0.1648,0.4181,0.9282,0.7501,0.7378,0.7493,0.721,0.6858,5.1,5.1,5.1,5.1,5,4.8
41.642185,-0.8897,48922203,Universidad,side_street,0.7928,0.7808,0.4376,0.776,0.8023,0.7848,0.7961,0.7637,0.7424,7.9,7.9,7.8,7.9,7.7,7.6
41.643449,-0.866536,49157526,"Las Fuentes",side_street,0.2884,0.5833,0.2333,0.0375,0.2811,0.2815,0.2894,0.2945,0.2855,3.5,3.5,3.5,3.5,3.5,3.5
41.643595,-0.866765,49157526,"Las Fuentes",side_street,0.2971,0.5833,0.2341,0.0387,0.2891,0.2887,0.2969,0.3051,0.3048,3.5,3.5,3.5,3.5,3.6,3.6
41.643746,-0.866987,49157526,"Las Fuentes",side_street,0.3046,0.7136,0.2349,0.0267,0.2961,0.2968,0.3027,0.3089,0.312,3.9,3.8,3.8,3.9,3.9,3.9
41.641629,-0.870786,49188355,"San José",side_street,0.5584,0.3291,0.4773,0.2477,0.5521,0.5606,0.5571,0.5777,0.6015,4.3,4.3,4.3,4.3,4.4,4.5
41.641426,-0.870917,49188355,"San José",side_street,0.5521,0.3291,0.4705,0.2807,0.5452,0.5536,0.5493,0.5695,0.6003,4.3,4.3,4.3,4.3,4.4,4.5
41.641224,-0.871048,49188355,"San José",side_street,0.5442,0.3291,0.4705,0.3255,0.5379,0.5451,0.5401,0.5589,0.5928,4.3,4.3,4.3,4.3,4.4,4.5
41.640821,-0.871315,49188355,"San José",side_street,0.5219,0.5021,0.4852,0.5051,0.5182,0.5205,0.5161,0.5332,0.5651,4.9,4.9,4.9,4.9,4.9,5
41.649271,-0.899314,49287185,Delicias,main_street,0.4264,0.478,0.9807,0.3378,0.4264,0.43,0.4224,0.4305,0.4503,5.3,5.3,5.3,5.3,5.3,5.4
41.649177,-0.899587,49287185,Delicias,main_street,0.4244,0.4408,0.9807,0.3638,0.4252,0.4275,0.4186,0.4286,0.4589,5.2,5.2,5.2,5.2,5.2,5.3
41.649086,-0.899862,49287185,Delicias,main_street,0.4193,0.4408,0.9775,0.3462,0.4223,0.424,0.4149,0.4248,0.459,5.2,5.2,5.2,5.1,5.2,5.3
41.648995,-0.900137,49287185,Delicias,main_street,0.4166,0.4408,0.9775,0.3604,0.4196,0.4193,0.4107,0.4186,0.4495,5.2,5.2,5.2,5.1,5.2,5.3
41.648904,-0.900412,49287185,Delicias,main_street,0.4127,0.45,0.9775,0.3135,0.4151,0.4137,0.4067,0.4117,0.4433,5.1,5.1,5.1,5.1,5.1,5.2
41.646133,-0.893816,49288817,Universidad,side_street,0.839,0.4269,0.4214,0.754,0.8516,0.8322,0.8359,0.8146,0.804,6.4,6.4,6.3,6.4,6.3,6.2
41.645949,-0.893988,49288817,Universidad,side_street,0.8414,0.3917,0.4206,0.7432,0.8554,0.8345,0.8386,0.8157,0.8068,6.2,6.3,6.2,6.2,6.1,6
41.645764,-0.89416,49288817,Universidad,side_street,0.8453,0.3917,0.4214,0.7329,0.859,0.8376,0.8412,0.8188,0.8116,6.2,6.3,6.2,6.2,6.1,6
41.64558,-0.894332,49288817,Universidad,side_street,0.8496,0.3917,0.422,0.721,0.8626,0.8409,0.8444,0.8239,0.8176,6.2,6.3,6.2,6.2,6.1,6.1
41.645395,-0.894504,49288817,Universidad,side_street,0.8513,0.3917,0.4214,0.7353,0.8631,0.843,0.845,0.8277,0.8269,6.3,6.3,6.2,6.2,6.2,6.1
41.645211,-0.894675,49288817,Universidad,side_street,0.8488,0.3917,0.4214,0.7287,0.8611,0.8419,0.8434,0.8298,0.8328,6.2,6.3,6.2,6.2,6.2,6.2
41.645026,-0.894847,49288817,Universidad,side_street,0.8493,0.4107,0.4206,0.7192,0.8605,0.8427,0.8438,0.8342,0.8373,6.3,6.4,6.3,6.3,6.2,6.2
41.644841,-0.895018,49288817,Universidad,side_street,0.8454,0.5574,0.4181,0.7052,0.856,0.8392,0.8399,0.8335,0.8404,6.9,6.9,6.9,6.9,6.9,6.9
41.644655,-0.895187,49288817,Universidad,side_street,0.8413,0.5574,0.4146,0.6706,0.8505,0.8366,0.8371,0.8349,0.8448,6.8,6.9,6.8,6.8,6.8,6.9
41.64447,-0.895357,49288817,Universidad,side_street,0.8332,0.5574,0.4157,0.6272,0.8396,0.8294,0.8282,0.831,0.8481,6.7,6.7,6.7,6.7,6.7,6.8
41.644284,-0.895526,49288817,Universidad,side_street,0.8202,0.462,0.4134,0.6092,0.8243,0.8177,0.8163,0.8236,0.8438,6.2,6.2,6.2,6.2,6.2,6.3
41.6441,-0.895699,49288817,Universidad,side_street,0.8074,0.462,0.4115,0.5014,0.8109,0.8038,0.8026,0.8127,0.8402,6,6,6,6,6,6.2
41.643916,-0.895872,49288817,Universidad,side_street,0.7966,0.462,0.4083,0.524,0.7978,0.7942,0.7913,0.8031,0.8365,5.9,6,5.9,5.9,6,6.2
41.643552,-0.896225,49288817,Universidad,side_street,0.7672,0.3106,0.4068,0.3997,0.766,0.7661,0.7595,0.7811,0.8241,5.1,5.1,5.1,5,5.1,5.3
41.643371,-0.896404,49288817,Universidad,side_street,0.7527,0.3106,0.3992,0.4638,0.753,0.7535,0.7462,0.7692,0.8129,5.1,5.1,5.1,5,5.1,5.3
41.646064,-0.870362,49290748,"Las Fuentes",main_street,0.4703,0.8064,0.2414,0.7899,0.4813,0.4756,0.4566,0.4462,0.4402,5.5,5.6,5.5,5.4,5.4,5.3
41.646188,-0.871554,49290748,"Las Fuentes",main_street,0.6061,0.9497,0.2434,0.8956,0.6263,0.6156,0.5786,0.5592,0.5523,7,7.2,7.1,6.8,6.7,6.7
41.659689,-0.87412,49359796,"El Rabal",square,0.3479,0.1107,0.3351,0.6555,0.3464,0.3454,0.346,0.3376,0.3334,3.2,3.2,3.2,3.2,3.1,3.1
41.659788,-0.87439,49359796,"El Rabal",square,0.3407,0.0572,0.3351,0.6095,0.3404,0.338,0.3397,0.3331,0.3289,2.9,2.9,2.9,2.9,2.9,3
41.65907,-0.875413,49359802,"El Rabal",square,0.3619,0.4724,0.3393,0.4104,0.3628,0.3662,0.3506,0.3484,0.3574,3.9,4,4,3.9,3.9,3.9
41.659177,-0.874574,49359803,"El Rabal",square,0.3737,0.0913,0.3385,0.5691,0.3803,0.3761,0.3676,0.3519,0.3533,3.1,3.2,3.2,3.1,3.1,3.1
41.659075,-0.874305,49359803,"El Rabal",square,0.3762,0.0488,0.3385,0.5985,0.3823,0.3803,0.372,0.3534,0.3547,3,3.1,3.1,3,3,3
41.666193,-0.87268,49359811,"El Rabal",square,0.0659,0.17,0.2737,0.4207,0.0851,0.065,0.0591,0.0367,0.0847,1.9,2,1.9,1.9,1.7,2
41.66688,-0.873796,49359817,"El Rabal",side_street,0.0464,0.0803,0.2822,0.3782,0.0551,0.0441,0.0401,0.028,0.0666,1.4,1.4,1.4,1.4,1.3,1.5
41.666655,-0.873805,49359817,"El Rabal",side_street,0.049,0.0667,0.2822,0.4131,0.0574,0.0471,0.0423,0.0295,0.0719,1.4,1.5,1.4,1.4,1.3,1.5
41.636343,-0.874575,49449376,"San José",main_street,0.4686,0.4902,0.4609,0.3119,0.471,0.4514,0.4846,0.4405,0.3499,4.5,4.5,4.4,4.5,4.3,4
41.643564,-0.880259,49449378,Centro,main_street,0.6638,0.4854,0.687,0.4447,0.6485,0.6549,0.6881,0.6864,0.6588,6,5.9,5.9,6.1,6.1,5.9
41.64344,-0.88051,49449378,Centro,main_street,0.6761,0.4854,0.6855,0.3279,0.6597,0.6591,0.7007,0.6918,0.6461,5.9,5.8,5.8,6,5.9,5.7
41.643317,-0.880762,49449378,Centro,main_street,0.6905,0.5403,0.6841,0.3024,0.6723,0.6685,0.7094,0.6979,0.6393,6.1,6,6,6.2,6.2,5.9
41.643194,-0.881014,49449378,Centro,main_street,0.6994,0.5403,0.6898,0.3779,0.683,0.6737,0.7165,0.7003,0.6266,6.3,6.2,6.2,6.4,6.3,5.9
41.643072,-0.881266,49449378,Centro,main_street,0.7063,0.569,0.6956,0.4149,0.6945,0.6822,0.725,0.7035,0.6194,6.5,6.5,6.4,6.6,6.5,6
41.645359,-0.877753,49449381,Centro,main_street,0.7029,0.9262,0.6956,0.8017,0.7052,0.7234,0.6891,0.7182,0.7691,8.9,8.9,9,8.7,9,9.3
41.645546,-0.877921,49449381,Centro,main_street,0.7103,0.9251,0.7043,0.7723,0.714,0.7287,0.6966,0.725,0.7766,8.9,8.9,9,8.8,9,9.3
41.662692,-0.870066,49453807,"El Rabal",side_street,0.1604,0.5141,0.2988,0.0626,0.1303,0.1607,0.1646,0.2073,0.239,2.9,2.9,3,3,3.2,3.3
41.664122,-0.869187,49453807,"El Rabal",side_street,0.0663,0.48,0.2928,0.1653,0.0627,0.0685,0.0633,0.0931,0.1475,2.7,2.7,2.7,2.7,2.8,3
41.664536,-0.868951,49453807,"El Rabal",side_street,0.0558,0.3609,0.2822,0.2217,0.0531,0.057,0.0496,0.0718,0.1287,2.3,2.3,2.3,2.3,2.4,2.6
41.664743,-0.868833,49453807,"El Rabal",side_street,0.0507,0.3609,0.2822,0.2585,0.0492,0.0527,0.0425,0.066,0.1207,2.4,2.3,2.4,2.3,2.4,2.6
41.65253,-0.88411,49746900,Centro,square,0.8649,0.7203,0.7884,0.6456,0.8697,0.8844,0.8537,0.8803,0.897,9,9,9.1,8.9,9.1,9.2
41.652344,-0.88428,49746900,Centro,square,0.8631,0.7184,0.7811,0.548,0.8679,0.8817,0.8518,0.8765,0.8929,8.7,8.8,8.9,8.7,8.9,9
41.652245,-0.884604,49746901,Centro,square,0.8461,0.1413,0.7788,0.4767,0.851,0.8615,0.8342,0.8594,0.8797,5.9,5.9,5.9,5.8,5.9,6
41.652137,-0.88434,49746901,Centro,square,0.8703,0.1977,0.7811,0.5376,0.8721,0.8865,0.8563,0.8813,0.8944,6.3,6.3,6.4,6.2,6.4,6.4
41.652132,-0.884214,49747549,Centro,square,0.8817,0.7773,0.787,0.5533,0.882,0.8953,0.8649,0.8889,0.9033,9.2,9.1,9.2,9.1,9.2,9.3
41.652006,-0.884013,49747550,Centro,side_street,0.899,0.8833,0.7853,0.5769,0.9036,0.9192,0.8875,0.9104,0.9163,9.6,9.6,9.7,9.6,9.7,9.7
41.649721,-0.884035,49748650,Centro,side_street,0.9497,0.4487,0.8266,0.8872,0.9579,0.9487,0.9447,0.9336,0.9042,8.7,8.7,8.7,8.6,8.6,8.5
41.649856,-0.884275,49748650,Centro,side_street,0.9422,0.4754,0.8209,0.8782,0.951,0.9464,0.9356,0.9279,0.9026,8.7,8.8,8.8,8.7,8.7,8.5
41.650884,-0.884776,49748654,Centro,side_street,0.9002,0.8697,0.8026,0.596,0.9055,0.9163,0.8915,0.9038,0.9001,9.6,9.6,9.7,9.6,9.7,9.7
41.650659,-0.88478,49748654,Centro,side_street,0.9091,0.8553,0.8078,0.7815,0.9151,0.9272,0.8992,0.9101,0.8997,9.8,9.8,9.8,9.8,9.8,9.8
41.650434,-0.884784,49748654,Centro,side_street,0.9179,0.8509,0.8187,0.8241,0.924,0.9346,0.9072,0.9124,0.8956,9.8,9.8,9.9,9.8,9.9,9.8
41.65021,-0.884796,49748654,Centro,side_street,0.9137,0.8703,0.8187,0.8493,0.9214,0.9293,0.9062,0.9064,0.8864,9.9,9.9,9.9,9.9,9.9,9.8
41.651028,-0.885776,49748661,Centro,side_street,0.8096,0.9502,0.7833,0.6138,0.8154,0.8209,0.807,0.8086,0.8185,9.5,9.5,9.5,9.5,9.5,9.6
41.651021,-0.885475,49748661,Centro,side_street,0.8369,0.9502,0.7811,0.5434,0.8436,0.8467,0.8307,0.8371,0.8443,9.5,9.5,9.5,9.5,9.5,9.6
41.651014,-0.885175,49748661,Centro,side_street,0.8625,0.9234,0.7966,0.6521,0.8694,0.8763,0.8553,0.8669,0.8669,9.7,9.7,9.7,9.6,9.7,9.7
41.650922,-0.869778,50212431,"Casco Histórico",square,0.3356,0.5281,0.5483,0.5062,0.3055,0.3619,0.3488,0.4018,0.4965,4.4,4.3,4.5,4.5,4.6,5
41.650858,-0.869492,50212431,"Casco Histórico",square,0.3187,0.461,0.5436,0.3828,0.2887,0.3427,0.3296,0.3762,0.4467,4.1,4,4.2,4.1,4.3,4.5
41.650783,-0.869208,50212431,"Casco Histórico",square,0.2955,0.4356,0.5423,0.367,0.2712,0.3176,0.307,0.3465,0.3879,3.9,3.9,4,4,4.1,4.2
41.650556,-0.868358,50212431,"Casco Histórico",square,0.2503,0.2004,0.5399,0.2752,0.2315,0.2605,0.2619,0.2811,0.2826,3.1,3,3.1,3.1,3.2,3.2
41.650481,-0.868075,50212431,"Casco Histórico",square,0.2383,0.1336,0.5391,0.2545,0.2253,0.2458,0.2508,0.2677,0.2598,2.8,2.8,2.9,2.9,3,3
41.650405,-0.867791,50212431,"Casco Histórico",square,0.2226,0.1336,0.538,0.2387,0.2145,0.2306,0.2356,0.2521,0.2318,2.8,2.7,2.8,2.8,2.9,2.8
41.651032,-0.868199,50212432,"Casco Histórico",square,0.2462,0.2467,0.5388,0.1393,0.2296,0.2566,0.2555,0.2776,0.2818,3.1,3,3.1,3.1,3.2,3.2
41.650822,-0.868304,50212432,"Casco Histórico",square,0.2525,0.2467,0.5399,0.2203,0.233,0.2624,0.2646,0.2831,0.2899,3.2,3.1,3.2,3.2,3.3,3.3
41.650611,-0.86841,50212432,"Casco Histórico",square,0.2521,0.2467,0.5399,0.279,0.2329,0.2629,0.264,0.2834,0.2911,3.2,3.2,3.3,3.3,3.4,3.4
41.650512,-0.868194,50212432,"Casco Histórico",square,0.2434,0.173,0.5394,0.2631,0.2275,0.2518,0.2542,0.2735,0.2688,2.9,2.9,3,3,3.1,3.1
41.650671,-0.868059,50212432,"Casco Histórico",square,0.2391,0.0555,0.5384,0.2062,0.2256,0.2483,0.251,0.2711,0.2661,2.6,2.6,2.7,2.7,2.8,2.7
41.651076,-0.867912,50212432,"Casco Histórico",square,0.2244,0.3719,0.5384,0.1528,0.2183,0.2349,0.2335,0.2561,0.2565,3.4,3.3,3.4,3.4,3.5,3.5
41.646019,-0.878902,53457264,Centro,side_street,0.7694,0.4888,0.7158,0.4035,0.7708,0.7783,0.7588,0.7834,0.818,6.6,6.6,6.6,6.5,6.7,6.9
41.64589,-0.879148,53457264,Centro,side_street,0.7865,0.4888,0.7158,0.4308,0.7862,0.7925,0.7781,0.8,0.8313,6.7,6.7,6.8,6.7,6.8,7
41.64576,-0.879393,53457264,Centro,side_street,0.7989,0.4812,0.7094,0.4114,0.7988,0.8021,0.794,0.8143,0.8393,6.7,6.7,6.7,6.7,6.8,7
41.645624,-0.879633,53457264,Centro,side_street,0.806,0.5121,0.7094,0.391,0.8055,0.8077,0.8013,0.8205,0.8362,6.9,6.8,6.9,6.8,7,7.1
41.645498,-0.879882,53457264,Centro,side_street,0.8112,0.4891,0.7073,0.3567,0.8106,0.8101,0.8082,0.8229,0.8284,6.7,6.7,6.7,6.7,6.8,6.9
41.645372,-0.880131,53457264,Centro,side_street,0.816,0.4891,0.7113,0.3256,0.8149,0.813,0.8147,0.8243,0.8166,6.7,6.7,6.7,6.7,6.8,6.8
41.645244,-0.880379,53457264,Centro,side_street,0.818,0.5948,0.7113,0.2928,0.8183,0.8135,0.8205,0.8233,0.8055,7.2,7.2,7.2,7.2,7.2,7.1
41.645115,-0.880625,53457264,Centro,side_street,0.8218,0.5948,0.7043,0.2287,0.8211,0.8129,0.8273,0.8222,0.7954,7.1,7.1,7,7.1,7.1,6.9
41.644985,-0.88087,53457264,Centro,side_street,0.8252,0.6059,0.7043,0.2103,0.8236,0.8136,0.8318,0.8209,0.7866,7.2,7.1,7.1,7.2,7.1,6.9
41.644857,-0.881118,53457264,Centro,side_street,0.8277,0.6952,0.7094,0.1915,0.8262,0.812,0.838,0.8192,0.7754,7.6,7.6,7.5,7.6,7.6,7.3
41.644728,-0.881364,53457264,Centro,side_street,0.832,0.6952,0.7128,0.1478,0.8313,0.815,0.8431,0.8191,0.765,7.6,7.6,7.5,7.6,7.5,7.1
41.644598,-0.88161,53457264,Centro,side_street,0.8356,0.701,0.7186,0.143,0.8363,0.8163,0.8471,0.8171,0.7541,7.6,7.6,7.5,7.7,7.5,7.1
41.644469,-0.881856,53457264,Centro,side_street,0.8428,0.7364,0.7224,0.1042,0.8454,0.8231,0.8551,0.8215,0.7465,7.8,7.8,7.7,7.9,7.7,7.2
41.644339,-0.882102,53457264,Centro,side_street,0.8506,0.7364,0.7224,0.1034,0.8526,0.8279,0.8631,0.8246,0.7383,7.9,7.9,7.7,7.9,7.7,7.1
41.645263,-0.878062,53457265,Centro,main_street,0.72,0.6485,0.6989,0.7979,0.7261,0.7337,0.7048,0.7323,0.7805,7.6,7.7,7.7,7.5,7.7,8.1
41.645066,-0.877918,53457265,Centro,main_street,0.7027,0.702,0.6956,0.8043,0.7022,0.7217,0.6895,0.7202,0.7698,7.8,7.8,7.9,7.7,7.9,8.3
41.644798,-0.877765,53457266,Centro,main_street,0.6685,0.9197,0.687,0.8051,0.6662,0.6902,0.6559,0.7028,0.7549,8.6,8.6,8.7,8.5,8.8,9.2
41.658875,-0.891864,53506724,"Casco Histórico",main_street,0.2517,0.4166,0.5401,0.7976,0.2445,0.2603,0.2537,0.2688,0.2609,4.1,4.1,4.1,4.1,4.1,4.1
41.654317,-0.871994,53560395,"Casco Histórico",main_street,0.3628,0.9426,0.551,0.5825,0.3434,0.3908,0.3635,0.4149,0.5393,6,5.9,6.2,6,6.3,7
41.641208,-0.910285,53819267,Universidad,secondary_street,0.4086,0.4634,0.3603,0.3352,0.3888,0.3985,0.417,0.4544,0.5288,4,4,4,4.1,4.2,4.4
41.641382,-0.90973,53819267,Universidad,secondary_street,0.4108,0.4606,0.3603,0.2398,0.3927,0.4008,0.4192,0.4517,0.5187,4,3.9,3.9,4,4.1,4.3
41.649874,-0.882906,53856139,Centro,square,0.9672,0.105,0.8187,0.712,0.9751,0.964,0.9685,0.9524,0.9292,6.8,6.8,6.8,6.8,6.7,6.6
41.656308,-0.895206,54612393,"La Almozara",square,0.3611,0.1244,0.1765,0.9159,0.3804,0.3868,0.3455,0.3474,0.3994,3.2,3.3,3.3,3.1,3.2,3.4
41.656275,-0.894909,54612393,"La Almozara",square,0.3785,0.1244,0.1771,0.9146,0.3956,0.3997,0.3657,0.3615,0.4121,3.3,3.3,3.4,3.2,3.2,3.4
41.648249,-0.902198,56151024,Delicias,main_street,0.3622,0.8642,0.9234,0.2462,0.3614,0.3594,0.355,0.3669,0.3891,6.2,6.2,6.2,6.2,6.3,6.4
41.648158,-0.902473,56151024,Delicias,main_street,0.3522,0.8615,0.911,0.2569,0.3529,0.3498,0.3437,0.3549,0.373,6.2,6.1,6.1,6.1,6.2,6.3
41.648066,-0.902748,56151024,Delicias,main_street,0.3412,0.8581,0.8891,0.2773,0.3441,0.3383,0.3338,0.3396,0.3618,6,6.1,6,6,6,6.2
41.644934,-0.900094,56154463,Universidad,main_street,0.3431,0.4392,0.3736,0.4884,0.3556,0.3587,0.3419,0.3297,0.3612,3.9,4,4,3.9,3.9,4
41.646617,-0.893592,56154468,Centro,main_street,0.8171,0.8493,0.7043,0.6627,0.8272,0.8092,0.8168,0.7928,0.7836,9,9.1,9,9,8.9,8.8
41.64684,-0.893628,56154468,Centro,main_street,0.8034,0.8493,0.701,0.6463,0.8143,0.7985,0.8044,0.7807,0.7709,8.9,9,8.9,8.9,8.8,8.7
41.647063,-0.893666,56154468,Centro,main_street,0.7917,0.8488,0.694,0.672,0.8003,0.7862,0.7911,0.7657,0.754,8.9,8.9,8.8,8.8,8.7,8.6
41.646555,-0.893438,56154469,Centro,side_street,0.8246,0.5218,0.7043,0.649,0.8358,0.818,0.8226,0.8016,0.7882,7.5,7.6,7.5,7.5,7.3,7.2
41.64665,-0.893166,56154469,Centro,side_street,0.8226,0.5218,0.7058,0.6583,0.8341,0.8166,0.8209,0.7992,0.7853,7.5,7.6,7.5,7.5,7.3,7.2
41.646745,-0.892893,56154469,Centro,side_street,0.8214,0.5218,0.7058,0.6658,0.8328,0.8154,0.8201,0.7975,0.7849,7.5,7.6,7.5,7.5,7.3,7.3
41.646841,-0.892621,56154469,Centro,side_street,0.8181,0.5151,0.7073,0.5909,0.8304,0.8126,0.8178,0.7927,0.7819,7.3,7.4,7.3,7.3,7.1,7.1
41.647126,-0.891803,56154469,Centro,side_street,0.8231,0.4702,0.7168,0.4429,0.8379,0.8192,0.8208,0.7925,0.7791,6.9,6.9,6.9,6.9,6.7,6.7
41.647217,-0.891528,56154469,Centro,side_street,0.8243,0.4509,0.7168,0.3944,0.84,0.8222,0.8212,0.7914,0.778,6.7,6.8,6.7,6.7,6.5,6.5
41.647308,-0.891253,56154469,Centro,side_street,0.8229,0.4509,0.7186,0.424,0.8402,0.8211,0.82,0.7876,0.7733,6.8,6.9,6.8,6.8,6.6,6.5
41.646717,-0.894779,56154473,Universidad,side_street,0.7839,0.6439,0.4115,0.4823,0.7966,0.7776,0.7822,0.7544,0.7527,6.6,6.7,6.6,6.6,6.4,6.4
41.646588,-0.894533,56154473,Universidad,side_street,0.7982,0.6439,0.4146,0.5445,0.812,0.7928,0.7976,0.7709,0.7678,6.8,6.8,6.7,6.8,6.6,6.6
41.646459,-0.894287,56154473,Universidad,side_street,0.8115,0.6439,0.4181,0.5425,0.8231,0.8031,0.8091,0.7839,0.7807,6.8,6.9,6.8,6.8,6.7,6.7
41.64633,-0.89404,56154473,Universidad,side_street,0.8221,0.6439,0.4202,0.5612,0.8349,0.8157,0.8192,0.7986,0.7918,6.9,7,6.9,6.9,6.8,6.8
41.646215,-0.893784,56154473,Universidad,side_street,0.8358,0.7109,0.4224,0.7558,0.8488,0.8282,0.8327,0.8122,0.8009,7.7,7.8,7.7,7.7,7.6,7.5
41.649569,-0.88751,56157194,Centro,main_street,0.7876,0.91,0.7691,0.9898,0.8007,0.7917,0.7942,0.7644,0.7641,9.6,9.6,9.6,9.6,9.5,9.6
41.64825,-0.886231,57380858,Centro,square,0.8715,0.0136,0.8051,0.9983,0.886,0.8734,0.8761,0.8438,0.8192,6.2,6.3,6.3,6.3,6.1,5.9
41.648424,-0.886415,57380858,Centro,square,0.8648,0.0127,0.794,0.9986,0.8789,0.867,0.8714,0.839,0.8167,6.2,6.2,6.2,6.2,6,5.9
41.648413,-0.886576,57380858,Centro,square,0.8624,0.0166,0.7884,0.9994,0.8761,0.8656,0.868,0.8366,0.8156,6.2,6.2,6.2,6.2,6,5.9
41.648232,-0.886426,57380858,Centro,square,0.8676,0.0177,0.7966,0.9999,0.8837,0.8717,0.8734,0.8403,0.8171,6.2,6.3,6.2,6.2,6.1,5.9
41.64803,-0.886322,57380858,Centro,square,0.8732,0.0174,0.8051,0.9979,0.8881,0.8752,0.8776,0.8436,0.8181,6.3,6.4,6.3,6.3,6.1,6
41.642975,-0.906122,60981881,Universidad,main_street,0.2558,0.4291,0.359,0.6805,0.2561,0.2598,0.2552,0.2582,0.2746,3.8,3.8,3.8,3.8,3.8,3.8
41.643067,-0.905848,60981881,Universidad,main_street,0.2329,0.4324,0.359,0.6843,0.237,0.2384,0.2322,0.2337,0.2516,3.7,3.7,3.7,3.7,3.7,3.7
41.644932,-0.892523,65636694,Centro,square,0.9459,0.0113,0.7224,0.9686,0.9577,0.9334,0.9421,0.9162,0.8888,6.4,6.4,6.3,6.3,6.2,6.1
41.644853,-0.892577,65636694,Centro,square,0.9484,0.0143,0.7205,0.9713,0.9589,0.9354,0.9439,0.92,0.8925,6.4,6.5,6.3,6.4,6.2,6.1
41.645051,-0.890099,65636713,Centro,square,0.9059,0.1392,0.747,0.9131,0.92,0.8977,0.9081,0.8746,0.8334,6.7,6.8,6.6,6.7,6.5,6.3
41.645088,-0.889875,65636713,Centro,square,0.9046,0.1681,0.7501,0.8799,0.9209,0.8975,0.9067,0.871,0.8279,6.8,6.8,6.7,6.8,6.6,6.3
41.64528,-0.889718,65636713,Centro,square,0.9138,0.1681,0.7539,0.8669,0.932,0.9049,0.9161,0.8739,0.8267,6.8,6.9,6.8,6.8,6.6,6.3
41.645209,-0.88994,65636713,Centro,square,0.9127,0.8361,0.7517,0.8855,0.9292,0.9033,0.9153,0.8775,0.8332,9.8,9.8,9.7,9.8,9.6,9.5
41.645106,-0.890208,65636713,Centro,square,0.9097,0.8306,0.743,0.9156,0.9237,0.9011,0.9121,0.8795,0.8376,9.7,9.8,9.7,9.8,9.6,9.5
41.644106,-0.890918,65636722,Centro,square,0.8913,0.0026,0.7387,0.9806,0.8982,0.8787,0.8923,0.8769,0.8612,6.1,6.1,6,6.1,6,5.9
41.660157,-0.869658,65644190,"El Rabal",main_street,0.2203,0.7215,0.3145,0.4347,0.2059,0.2233,0.2254,0.2679,0.3072,4.1,4,4.1,4.1,4.2,4.3
41.660032,-0.869908,65644190,"El Rabal",main_street,0.2236,0.7101,0.3145,0.4135,0.212,0.2315,0.2291,0.2739,0.3191,4,4,4.1,4.1,4.2,4.3
41.659907,-0.870158,65644190,"El Rabal",main_street,0.228,0.7101,0.3054,0.5073,0.2193,0.2359,0.2319,0.2736,0.319,4.1,4.1,4.1,4.1,4.2,4.4
41.659782,-0.870408,65644190,"El Rabal",main_street,0.2366,0.7011,0.3054,0.5602,0.2251,0.2432,0.236,0.2756,0.3217,4.2,4.1,4.2,4.2,4.3,4.4
41.659532,-0.870908,65644190,"El Rabal",main_street,0.2506,0.6908,0.3294,0.5815,0.2354,0.2589,0.2459,0.2787,0.3218,4.2,4.2,4.3,4.2,4.3,4.5
41.659407,-0.871159,65644190,"El Rabal",main_street,0.2568,0.6943,0.331,0.621,0.2455,0.2647,0.2521,0.28,0.3171,4.3,4.3,4.3,4.3,4.4,4.5
41.659279,-0.871406,65644190,"El Rabal",main_street,0.2606,0.6984,0.331,0.6098,0.2538,0.2709,0.2573,0.2797,0.3091,4.3,4.3,4.3,4.3,4.4,4.5
41.656399,-0.881613,70260085,"Casco Histórico",square,0.8036,0.0784,0.5873,0.9033,0.7764,0.8249,0.8062,0.8809,0.9274,5.4,5.3,5.5,5.5,5.8,6.1
41.656548,-0.881846,70260313,"Casco Histórico",square,0.7845,0.1375,0.5851,0.9339,0.7549,0.8012,0.7859,0.8533,0.9186,5.6,5.5,5.7,5.6,6,6.3
41.637682,-0.890219,76185164,Universidad,side_street,0.2897,0.3544,0.3823,0.1064,0.2917,0.2951,0.298,0.2867,0.2836,3.2,3.2,3.2,3.2,3.2,3.2
41.660291,-0.873735,77867219,"El Rabal",main_street,0.3315,0.5804,0.3228,0.7277,0.3246,0.3283,0.3372,0.3451,0.3505,4.3,4.3,4.3,4.4,4.4,4.4
41.660074,-0.873815,77867219,"El Rabal",main_street,0.3371,0.577,0.3228,0.7439,0.3331,0.3355,0.342,0.3464,0.3506,4.3,4.3,4.3,4.4,4.4,4.4
41.659858,-0.873897,77867219,"El Rabal",main_street,0.3436,0.612,0.3294,0.7096,0.34,0.3402,0.3454,0.342,0.3397,4.5,4.4,4.4,4.5,4.5,4.4
41.659643,-0.873984,77867219,"El Rabal",main_street,0.3481,0.612,0.3351,0.6882,0.3465,0.3461,0.3461,0.3373,0.3337,4.5,4.5,4.5,4.5,4.4,4.4
41.659428,-0.874073,77867219,"El Rabal",main_street,0.3557,0.6034,0.3351,0.6433,0.3571,0.3542,0.3509,0.3378,0.3368,4.4,4.4,4.4,4.4,4.4,4.3
41.659213,-0.874161,77867219,"El Rabal",main_street,0.3674,0.6034,0.3374,0.5913,0.3722,0.3673,0.3621,0.3467,0.3471,4.4,4.5,4.4,4.4,4.3,4.3
41.658998,-0.874249,77867219,"El Rabal",main_street,0.3759,0.6292,0.3385,0.6078,0.3819,0.3816,0.3715,0.3539,0.3575,4.6,4.6,4.6,4.5,4.5,4.5
41.658783,-0.874338,77867219,"El Rabal",main_street,0.3826,0.6292,0.3411,0.6285,0.3876,0.3909,0.3768,0.3607,0.3694,4.6,4.6,4.6,4.6,4.5,4.5
41.656111,-0.893509,78315437,"Casco Histórico",side_street,0.405,0.9709,0.5436,0.8714,0.4144,0.4224,0.4012,0.3939,0.4244,6.7,6.8,6.9,6.7,6.7,6.9
41.656087,-0.893213,78315437,"Casco Histórico",side_street,0.4038,0.9617,0.5436,0.8621,0.4108,0.4172,0.4018,0.3956,0.4233,6.7,6.7,6.8,6.7,6.6,6.8
41.656045,-0.892917,78315437,"Casco Histórico",side_street,0.4032,0.9607,0.5457,0.8513,0.4084,0.4146,0.404,0.3987,0.4308,6.7,6.7,6.7,6.7,6.6,6.9
41.655983,-0.892629,78315437,"Casco Histórico",side_street,0.3992,0.9589,0.5467,0.8334,0.4026,0.4094,0.4004,0.3947,0.4159,6.6,6.6,6.7,6.6,6.6,6.8
41.655994,-0.892581,78315438,"Casco Histórico",side_street,0.3991,0.6235,0.5467,0.8296,0.4025,0.4086,0.4007,0.3941,0.4142,5.3,5.3,5.3,5.3,5.2,5.3
41.642201,-0.910162,78336674,Delicias,secondary_street,0.5136,0.2186,0.8506,0.2793,0.5001,0.5069,0.527,0.5459,0.5554,4.6,4.5,4.5,4.6,4.6,4.7
41.642111,-0.910437,78336674,Delicias,secondary_street,0.5095,0.2186,0.8506,0.2362,0.4945,0.5048,0.5226,0.5476,0.5667,4.5,4.5,4.5,4.6,4.6,4.7
41.641927,-0.910986,78336674,Delicias,secondary_street,0.4932,0.2261,0.8506,0.2944,0.4746,0.4867,0.5035,0.5387,0.568,4.5,4.5,4.5,4.6,4.7,4.8
41.641799,-0.911228,78336674,Delicias,secondary_street,0.474,0.2832,0.8506,0.287,0.4583,0.4709,0.4871,0.5229,0.555,4.6,4.6,4.6,4.7,4.8,4.9
41.65433,-0.900936,78344952,Delicias,main_street,0.4541,0.8732,0.8995,0.272,0.4532,0.4657,0.4435,0.4746,0.5469,6.8,6.8,6.8,6.7,6.9,7.4
41.654403,-0.900652,78344952,Delicias,main_street,0.4425,0.7319,0.9234,0.1857,0.4422,0.4549,0.4343,0.4634,0.541,6,6,6.1,6,6.2,6.6
41.654492,-0.900377,78344952,Delicias,main_street,0.4306,0.7131,0.9616,0.1494,0.4306,0.4401,0.423,0.4463,0.5212,6,6,6,5.9,6.1,6.5
41.652432,-0.90732,78348573,Delicias,side_street,0.4334,0.9025,0.9542,0.4553,0.4344,0.4282,0.4309,0.4218,0.3974,7.3,7.3,7.3,7.3,7.2,7
41.653862,-0.902931,78348575,Delicias,main_street,0.5174,0.9193,0.8796,0.2181,0.5185,0.5242,0.5028,0.5318,0.5841,7.3,7.3,7.3,7.2,7.4,7.8
41.653789,-0.903215,78348575,Delicias,main_street,0.5228,0.9217,0.8995,0.1858,0.5263,0.5277,0.5038,0.5297,0.5803,7.3,7.4,7.4,7.2,7.4,7.8
41.653715,-0.9035,78348575,Delicias,main_street,0.523,0.9146,0.8995,0.1607,0.5276,0.5276,0.5037,0.5261,0.5762,7.3,7.3,7.3,7.1,7.3,7.6
41.653643,-0.903784,78348575,Delicias,main_street,0.5153,0.9166,0.8891,0.1381,0.5216,0.5225,0.4999,0.5209,0.5714,7.1,7.2,7.2,7,7.2,7.5
41.653419,-0.904636,78348575,Delicias,main_street,0.4969,0.9556,0.911,0.1741,0.5004,0.5038,0.4819,0.5088,0.5666,7.4,7.4,7.4,7.3,7.4,7.9
41.653347,-0.904921,78348575,Delicias,main_street,0.4953,0.9676,0.911,0.1063,0.4997,0.5018,0.4806,0.5028,0.5543,7.3,7.3,7.4,7.2,7.3,7.7
41.653277,-0.905207,78348575,Delicias,main_street,0.4898,0.9644,0.9358,0.1179,0.4941,0.4959,0.4758,0.4912,0.5326,7.3,7.4,7.4,7.3,7.3,7.6
41.653205,-0.905492,78348575,Delicias,main_street,0.488,0.9688,0.9234,0.1358,0.4939,0.4928,0.4729,0.4809,0.5181,7.3,7.4,7.4,7.2,7.3,7.6
41.653135,-0.905778,78348575,Delicias,main_street,0.4825,0.9398,0.9358,0.1515,0.4878,0.4856,0.4691,0.4715,0.496,7.2,7.3,7.3,7.1,7.1,7.3
41.653066,-0.906064,78348575,Delicias,main_street,0.4688,0.9402,0.9616,0.1738,0.4731,0.4703,0.4592,0.456,0.4669,7.3,7.3,7.3,7.2,7.2,7.3
41.652996,-0.90635,78348575,Delicias,main_street,0.4559,0.9526,0.9542,0.2106,0.4638,0.4558,0.4498,0.4439,0.4442,7.3,7.3,7.3,7.2,7.2,7.2
41.652926,-0.906636,78348575,Delicias,main_street,0.4439,0.9526,0.946,0.304,0.4493,0.4415,0.4404,0.4353,0.4259,7.3,7.4,7.3,7.3,7.2,7.2
41.652856,-0.906922,78348575,Delicias,main_street,0.4353,0.9203,0.9616,0.3755,0.4381,0.4334,0.4324,0.4245,0.4081,7.3,7.3,7.3,7.3,7.2,7.1
41.652792,-0.90721,78348575,Delicias,main_street,0.4303,0.9189,0.9616,0.4573,0.4313,0.4265,0.4279,0.4202,0.3963,7.4,7.4,7.4,7.4,7.3,7.1
41.65273,-0.9075,78348575,Delicias,main_street,0.4315,0.5042,0.946,0.5476,0.4326,0.4262,0.4292,0.4193,0.3902,5.6,5.7,5.6,5.6,5.5,5.4
41.652665,-0.907788,78348575,Delicias,main_street,0.4392,0.5042,0.911,0.5705,0.4421,0.4351,0.4368,0.4267,0.3985,5.6,5.6,5.6,5.6,5.5,5.4
41.6526,-0.908076,78348575,Delicias,main_street,0.4518,0.5081,0.9234,0.5895,0.4577,0.4433,0.4505,0.4337,0.3988,5.8,5.8,5.7,5.8,5.6,5.4
41.652535,-0.908364,78348575,Delicias,main_street,0.4628,0.5081,0.9358,0.5729,0.4702,0.4536,0.4621,0.4395,0.3923,5.8,5.9,5.8,5.8,5.7,5.4
41.652473,-0.908653,78348575,Delicias,main_street,0.4753,0.7086,0.9358,0.632,0.4833,0.4686,0.4763,0.4514,0.4103,6.8,6.8,6.8,6.8,6.7,6.4
41.652408,-0.908941,78348575,Delicias,main_street,0.4925,0.7086,0.9358,0.684,0.5014,0.4826,0.4929,0.4678,0.4312,7,7,6.9,7,6.9,6.7
41.652342,-0.909229,78348575,Delicias,main_street,0.5105,0.7086,0.9358,0.7152,0.5181,0.5001,0.5107,0.4878,0.4535,7.2,7.2,7.1,7.2,7,6.8
41.652277,-0.909517,78348575,Delicias,main_street,0.5363,0.7136,0.9234,0.7622,0.543,0.5274,0.5345,0.517,0.4852,7.4,7.5,7.4,7.4,7.3,7.1
41.652213,-0.909805,78348575,Delicias,main_street,0.5561,0.6683,0.9358,0.8092,0.5609,0.548,0.5551,0.5379,0.5109,7.5,7.5,7.4,7.5,7.3,7.1
41.652148,-0.910093,78348575,Delicias,main_street,0.578,0.7075,0.9358,0.806,0.5813,0.5705,0.5738,0.5612,0.5396,7.8,7.8,7.8,7.7,7.7,7.5
41.65194,-0.911557,78348578,Delicias,side_street,0.6449,0.6533,0.8995,0.7453,0.6415,0.6306,0.6523,0.6427,0.633,7.7,7.7,7.7,7.8,7.8,7.7
41.652156,-0.911641,78348578,Delicias,side_street,0.6119,0.6533,0.8891,0.7492,0.6092,0.6013,0.6131,0.6167,0.6095,7.5,7.5,7.5,7.5,7.5,7.5
41.652372,-0.911724,78348578,Delicias,side_street,0.5762,0.6533,0.8796,0.7438,0.5728,0.5681,0.5777,0.578,0.5719,7.2,7.2,7.2,7.2,7.2,7.2
41.651331,-0.911264,78348579,Delicias,side_street,0.7118,0.4358,0.9542,0.6215,0.7145,0.6899,0.7144,0.6997,0.6734,7.1,7.1,6.9,7.1,7,6.8
41.651555,-0.911289,78348579,Delicias,side_street,0.6954,0.4477,0.9358,0.6865,0.6933,0.6696,0.7029,0.6857,0.6634,7.1,7,6.9,7.1,7,6.9
41.651772,-0.911369,78348579,Delicias,side_street,0.6696,0.477,0.911,0.7306,0.6685,0.6502,0.6816,0.6644,0.6484,7,7,6.9,7.1,7,6.9
41.656639,-0.882287,78390901,"Casco Histórico",side_street,0.7593,0.9951,0.5765,0.9544,0.7354,0.7822,0.7578,0.8214,0.8939,9.3,9.2,9.4,9.3,9.6,9.9
41.648147,-0.907088,78404179,Delicias,side_street,0.2728,0.2311,0.9234,0.1005,0.2716,0.2846,0.2633,0.2978,0.367,3.8,3.8,3.8,3.7,3.9,4
41.64793,-0.907167,78404179,Delicias,side_street,0.2681,0.2311,0.9616,0.1282,0.2687,0.2826,0.2558,0.2887,0.3607,3.8,3.8,3.9,3.8,3.9,4.1
41.648364,-0.907009,78404180,Delicias,side_street,0.2769,0.4784,0.8995,0.0839,0.2736,0.2867,0.2677,0.303,0.3703,4.3,4.3,4.3,4.3,4.4,4.6
41.636866,-0.874591,78418595,"San José",main_street,0.475,0.9522,0.4661,0.4193,0.4812,0.4617,0.4904,0.4436,0.3581,6.2,6.2,6.1,6.3,6,5.6
41.637086,-0.874528,78418595,"San José",main_street,0.4691,0.95,0.4773,0.4349,0.4754,0.4541,0.4822,0.4361,0.3501,6.2,6.2,6.1,6.3,6,5.6
41.637306,-0.874468,78418595,"San José",main_street,0.4647,0.9382,0.4877,0.5273,0.4724,0.4497,0.4765,0.4285,0.3445,6.3,6.3,6.2,6.4,6.1,5.6
41.637526,-0.874405,78418595,"San José",main_street,0.4539,0.9382,0.4877,0.5543,0.4647,0.4385,0.464,0.4175,0.3348,6.3,6.3,6.2,6.3,6.1,5.6
41.639067,-0.873977,78418595,"San José",main_street,0.4791,0.8204,0.4922,0.885,0.488,0.4623,0.4829,0.449,0.4463,6.4,6.4,6.3,6.4,6.2,6.2
41.646299,-0.869014,78431207,"Las Fuentes",main_street,0.3621,0.6184,0.2386,0.7148,0.3663,0.3574,0.3527,0.343,0.3256,4.4,4.4,4.4,4.3,4.3,4.3
41.646083,-0.869006,78431207,"Las Fuentes",main_street,0.3653,0.6104,0.2386,0.7103,0.3691,0.3591,0.3557,0.3478,0.3267,4.4,4.4,4.3,4.3,4.3,4.2
41.655565,-0.901083,78432475,"La Almozara",side_street,0.3769,0.1174,0.1745,0.1656,0.3751,0.3746,0.3738,0.3888,0.4339,2.6,2.6,2.6,2.6,2.6,2.8
41.655343,-0.90113,78432475,"La Almozara",side_street,0.4074,0.1703,0.1733,0.212,0.4047,0.4066,0.4043,0.421,0.4784,2.8,2.8,2.8,2.8,2.9,3.1
41.655122,-0.901184,78432475,"La Almozara",side_street,0.4255,0.1703,0.1701,0.2638,0.4247,0.4319,0.4218,0.4446,0.515,2.9,2.9,3,2.9,3.1,3.3
41.654901,-0.901239,78432475,"La Almozara",side_street,0.4435,0.1703,0.1701,0.3122,0.4418,0.4512,0.4378,0.4652,0.5365,3.1,3,3.1,3,3.2,3.4
41.647549,-0.885895,79192476,Centro,main_street,0.8756,0.999,0.7966,0.9919,0.8878,0.8751,0.8813,0.8448,0.8135,10,10,10,10,10,10
41.652061,-0.880431,79206843,Centro,secondary_street,0.9949,0.9881,0.7884,0.7265,0.9983,0.9955,0.9934,0.9821,0.9751,10,10,10,10,10,10
41.643296,-0.905927,79206845,Delicias,main_street,0.2483,0.7288,0.839,0.6416,0.2504,0.2516,0.2472,0.241,0.2508,5.4,5.4,5.4,5.4,5.4,5.4
41.651801,-0.881245,79206847,Centro,secondary_street,0.989,0.984,0.8026,0.8867,0.9973,0.9891,0.9859,0.973,0.965,10,10,10,10,10,10
41.65168,-0.881496,79206847,Centro,secondary_street,0.9873,0.985,0.8106,0.9233,0.9972,0.9877,0.9836,0.97,0.9625,10,10,10,10,10,10
41.651501,-0.881678,79206847,Centro,secondary_street,0.9866,0.9852,0.8135,0.9511,0.9975,0.987,0.9832,0.9678,0.9594,10,10,10,10,10,10
41.651322,-0.88186,79206847,Centro,secondary_street,0.9856,0.9072,0.8078,0.951,0.9965,0.9854,0.9828,0.9668,0.9577,10,10,10,10,10,10
41.651145,-0.882046,79206847,Centro,secondary_street,0.9809,0.9072,0.7998,0.9128,0.9922,0.9818,0.9795,0.9638,0.9531,10,10,10,10,10,10
41.650785,-0.882407,79206847,Centro,secondary_street,0.9764,0.9029,0.8026,0.7989,0.9853,0.9739,0.975,0.9594,0.9459,10,10,10,10,10,10
41.650608,-0.882593,79206847,Centro,secondary_street,0.9753,0.9023,0.8078,0.7369,0.9836,0.9716,0.974,0.9586,0.9435,9.9,9.9,9.9,9.9,9.9,9.9
41.65043,-0.882776,79206847,Centro,secondary_street,0.9722,0.891,0.8164,0.6344,0.9804,0.9689,0.9715,0.9569,0.9406,9.9,9.9,9.9,9.9,9.9,9.9
41.65025,-0.882957,79206847,Centro,secondary_street,0.9707,0.6924,0.8209,0.7428,0.9777,0.9674,0.9702,0.9552,0.9363,9.6,9.6,9.5,9.6,9.5,9.4
41.650071,-0.883139,79206847,Centro,secondary_street,0.9671,0.6924,0.8254,0.7206,0.9753,0.9638,0.9679,0.9522,0.93,9.5,9.6,9.5,9.6,9.5,9.4
41.649893,-0.883322,79206847,Centro,secondary_street,0.9637,0.6928,0.8266,0.7134,0.9703,0.959,0.9644,0.9479,0.9244,9.5,9.5,9.5,9.5,9.4,9.4
41.649714,-0.883505,79206847,Centro,secondary_street,0.96,0.6928,0.8242,0.7746,0.9669,0.9548,0.9603,0.9429,0.9166,9.6,9.6,9.5,9.6,9.5,9.4
41.649536,-0.883688,79206847,Centro,secondary_street,0.9548,0.6928,0.8282,0.8636,0.9631,0.9512,0.9541,0.9377,0.9066,9.6,9.6,9.6,9.6,9.6,9.5
41.649358,-0.883872,79206847,Centro,secondary_street,0.9457,0.5916,0.8254,0.911,0.9538,0.9469,0.943,0.9288,0.8927,9.3,9.3,9.3,9.3,9.3,9.1
41.649178,-0.884053,79206847,Centro,secondary_street,0.9344,0.5916,0.8227,0.893,0.9402,0.9418,0.9316,0.9168,0.8821,9.2,9.3,9.3,9.2,9.2,9
41.648998,-0.884233,79206847,Centro,secondary_street,0.9264,0.5916,0.8282,0.9351,0.9317,0.9356,0.9252,0.9115,0.8768,9.2,9.3,9.3,9.2,9.2,9
41.647601,-0.886031,79206879,Centro,main_street,0.8741,0.9979,0.7904,0.9928,0.8875,0.8746,0.8799,0.843,0.813,10,10,10,10,10,9.9
41.64502,-0.892841,79211015,Centro,main_street,0.9357,0.7838,0.7224,0.9645,0.9483,0.9243,0.9283,0.9105,0.8847,9.7,9.7,9.7,9.7,9.6,9.5
41.645214,-0.892994,79211015,Centro,main_street,0.9227,0.7531,0.7224,0.9501,0.9324,0.9105,0.9134,0.8987,0.8737,9.6,9.6,9.5,9.5,9.5,9.4
41.64541,-0.89314,79211015,Centro,main_street,0.8998,0.734,0.7205,0.9323,0.9124,0.8936,0.8946,0.8787,0.8584,9.4,9.4,9.3,9.3,9.3,9.2
41.645614,-0.893268,79211015,Centro,main_street,0.8861,0.7312,0.7144,0.9069,0.8971,0.8761,0.8768,0.859,0.84,9.2,9.3,9.2,9.2,9.1,9.1
41.645825,-0.893372,79211015,Centro,main_street,0.8659,0.7299,0.7094,0.879,0.877,0.8577,0.8615,0.8412,0.8249,9.1,9.2,9.1,9.1,9,8.9
41.646041,-0.893452,79211015,Centro,main_street,0.8526,0.7354,0.7113,0.8471,0.8642,0.8433,0.8492,0.8276,0.8112,9,9.1,9,9,8.9,8.8
41.646262,-0.893511,79211015,Centro,main_street,0.8397,0.7354,0.7094,0.7739,0.8509,0.8324,0.8378,0.8156,0.802,8.8,8.9,8.8,8.8,8.7,8.6
41.644549,-0.892482,79211016,Universidad,main_street,0.9542,0.9396,0.4376,0.9837,0.9638,0.9411,0.9534,0.932,0.9094,9.7,9.7,9.7,9.7,9.6,9.6
41.644364,-0.892312,79211016,Universidad,main_street,0.9527,0.9396,0.4361,0.9908,0.9621,0.9399,0.9535,0.9334,0.9127,9.7,9.7,9.7,9.7,9.6,9.6
41.644196,-0.892114,79211016,Universidad,main_street,0.9504,0.9486,0.4389,0.9948,0.9569,0.9353,0.9503,0.9322,0.9137,9.7,9.7,9.7,9.7,9.7,9.6
41.645184,-0.890008,79211017,Centro,secondary_street,0.9122,0.8361,0.7501,0.8896,0.9276,0.9028,0.9145,0.8785,0.8352,9.8,9.8,9.7,9.8,9.6,9.5
41.645286,-0.88974,79211017,Centro,secondary_street,0.9144,0.8361,0.7539,0.8672,0.9326,0.9055,0.917,0.8751,0.8282,9.8,9.8,9.7,9.8,9.6,9.4
41.645386,-0.88947,79211017,Centro,secondary_street,0.9146,0.8796,0.7517,0.8492,0.9361,0.9069,0.9169,0.8711,0.8225,9.8,9.8,9.8,9.8,9.7,9.5
41.637775,-0.89766,79211025,Universidad,main_street,0.5451,0.4614,0.3629,0.9956,0.5287,0.5625,0.5384,0.6196,0.7626,5.1,5.1,5.2,5.1,5.5,6.3
41.63796,-0.897489,79211025,Universidad,main_street,0.576,0.4614,0.3642,0.997,0.5623,0.5912,0.5681,0.6426,0.7771,5.3,5.2,5.4,5.2,5.6,6.4
41.638145,-0.897318,79211025,Universidad,main_street,0.5961,0.4614,0.3642,0.9924,0.5835,0.6109,0.5873,0.6605,0.7801,5.4,5.3,5.5,5.3,5.7,6.4
41.638329,-0.897147,79211025,Universidad,main_street,0.6155,0.4614,0.3652,0.9842,0.604,0.6289,0.6057,0.68,0.7834,5.5,5.4,5.5,5.4,5.8,6.4
41.638514,-0.896975,79211025,Universidad,main_street,0.632,0.4614,0.3667,0.9818,0.6221,0.6468,0.6227,0.697,0.786,5.6,5.5,5.6,5.5,5.9,6.4
41.638699,-0.896804,79211025,Universidad,main_street,0.6583,0.4843,0.369,0.9767,0.6477,0.6683,0.6484,0.7131,0.793,5.8,5.8,5.8,5.8,6.1,6.6
41.644915,-0.891399,79211026,Centro,secondary_street,0.9333,0.8663,0.7291,0.9599,0.9433,0.9179,0.9323,0.9046,0.8689,9.9,9.9,9.8,9.9,9.8,9.7
41.644734,-0.891578,79211026,Centro,secondary_street,0.9392,0.8723,0.733,0.9756,0.9488,0.9238,0.9394,0.9134,0.8811,9.9,9.9,9.9,9.9,9.9,9.8
41.644552,-0.891754,79211026,Centro,secondary_street,0.9415,0.8723,0.7312,0.9839,0.9507,0.9262,0.9415,0.9166,0.8909,9.9,9.9,9.9,9.9,9.9,9.8
41.649416,-0.870767,79827271,"Casco Histórico",main_street,0.4052,0.8929,0.5552,0.5253,0.3932,0.4189,0.4023,0.4339,0.5158,6,5.9,6,6,6.1,6.6
41.649576,-0.870557,79827271,"Casco Histórico",main_street,0.3927,0.8902,0.5528,0.5061,0.3759,0.405,0.3913,0.4235,0.5014,5.9,5.8,5.9,5.9,6,6.5
41.650589,-0.869944,79827271,"Casco Histórico",main_street,0.3499,0.9733,0.5449,0.4521,0.3187,0.3722,0.3594,0.4105,0.5069,5.9,5.7,6,5.9,6.2,6.8
41.650813,-0.869932,79827271,"Casco Histórico",main_street,0.3489,0.9705,0.5483,0.5194,0.314,0.3725,0.3608,0.4169,0.5167,6,5.8,6.1,6,6.3,6.9
41.657657,-0.87083,79827653,"El Rabal",side_street,0.2044,0.0326,0.3406,0.3843,0.2082,0.2154,0.1868,0.195,0.2159,2.2,2.2,2.3,2.2,2.2,2.3
41.641606,-0.872428,80056974,"San José",side_street,0.6077,0.3872,0.4977,0.662,0.6013,0.6059,0.6054,0.6214,0.631,5.1,5.1,5.1,5.1,5.1,5.1
41.642049,-0.872324,80056974,"San José",side_street,0.6361,0.3872,0.4947,0.5122,0.6341,0.6357,0.6338,0.6422,0.6485,5.1,5.1,5,5,5.1,5.1
41.64227,-0.872272,80056974,"San José",side_street,0.6457,0.3925,0.4989,0.4138,0.6446,0.6449,0.6451,0.6482,0.6504,5,5,5,5,5,5
41.642713,-0.872167,80056974,"San José",side_street,0.649,0.4316,0.5086,0.4878,0.6463,0.6454,0.6532,0.6514,0.6481,5.3,5.3,5.2,5.3,5.3,5.2
41.642935,-0.872115,80056974,"San José",side_street,0.6523,0.43,0.5086,0.4983,0.6495,0.6474,0.6588,0.6549,0.6502,5.3,5.3,5.3,5.3,5.3,5.2
41.643377,-0.872011,80056974,"San José",side_street,0.6519,0.4299,0.5086,0.5343,0.649,0.6453,0.6576,0.6518,0.6434,5.3,5.3,5.3,5.4,5.3,5.2
41.643599,-0.871959,80056974,"San José",side_street,0.6498,0.4334,0.5086,0.5546,0.6475,0.6444,0.6552,0.6501,0.6415,5.4,5.4,5.3,5.4,5.4,5.3
41.64382,-0.871907,80056974,"San José",side_street,0.6477,0.4334,0.5086,0.5735,0.6461,0.6433,0.6481,0.646,0.6381,5.4,5.4,5.3,5.4,5.4,5.3
41.641385,-0.87248,80056975,"San José",side_street,0.5909,0.3039,0.4956,0.6919,0.5848,0.5875,0.5899,0.606,0.6221,4.8,4.8,4.8,4.8,4.8,4.9
41.641163,-0.872532,80056975,"San José",side_street,0.5735,0.3039,0.4922,0.7445,0.5676,0.5722,0.5726,0.5871,0.615,4.8,4.8,4.8,4.8,4.8,4.9
41.643771,-0.869511,80064913,"Las Fuentes",side_street,0.5291,0.5632,0.2386,0.2607,0.5252,0.5218,0.525,0.5349,0.5403,4.4,4.4,4.4,4.4,4.4,4.5
41.642742,-0.868582,80064916,"Las Fuentes",side_street,0.4887,0.3527,0.2341,0.0181,0.4801,0.483,0.4876,0.5117,0.5366,3.6,3.6,3.6,3.6,3.7,3.7
41.642869,-0.868333,80064916,"Las Fuentes",side_street,0.4576,0.3527,0.2341,0.0184,0.4498,0.4518,0.4576,0.4754,0.5076,3.5,3.4,3.5,3.5,3.5,3.6
41.643123,-0.867837,80064916,"Las Fuentes",side_street,0.4031,0.3527,0.2349,0.0322,0.395,0.3901,0.405,0.4131,0.4234,3.3,3.3,3.3,3.3,3.3,3.4
41.64325,-0.867589,80064916,"Las Fuentes",side_street,0.3701,0.3527,0.2349,0.0188,0.3594,0.3592,0.3769,0.382,0.3885,3.1,3.1,3.1,3.2,3.2,3.2
41.643377,-0.86734,80064916,"Las Fuentes",side_street,0.3413,0.3527,0.2341,0.0195,0.3332,0.3325,0.3427,0.3574,0.3578,3,3,3,3,3.1,3.1
41.643504,-0.867092,80064916,"Las Fuentes",side_street,0.3174,0.3527,0.2349,0.0362,0.3085,0.3094,0.3191,0.3301,0.3325,2.9,2.9,2.9,3,3,3
41.643631,-0.866844,80064916,"Las Fuentes",side_street,0.3013,0.369,0.2341,0.0389,0.2928,0.2932,0.2993,0.3072,0.3084,2.9,2.9,2.9,2.9,3,3
41.643751,-0.876469,80066688,"San José",main_street,0.5863,0.4662,0.5349,0.7381,0.5779,0.5926,0.5806,0.617,0.6645,5.5,5.4,5.5,5.4,5.6,5.9
41.64835,-0.870805,80193281,"Casco Histórico",side_street,0.4217,0.6911,0.5544,0.6957,0.4221,0.4347,0.4152,0.4238,0.4576,5.5,5.5,5.5,5.5,5.5,5.7
41.648407,-0.870514,80193281,"Casco Histórico",side_street,0.4063,0.7118,0.5528,0.6408,0.406,0.4142,0.399,0.4042,0.4344,5.4,5.4,5.4,5.4,5.4,5.5
41.646384,-0.872472,80347965,"Las Fuentes",main_street,0.6819,0.934,0.2441,0.8917,0.7103,0.688,0.6509,0.6314,0.6278,7.5,7.6,7.5,7.3,7.1,7.1
41.64656,-0.87266,80347965,"San José",main_street,0.6806,0.934,0.5179,0.8953,0.7086,0.6891,0.6505,0.6328,0.6313,8.3,8.5,8.4,8.2,8.1,8.1
41.646736,-0.872848,80347965,"San José",main_street,0.6786,0.934,0.5218,0.8824,0.7068,0.6905,0.6491,0.6334,0.636,8.3,8.5,8.4,8.2,8.1,8.1
41.647025,-0.873182,80347966,Centro,main_street,0.6655,0.8274,0.6738,0.8744,0.6928,0.6847,0.6362,0.6333,0.6475,8.2,8.4,8.3,8,8,8.2
41.647155,-0.873428,80347966,Centro,main_street,0.6641,0.8091,0.6753,0.8874,0.6871,0.685,0.6365,0.6368,0.658,8.2,8.3,8.3,7.9,8,8.2
41.647279,-0.873678,80347966,"Casco Histórico",main_street,0.6644,0.8091,0.5774,0.8843,0.6863,0.6875,0.6371,0.6399,0.6751,7.8,7.9,7.9,7.6,7.7,7.9
41.647404,-0.873928,80347966,Centro,main_street,0.66,0.8091,0.6793,0.8944,0.6812,0.6843,0.6344,0.6425,0.694,8.2,8.3,8.3,8,8,8.4
41.647529,-0.874179,80347966,Centro,main_street,0.661,0.8091,0.682,0.9079,0.6783,0.6861,0.6355,0.6507,0.7103,8.2,8.3,8.3,8,8.1,8.5
41.647653,-0.874429,80347966,Centro,main_street,0.6607,0.8081,0.6841,0.8804,0.675,0.6856,0.6369,0.6597,0.7223,8.2,8.3,8.3,8,8.1,8.5
41.647778,-0.87468,80347966,Centro,main_street,0.6645,0.8168,0.687,0.852,0.6744,0.6885,0.6416,0.6717,0.7364,8.2,8.3,8.3,8,8.2,8.6
41.642609,-0.873058,80347972,"San José",main_street,0.6926,0.7983,0.5086,0.5804,0.6906,0.6789,0.698,0.6891,0.6914,7.2,7.2,7.1,7.3,7.2,7.2
41.643051,-0.872953,80347972,"San José",main_street,0.6867,0.7983,0.5086,0.683,0.6854,0.6734,0.6923,0.6799,0.6767,7.3,7.3,7.3,7.4,7.3,7.3
41.643273,-0.872901,80347972,"San José",main_street,0.68,0.7172,0.512,0.7038,0.6789,0.6676,0.6861,0.6728,0.6668,6.9,6.9,6.8,7,6.9,6.9
41.643495,-0.872851,80347972,"San José",main_street,0.6706,0.7124,0.5109,0.6921,0.67,0.6597,0.6769,0.6658,0.6597,6.8,6.8,6.8,6.9,6.8,6.8
41.643716,-0.872801,80347972,"San José",main_street,0.667,0.714,0.5109,0.671,0.6675,0.6566,0.674,0.662,0.6529,6.8,6.8,6.7,6.8,6.8,6.7
41.643938,-0.87275,80347972,"San José",main_street,0.6586,0.714,0.5109,0.6868,0.6622,0.6518,0.6645,0.6526,0.6447,6.7,6.7,6.7,6.8,6.7,6.7
41.640686,-0.873597,80347973,"San José",main_street,0.5329,0.803,0.4965,0.8698,0.5264,0.5219,0.5331,0.5431,0.5702,6.6,6.6,6.6,6.6,6.7,6.9
41.641143,-0.873433,80347974,"San José",main_street,0.5712,0.8539,0.5025,0.8525,0.565,0.5683,0.5725,0.5909,0.6201,7.1,7,7.1,7.1,7.2,7.4
41.641364,-0.873376,80347974,"San José",main_street,0.5967,0.8524,0.5035,0.831,0.5878,0.5909,0.5964,0.6172,0.635,7.2,7.2,7.2,7.2,7.4,7.5
41.641584,-0.873318,80347974,"San José",main_street,0.6183,0.8524,0.5064,0.7941,0.6122,0.6148,0.6213,0.6364,0.6525,7.3,7.3,7.3,7.4,7.4,7.6
41.641805,-0.873261,80347974,"San José",main_street,0.645,0.8524,0.5035,0.7508,0.6372,0.6379,0.6467,0.6543,0.6659,7.4,7.4,7.4,7.5,7.5,7.6
41.642026,-0.873203,80347974,"San José",main_street,0.6689,0.8524,0.5047,0.6856,0.6659,0.6587,0.6772,0.6735,0.6832,7.5,7.5,7.4,7.5,7.5,7.6
41.642246,-0.873145,80347974,"San José",main_street,0.6837,0.8529,0.5086,0.5654,0.6793,0.6703,0.6919,0.6856,0.6885,7.4,7.4,7.3,7.5,7.4,7.4
41.642467,-0.873091,80347974,"San José",main_street,0.6928,0.8694,0.5064,0.5514,0.6899,0.6792,0.6986,0.6908,0.6926,7.5,7.5,7.5,7.5,7.5,7.5
41.644221,-0.872687,80347975,"San José",main_street,0.6564,0.6256,0.5109,0.7128,0.661,0.6504,0.6567,0.6456,0.634,6.4,6.4,6.4,6.4,6.3,6.3
41.644443,-0.872638,80347975,"San José",main_street,0.6529,0.6133,0.5133,0.6935,0.6596,0.6482,0.6485,0.6393,0.6273,6.3,6.3,6.3,6.3,6.2,6.1
41.644665,-0.87259,80347975,"San José",main_street,0.6497,0.6133,0.5146,0.7299,0.6591,0.6471,0.6425,0.634,0.6213,6.3,6.4,6.3,6.3,6.2,6.2
41.644887,-0.872541,80347975,"San José",main_street,0.6532,0.6133,0.5154,0.8324,0.6678,0.6507,0.642,0.6296,0.6152,6.5,6.6,6.5,6.4,6.4,6.3
41.645108,-0.872493,80347975,"San José",main_street,0.6611,0.6133,0.5154,0.8683,0.6788,0.6576,0.645,0.6295,0.6148,6.6,6.7,6.6,6.5,6.4,6.3
41.64533,-0.872444,80347975,"San José",main_street,0.6709,0.6194,0.5146,0.9056,0.6942,0.667,0.6521,0.629,0.6138,6.7,6.8,6.7,6.6,6.5,6.4
41.645552,-0.872396,80347975,"San José",main_street,0.683,0.6194,0.5133,0.9243,0.7104,0.6805,0.6587,0.6297,0.6172,6.8,7,6.8,6.7,6.5,6.5
41.645774,-0.872347,80347975,"San José",main_street,0.6892,0.6194,0.5133,0.9192,0.721,0.6898,0.6611,0.631,0.6204,6.8,7,6.9,6.7,6.5,6.5
41.645996,-0.872297,80347975,"San José",main_street,0.6839,0.641,0.5146,0.9125,0.7157,0.6865,0.6531,0.6261,0.6166,6.9,7.1,6.9,6.7,6.6,6.6
41.642815,-0.882245,80354137,Centro,side_street,0.7458,0.2558,0.6999,0.4788,0.7453,0.7271,0.7641,0.7284,0.6207,5.6,5.6,5.5,5.7,5.5,4.9
41.642655,-0.88245,80354137,Centro,side_street,0.7434,0.3178,0.6975,0.5167,0.7422,0.7257,0.7609,0.727,0.6225,5.9,5.9,5.7,5.9,5.7,5.2
41.649313,-0.898348,80359244,Delicias,main_street,0.4505,0.8202,0.9847,0.3147,0.4486,0.451,0.4479,0.4524,0.4621,6.8,6.8,6.8,6.8,6.9,6.9
41.649196,-0.896896,80359247,Delicias,side_street,0.5098,0.3014,0.9924,0.5058,0.5126,0.5113,0.5089,0.5048,0.4894,5.3,5.3,5.3,5.3,5.3,5.2
41.64942,-0.89686,80359247,Delicias,side_street,0.4795,0.3014,0.9924,0.4544,0.4777,0.4781,0.4808,0.4741,0.4573,5.1,5.1,5.1,5.1,5.1,5
41.649643,-0.896824,80359247,Delicias,side_street,0.4473,0.3014,0.9938,0.4007,0.4445,0.445,0.4522,0.4457,0.4176,4.9,4.9,4.9,4.9,4.9,4.8
41.649866,-0.896788,80359247,Delicias,side_street,0.4194,0.3014,0.9921,0.3506,0.4175,0.4166,0.4255,0.4185,0.3834,4.8,4.8,4.8,4.8,4.7,4.6
41.649065,-0.896766,80359254,Delicias,main_street,0.5269,0.9076,0.993,0.5181,0.5281,0.5281,0.5223,0.5191,0.5003,8.2,8.2,8.2,8.2,8.1,8.1
41.649026,-0.89647,80359254,Delicias,main_street,0.536,0.9062,0.9938,0.4836,0.5376,0.54,0.5311,0.5257,0.5047,8.2,8.2,8.2,8.1,8.1,8
41.648986,-0.896173,80359254,Delicias,main_street,0.5431,0.9062,0.995,0.5179,0.5468,0.5459,0.5383,0.5264,0.4977,8.3,8.3,8.3,8.3,8.2,8
41.648928,-0.895731,80359261,Delicias,main_street,0.5548,0.9422,0.9967,0.504,0.5555,0.5578,0.5541,0.5389,0.4966,8.5,8.5,8.5,8.5,8.4,8.2
41.64889,-0.895435,80359261,Delicias,main_street,0.5649,0.9422,0.997,0.514,0.5666,0.5714,0.5663,0.551,0.5079,8.5,8.6,8.6,8.5,8.4,8.3
41.648852,-0.895138,80359261,Delicias,main_street,0.5801,0.9422,0.997,0.5304,0.58,0.5856,0.5801,0.5681,0.5267,8.7,8.7,8.7,8.6,8.6,8.4
41.648814,-0.894842,80359261,Delicias,main_street,0.5897,0.9422,0.9972,0.5842,0.5912,0.5971,0.5912,0.5794,0.5399,8.8,8.8,8.9,8.8,8.8,8.5
41.648776,-0.894545,80359261,Delicias,main_street,0.5958,0.9422,0.9973,0.642,0.5968,0.6039,0.5968,0.5842,0.538,9,9,9,9,8.9,8.6
41.634909,-0.904376,80359576,Universidad,side_street,0.1273,0.1249,0.3477,0.0206,0.1642,0.1205,0.1228,0.0878,0.142,1.7,1.9,1.6,1.7,1.5,1.7
41.63469,-0.904445,80359576,Universidad,side_street,0.1162,0.2865,0.3484,0.0377,0.1491,0.1094,0.1132,0.0841,0.1385,2.3,2.4,2.3,2.3,2.2,2.4
41.641469,-0.885039,80364028,Centro,secondary_street,0.7647,0.5158,0.6855,0.9087,0.7711,0.7518,0.7747,0.7411,0.6813,7.4,7.5,7.4,7.5,7.2,6.9
41.641244,-0.885046,80364028,Centro,secondary_street,0.7542,0.4922,0.6815,0.904,0.7583,0.7441,0.7643,0.736,0.681,7.2,7.2,7.1,7.3,7.1,6.8
41.641019,-0.885052,80364028,Centro,secondary_street,0.7449,0.4922,0.68,0.8912,0.7493,0.7373,0.7544,0.7282,0.6772,7.1,7.1,7,7.2,7,6.7
41.640795,-0.885059,80364028,Centro,secondary_street,0.737,0.4922,0.6781,0.8923,0.7432,0.7313,0.7459,0.7212,0.6747,7,7.1,7,7.1,6.9,6.7
41.64057,-0.885065,80364028,Centro,secondary_street,0.7251,0.4922,0.6781,0.9064,0.7319,0.7237,0.7318,0.712,0.6711,7,7,7,7,6.9,6.7
41.642982,-0.8847,80364034,Centro,side_street,0.8091,0.2971,0.7263,0.6634,0.816,0.794,0.8207,0.7757,0.6884,6.4,6.4,6.3,6.5,6.2,5.7
41.642758,-0.884732,80364034,Centro,side_street,0.8023,0.2971,0.7144,0.7609,0.8092,0.7889,0.814,0.7726,0.685,6.5,6.5,6.4,6.5,6.3,5.8
41.642535,-0.884764,80364034,Centro,side_street,0.7945,0.3005,0.7094,0.7931,0.7993,0.7797,0.8055,0.7667,0.6844,6.5,6.5,6.4,6.5,6.3,5.9
41.642311,-0.884796,80364034,Centro,side_street,0.7897,0.3005,0.7043,0.8348,0.7947,0.7733,0.8,0.762,0.6822,6.5,6.5,6.4,6.5,6.3,5.9
41.642087,-0.884827,80364034,Centro,side_street,0.7846,0.3005,0.694,0.8684,0.7899,0.7674,0.7958,0.7571,0.6806,6.5,6.5,6.4,6.5,6.3,5.9
41.641864,-0.884863,80364034,Centro,side_street,0.7793,0.3362,0.6898,0.8807,0.7841,0.7629,0.79,0.7528,0.6809,6.6,6.6,6.5,6.7,6.5,6
41.640036,-0.886936,80364036,Universidad,side_street,0.6904,0.8424,0.3973,0.9168,0.6953,0.6969,0.7,0.6769,0.6618,7.6,7.6,7.7,7.6,7.5,7.4
41.640235,-0.887078,80364036,Universidad,side_street,0.6973,0.8298,0.4031,0.9141,0.7012,0.702,0.7039,0.6882,0.6727,7.6,7.6,7.6,7.6,7.6,7.4
41.640433,-0.887219,80364036,Universidad,side_street,0.6995,0.8298,0.4052,0.9091,0.7041,0.7041,0.7045,0.6901,0.6726,7.6,7.6,7.7,7.6,7.6,7.4
41.640632,-0.88736,80364036,Universidad,side_street,0.7031,0.8298,0.4068,0.898,0.7096,0.7075,0.706,0.6911,0.6738,7.6,7.7,7.7,7.6,7.6,7.4
41.64083,-0.887502,80364036,Universidad,side_street,0.7107,0.831,0.41,0.8772,0.7234,0.7178,0.712,0.6943,0.6721,7.6,7.7,7.7,7.6,7.6,7.4
41.641429,-0.887918,80364036,Universidad,side_street,0.7448,0.9337,0.4276,0.8465,0.7575,0.7432,0.7469,0.7191,0.7015,8.4,8.5,8.4,8.4,8.2,8.2
41.641633,-0.888042,80364036,Universidad,side_street,0.7578,0.9137,0.4316,0.8274,0.7725,0.7551,0.7583,0.7289,0.7096,8.4,8.5,8.3,8.4,8.2,8.1
41.635884,-0.878816,80468750,"San José",side_street,0.6333,0.8657,0.4833,0.5993,0.6345,0.6136,0.6627,0.6073,0.4356,7.1,7.1,6.9,7.3,6.9,5.9
41.635727,-0.8786,80468750,"San José",side_street,0.6416,0.8657,0.4805,0.6295,0.6422,0.6194,0.6723,0.616,0.4531,7.2,7.2,7,7.4,7,6.1
41.635571,-0.878385,80468750,"San José",side_street,0.6378,0.8657,0.4805,0.594,0.6369,0.6177,0.6638,0.6132,0.462,7.1,7.1,7,7.3,6.9,6.1
41.635414,-0.878169,80468750,"San José",side_street,0.6299,0.8657,0.4805,0.5817,0.6331,0.6128,0.6473,0.6063,0.4638,7,7,6.9,7.1,6.9,6
41.635257,-0.877953,80468750,"San José",side_street,0.6186,0.8657,0.4805,0.5945,0.6213,0.6032,0.6295,0.591,0.4538,7,6.9,6.9,7,6.8,6
41.635101,-0.877737,80468750,"San José",side_street,0.6047,0.8667,0.4773,0.517,0.606,0.5878,0.6102,0.5735,0.4428,6.7,6.7,6.6,6.8,6.6,5.8
41.634944,-0.877521,80468750,"San José",side_street,0.5822,0.8162,0.4741,0.4956,0.5838,0.5691,0.5875,0.5503,0.422,6.4,6.4,6.3,6.4,6.2,5.5
41.634789,-0.877303,80468750,"San José",side_street,0.5543,0.8162,0.4773,0.4668,0.5547,0.5399,0.5581,0.5252,0.4005,6.2,6.2,6.1,6.2,6,5.3
41.63687,-0.877561,80468752,"San José",side_street,0.6434,0.2667,0.4741,0.7213,0.6556,0.6374,0.6586,0.6173,0.5284,4.9,4.9,4.9,5,4.8,4.4
41.636743,-0.877313,80468752,"San José",side_street,0.6337,0.2138,0.4741,0.697,0.6454,0.6302,0.6436,0.6081,0.5171,4.7,4.7,4.7,4.7,4.6,4.3
41.63573,-0.875324,80468752,"San José",side_street,0.4911,0.2138,0.4705,0.2383,0.4929,0.4729,0.5058,0.4617,0.3561,3.8,3.8,3.8,3.9,3.7,3.4
41.635604,-0.875075,80468752,"San José",side_street,0.4678,0.2547,0.4705,0.1256,0.4685,0.4457,0.4856,0.4406,0.3298,3.8,3.7,3.7,3.8,3.7,3.3
41.637401,-0.877102,80468759,"San José",main_street,0.6381,0.9963,0.4705,0.7554,0.658,0.6371,0.6443,0.6015,0.5161,8,8.1,8,8.1,7.8,7.2
41.640137,-0.882161,80468764,"San José",main_street,0.5677,0.5023,0.5249,0.5687,0.569,0.5527,0.5813,0.5438,0.4248,5.3,5.3,5.2,5.3,5.1,4.6
41.640006,-0.881917,80468764,"San José",main_street,0.5554,0.4992,0.5204,0.5096,0.5571,0.5386,0.5667,0.5247,0.4032,5.1,5.1,5,5.2,5,4.5
41.639875,-0.881673,80468764,"San José",main_street,0.544,0.4992,0.5191,0.3865,0.5499,0.5263,0.555,0.5027,0.3868,4.9,5,4.9,5,4.8,4.3
41.639746,-0.881426,80468764,"San José",main_street,0.5328,0.6673,0.5154,0.3516,0.5414,0.5119,0.5387,0.4804,0.3715,5.4,5.5,5.3,5.5,5.1,4.7
41.639623,-0.881175,80468764,"San José",main_street,0.527,0.6664,0.5133,0.329,0.538,0.5085,0.529,0.472,0.3756,5.3,5.4,5.2,5.4,5.1,4.7
41.6395,-0.880923,80468764,"San José",main_street,0.5324,0.6664,0.5133,0.3207,0.5464,0.5184,0.528,0.4709,0.3807,5.4,5.5,5.3,5.3,5.1,4.7
41.639375,-0.880673,80468764,"San José",main_street,0.54,0.2688,0.5109,0.2863,0.5581,0.5311,0.5314,0.4713,0.3847,4.2,4.3,4.2,4.2,4,3.7
41.639249,-0.880423,80468764,"San José",main_street,0.5512,0.2588,0.5086,0.356,0.5719,0.5449,0.538,0.4727,0.3874,4.3,4.3,4.2,4.2,4,3.7
41.639122,-0.880175,80468764,"San José",main_street,0.5632,0.2588,0.5055,0.3967,0.5889,0.562,0.5466,0.4816,0.3997,4.3,4.4,4.3,4.3,4.1,3.8
41.638995,-0.879927,80468764,"San José",main_street,0.577,0.2588,0.5035,0.4857,0.6016,0.5752,0.5572,0.4958,0.4172,4.5,4.6,4.4,4.4,4.2,3.9
41.638867,-0.879679,80468764,"San José",main_street,0.5777,0.2588,0.4989,0.5466,0.6008,0.5753,0.5602,0.5037,0.4306,4.5,4.6,4.5,4.4,4.2,4
41.63874,-0.879431,80468764,"San José",main_street,0.5806,0.2588,0.4947,0.5711,0.6005,0.5783,0.5685,0.5192,0.4473,4.5,4.6,4.5,4.5,4.3,4.1
41.638485,-0.875709,80468773,"San José",main_street,0.5449,0.974,0.4877,0.7877,0.5564,0.5382,0.5452,0.5001,0.4377,7.4,7.5,7.4,7.4,7,6.7
41.638322,-0.875915,80468773,Centro,main_street,0.5551,0.9742,0.6641,0.7781,0.567,0.5497,0.5568,0.5124,0.4397,8,8.1,8,8,7.8,7.3
41.638158,-0.876122,80468773,Centro,main_street,0.5688,0.9742,0.6648,0.8094,0.5821,0.568,0.5732,0.5302,0.4512,8.2,8.3,8.2,8.2,7.9,7.4
41.636624,-0.878089,80468777,"San José",main_street,0.6406,0.9729,0.4773,0.6988,0.6497,0.631,0.6608,0.6148,0.5023,7.8,7.9,7.8,7.9,7.7,6.9
41.636461,-0.878296,80468777,"San José",main_street,0.6382,0.9692,0.4805,0.6678,0.6444,0.6252,0.6601,0.6097,0.4775,7.7,7.8,7.7,7.9,7.6,6.7
41.636261,-0.874631,80468783,"San José",main_street,0.4706,0.8277,0.4609,0.267,0.4733,0.4539,0.4869,0.4433,0.3539,5.5,5.5,5.4,5.6,5.3,4.9
41.636134,-0.874383,80468783,"San José",main_street,0.4415,0.8075,0.4558,0.1422,0.4435,0.4258,0.4583,0.4172,0.3243,5.1,5.1,5,5.2,5,4.6
41.635362,-0.879691,80468784,"San José",main_street,0.5562,0.99,0.4852,0.6731,0.5527,0.5365,0.575,0.5369,0.3843,7.3,7.3,7.2,7.5,7.2,6.3
41.635199,-0.879898,80468784,"San José",main_street,0.525,0.99,0.4852,0.6447,0.5188,0.5004,0.5454,0.5081,0.3697,7.1,7,6.9,7.2,6.9,6.1
41.635036,-0.880106,80468784,"San José",main_street,0.4835,0.9832,0.4863,0.6603,0.4771,0.4616,0.5064,0.4665,0.3438,6.8,6.7,6.7,6.9,6.7,6
41.638563,-0.879088,80468786,"San José",main_street,0.5904,0.4039,0.4877,0.565,0.608,0.5883,0.5827,0.5404,0.474,5,5,5,4.9,4.7,4.5
41.638437,-0.87884,80468786,"San José",main_street,0.5953,0.3889,0.4895,0.5615,0.6112,0.5934,0.5913,0.5472,0.478,4.9,5,4.9,4.9,4.7,4.5
41.63831,-0.878591,80468786,"San José",main_street,0.5985,0.3889,0.4895,0.5715,0.6125,0.595,0.596,0.5524,0.4792,5,5,4.9,4.9,4.8,4.5
41.638183,-0.878343,80468786,"San José",main_street,0.6043,0.3889,0.4877,0.6254,0.6173,0.6002,0.6053,0.5613,0.4826,5,5.1,5,5,4.8,4.5
41.638056,-0.878095,80468786,"San José",main_street,0.6138,0.3889,0.4852,0.6874,0.6273,0.6104,0.6184,0.5726,0.4888,5.1,5.2,5.1,5.1,4.9,4.6
41.637929,-0.877846,80468786,"San José",main_street,0.6258,0.3889,0.4852,0.723,0.6443,0.6245,0.6337,0.5856,0.4996,5.2,5.3,5.2,5.3,5,4.7
41.637795,-0.877606,80468786,"San José",main_street,0.636,0.4271,0.4833,0.7605,0.6566,0.6343,0.6466,0.596,0.5099,5.5,5.6,5.5,5.5,5.2,4.9
41.64073,-0.892348,80474852,Universidad,side_street,0.7908,0.2017,0.4052,0.6864,0.7931,0.7838,0.7867,0.7883,0.8126,5.1,5.1,5.1,5.1,5.1,5.2
41.640942,-0.892248,80474852,Universidad,side_street,0.8079,0.2257,0.4134,0.714,0.8113,0.7993,0.8058,0.8092,0.825,5.3,5.4,5.3,5.3,5.3,5.4
41.63791,-0.868912,80664351,"San José",side_street,0.1994,0.8082,0.4471,0.1569,0.206,0.1853,0.2051,0.1547,0.1214,4.2,4.2,4.2,4.2,4,3.9
41.646294,-0.874415,80716109,"San José",side_street,0.7,0.5868,0.5282,0.8496,0.7193,0.708,0.6837,0.6737,0.7056,6.7,6.8,6.8,6.6,6.6,6.8
41.645917,-0.868528,80717130,"Las Fuentes",main_street,0.3354,0.9036,0.2379,0.6032,0.3414,0.3338,0.3301,0.3215,0.3047,5,5,5,5,4.9,4.8
41.65677,-0.882564,80728205,"Casco Histórico",side_street,0.7356,0.8707,0.5757,0.9594,0.7034,0.7578,0.7333,0.7942,0.8734,8.6,8.5,8.8,8.6,9.1,9.4
41.656362,-0.883667,80728207,"Casco Histórico",square,0.726,0.2316,0.5786,0.9228,0.7036,0.7504,0.7189,0.7733,0.8467,5.6,5.5,5.7,5.6,5.9,6.3
41.656307,-0.883375,80728207,"Casco Histórico",square,0.7503,0.2316,0.5857,0.9313,0.7366,0.774,0.7479,0.7956,0.8663,5.8,5.7,5.9,5.8,6,6.4
41.656252,-0.883083,80728207,"Casco Histórico",square,0.7712,0.1504,0.5865,0.9332,0.7552,0.7921,0.767,0.8167,0.8833,5.6,5.5,5.7,5.6,5.8,6.2
41.656653,-0.882768,80728209,"Casco Histórico",square,0.7424,0.1882,0.5786,0.9457,0.7209,0.7644,0.7408,0.7972,0.8728,5.6,5.5,5.7,5.6,5.8,6.3
41.656711,-0.883059,80728209,"Casco Histórico",square,0.7224,0.1882,0.5714,0.9377,0.6891,0.7467,0.7161,0.7778,0.8577,5.4,5.3,5.6,5.4,5.7,6.2
41.656769,-0.88335,80728209,"Casco Histórico",square,0.6908,0.1882,0.57,0.9247,0.6543,0.728,0.6899,0.7535,0.8311,5.3,5.1,5.5,5.2,5.6,6
41.656827,-0.883641,80728209,"Casco Histórico",square,0.6508,0.1882,0.5687,0.9132,0.6215,0.6977,0.6449,0.7294,0.8072,5.1,5,5.3,5,5.4,5.8
41.655562,-0.883337,80728212,"Casco Histórico",side_street,0.8219,0.996,0.6033,0.9425,0.8132,0.8424,0.8185,0.8673,0.9148,9.6,9.6,9.7,9.6,9.8,9.9
41.655004,-0.892619,80728651,"Casco Histórico",side_street,0.3453,0.7819,0.551,0.8662,0.3525,0.3625,0.3392,0.3448,0.3826,5.7,5.7,5.7,5.6,5.6,5.8
41.649244,-0.875156,80733756,"Casco Histórico",main_street,0.7384,0.9319,0.6274,0.7427,0.7174,0.7571,0.7193,0.7938,0.8748,8.8,8.7,8.9,8.6,9.1,9.5
41.649327,-0.875436,80733756,"Casco Histórico",main_street,0.7554,0.9343,0.6404,0.7514,0.7388,0.775,0.7411,0.8125,0.8885,9,8.9,9.1,8.9,9.3,9.6
41.655855,-0.893773,80784908,Delicias,main_street,0.3988,0.7063,0.9616,0.8915,0.4098,0.4155,0.3941,0.3828,0.4196,6.8,6.9,6.9,6.8,6.7,7
41.653457,-0.910081,80852535,Delicias,main_street,0.3956,0.9867,0.8891,0.5811,0.4067,0.3922,0.3923,0.3643,0.3369,7.4,7.5,7.5,7.4,7.2,7
41.652491,-0.91055,80852538,Delicias,main_street,0.5526,0.9455,0.8891,0.7226,0.5577,0.5461,0.5462,0.537,0.5257,8.5,8.5,8.4,8.5,8.4,8.4
41.652276,-0.910465,80852538,Delicias,main_street,0.5813,0.9455,0.8995,0.7564,0.5871,0.575,0.5759,0.5646,0.5497,8.7,8.8,8.7,8.7,8.6,8.6
41.653697,-0.910094,80852540,Delicias,main_street,0.3664,0.8188,0.8796,0.635,0.384,0.3672,0.3574,0.3327,0.3125,6.5,6.6,6.5,6.5,6.3,6.2
41.653488,-0.910203,80852540,Delicias,main_street,0.3934,0.8205,0.8891,0.6114,0.4042,0.3906,0.3895,0.3621,0.3362,6.7,6.7,6.6,6.6,6.5,6.3
41.646471,-0.869106,81353363,"Las Fuentes",main_street,0.3609,0.9828,0.2392,0.7732,0.3649,0.356,0.3503,0.3413,0.3253,5.6,5.6,5.6,5.5,5.5,5.4
41.651509,-0.876384,82307187,"Casco Histórico",side_street,0.91,0.9768,0.6274,0.4715,0.8899,0.9398,0.899,0.9493,0.9563,9.5,9.4,9.6,9.5,9.7,9.7
41.655352,-0.874123,82489617,"Casco Histórico",main_street,0.5639,0.6225,0.5603,0.4226,0.5271,0.617,0.568,0.654,0.7499,5.6,5.4,5.9,5.6,6.1,6.7
41.65129,-0.910054,82489989,Delicias,main_street,0.6227,0.8838,0.9234,0.5982,0.6262,0.6138,0.6225,0.6191,0.6083,8.5,8.6,8.5,8.5,8.5,8.5
41.651076,-0.909962,82489989,Delicias,main_street,0.6244,0.7554,0.9234,0.5242,0.6296,0.6159,0.6248,0.6193,0.6078,7.8,7.8,7.8,7.8,7.8,7.8
41.650863,-0.909869,82489989,Delicias,main_street,0.6215,0.7554,0.9358,0.4457,0.6279,0.6126,0.622,0.6125,0.601,7.7,7.7,7.7,7.7,7.7,7.6
41.650649,-0.909777,82489989,Delicias,main_street,0.6187,0.7626,0.9358,0.3708,0.6252,0.6099,0.62,0.6091,0.6018,7.6,7.6,7.6,7.6,7.6,7.5
41.650437,-0.909675,82489989,Delicias,main_street,0.6139,0.8238,0.946,0.2241,0.6187,0.6029,0.6125,0.6002,0.5944,7.7,7.7,7.6,7.6,7.6,7.6
41.650224,-0.909578,82489989,Delicias,main_street,0.606,0.8238,0.946,0.1434,0.6118,0.5943,0.6046,0.5892,0.5903,7.5,7.5,7.4,7.5,7.4,7.4
41.650764,-0.909686,82490028,Delicias,main_street,0.6092,0.7453,0.911,0.365,0.6132,0.5989,0.6061,0.5971,0.5914,7.4,7.4,7.3,7.4,7.3,7.3
41.650977,-0.909782,82490028,Delicias,main_street,0.6111,0.7431,0.9234,0.4808,0.6152,0.6016,0.6098,0.6022,0.5919,7.6,7.6,7.6,7.6,7.6,7.5
41.65119,-0.909878,82490028,Delicias,main_street,0.6131,0.7431,0.9234,0.5581,0.6157,0.6033,0.6115,0.6059,0.5948,7.7,7.8,7.7,7.7,7.7,7.6
41.651403,-0.909972,82490028,Delicias,main_street,0.6122,0.7674,0.911,0.6326,0.6143,0.6022,0.6099,0.607,0.5978,7.9,8,7.9,7.9,7.9,7.9
41.651617,-0.910065,82490028,Delicias,main_street,0.609,0.8441,0.911,0.7005,0.6097,0.5979,0.6056,0.6023,0.589,8.4,8.4,8.3,8.4,8.3,8.3
41.651832,-0.910155,82490028,Delicias,main_street,0.6057,0.8127,0.9234,0.7835,0.6073,0.5954,0.602,0.5948,0.5827,8.4,8.4,8.3,8.4,8.3,8.3
41.652047,-0.91024,82490028,Delicias,main_street,0.5933,0.8395,0.9234,0.7915,0.5964,0.5834,0.5902,0.5798,0.5615,8.4,8.5,8.4,8.4,8.4,8.3
41.649465,-0.90909,82490044,Delicias,main_street,0.5079,0.8717,0.9358,0.0103,0.5122,0.4953,0.5113,0.5136,0.5377,6.8,6.8,6.7,6.8,6.9,7
41.649678,-0.909185,82490044,Delicias,main_street,0.5386,0.8742,0.946,0.0379,0.5408,0.5267,0.5408,0.5365,0.5499,7.1,7.1,7,7.1,7.1,7.2
41.636995,-0.877612,82490479,"San José",main_street,0.6467,0.9966,0.4741,0.7599,0.6612,0.6417,0.6635,0.6183,0.5305,8.1,8.2,8,8.2,7.9,7.3
41.636247,-0.878358,82490480,"San José",side_street,0.6422,0.3516,0.4805,0.6844,0.6484,0.6258,0.6692,0.6121,0.4644,5.1,5.2,5,5.2,5,4.4
41.63609,-0.878142,82490480,"San José",side_street,0.6417,0.3194,0.4773,0.6163,0.6471,0.6246,0.6672,0.6139,0.4707,4.9,5,4.9,5,4.8,4.3
41.637426,-0.876875,82490631,"San José",main_street,0.6297,0.5397,0.4705,0.7867,0.6505,0.6328,0.6343,0.5923,0.51,5.9,6,5.9,5.9,5.7,5.2
41.637299,-0.876626,82490631,"San José",main_street,0.6239,0.4823,0.4661,0.7394,0.6389,0.6265,0.6276,0.5866,0.5048,5.5,5.6,5.6,5.6,5.3,4.9
41.637171,-0.876379,82490631,"San José",main_street,0.6135,0.4823,0.4661,0.6614,0.6261,0.6132,0.6157,0.5759,0.491,5.4,5.5,5.4,5.4,5.2,4.8
41.637043,-0.876132,82490631,"San José",main_street,0.6002,0.4823,0.4661,0.6278,0.6111,0.5978,0.6018,0.5601,0.4661,5.3,5.3,5.3,5.3,5.1,4.7
41.636915,-0.875884,82490631,"San José",main_street,0.583,0.4823,0.4661,0.5657,0.5919,0.5801,0.5865,0.5452,0.4415,5.1,5.2,5.1,5.1,4.9,4.6
41.636787,-0.875637,82490631,"San José",main_street,0.5636,0.4823,0.4661,0.5382,0.5729,0.5598,0.5712,0.5295,0.4202,5,5.1,5,5.1,4.9,4.5
41.657568,-0.869517,82499371,"El Rabal",main_street,0.146,0.4214,0.3351,0.3599,0.1559,0.1597,0.133,0.1412,0.1685,3,3,3,2.9,3,3.1
41.657365,-0.869645,82499371,"El Rabal",main_street,0.1539,0.4042,0.3351,0.3916,0.1601,0.1672,0.1378,0.1466,0.1748,3,3,3.1,2.9,3,3.1
41.657161,-0.869773,82499371,"El Rabal",main_street,0.1519,0.3959,0.3374,0.3953,0.1594,0.169,0.136,0.147,0.1758,3,3,3.1,2.9,3,3.1
41.653187,-0.884368,82878127,Centro,secondary_street,0.8331,0.9917,0.7663,0.66,0.8335,0.8508,0.8233,0.8543,0.8838,9.7,9.7,9.8,9.7,9.8,9.9
41.653403,-0.884284,82878127,Centro,secondary_street,0.8366,0.9917,0.7638,0.6005,0.8356,0.853,0.8276,0.8601,0.8895,9.6,9.6,9.7,9.6,9.8,9.9
41.651856,-0.885402,82878128,"Casco Histórico",secondary_street,0.7988,0.9603,0.6584,0.1728,0.8031,0.8118,0.7923,0.8057,0.8358,8.5,8.5,8.6,8.5,8.5,8.8
41.652033,-0.885217,82878128,"Casco Histórico",secondary_street,0.805,0.9614,0.6591,0.2883,0.8102,0.8217,0.798,0.8149,0.8458,8.7,8.8,8.9,8.7,8.8,9
41.652758,-0.884606,82878129,"Casco Histórico",secondary_street,0.8212,0.6631,0.6606,0.6908,0.8233,0.839,0.8119,0.838,0.868,8.1,8.1,8.2,8,8.2,8.4
41.656977,-0.8935,82878457,"Casco Histórico",main_street,0.3809,0.9938,0.5423,0.8238,0.3908,0.3925,0.3821,0.3646,0.3598,6.6,6.7,6.7,6.6,6.5,6.6
41.6393,-0.880785,82898436,"San José",side_street,0.5391,0.5333,0.5109,0.2811,0.5561,0.5301,0.5312,0.4737,0.3882,4.9,5,4.9,4.9,4.6,4.3
41.639115,-0.880955,82898436,"San José",side_street,0.5352,0.5333,0.5086,0.2637,0.5503,0.524,0.5263,0.4722,0.3903,4.9,4.9,4.8,4.8,4.6,4.3
41.652881,-0.879385,82932473,"Casco Histórico",square,0.9993,0.9864,0.6501,0.3655,0.9952,0.9993,0.9994,0.9959,0.9925,9.8,9.8,9.8,9.8,9.8,9.8
41.652738,-0.879153,82932473,"Casco Histórico",square,0.9969,0.9869,0.6463,0.3527,0.9938,0.9966,0.9973,0.9935,0.9893,9.8,9.8,9.8,9.8,9.8,9.8
41.653233,-0.878598,82932477,"Casco Histórico",square,0.9962,0.9619,0.6326,0.1737,0.9905,0.996,0.9977,0.9965,0.9935,9.5,9.5,9.5,9.6,9.5,9.5
41.653348,-0.878856,82932477,"Casco Histórico",square,0.9979,0.9619,0.6337,0.1327,0.9915,0.9973,0.9986,0.9982,0.9953,9.5,9.5,9.5,9.5,9.5,9.5
41.672266,-0.871396,83010286,"El Rabal",main_street,0.1152,0.237,0.2822,0.3608,0.1648,0.1128,0.0854,0.056,0.0677,2.4,2.5,2.3,2.3,2.1,2.2
41.672041,-0.871403,83010286,"El Rabal",main_street,0.1115,0.3722,0.2822,0.3331,0.1612,0.1101,0.0774,0.0506,0.067,2.7,2.8,2.7,2.6,2.5,2.5
41.671816,-0.871411,83010286,"El Rabal",main_street,0.1077,0.2482,0.2737,0.3099,0.1577,0.1073,0.0728,0.0485,0.0698,2.3,2.5,2.3,2.1,2,2.1
41.671591,-0.871419,83010286,"El Rabal",main_street,0.103,0.2482,0.2822,0.2935,0.1545,0.1047,0.0678,0.044,0.069,2.3,2.5,2.3,2.1,2,2.1
41.671367,-0.871427,83010286,"El Rabal",main_street,0.0964,0.2482,0.2822,0.2835,0.1429,0.0992,0.063,0.0387,0.065,2.2,2.4,2.2,2.1,1.9,2
41.671142,-0.871436,83010286,"El Rabal",main_street,0.0818,0.2482,0.2822,0.2763,0.1112,0.083,0.0564,0.0308,0.0526,2.1,2.3,2.2,2,1.9,2
41.647749,-0.883571,83010408,Centro,main_street,0.9313,0.8927,0.8316,0.8745,0.934,0.9326,0.9402,0.9114,0.858,9.9,9.9,9.9,9.9,9.9,9.8
41.647961,-0.883043,83010408,Centro,main_street,0.9428,0.6412,0.8303,0.7029,0.9445,0.9423,0.9488,0.9241,0.8693,9.2,9.2,9.2,9.3,9.2,8.9
41.64797,-0.882744,83010408,Centro,main_street,0.9416,0.6355,0.8266,0.6169,0.9399,0.9412,0.9471,0.9257,0.8704,9.1,9.1,9.1,9.1,9,8.7
41.647955,-0.882444,83010408,Centro,main_street,0.9381,0.6569,0.8303,0.5626,0.9349,0.9395,0.9433,0.9261,0.8732,9.1,9.1,9.1,9.1,9.1,8.7
41.64792,-0.882148,83010408,Centro,main_street,0.9302,0.6224,0.8303,0.5218,0.9262,0.9327,0.9354,0.922,0.8725,8.9,8.8,8.9,8.9,8.8,8.5
41.647833,-0.88187,83010408,Centro,main_street,0.9209,0.614,0.8303,0.4945,0.9144,0.9217,0.9241,0.9161,0.8708,8.7,8.6,8.7,8.7,8.7,8.4
41.647736,-0.881599,83010408,Centro,main_street,0.9066,0.6078,0.8282,0.451,0.9042,0.9086,0.9093,0.91,0.8677,8.5,8.5,8.5,8.5,8.5,8.3
41.647634,-0.881331,83010408,Centro,main_street,0.8933,0.6107,0.8227,0.1239,0.8916,0.8943,0.8943,0.8978,0.8635,7.9,7.9,7.9,7.9,7.9,7.7
41.647408,-0.880811,83010408,Centro,main_street,0.873,0.6172,0.7998,0.069,0.87,0.8735,0.8711,0.8783,0.8556,7.6,7.6,7.6,7.6,7.7,7.5
41.647287,-0.880558,83010408,Centro,main_street,0.8575,0.8756,0.7966,0.0575,0.8575,0.8584,0.8568,0.8663,0.8485,8.7,8.7,8.7,8.7,8.8,8.7
41.647162,-0.880307,83010408,Centro,main_street,0.8441,0.8793,0.794,0.0724,0.8447,0.8448,0.8436,0.8539,0.8445,8.7,8.7,8.7,8.7,8.8,8.7
41.654555,-0.90096,83010511,Delicias,main_street,0.4479,0.9241,0.8891,0.2975,0.447,0.4593,0.4394,0.4689,0.5413,7,6.9,7.1,6.9,7.1,7.6
41.655204,-0.904597,83010512,"La Almozara",main_street,0.4324,0.8176,0.1733,0.3156,0.4332,0.4356,0.4247,0.4312,0.4674,4.7,4.7,4.7,4.7,4.7,4.8
41.655283,-0.905189,83010512,"La Almozara",main_street,0.4087,0.8026,0.1722,0.2393,0.4124,0.4104,0.4031,0.4028,0.4267,4.5,4.5,4.5,4.5,4.5,4.5
41.655322,-0.905485,83010512,"La Almozara",main_street,0.397,0.8026,0.1712,0.209,0.4009,0.3978,0.3926,0.3909,0.4077,4.4,4.4,4.4,4.4,4.4,4.5
41.654756,-0.888163,83017423,"Casco Histórico",side_street,0.4066,0.1379,0.5726,0.1018,0.4076,0.4357,0.4063,0.419,0.4853,3.4,3.4,3.5,3.4,3.4,3.7
41.654952,-0.888014,83017423,"Casco Histórico",side_street,0.4192,0.1379,0.5721,0.1201,0.42,0.4508,0.4194,0.4347,0.5085,3.4,3.5,3.6,3.4,3.5,3.7
41.63892,-0.907876,84573326,Universidad,secondary_street,0.2516,0.6694,0.3532,0.1499,0.2487,0.2551,0.2497,0.2689,0.3526,3.9,3.9,3.9,3.9,3.9,4.2
41.64078,-0.908943,84573326,Universidad,secondary_street,0.3501,0.6607,0.359,0.1118,0.3272,0.3445,0.3563,0.4026,0.4866,4.1,4.1,4.1,4.2,4.3,4.6
41.643882,-0.911736,84573815,Delicias,side_street,0.6023,0.1513,0.8796,0.1826,0.5991,0.594,0.6155,0.5993,0.5321,4.7,4.7,4.6,4.7,4.6,4.4
41.643665,-0.911815,84573815,Delicias,side_street,0.6078,0.1513,0.8699,0.1211,0.6043,0.5993,0.6204,0.6066,0.5441,4.6,4.6,4.6,4.7,4.6,4.4
41.643448,-0.911896,84573815,Delicias,side_street,0.6073,0.23,0.8699,0.0995,0.6037,0.5992,0.6196,0.6077,0.5514,4.8,4.8,4.8,4.9,4.8,4.6
41.643233,-0.911985,84573815,Delicias,side_street,0.5941,0.23,0.8561,0.1251,0.59,0.5876,0.6063,0.5957,0.5464,4.7,4.7,4.7,4.8,4.7,4.6
41.643019,-0.912074,84573815,Delicias,side_street,0.5763,0.1771,0.8447,0.1895,0.5709,0.5718,0.5885,0.5803,0.5384,4.6,4.6,4.6,4.6,4.6,4.4
41.646519,-0.913113,84622248,Delicias,secondary_street,0.503,0.7171,0.9741,0.5107,0.509,0.5,0.5204,0.4905,0.4364,6.9,7,6.9,7,6.9,6.6
41.646715,-0.913257,84622248,Delicias,secondary_street,0.5143,0.688,0.971,0.4474,0.5178,0.5114,0.5324,0.5068,0.4556,6.8,6.8,6.8,6.9,6.7,6.5
41.637614,-0.877046,84635214,Centro,main_street,0.6306,0.8731,0.6629,0.8021,0.6529,0.6324,0.6358,0.5899,0.5072,8.1,8.2,8.1,8.1,7.8,7.2
41.637744,-0.877291,84635214,Centro,main_street,0.6328,0.8601,0.6632,0.7904,0.654,0.6331,0.6419,0.5921,0.5068,8,8.1,8,8.1,7.7,7.1
41.637869,-0.877541,84635214,Centro,main_street,0.6292,0.8558,0.6632,0.7675,0.6499,0.6293,0.6388,0.5897,0.504,7.9,8,7.9,7.9,7.7,7.1
41.637998,-0.877787,84635214,Centro,main_street,0.6221,0.8558,0.6636,0.7224,0.6379,0.6198,0.6292,0.5811,0.4934,7.8,7.9,7.8,7.8,7.5,6.9
41.660863,-0.879513,84657654,"El Rabal",side_street,0.108,0.3686,0.3294,0.6225,0.096,0.1224,0.1067,0.1618,0.2648,2.9,2.9,3,2.9,3.2,3.6
41.661313,-0.879507,84657654,"El Rabal",side_street,0.0886,0.3686,0.327,0.5848,0.0859,0.0953,0.0875,0.1262,0.2298,2.8,2.8,2.9,2.8,3,3.4
41.661537,-0.879503,84657654,"El Rabal",side_street,0.0835,0.3686,0.3145,0.5688,0.078,0.088,0.0827,0.118,0.2145,2.8,2.8,2.8,2.8,2.9,3.3
41.666281,-0.870664,85771482,"El Rabal",main_street,0.042,0.4836,0.2822,0.3171,0.0519,0.0432,0.0329,0.0281,0.0774,2.7,2.7,2.7,2.7,2.7,2.8
41.666598,-0.873499,85771485,"El Rabal",main_street,0.0526,0.5668,0.2822,0.422,0.063,0.0506,0.0448,0.0317,0.0786,3,3,3,3,3,3.2
41.666605,-0.8738,85771485,"El Rabal",main_street,0.0493,0.5668,0.2822,0.4128,0.0585,0.0476,0.0424,0.0294,0.0712,3,3,3,3,3,3.1
41.666492,-0.87253,85773346,"El Rabal",main_street,0.0603,0.4595,0.2822,0.4744,0.0756,0.0625,0.0558,0.0384,0.0861,2.8,2.9,2.8,2.8,2.8,2.9
41.666486,-0.872229,85773346,"El Rabal",main_street,0.0595,0.4595,0.2737,0.4577,0.0739,0.0623,0.0544,0.0372,0.0839,2.8,2.8,2.8,2.8,2.7,2.9
41.651236,-0.873754,87009765,"Casco Histórico",square,0.7165,0.9562,0.5851,0.5033,0.6642,0.7422,0.7053,0.7877,0.8679,8.3,7.9,8.4,8.2,8.7,9.2
41.651025,-0.873859,87009765,"Casco Histórico",square,0.7193,0.9562,0.5857,0.5138,0.6669,0.7451,0.7072,0.792,0.8745,8.3,8,8.4,8.3,8.8,9.3
41.650816,-0.873967,87009765,"Casco Histórico",square,0.7195,0.9334,0.5885,0.5551,0.6661,0.7453,0.7062,0.7947,0.8773,8.3,7.9,8.4,8.2,8.7,9.3
41.650614,-0.874099,87009765,"Casco Histórico",square,0.7264,0.9334,0.5897,0.5459,0.6774,0.752,0.7114,0.8037,0.8861,8.3,8,8.4,8.2,8.8,9.3
41.650418,-0.874248,87009765,"Casco Histórico",square,0.7326,0.9377,0.6094,0.5103,0.6889,0.7581,0.7175,0.8113,0.8961,8.4,8.1,8.5,8.3,8.9,9.4
41.650222,-0.874394,87009765,"Casco Histórico",square,0.7401,0.9364,0.6135,0.5437,0.7,0.7638,0.7231,0.8173,0.9059,8.5,8.3,8.6,8.4,9,9.4
41.65002,-0.874527,87009765,"Casco Histórico",square,0.7465,0.9349,0.6135,0.6388,0.7134,0.7713,0.7289,0.825,0.9117,8.6,8.5,8.8,8.5,9.1,9.6
41.649818,-0.874657,87009765,"Casco Histórico",square,0.7493,0.9349,0.6189,0.6792,0.7224,0.7743,0.7326,0.8263,0.9125,8.7,8.6,8.9,8.6,9.2,9.6
41.649615,-0.874787,87009765,"Casco Histórico",square,0.7496,0.9349,0.6249,0.7044,0.7251,0.7737,0.7319,0.8228,0.9088,8.8,8.6,9,8.7,9.3,9.6
41.637686,-0.876527,89047434,"San José",side_street,0.6156,0.377,0.4741,0.7838,0.6328,0.6169,0.6179,0.5722,0.4936,5.2,5.3,5.2,5.2,5,4.7
41.63756,-0.876278,89047434,"San José",side_street,0.6063,0.377,0.4741,0.7596,0.6207,0.6061,0.6074,0.5637,0.4835,5.1,5.2,5.1,5.1,4.9,4.6
41.637434,-0.876029,89047434,"San José",side_street,0.5916,0.377,0.4741,0.7018,0.6056,0.5914,0.593,0.5489,0.4651,5,5.1,5,5,4.8,4.5
41.637183,-0.87553,89047434,"San José",side_street,0.5612,0.377,0.4741,0.6275,0.5736,0.5589,0.5656,0.5211,0.4231,4.8,4.9,4.8,4.8,4.6,4.3
41.637057,-0.875281,89047434,"San José",side_street,0.5393,0.377,0.4741,0.5873,0.5497,0.5338,0.5459,0.4996,0.4053,4.7,4.7,4.7,4.7,4.5,4.2
41.636931,-0.875031,89047434,"San José",side_street,0.515,0.377,0.4705,0.5134,0.526,0.5059,0.5259,0.4784,0.3852,4.5,4.6,4.5,4.6,4.4,4.1
41.636806,-0.874782,89047434,"San José",side_street,0.4936,0.377,0.4609,0.4541,0.5021,0.4802,0.5051,0.4583,0.3674,4.4,4.4,4.3,4.4,4.2,3.9
41.63806,-0.876248,89047441,Centro,main_street,0.5825,0.9842,0.6648,0.8159,0.595,0.5808,0.5842,0.541,0.4637,8.3,8.4,8.3,8.3,8.1,7.5
41.637899,-0.876457,89047441,"San José",main_street,0.602,0.9842,0.4833,0.8038,0.6164,0.6001,0.6027,0.5585,0.485,7.8,7.9,7.8,7.8,7.5,7
41.642841,-0.906168,89047445,Universidad,main_street,0.259,0.8457,0.359,0.6901,0.2607,0.2627,0.26,0.263,0.2856,4.8,4.8,4.8,4.8,4.8,4.9
41.651255,-0.868557,91971318,"Casco Histórico",side_street,0.2588,0.2456,0.5391,0.1683,0.2404,0.2739,0.2699,0.2941,0.3194,3.1,3.1,3.2,3.2,3.3,3.4
41.65141,-0.869121,91971318,"Casco Histórico",side_street,0.2746,0.2681,0.5412,0.2766,0.2576,0.2971,0.2879,0.3188,0.3592,3.4,3.3,3.5,3.4,3.5,3.7
41.645139,-0.871066,92692740,"Las Fuentes",main_street,0.5803,0.6173,0.2405,0.8434,0.5872,0.5849,0.565,0.568,0.5724,5.4,5.4,5.4,5.3,5.3,5.3
41.636804,-0.866829,92718566,"San José",main_street,0.07,0.4597,0.4442,0.226,0.076,0.0615,0.0793,0.0461,0.027,2.9,2.9,2.9,2.9,2.9,2.8
41.636975,-0.867022,92718566,"San José",main_street,0.081,0.5088,0.4445,0.2482,0.0886,0.0707,0.0928,0.0585,0.039,3.1,3.2,3.1,3.1,3.1,3
41.649538,-0.898573,92741228,Delicias,main_street,0.4296,0.8759,0.988,0.2814,0.4268,0.4316,0.4275,0.435,0.4401,6.9,6.9,6.9,6.9,7,7
41.643345,-0.896676,92741248,Universidad,main_street,0.7254,0.6897,0.3951,0.4962,0.7268,0.7306,0.7135,0.7412,0.794,6.4,6.4,6.4,6.3,6.5,6.9
41.648852,-0.900301,92741256,Delicias,main_street,0.417,0.5093,0.9807,0.3132,0.4199,0.419,0.4111,0.417,0.4471,5.4,5.4,5.4,5.3,5.4,5.5
41.648943,-0.900026,92741256,Delicias,main_street,0.4214,0.4896,0.9775,0.3286,0.4248,0.4267,0.4159,0.4244,0.4593,5.3,5.3,5.3,5.3,5.3,5.5
41.649034,-0.899751,92741256,Delicias,main_street,0.4258,0.4896,0.9807,0.3626,0.4265,0.4305,0.4203,0.4308,0.4645,5.4,5.4,5.4,5.4,5.4,5.6
41.649125,-0.899476,92741256,Delicias,main_street,0.4292,0.4972,0.9807,0.3735,0.4293,0.4337,0.4245,0.4341,0.4623,5.5,5.5,5.5,5.4,5.5,5.6
41.649206,-0.899196,92741256,Delicias,main_street,0.4333,0.5315,0.9807,0.3403,0.4315,0.4364,0.4281,0.4378,0.4617,5.6,5.6,5.6,5.5,5.6,5.7
41.656049,-0.892579,92741265,"Casco Histórico",secondary_street,0.3997,0.5312,0.5467,0.8209,0.4031,0.4093,0.4014,0.3951,0.4138,5,5,5,5,4.9,5
41.656104,-0.892871,92741265,"Casco Histórico",secondary_street,0.4025,0.5524,0.5457,0.8403,0.4073,0.4131,0.4028,0.397,0.4187,5,5.1,5.1,5.1,5,5.1
41.655231,-0.892425,92741275,"Casco Histórico",side_street,0.3655,0.4939,0.551,0.8529,0.3731,0.3787,0.3616,0.3636,0.3982,4.7,4.8,4.8,4.7,4.7,4.8
41.648542,-0.8941,92741279,Delicias,main_street,0.6238,0.7005,0.9988,0.6771,0.627,0.63,0.6272,0.6166,0.5738,8.1,8.1,8.1,8.1,8,7.8
41.646016,-0.868755,92741284,"Las Fuentes",main_street,0.3509,0.5261,0.2386,0.6283,0.354,0.3465,0.341,0.3318,0.3147,4.1,4.1,4,4,4,3.9
41.646032,-0.869357,92741284,"Las Fuentes",main_street,0.3971,0.7449,0.24,0.7769,0.4016,0.3905,0.3905,0.3775,0.3635,4.9,5,4.9,4.9,4.8,4.8
41.646038,-0.869657,92741284,"Las Fuentes",main_street,0.4161,0.7434,0.2414,0.7598,0.4209,0.4121,0.4091,0.3978,0.381,5,5,5,5,4.9,4.8
41.646042,-0.869958,92741284,"Las Fuentes",main_street,0.436,0.5208,0.2405,0.7589,0.4415,0.4365,0.4272,0.4203,0.4062,4.4,4.5,4.4,4.4,4.4,4.3
41.649232,-0.899129,92741299,Delicias,main_street,0.4336,0.9183,0.9807,0.3327,0.4316,0.436,0.4286,0.4373,0.4565,7.2,7.2,7.3,7.2,7.3,7.4
41.656161,-0.893622,92741361,"Casco Histórico",main_street,0.4062,0.9016,0.5436,0.8701,0.4161,0.4238,0.4021,0.3936,0.4247,6.5,6.5,6.6,6.4,6.4,6.6
41.649606,-0.898713,92741373,Delicias,main_street,0.4243,0.5049,0.988,0.2681,0.4228,0.4251,0.4227,0.4282,0.4337,5.3,5.3,5.3,5.3,5.4,5.3
41.649592,-0.899002,92741373,Delicias,main_street,0.4182,0.5389,0.9889,0.2698,0.4182,0.4183,0.4161,0.422,0.4292,5.5,5.5,5.4,5.4,5.4,5.5
41.649199,-0.89868,92741387,Delicias,main_street,0.444,0.8595,0.9847,0.3188,0.445,0.4479,0.4419,0.4505,0.4679,7,7,7,7,7,7.2
41.649453,-0.870972,92741389,"Casco Histórico",main_street,0.4142,0.6776,0.5582,0.5052,0.4014,0.431,0.4128,0.4479,0.5338,5.2,5.1,5.2,5.2,5.3,5.8
41.645585,-0.897927,92741393,Universidad,secondary_street,0.6128,0.6916,0.3875,0.351,0.6254,0.633,0.5943,0.6056,0.6453,5.6,5.7,5.7,5.5,5.5,5.8
41.655419,-0.876562,92879295,"Casco Histórico",side_street,0.8311,0.7335,0.5818,0.6696,0.7958,0.8621,0.8348,0.9204,0.9446,8.2,8,8.4,8.3,8.8,8.9
41.655071,-0.876858,92887708,"Casco Histórico",side_street,0.8964,0.7866,0.5914,0.5808,0.8557,0.9377,0.8967,0.9559,0.9672,8.7,8.5,9,8.7,9.1,9.2
41.654879,-0.877014,92887708,"Casco Histórico",side_street,0.9346,0.9524,0.5979,0.5215,0.8855,0.9531,0.9308,0.9679,0.9757,9.5,9.3,9.6,9.5,9.7,9.7
41.654687,-0.877171,92887708,"Casco Histórico",side_street,0.9577,0.8963,0.6005,0.4642,0.9097,0.9623,0.9592,0.9767,0.9821,9.4,9.2,9.4,9.4,9.5,9.5
41.654493,-0.877324,92887708,"Casco Histórico",side_street,0.9658,0.8913,0.6078,0.4194,0.9388,0.9705,0.9668,0.9832,0.988,9.4,9.2,9.4,9.4,9.4,9.5
41.654299,-0.877476,92887708,"Casco Histórico",side_street,0.9727,0.8908,0.6094,0.3899,0.964,0.977,0.9744,0.987,0.9914,9.4,9.3,9.4,9.4,9.4,9.5
41.655183,-0.878208,92887725,"Casco Histórico",square,0.946,0.6502,0.611,0.3205,0.8957,0.9552,0.9443,0.9717,0.9777,8.1,7.7,8.1,8.1,8.2,8.3
41.655292,-0.878471,92887725,"Casco Histórico",square,0.9388,0.6502,0.6078,0.2736,0.8902,0.9534,0.9374,0.9695,0.9765,7.9,7.6,8,7.9,8.1,8.2
41.657042,-0.881175,92887727,"Casco Histórico",side_street,0.7215,0.2287,0.5757,0.8775,0.662,0.748,0.7237,0.8017,0.8807,5.5,5.2,5.7,5.5,5.9,6.4
41.652566,-0.879232,92891906,"Casco Histórico",side_street,0.9966,0.9977,0.6501,0.3823,0.9943,0.9965,0.9967,0.9921,0.9869,9.8,9.8,9.8,9.8,9.8,9.8
41.652412,-0.879452,92891906,"Casco Histórico",side_street,0.9982,0.9977,0.6584,0.4408,0.9966,0.998,0.9972,0.9907,0.9852,9.9,9.8,9.9,9.9,9.9,9.9
41.653773,-0.877927,92891907,"Casco Histórico",side_street,0.9857,0.6319,0.6153,0.2828,0.978,0.9871,0.9874,0.9924,0.9928,8.2,8.2,8.2,8.2,8.2,8.3
41.653584,-0.878091,92891907,"Casco Histórico",side_street,0.9895,0.6467,0.6215,0.3263,0.9826,0.9904,0.9912,0.9941,0.9939,8.4,8.4,8.4,8.4,8.4,8.4
41.65228,-0.879643,92891917,"Casco Histórico",side_street,0.9983,0.997,0.6596,0.5023,0.9977,0.9986,0.9969,0.9886,0.9822,9.9,9.9,9.9,9.9,9.9,9.9
41.652131,-0.879868,92891917,"Casco Histórico",side_street,0.9973,0.997,0.6606,0.5742,0.9982,0.9979,0.9959,0.9857,0.9791,9.9,9.9,9.9,9.9,9.9,9.9
41.651966,-0.880068,92891917,"Casco Histórico",side_street,0.997,0.9967,0.662,0.6457,0.9987,0.9972,0.9951,0.9842,0.9758,9.9,9.9,9.9,9.9,9.9,10
41.653271,-0.878384,92891919,"Casco Histórico",side_street,0.9942,0.6675,0.6274,0.2357,0.9887,0.9946,0.9962,0.9958,0.9932,8.4,8.4,8.4,8.4,8.3,8.4
41.653085,-0.878554,92891919,"Casco Histórico",side_street,0.9951,0.9007,0.6326,0.1632,0.9901,0.9949,0.9965,0.9949,0.9921,9.3,9.3,9.3,9.3,9.3,9.3
41.652913,-0.878745,92891919,"Casco Histórico",side_street,0.996,0.8948,0.6349,0.2151,0.9919,0.9959,0.9975,0.9945,0.9902,9.4,9.3,9.3,9.3,9.4,9.4
41.652757,-0.878962,92891919,"Casco Histórico",side_street,0.9967,0.8948,0.6437,0.3243,0.9931,0.9963,0.9979,0.9936,0.989,9.5,9.5,9.5,9.5,9.5,9.5
41.657327,-0.883633,93052892,"Casco Histórico",side_street,0.5623,0.7589,0.5613,0.894,0.5386,0.6025,0.5594,0.6429,0.7622,6.8,6.7,7.1,6.8,7.4,8.2
41.654308,-0.886519,93181241,"Casco Histórico",side_street,0.5769,0.2373,0.5897,0.4627,0.5718,0.6186,0.5687,0.6145,0.7048,4.5,4.5,4.7,4.5,4.6,5
41.654265,-0.886223,93181241,"Casco Histórico",side_street,0.6145,0.2417,0.5993,0.5267,0.6102,0.6569,0.6039,0.6468,0.7343,4.8,4.8,4.9,4.7,4.9,5.2
41.655767,-0.885638,93181243,"Casco Histórico",square,0.5968,0.2573,0.57,0.6197,0.5866,0.6391,0.5916,0.645,0.7422,4.8,4.7,4.9,4.8,4.9,5.4
41.657871,-0.88202,100866625,"Casco Histórico",main_street,0.5301,0.3677,0.5544,0.9203,0.4799,0.5715,0.535,0.642,0.7732,5.1,4.9,5.3,5.1,5.6,6.4
41.644492,-0.891578,107693079,Centro,square,0.9337,0.1364,0.7312,0.9832,0.9394,0.9166,0.9334,0.9129,0.8867,6.9,6.9,6.8,6.9,6.8,6.7
41.64467,-0.891395,107693079,Centro,square,0.932,0.1364,0.7312,0.9734,0.9392,0.9156,0.9309,0.9083,0.877,6.9,6.9,6.8,6.9,6.7,6.6
41.644846,-0.891207,107693079,Centro,square,0.9261,0.2477,0.733,0.9585,0.9336,0.9104,0.9255,0.9015,0.8662,7.4,7.4,7.3,7.4,7.2,7
41.643916,-0.892136,107693081,Universidad,square,0.952,0.1633,0.4345,0.9997,0.9593,0.9374,0.9544,0.936,0.9206,6.3,6.3,6.2,6.3,6.2,6.1
41.643732,-0.892308,107693081,Universidad,square,0.9529,0.1633,0.4302,0.9972,0.9599,0.9371,0.956,0.9363,0.9194,6.3,6.3,6.2,6.3,6.2,6.1
41.643547,-0.892479,107693081,Universidad,square,0.9535,0.1633,0.4302,0.9921,0.9606,0.9373,0.9565,0.9354,0.9155,6.3,6.3,6.2,6.3,6.2,6.1
41.643363,-0.892651,107693081,Universidad,square,0.9505,0.1633,0.4288,0.9862,0.9562,0.932,0.9515,0.9333,0.911,6.2,6.3,6.1,6.2,6.2,6
41.643178,-0.892823,107693081,Universidad,square,0.9467,0.2243,0.4288,0.9781,0.9514,0.9269,0.9473,0.9309,0.9086,6.5,6.5,6.4,6.5,6.4,6.2
41.642994,-0.892997,107693081,Universidad,square,0.9398,0.4068,0.4302,0.9685,0.9374,0.918,0.9389,0.9281,0.908,7.3,7.3,7.1,7.3,7.2,7.1
41.64281,-0.893169,107693081,Universidad,square,0.9305,0.4068,0.4259,0.9733,0.9281,0.9091,0.9292,0.923,0.9047,7.2,7.2,7.1,7.2,7.1,7
41.642626,-0.893341,107693081,Universidad,square,0.9214,0.4068,0.4245,0.9703,0.917,0.9014,0.9207,0.9176,0.9028,7.1,7.1,7,7.1,7.1,7
41.642441,-0.893513,107693081,Universidad,square,0.9063,0.4068,0.4229,0.9676,0.9046,0.8901,0.905,0.912,0.8992,7,7,6.9,7,7,7
41.642257,-0.893685,107693081,Universidad,square,0.8957,0.4068,0.4193,0.9637,0.896,0.8813,0.8944,0.9033,0.8933,6.9,6.9,6.8,6.9,7,6.9
41.642072,-0.893857,107693081,Universidad,square,0.8884,0.4068,0.4157,0.9617,0.884,0.8721,0.8834,0.8956,0.894,6.8,6.8,6.8,6.8,6.9,6.9
41.644953,-0.890975,107693083,Centro,square,0.9231,0.1689,0.736,0.9416,0.9309,0.908,0.924,0.894,0.859,6.9,7,6.8,6.9,6.8,6.6
41.645269,-0.890178,107693083,Centro,square,0.9216,0.1743,0.747,0.8898,0.9356,0.9103,0.9238,0.8852,0.8419,6.9,7,6.8,6.9,6.7,6.5
41.645375,-0.889912,107693083,Centro,square,0.9235,0.1743,0.7489,0.8755,0.9397,0.9127,0.9244,0.883,0.8356,6.9,7,6.8,6.9,6.7,6.4
41.64548,-0.889647,107693083,Centro,square,0.924,0.1743,0.7539,0.8583,0.944,0.9137,0.9247,0.8789,0.8304,6.9,7,6.8,6.9,6.6,6.4
41.645585,-0.889381,107693083,Centro,square,0.92,0.3586,0.7539,0.8098,0.9432,0.9128,0.9221,0.8728,0.8265,7.7,7.9,7.7,7.7,7.4,7.1
41.64569,-0.889115,107693083,Centro,square,0.9196,0.3586,0.7501,0.7962,0.9463,0.9139,0.9214,0.8696,0.8235,7.7,7.8,7.7,7.7,7.3,7
41.645796,-0.888849,107693083,Centro,square,0.9189,0.3586,0.7581,0.8478,0.9486,0.9155,0.9206,0.8652,0.8202,7.8,8,7.8,7.8,7.4,7.1
41.645901,-0.888583,107693083,Centro,square,0.9166,0.3586,0.7539,0.8786,0.9487,0.9149,0.9173,0.8611,0.8168,7.8,8,7.8,7.8,7.4,7.1
41.646006,-0.888317,107693083,Centro,square,0.9183,0.2794,0.7617,0.931,0.9534,0.919,0.9204,0.8602,0.8187,7.5,7.8,7.6,7.5,7.1,6.9
41.646217,-0.887786,107693083,Centro,square,0.9118,0.2434,0.7833,0.9763,0.947,0.9141,0.9158,0.8581,0.8248,7.5,7.7,7.5,7.5,7.1,6.9
41.646322,-0.88752,107693083,Centro,square,0.9049,0.2434,0.7811,0.9853,0.936,0.9063,0.9101,0.852,0.8144,7.4,7.6,7.5,7.5,7.1,6.9
41.646428,-0.887254,107693083,Centro,square,0.8967,0.171,0.7833,0.9816,0.9235,0.8992,0.9035,0.8464,0.8067,7,7.2,7,7,6.7,6.5
41.646532,-0.886988,107693083,Centro,square,0.891,0.1126,0.7788,0.9808,0.912,0.8912,0.8968,0.8413,0.8017,6.7,6.8,6.7,6.7,6.4,6.2
41.646636,-0.886721,107693083,Centro,square,0.8834,0.1126,0.7788,0.9811,0.9019,0.8833,0.8905,0.8363,0.7965,6.6,6.7,6.6,6.7,6.4,6.1
41.64674,-0.886454,107693083,Centro,square,0.8782,0.1126,0.7788,0.9801,0.8961,0.877,0.8845,0.8338,0.7938,6.6,6.7,6.6,6.6,6.3,6.1
41.646845,-0.886188,107693083,Centro,square,0.8739,0.1126,0.774,0.9799,0.8917,0.8738,0.8807,0.8315,0.7914,6.6,6.7,6.6,6.6,6.3,6.1
41.641265,-0.894609,107693096,Universidad,square,0.8341,0.2937,0.401,0.9522,0.829,0.8257,0.8267,0.8591,0.9016,6,6,6,6,6.2,6.4
41.641914,-0.894019,107693102,Universidad,main_street,0.88,0.9463,0.41,0.9553,0.8724,0.8628,0.8725,0.8908,0.8968,9.3,9.3,9.2,9.3,9.4,9.4
41.643246,-0.893161,107693115,Universidad,secondary_street,0.9447,0.7042,0.4288,0.9746,0.9476,0.9265,0.9453,0.9319,0.9108,8.7,8.8,8.6,8.7,8.7,8.6
41.643375,-0.893407,107693115,Universidad,secondary_street,0.9406,0.6865,0.4276,0.9702,0.9418,0.9228,0.9392,0.9283,0.9101,8.6,8.6,8.5,8.6,8.5,8.5
41.643503,-0.893654,107693115,Universidad,secondary_street,0.9309,0.675,0.4267,0.9665,0.9315,0.9132,0.9281,0.9203,0.906,8.5,8.5,8.4,8.5,8.4,8.4
41.643629,-0.893904,107693115,Universidad,secondary_street,0.9185,0.6666,0.4288,0.9586,0.9204,0.9036,0.9135,0.9118,0.8988,8.4,8.4,8.3,8.4,8.3,8.3
41.643752,-0.894155,107693115,Universidad,secondary_street,0.9022,0.6197,0.4259,0.9477,0.9063,0.8933,0.8988,0.9004,0.8917,8.1,8.1,8,8,8.1,8.1
41.643876,-0.894407,107693115,Universidad,secondary_street,0.8903,0.6075,0.425,0.9254,0.8946,0.8802,0.8844,0.8871,0.8844,7.9,7.9,7.8,7.8,7.9,7.9
41.651615,-0.898459,108115918,Delicias,square,0.3125,0.0654,0.9741,0.1293,0.3105,0.318,0.312,0.312,0.2931,3.6,3.6,3.6,3.6,3.6,3.6
41.651549,-0.898749,108115928,Delicias,side_street,0.3265,0.4389,0.9741,0.1146,0.3301,0.3315,0.3252,0.3236,0.3136,4.6,4.6,4.6,4.6,4.5,4.5
41.651594,-0.898283,108115931,Delicias,main_street,0.3075,0.8007,0.9741,0.0801,0.3051,0.3118,0.3068,0.3078,0.2829,5.6,5.6,5.6,5.6,5.6,5.5
41.651378,-0.898367,108115931,Delicias,main_street,0.3154,0.8037,0.9807,0.1357,0.3122,0.3192,0.316,0.3171,0.2992,5.8,5.8,5.8,5.8,5.7,5.7
41.651157,-0.898449,108115950,Delicias,main_street,0.3229,0.619,0.9775,0.1365,0.3208,0.3249,0.3231,0.3257,0.3096,5.1,5.1,5.1,5.1,5.1,5
41.650725,-0.898615,108115950,Delicias,main_street,0.3433,0.6343,0.9741,0.0936,0.3402,0.3428,0.3453,0.3481,0.326,5.2,5.2,5.2,5.2,5.2,5.1
41.650509,-0.898698,108115950,Delicias,main_street,0.353,0.6773,0.9807,0.1207,0.3469,0.3512,0.3536,0.3575,0.3376,5.4,5.4,5.4,5.4,5.4,5.3
41.650293,-0.89878,108115950,Delicias,main_street,0.367,0.6773,0.9832,0.1495,0.3611,0.3626,0.3698,0.37,0.355,5.5,5.5,5.5,5.6,5.5,5.5
41.650077,-0.898863,108115950,Delicias,main_street,0.3843,0.6773,0.9864,0.182,0.382,0.3792,0.3868,0.3852,0.3722,5.7,5.7,5.7,5.7,5.7,5.6
41.64986,-0.898946,108115950,Delicias,main_street,0.4019,0.6773,0.988,0.222,0.399,0.3968,0.4005,0.4016,0.3956,5.9,5.9,5.8,5.9,5.8,5.8
41.649644,-0.899029,108115950,Delicias,main_street,0.4148,0.7036,0.9889,0.2629,0.4141,0.4135,0.4129,0.4189,0.4214,6.1,6.1,6.1,6.1,6.1,6.1
41.651387,-0.898759,108115952,Delicias,side_street,0.3253,0.1432,0.971,0.114,0.326,0.3291,0.3249,0.3265,0.3142,3.8,3.8,3.8,3.8,3.8,3.8
41.650617,-0.899856,108115952,Delicias,side_street,0.3673,0.3224,0.971,0.1015,0.3626,0.3655,0.3625,0.3749,0.3809,4.4,4.4,4.4,4.3,4.4,4.4
41.650143,-0.900497,108115952,Delicias,side_street,0.3722,0.5611,0.971,0.1449,0.3703,0.3735,0.3649,0.3848,0.4165,5.1,5.1,5.1,5.1,5.1,5.3
41.649989,-0.900717,108115952,Delicias,side_street,0.3698,0.5611,0.9741,0.1518,0.369,0.3724,0.3602,0.3811,0.42,5.1,5.1,5.1,5.1,5.1,5.3
41.64916,-0.897495,108115953,Delicias,main_street,0.4965,0.9412,0.9903,0.4067,0.4966,0.4956,0.4955,0.4941,0.487,7.9,7.9,7.9,7.9,7.9,7.9
41.645337,-0.890664,109249479,Centro,side_street,0.9283,0.6108,0.7452,0.9038,0.9429,0.9175,0.9303,0.8946,0.8523,9.1,9.2,9.1,9.1,8.9,8.6
41.645238,-0.892025,109330024,Centro,side_street,0.9395,0.1926,0.7247,0.9433,0.9521,0.9257,0.9368,0.9094,0.8711,7.1,7.2,7,7.1,6.9,6.7
41.645054,-0.892198,109330024,Centro,side_street,0.9438,0.1926,0.7224,0.9613,0.956,0.9298,0.9418,0.9137,0.88,7.2,7.3,7.1,7.2,7,6.8
41.644869,-0.892369,109330024,Centro,side_street,0.9486,0.2326,0.7224,0.9716,0.9587,0.935,0.9446,0.9194,0.8901,7.5,7.5,7.4,7.4,7.2,7.1
41.646336,-0.885596,111165955,Centro,main_street,0.866,0.802,0.7788,0.9568,0.8769,0.8573,0.8787,0.8296,0.7742,9.6,9.6,9.6,9.6,9.4,9.2
41.64282,-0.886967,111165958,Centro,side_street,0.8072,0.3802,0.7291,0.8065,0.819,0.7972,0.8149,0.773,0.7205,7,7,6.9,7,6.8,6.5
41.642915,-0.887239,111165958,Centro,side_street,0.8161,0.3802,0.7348,0.7431,0.827,0.8041,0.8228,0.7809,0.7347,6.9,7,6.9,7,6.7,6.5
41.643009,-0.887512,111165958,Centro,side_street,0.8265,0.3802,0.736,0.6765,0.8409,0.816,0.8338,0.7882,0.7441,6.9,7,6.8,7,6.7,6.4
41.643104,-0.887785,111165958,Centro,side_street,0.8314,0.3802,0.7387,0.6287,0.8461,0.8224,0.8389,0.7958,0.7542,6.9,6.9,6.8,6.9,6.7,6.4
41.643199,-0.888058,111165958,Centro,side_street,0.8386,0.3802,0.7387,0.6577,0.8518,0.8297,0.8443,0.8048,0.7648,7,7,6.9,7,6.8,6.6
41.644534,-0.885973,111165961,Centro,main_street,0.8577,0.7952,0.7719,0.7896,0.8704,0.8413,0.8704,0.8139,0.7359,9.3,9.4,9.3,9.4,9.2,8.7
41.644311,-0.886008,111165961,Centro,main_street,0.853,0.7952,0.7663,0.8072,0.8645,0.8378,0.8646,0.8102,0.7362,9.3,9.4,9.3,9.4,9.1,8.7
41.644088,-0.886043,111165961,Centro,main_street,0.8475,0.7952,0.7598,0.8344,0.8587,0.8331,0.8587,0.8053,0.7289,9.3,9.4,9.2,9.4,9.1,8.7
41.643864,-0.886077,111165961,Centro,main_street,0.8399,0.7144,0.7539,0.8157,0.8508,0.8242,0.8512,0.7976,0.7234,9,9,8.8,9,8.6,8.2
41.643641,-0.886111,111165961,Centro,main_street,0.8308,0.7169,0.747,0.7713,0.8427,0.817,0.8441,0.7906,0.7199,8.8,8.9,8.7,8.9,8.5,8.2
41.643417,-0.886143,111165961,Centro,main_street,0.8207,0.7212,0.7401,0.7778,0.832,0.8062,0.8324,0.7836,0.7147,8.7,8.8,8.6,8.8,8.5,8.1
41.643194,-0.886179,111165961,Centro,main_street,0.8143,0.7257,0.736,0.802,0.8235,0.8009,0.8242,0.7774,0.7111,8.7,8.8,8.6,8.8,8.5,8.2
41.642524,-0.886285,111165961,Centro,main_street,0.7962,0.9206,0.7073,0.8821,0.8053,0.785,0.8034,0.7612,0.6983,9.5,9.5,9.4,9.5,9.3,9
41.638641,-0.881276,111165966,"San José",side_street,0.5003,0.6629,0.5055,0.2412,0.5138,0.4864,0.5,0.4546,0.3783,5.1,5.2,5,5.1,4.9,4.6
41.638438,-0.881149,111165966,"San José",side_street,0.4948,0.6629,0.5018,0.2244,0.5088,0.4825,0.4936,0.4498,0.3748,5,5.1,5,5,4.8,4.6
41.638298,-0.880917,111165966,"San José",side_street,0.4952,0.6648,0.4989,0.2619,0.5116,0.484,0.4924,0.4471,0.3713,5.1,5.2,5,5.1,4.9,4.6
41.637952,-0.880149,111165966,"San José",side_street,0.5239,0.716,0.4965,0.338,0.5372,0.5172,0.5208,0.4764,0.3968,5.5,5.6,5.5,5.5,5.2,4.9
41.659844,-0.902775,111286607,"La Almozara",secondary_street,0.0885,0.8599,0.1539,0.6006,0.0926,0.0924,0.0848,0.09,0.1316,3.9,3.9,3.9,3.9,3.9,4
41.65965,-0.902927,111286607,"La Almozara",secondary_street,0.088,0.8599,0.1539,0.5072,0.0899,0.092,0.0851,0.093,0.1313,3.8,3.8,3.8,3.8,3.8,3.9
41.6389,-0.9077,111286609,Universidad,square,0.2493,0.2829,0.3532,0.1545,0.2467,0.2506,0.2439,0.2617,0.341,2.8,2.8,2.9,2.8,2.9,3.2
41.638989,-0.907423,111286609,Universidad,square,0.2455,0.2829,0.3532,0.1457,0.2427,0.2455,0.24,0.2559,0.3335,2.8,2.8,2.8,2.8,2.9,3.2
41.639479,-0.90226,111289719,Universidad,main_street,0.2292,0.3922,0.3566,0.5814,0.2415,0.2374,0.2134,0.2042,0.2504,3.5,3.5,3.5,3.4,3.4,3.6
41.638301,-0.894501,111289720,Universidad,side_street,0.553,0.9458,0.3715,0.6545,0.5505,0.5671,0.5404,0.592,0.7172,6.7,6.7,6.8,6.6,6.9,7.8
41.638147,-0.89472,111289720,Universidad,side_street,0.5401,0.9458,0.369,0.6909,0.5367,0.5548,0.5267,0.582,0.7104,6.7,6.6,6.7,6.6,6.9,7.8
41.637994,-0.89494,111289720,Universidad,side_street,0.5202,0.949,0.3681,0.6054,0.5164,0.5376,0.5088,0.5657,0.6959,6.4,6.4,6.5,6.4,6.7,7.6
41.658793,-0.893198,111847122,"La Almozara",main_street,0.2583,0.6885,0.1669,0.779,0.252,0.2672,0.2631,0.2788,0.273,4.1,4.1,4.2,4.2,4.2,4.2
41.650249,-0.888928,111847127,Centro,side_street,0.6152,0.1699,0.7158,0.9693,0.6153,0.6283,0.6193,0.6242,0.6467,5.2,5.2,5.3,5.2,5.3,5.4
41.650077,-0.889121,111847127,Centro,side_street,0.6163,0.1092,0.7144,0.9655,0.618,0.6309,0.6218,0.6244,0.6423,5,5,5.1,5.1,5,5.1
41.649904,-0.889315,111847127,Centro,side_street,0.6255,0.1092,0.7144,0.9601,0.6307,0.6376,0.6324,0.6292,0.6403,5.1,5.1,5.1,5.1,5.1,5.1
41.649732,-0.889508,111847127,Centro,side_street,0.6399,0.1092,0.7144,0.95,0.6451,0.6497,0.6501,0.6365,0.6419,5.1,5.1,5.1,5.2,5.1,5.1
41.64956,-0.889702,111847127,Centro,side_street,0.6557,0.1092,0.7113,0.9344,0.6635,0.6607,0.6734,0.6446,0.6454,5.2,5.2,5.2,5.2,5.1,5.1
41.649388,-0.889895,111847127,Centro,side_street,0.6764,0.1092,0.7058,0.9053,0.6823,0.6774,0.6914,0.6583,0.6494,5.2,5.2,5.2,5.3,5.1,5
41.649216,-0.890089,111847127,Centro,side_street,0.6942,0.1092,0.6999,0.8761,0.7005,0.6935,0.7041,0.6699,0.6508,5.2,5.3,5.2,5.3,5.1,5
41.658668,-0.892281,111847129,"Casco Histórico",side_street,0.2709,0.8696,0.5405,0.7568,0.2661,0.2824,0.2791,0.288,0.2771,5.4,5.4,5.5,5.5,5.5,5.4
41.658558,-0.892018,111847129,"Casco Histórico",side_street,0.2797,0.8551,0.5405,0.737,0.2722,0.2876,0.2862,0.2956,0.2852,5.4,5.4,5.4,5.4,5.5,5.4
41.658456,-0.89175,111847129,"Casco Histórico",side_street,0.2829,0.8443,0.5405,0.7229,0.2759,0.2899,0.289,0.2965,0.2804,5.3,5.3,5.4,5.4,5.4,5.3
41.648186,-0.902016,111847188,Delicias,main_street,0.365,0.4837,0.9358,0.2388,0.3646,0.3616,0.3573,0.3674,0.3888,4.9,4.9,4.9,4.8,4.9,4.9
41.647979,-0.901901,111847188,Delicias,main_street,0.3583,0.4449,0.9542,0.2246,0.3604,0.3567,0.3505,0.3584,0.3754,4.7,4.8,4.7,4.7,4.7,4.8
41.646967,-0.901246,111847188,Delicias,main_street,0.3163,0.5146,0.9542,0.2281,0.3243,0.3225,0.3111,0.3099,0.3266,4.8,4.8,4.8,4.8,4.7,4.8
41.646766,-0.901112,111847188,Delicias,main_street,0.3151,0.5146,0.9616,0.2678,0.3235,0.3221,0.3099,0.3079,0.3225,4.8,4.9,4.9,4.8,4.8,4.8
41.635473,-0.874771,116702862,"San José",side_street,0.4398,0.1947,0.4609,0.0691,0.4404,0.4204,0.4553,0.4134,0.3021,3.4,3.4,3.4,3.5,3.3,3
41.649222,-0.90774,116953660,Delicias,square,0.3768,0.1894,0.8995,0.0172,0.3745,0.3669,0.3748,0.3878,0.4395,3.9,3.9,3.9,3.9,3.9,4.1
41.644953,-0.899704,117213926,Universidad,main_street,0.3755,0.6998,0.3756,0.4679,0.3895,0.3889,0.3739,0.3638,0.4002,4.7,4.7,4.7,4.7,4.6,4.7
41.644825,-0.899458,117213926,Universidad,main_street,0.3984,0.6998,0.3787,0.5473,0.4097,0.4103,0.395,0.3813,0.4279,4.8,4.9,4.9,4.8,4.8,4.9
41.641536,-0.890864,117652330,Universidad,secondary_street,0.7899,0.8594,0.4288,0.8126,0.7965,0.7805,0.792,0.7725,0.7664,8.3,8.4,8.2,8.3,8.2,8.2
41.641729,-0.89102,117652330,Universidad,secondary_street,0.8077,0.8633,0.4316,0.8469,0.8147,0.7973,0.8098,0.79,0.7835,8.4,8.5,8.4,8.5,8.3,8.4
41.641924,-0.89117,117652330,Universidad,secondary_street,0.8266,0.9374,0.4331,0.8817,0.8345,0.8137,0.8289,0.8118,0.798,9,9,8.9,9,8.9,8.8
41.642119,-0.891319,117652330,Universidad,secondary_street,0.8469,0.9378,0.4345,0.924,0.8543,0.8334,0.8484,0.832,0.8146,9.2,9.2,9.1,9.2,9.1,9
41.642311,-0.891476,117652330,Universidad,secondary_street,0.8638,0.9388,0.4376,0.938,0.8714,0.8488,0.8643,0.8484,0.8294,9.3,9.3,9.2,9.3,9.2,9.1
41.64065,-0.890216,117652396,Universidad,secondary_street,0.6783,0.7339,0.4134,0.4958,0.6822,0.6768,0.6871,0.6726,0.6764,6.4,6.4,6.4,6.4,6.4,6.4
41.649882,-0.909302,118443575,Delicias,main_street,0.5654,0.6299,0.9358,0.0503,0.5707,0.556,0.5664,0.5554,0.5647,6.2,6.2,6.1,6.2,6.1,6.2
41.646212,-0.912709,118443586,Delicias,secondary_street,0.4785,0.963,0.9775,0.5661,0.4823,0.4777,0.4951,0.4671,0.4166,8.2,8.2,8.2,8.3,8.1,7.8
41.646366,-0.912927,118443586,Delicias,secondary_street,0.4917,0.9624,0.9741,0.5485,0.4967,0.4884,0.5069,0.4778,0.4265,8.2,8.3,8.2,8.3,8.1,7.8
41.646036,-0.912443,118443597,Delicias,secondary_street,0.4662,0.8047,0.9741,0.4843,0.4689,0.4633,0.4821,0.4549,0.4022,7.1,7.1,7.1,7.2,7,6.7
41.653831,-0.87712,118689858,"Casco Histórico",side_street,0.9695,0.6566,0.6017,0.3557,0.9623,0.9733,0.9695,0.9826,0.986,8.3,8.3,8.3,8.3,8.3,8.4
41.653349,-0.877749,118689858,"Casco Histórico",side_street,0.9839,0.6887,0.6202,0.2651,0.9768,0.9856,0.9849,0.9897,0.99,8.4,8.4,8.4,8.4,8.4,8.5
41.653208,-0.877983,118689858,"Casco Histórico",side_street,0.988,0.6887,0.6261,0.2436,0.9822,0.9881,0.9891,0.9917,0.9901,8.4,8.4,8.4,8.5,8.4,8.5
41.653066,-0.878216,118689858,"Casco Histórico",side_street,0.991,0.7158,0.6289,0.1724,0.9859,0.991,0.9929,0.9928,0.9905,8.5,8.5,8.5,8.5,8.5,8.5
41.654838,-0.876654,118689862,"Casco Histórico",square,0.9055,0.7964,0.5924,0.5452,0.864,0.9447,0.9039,0.9587,0.9691,8.8,8.5,9.1,8.8,9.1,9.2
41.654977,-0.87689,118689862,"Casco Histórico",square,0.9103,0.7964,0.5961,0.5562,0.8677,0.9466,0.9096,0.9609,0.971,8.9,8.6,9.1,8.9,9.2,9.2
41.654032,-0.876856,118689863,"Casco Histórico",square,0.9618,0.1565,0.6033,0.3854,0.9306,0.9654,0.9624,0.9775,0.9816,5.9,5.8,6,5.9,6,6
41.646057,-0.891758,119264026,Centro,side_street,0.9016,0.1627,0.7247,0.8273,0.9135,0.8958,0.8997,0.8776,0.8413,6.6,6.6,6.6,6.6,6.5,6.2
41.645928,-0.891512,119264026,Centro,side_street,0.9168,0.1627,0.7275,0.8283,0.9282,0.9072,0.9132,0.8884,0.8509,6.7,6.7,6.6,6.7,6.5,6.3
41.645798,-0.891266,119264026,Centro,side_street,0.9281,0.1627,0.7291,0.8814,0.9425,0.9196,0.9261,0.8975,0.8573,6.8,6.9,6.8,6.8,6.6,6.4
41.645669,-0.89102,119264026,Centro,side_street,0.9353,0.1627,0.736,0.8816,0.9498,0.9251,0.934,0.9008,0.8575,6.9,6.9,6.8,6.9,6.7,6.4
41.645539,-0.890774,119264026,Centro,side_street,0.937,0.1627,0.743,0.891,0.9525,0.9268,0.9382,0.9021,0.8578,6.9,7,6.9,6.9,6.7,6.5
41.648558,-0.889603,119264030,Centro,side_street,0.7708,0.4462,0.7205,0.9121,0.7866,0.7651,0.7756,0.7366,0.7166,7.2,7.3,7.2,7.3,7,6.9
41.645462,-0.88928,120916861,Centro,secondary_street,0.9117,0.8413,0.7517,0.8164,0.9344,0.9059,0.9138,0.8689,0.8208,9.7,9.8,9.7,9.7,9.5,9.4
41.645569,-0.889015,120916861,Centro,secondary_street,0.9159,0.8356,0.7562,0.82,0.9423,0.911,0.9182,0.8679,0.8205,9.7,9.8,9.7,9.7,9.5,9.4
41.646103,-0.887692,120916861,Centro,secondary_street,0.9156,0.9255,0.7788,0.9764,0.9511,0.9158,0.9217,0.8599,0.8219,9.9,10,10,10,9.9,9.8
41.646209,-0.887426,120916861,Centro,secondary_street,0.9074,0.9255,0.7811,0.9845,0.9378,0.9074,0.9137,0.8547,0.812,9.9,10,9.9,9.9,9.9,9.8
41.646312,-0.887159,120916861,Centro,secondary_street,0.9001,0.9278,0.7853,0.9828,0.9267,0.9009,0.9073,0.8491,0.8054,9.9,9.9,9.9,9.9,9.9,9.7
41.646414,-0.886891,120916861,Centro,secondary_street,0.8919,0.9441,0.7833,0.9782,0.9122,0.8898,0.898,0.8417,0.7973,9.9,9.9,9.9,9.9,9.9,9.8
41.646519,-0.886624,120916861,Centro,secondary_street,0.8852,0.9441,0.7811,0.978,0.9025,0.8836,0.892,0.8369,0.7934,9.9,9.9,9.9,9.9,9.9,9.7
41.646623,-0.886358,120916861,Centro,secondary_street,0.8778,0.9441,0.7788,0.9774,0.8956,0.8749,0.884,0.8318,0.7896,9.9,9.9,9.9,9.9,9.9,9.7
41.646727,-0.886091,120916861,Centro,secondary_street,0.8727,0.9441,0.7757,0.9778,0.8903,0.8705,0.8804,0.8324,0.7887,9.9,9.9,9.9,9.9,9.9,9.7
41.649638,-0.887121,120925052,Centro,side_street,0.8005,0.3183,0.774,0.987,0.8137,0.8027,0.8054,0.7759,0.7761,7.1,7.2,7.1,7.1,6.9,6.9
41.649502,-0.886882,120925052,Centro,side_street,0.8173,0.3183,0.7757,0.9891,0.8317,0.8226,0.8217,0.7932,0.788,7.2,7.3,7.3,7.2,7,7
41.64923,-0.886403,120925052,Centro,side_street,0.8501,0.3183,0.7922,0.9893,0.8624,0.8513,0.8544,0.8274,0.8099,7.5,7.6,7.5,7.5,7.3,7.2
41.649093,-0.886163,120925052,Centro,side_street,0.8635,0.3183,0.7998,0.9886,0.8741,0.866,0.8689,0.8441,0.8253,7.6,7.7,7.6,7.6,7.5,7.4
41.648957,-0.885924,120925052,Centro,side_street,0.8796,0.1185,0.8051,0.9876,0.8896,0.8786,0.8806,0.858,0.8349,6.7,6.8,6.7,6.7,6.6,6.5
41.648821,-0.885685,120925052,Centro,side_street,0.8916,0.1185,0.8106,0.988,0.9016,0.8927,0.8947,0.8708,0.8427,6.8,6.8,6.8,6.8,6.7,6.6
41.649728,-0.887911,120925058,Centro,main_street,0.7569,0.7343,0.7691,0.984,0.7699,0.7605,0.7617,0.7377,0.7425,8.8,8.9,8.9,8.8,8.7,8.7
41.644737,-0.912636,120926861,Delicias,secondary_street,0.499,0.6802,0.9234,0.2391,0.5064,0.4941,0.5151,0.4744,0.3865,6.2,6.3,6.2,6.3,6.1,5.6
41.644626,-0.91239,120926861,Delicias,secondary_street,0.5206,0.6243,0.9234,0.2325,0.527,0.5189,0.536,0.5014,0.4114,6.1,6.1,6.1,6.2,6,5.5
41.656082,-0.893883,121410660,"La Almozara",main_street,0.4047,0.7629,0.1765,0.8862,0.4169,0.4248,0.3987,0.3895,0.4283,5,5.1,5.1,5,4.9,5
41.655991,-0.894158,121410660,"La Almozara",main_street,0.3995,0.7542,0.1775,0.9036,0.4131,0.418,0.3915,0.3799,0.425,5,5,5,4.9,4.9,5
41.65593,-0.894447,121410660,"La Almozara",main_street,0.3908,0.746,0.1775,0.9169,0.4045,0.409,0.3807,0.3703,0.4179,4.9,5,5,4.9,4.8,5
41.655854,-0.89504,121410660,"La Almozara",main_street,0.364,0.7492,0.1781,0.9234,0.3844,0.3871,0.3493,0.3485,0.3991,4.8,4.9,4.9,4.8,4.7,4.9
41.653141,-0.906467,122141210,Delicias,square,0.4453,0.2458,0.9542,0.2655,0.4517,0.4447,0.4402,0.4349,0.4315,4.6,4.6,4.6,4.6,4.5,4.5
41.653008,-0.906498,122141210,Delicias,square,0.4486,0.009,0.946,0.2349,0.4544,0.4469,0.4425,0.4387,0.4382,3.9,4,3.9,3.9,3.9,3.9
41.655612,-0.883715,122523257,"Casco Histórico",side_street,0.8014,0.991,0.6005,0.957,0.7949,0.8218,0.7982,0.8402,0.8984,9.6,9.5,9.6,9.6,9.7,9.9
41.655425,-0.883883,122523257,"Casco Histórico",side_street,0.8085,0.948,0.6051,0.9689,0.8027,0.8301,0.8043,0.8457,0.9039,9.5,9.5,9.5,9.5,9.6,9.8
41.655231,-0.884035,122523257,"Casco Histórico",side_street,0.8123,0.9469,0.6063,0.9722,0.8067,0.8335,0.8077,0.8467,0.904,9.5,9.5,9.6,9.5,9.6,9.8
41.655026,-0.884157,122523257,"Casco Histórico",side_street,0.8118,0.9464,0.611,0.9329,0.8075,0.8332,0.8072,0.8416,0.8937,9.5,9.4,9.5,9.4,9.6,9.8
41.654817,-0.884268,122523257,"Casco Histórico",side_street,0.8086,0.9479,0.6153,0.8967,0.8058,0.83,0.8038,0.8373,0.8871,9.4,9.4,9.5,9.4,9.5,9.7
41.654599,-0.884323,122523257,"Casco Histórico",side_street,0.8089,0.9748,0.6238,0.859,0.8068,0.8306,0.8047,0.8375,0.8852,9.5,9.5,9.6,9.5,9.6,9.8
41.654375,-0.884288,122523257,"Casco Histórico",side_street,0.8195,0.9757,0.6261,0.8129,0.8191,0.8399,0.8137,0.8474,0.8898,9.5,9.5,9.6,9.5,9.6,9.7
41.654152,-0.884257,122523257,"Casco Histórico",side_street,0.8273,0.9805,0.6326,0.7497,0.8253,0.846,0.8191,0.8532,0.891,9.5,9.5,9.5,9.5,9.6,9.7
41.653242,-0.906238,122546781,Delicias,side_street,0.4521,0.6249,0.9616,0.1974,0.459,0.4527,0.4438,0.4402,0.444,5.8,5.9,5.8,5.8,5.7,5.7
41.645124,-0.870858,123432627,"Las Fuentes",side_street,0.563,0.6227,0.2395,0.8178,0.5698,0.5711,0.5514,0.5527,0.5608,5.3,5.3,5.3,5.2,5.2,5.2
41.645947,-0.869427,123432627,"Las Fuentes",side_street,0.4033,0.4344,0.24,0.7475,0.408,0.3966,0.3967,0.3819,0.3686,4.1,4.1,4.1,4.1,4,4
41.651282,-0.890612,124019743,Centro,main_street,0.3578,0.832,0.6832,0.8501,0.3493,0.3652,0.3689,0.3721,0.397,6.2,6.2,6.3,6.3,6.3,6.5
41.651425,-0.890844,124019743,Centro,main_street,0.3348,0.8246,0.6804,0.8201,0.3321,0.3479,0.3428,0.354,0.3827,6,6,6.1,6.1,6.2,6.3
41.651595,-0.89104,124019743,Centro,main_street,0.3201,0.8153,0.6797,0.8029,0.3151,0.3334,0.3248,0.3349,0.3687,5.9,5.9,6,5.9,6,6.2
41.653881,-0.883885,125365956,Centro,square,0.854,0.4905,0.7501,0.6661,0.852,0.8745,0.8469,0.8843,0.9141,7.7,7.7,7.8,7.6,7.9,8.2
41.653745,-0.883645,125365956,Centro,square,0.871,0.3946,0.7581,0.607,0.8655,0.8899,0.8619,0.9023,0.9224,7.3,7.2,7.4,7.2,7.5,7.6
41.653606,-0.883408,125365956,Centro,square,0.8879,0.3355,0.7638,0.7441,0.8779,0.9047,0.8748,0.9149,0.9268,7.3,7.3,7.5,7.2,7.5,7.6
41.653468,-0.883171,125365956,Centro,square,0.9011,0.3433,0.7663,0.7258,0.8973,0.9267,0.8934,0.9313,0.9332,7.4,7.4,7.6,7.4,7.6,7.7
41.653352,-0.882933,125365956,Centro,square,0.923,0.2872,0.7638,0.7125,0.9114,0.9442,0.909,0.9412,0.9408,7.3,7.2,7.4,7.1,7.4,7.4
41.653224,-0.882686,125365956,Centro,square,0.9442,0.2244,0.7691,0.7069,0.9305,0.9508,0.931,0.948,0.9486,7.1,6.9,7.1,7,7.1,7.1
41.653105,-0.882431,125365956,Centro,square,0.958,0.3643,0.7788,0.7083,0.9565,0.9576,0.9539,0.9542,0.9544,7.9,7.9,7.9,7.9,7.9,8
41.652984,-0.882177,125365956,Centro,square,0.963,0.3364,0.7811,0.6964,0.9665,0.9631,0.9627,0.9601,0.959,7.8,7.8,7.8,7.8,7.8,7.8
41.652857,-0.881929,125365956,Centro,square,0.9679,0.3364,0.7811,0.5694,0.9713,0.9691,0.9662,0.9652,0.963,7.6,7.6,7.6,7.6,7.6,7.6
41.652731,-0.88168,125365956,Centro,square,0.975,0.3137,0.7904,0.6242,0.9778,0.9746,0.9717,0.9699,0.9659,7.7,7.7,7.7,7.6,7.7,7.6
41.652608,-0.881428,125365956,Centro,square,0.9789,0.302,0.7884,0.6933,0.983,0.9792,0.9768,0.9731,0.9679,7.7,7.8,7.8,7.7,7.7,7.7
41.652637,-0.881198,125365956,"Casco Histórico",square,0.9828,0.3041,0.6611,0.6806,0.9862,0.983,0.9809,0.9777,0.973,7.4,7.4,7.4,7.3,7.3,7.3
41.652768,-0.881393,125365956,"Casco Histórico",square,0.9798,0.3337,0.6617,0.6345,0.9823,0.9791,0.9777,0.9753,0.9702,7.4,7.4,7.4,7.4,7.4,7.3
41.652891,-0.881644,125365956,"Casco Histórico",square,0.9748,0.3633,0.6614,0.5613,0.976,0.9744,0.9724,0.9716,0.9669,7.4,7.4,7.4,7.4,7.4,7.3
41.653016,-0.881895,125365956,"Casco Histórico",square,0.9691,0.4274,0.6606,0.6885,0.971,0.9693,0.9676,0.9672,0.9648,7.9,7.9,7.9,7.9,7.9,7.9
41.653135,-0.88215,125365956,"Casco Histórico",square,0.9638,0.5531,0.6596,0.6984,0.9658,0.9633,0.9628,0.962,0.9617,8.4,8.5,8.4,8.5,8.4,8.5
41.653258,-0.882402,125365956,"Casco Histórico",square,0.9585,0.5531,0.6591,0.6963,0.9568,0.9582,0.957,0.9562,0.9565,8.4,8.4,8.4,8.4,8.4,8.4
41.653382,-0.882653,125365956,"Casco Histórico",square,0.9453,0.5531,0.6574,0.7015,0.93,0.9515,0.935,0.95,0.9505,8.3,8.3,8.4,8.3,8.3,8.4
41.65351,-0.8829,125365956,"Casco Histórico",square,0.9203,0.5708,0.6546,0.7127,0.9077,0.9425,0.9077,0.9416,0.9418,8.3,8.2,8.4,8.2,8.4,8.4
41.653644,-0.883141,125365956,"Casco Histórico",square,0.8992,0.5708,0.6521,0.7337,0.8949,0.9255,0.8932,0.9332,0.9351,8.2,8.2,8.3,8.2,8.4,8.4
41.653779,-0.883383,125365956,"Casco Histórico",square,0.8876,0.5708,0.6463,0.695,0.8762,0.9053,0.8756,0.9169,0.9288,8,7.9,8.2,7.9,8.2,8.3
41.653933,-0.883601,125365956,"Casco Histórico",square,0.8698,0.2022,0.6404,0.6546,0.8638,0.8893,0.8616,0.9035,0.9245,6.1,6.1,6.2,6,6.3,6.4
41.654091,-0.883816,125365956,"Casco Histórico",square,0.8559,0.2076,0.6349,0.7181,0.853,0.8775,0.8485,0.8875,0.9192,6.1,6.1,6.2,6.1,6.3,6.5
41.654018,-0.884056,125365956,"Casco Histórico",square,0.8412,0.3129,0.637,0.7073,0.8393,0.8594,0.8335,0.8704,0.9053,6.5,6.4,6.6,6.4,6.6,6.9
41.647853,-0.886927,125374779,Centro,side_street,0.8632,0.766,0.7922,0.9951,0.883,0.8691,0.8697,0.8293,0.8075,9.6,9.6,9.6,9.6,9.4,9.3
41.647859,-0.886626,125374779,Centro,side_street,0.8714,0.7807,0.794,0.9959,0.8892,0.8759,0.8769,0.8393,0.8151,9.6,9.7,9.6,9.6,9.5,9.4
41.658381,-0.875566,126903698,"El Rabal",main_street,0.3838,0.6156,0.3456,0.3964,0.3694,0.3988,0.3831,0.4043,0.4696,4.4,4.3,4.4,4.4,4.4,4.6
41.658433,-0.875859,126903698,"El Rabal",main_street,0.377,0.5981,0.3456,0.3591,0.3577,0.3933,0.3778,0.407,0.4823,4.3,4.2,4.3,4.3,4.3,4.6
41.658489,-0.87615,126903698,"El Rabal",main_street,0.3707,0.5981,0.3456,0.3666,0.3488,0.3898,0.3752,0.41,0.4914,4.2,4.2,4.3,4.3,4.4,4.6
41.646896,-0.871207,129101272,"Las Fuentes",square,0.543,0.0642,0.2405,0.8652,0.5595,0.5564,0.5158,0.5031,0.5136,3.8,3.8,3.8,3.7,3.6,3.7
41.64693,-0.871504,129101272,"Las Fuentes",square,0.5697,0.0642,0.2434,0.8778,0.589,0.5839,0.5441,0.5334,0.5389,3.9,3.9,3.9,3.8,3.7,3.7
41.646964,-0.871802,129101272,"Las Fuentes",square,0.5947,0.0642,0.2434,0.886,0.6119,0.6105,0.5684,0.5619,0.578,3.9,4,4,3.9,3.8,3.9
41.646999,-0.872099,129101272,"Las Fuentes",square,0.6124,0.0642,0.2428,0.8977,0.6313,0.6292,0.5858,0.5813,0.5985,4,4.1,4.1,3.9,3.9,3.9
41.652398,-0.887054,132352734,"Casco Histórico",side_street,0.5719,0.611,0.6249,0.2233,0.5684,0.6101,0.5644,0.6094,0.6912,5.5,5.5,5.7,5.5,5.7,6.2
41.652323,-0.88677,132352734,"Casco Histórico",side_street,0.6148,0.611,0.637,0.2432,0.6088,0.6511,0.604,0.6492,0.7292,5.8,5.8,6,5.8,6,6.4
41.638366,-0.909792,132684657,Universidad,square,0.1964,0.067,0.3514,0.2701,0.2085,0.199,0.1824,0.1724,0.2538,2.2,2.3,2.2,2.2,2.2,2.4
41.641048,-0.911345,132684657,Universidad,square,0.3892,0.038,0.3614,0.274,0.364,0.3786,0.3982,0.431,0.4912,2.8,2.7,2.8,2.8,3,3.2
41.639351,-0.875825,135520777,Centro,side_street,0.5049,0.3423,0.6673,0.72,0.5165,0.4915,0.5062,0.4707,0.4423,5,5,4.9,5,4.8,4.7
41.661728,-0.875431,135746955,"El Rabal",side_street,0.2219,0.0916,0.3054,0.3047,0.2247,0.2198,0.2239,0.2278,0.2319,2.3,2.3,2.3,2.3,2.4,2.4
41.66179,-0.875719,135746955,"El Rabal",side_street,0.2127,0.1283,0.3054,0.2913,0.2147,0.2104,0.2099,0.21,0.2099,2.4,2.4,2.4,2.4,2.4,2.4
41.662336,-0.872459,135746962,"El Rabal",side_street,0.2107,0.3561,0.3145,0.3498,0.2029,0.214,0.206,0.2551,0.2973,3,3,3,3,3.2,3.4
41.644545,-0.907125,136341075,Delicias,side_street,0.3317,0.1596,0.8506,0.4346,0.3366,0.3272,0.3409,0.3192,0.2923,3.9,4,3.9,4,3.9,3.8
41.644456,-0.907402,136341075,Delicias,side_street,0.3546,0.1596,0.8561,0.3645,0.357,0.3451,0.3679,0.3382,0.2985,4,4,3.9,4,3.9,3.8
41.644365,-0.907676,136341075,Delicias,side_street,0.3758,0.1324,0.8617,0.3225,0.3806,0.3608,0.391,0.357,0.3108,3.9,4,3.9,4,3.9,3.7
41.636284,-0.892206,136417673,Universidad,square,0.2048,0.0295,0.3681,0.2036,0.2171,0.213,0.196,0.1834,0.2125,2,2.1,2.1,2,2,2.1
41.636479,-0.892356,136417673,Universidad,square,0.2172,0.0295,0.3727,0.171,0.2258,0.2258,0.2075,0.2117,0.2573,2.1,2.1,2.1,2.1,2.1,2.3
41.637063,-0.892807,136417673,Universidad,square,0.2832,0.0295,0.3736,0.095,0.2829,0.2962,0.2805,0.2989,0.365,2.3,2.3,2.4,2.3,2.4,2.6
41.650395,-0.886982,136655272,"Casco Histórico",secondary_street,0.7579,0.8631,0.6617,0.9419,0.7658,0.7631,0.7607,0.7465,0.7564,9,9,9.1,9,9,9.1
41.650234,-0.887192,136655272,"Casco Histórico",secondary_street,0.7589,0.8631,0.6546,0.9635,0.7687,0.7633,0.7622,0.7438,0.7521,9.1,9.1,9.1,9.1,9,9
41.650071,-0.887401,136655272,"Casco Histórico",secondary_street,0.7606,0.8693,0.6546,0.9726,0.7726,0.765,0.7651,0.7429,0.7508,9.1,9.1,9.1,9.1,9,9.1
41.648788,-0.893753,136655273,Delicias,main_street,0.5972,0.753,1,0.6759,0.5945,0.605,0.5992,0.593,0.567,8.2,8.1,8.2,8.2,8.1,8
41.650544,-0.886996,136655277,"Casco Histórico",side_street,0.7479,0.3745,0.6614,0.9118,0.7558,0.7548,0.752,0.7395,0.7516,6.6,6.6,6.6,6.6,6.5,6.6
41.650673,-0.887242,136655277,"Casco Histórico",side_street,0.723,0.3745,0.6584,0.896,0.7316,0.7323,0.7248,0.7179,0.734,6.4,6.4,6.4,6.4,6.3,6.5
41.650803,-0.887489,136655277,"Casco Histórico",side_street,0.6844,0.3745,0.6532,0.8893,0.6864,0.7012,0.6945,0.6878,0.711,6.1,6.1,6.2,6.2,6.2,6.3
41.650933,-0.887733,136655277,"Casco Histórico",side_street,0.6375,0.3907,0.6478,0.8728,0.6395,0.6593,0.641,0.6444,0.6785,5.9,5.9,6,5.9,5.9,6.1
41.651065,-0.887977,136655277,"Casco Histórico",side_street,0.6013,0.3907,0.6417,0.8632,0.6026,0.6215,0.5996,0.6122,0.6464,5.7,5.7,5.8,5.7,5.7,5.9
41.651198,-0.88822,136655277,"Casco Histórico",side_street,0.5653,0.3409,0.637,0.8472,0.568,0.5886,0.5651,0.5755,0.6177,5.3,5.3,5.4,5.3,5.3,5.5
41.657459,-0.893263,136655280,"Casco Histórico",main_street,0.3523,0.9943,0.5415,0.7643,0.3563,0.3614,0.3532,0.3434,0.3301,6.4,6.4,6.4,6.4,6.3,6.3
41.65725,-0.893372,136655280,"Casco Histórico",main_street,0.3652,0.9946,0.5415,0.7972,0.3737,0.3744,0.367,0.3533,0.3419,6.5,6.6,6.6,6.5,6.5,6.4
41.650406,-0.888961,136655282,"Casco Histórico",main_street,0.5931,0.8954,0.6063,0.962,0.5928,0.6077,0.5975,0.6026,0.6252,8,8,8.1,8,8.1,8.2
41.658627,-0.892537,136655283,"Casco Histórico",main_street,0.274,0.8618,0.5405,0.7349,0.2688,0.2843,0.2824,0.2906,0.2777,5.4,5.4,5.4,5.4,5.5,5.4
41.65033,-0.88882,136655284,Centro,main_street,0.6126,0.9131,0.7168,0.9695,0.6133,0.6262,0.6177,0.6215,0.6412,8.5,8.6,8.6,8.6,8.6,8.7
41.649027,-0.887127,136655286,Centro,main_street,0.8262,0.9919,0.7757,0.9965,0.8428,0.8313,0.831,0.8013,0.7925,9.9,9.9,9.9,9.9,9.9,9.9
41.648501,-0.886771,136655287,Centro,main_street,0.8554,0.9987,0.7853,0.9993,0.8705,0.8583,0.8602,0.8287,0.8118,10,10,10,10,9.9,9.9
41.648702,-0.886907,136655287,Centro,main_street,0.8457,0.9986,0.7719,0.9992,0.8614,0.8479,0.8503,0.8184,0.8038,9.9,9.9,9.9,9.9,9.9,9.9
41.65495,-0.893529,136656808,"Casco Histórico",main_street,0.3372,0.4901,0.551,0.9094,0.3527,0.3631,0.3274,0.331,0.3742,4.7,4.8,4.8,4.7,4.6,4.8
41.655173,-0.893569,136656808,"Casco Histórico",main_street,0.3626,0.4905,0.5528,0.9152,0.3779,0.3851,0.3515,0.3526,0.3881,4.8,4.9,4.9,4.7,4.7,4.9
41.655396,-0.893606,136656808,"Casco Histórico",main_street,0.3803,0.5058,0.5467,0.9111,0.3933,0.3974,0.3758,0.3683,0.4055,4.9,5,5,4.9,4.8,4.9
41.65562,-0.893634,136656808,"Casco Histórico",main_street,0.3925,0.5205,0.5467,0.9088,0.4018,0.4072,0.3865,0.3785,0.4151,5,5,5,5,4.9,5
41.655844,-0.893644,136656808,"Casco Histórico",main_street,0.3999,0.5732,0.5457,0.8892,0.41,0.4161,0.3951,0.3865,0.4216,5.2,5.2,5.2,5.1,5.1,5.2
41.655606,-0.893757,136656809,Delicias,main_street,0.3903,0.6555,0.9674,0.9084,0.4007,0.4059,0.3843,0.3756,0.4115,6.6,6.6,6.7,6.5,6.5,6.7
41.655382,-0.893728,136656809,Delicias,main_street,0.3772,0.6453,0.9741,0.9101,0.3906,0.3953,0.37,0.3649,0.4015,6.5,6.6,6.6,6.4,6.4,6.7
41.655159,-0.893685,136656809,Delicias,main_street,0.359,0.6366,0.9775,0.9144,0.3746,0.3821,0.3467,0.3492,0.3867,6.3,6.4,6.5,6.3,6.3,6.6
41.654937,-0.893641,136656809,Delicias,main_street,0.3342,0.6366,0.9807,0.9098,0.3486,0.3599,0.3232,0.3263,0.3701,6.2,6.3,6.4,6.2,6.2,6.4
41.655706,-0.893401,136656811,"Casco Histórico",square,0.3968,0.0611,0.5449,0.8947,0.4063,0.412,0.3939,0.3857,0.4217,3.8,3.8,3.8,3.8,3.8,3.8
41.655656,-0.892803,136656811,"Casco Histórico",square,0.3946,0.0611,0.5483,0.8739,0.3997,0.4062,0.394,0.3899,0.4319,3.8,3.8,3.8,3.8,3.8,3.9
41.636492,-0.874852,137000925,"San José",main_street,0.4987,0.5681,0.4705,0.3981,0.5048,0.4833,0.511,0.4676,0.3786,4.9,4.9,4.8,4.9,4.7,4.4
41.636619,-0.8751,137000925,"San José",main_street,0.5212,0.535,0.4705,0.4746,0.528,0.5095,0.5321,0.4888,0.3961,5,5,4.9,5,4.8,4.5
41.636746,-0.875349,137000925,"San José",main_street,0.5427,0.535,0.4705,0.5172,0.55,0.5346,0.5517,0.5071,0.4035,5.1,5.1,5,5.1,4.9,4.5
41.636872,-0.875597,137000925,"San José",main_street,0.5633,0.535,0.4661,0.5432,0.5731,0.5592,0.5704,0.5267,0.4182,5.2,5.2,5.2,5.2,5,4.6
41.636999,-0.875846,137000925,"San José",main_street,0.5837,0.535,0.4661,0.6037,0.5936,0.5814,0.5869,0.5441,0.4429,5.4,5.4,5.4,5.4,5.2,4.7
41.637125,-0.876095,137000925,"San José",main_street,0.5996,0.535,0.4705,0.6362,0.6114,0.5981,0.6008,0.5581,0.4664,5.5,5.6,5.5,5.5,5.3,4.9
41.637252,-0.876343,137000925,"San José",main_street,0.6118,0.535,0.4705,0.6952,0.6255,0.6121,0.6136,0.5731,0.4898,5.7,5.7,5.6,5.7,5.4,5
41.637379,-0.876592,137000925,"San José",main_street,0.6237,0.535,0.4705,0.7251,0.6398,0.6263,0.627,0.5855,0.5042,5.8,5.9,5.8,5.8,5.5,5.1
41.637505,-0.876841,137000925,"San José",main_street,0.6286,0.5802,0.4741,0.7917,0.6502,0.6319,0.6331,0.5895,0.5093,6,6.1,6.1,6.1,5.8,5.4
41.656504,-0.887026,139058544,"Casco Histórico",side_street,0.4088,0.8293,0.5627,0.265,0.4038,0.4329,0.41,0.4316,0.516,5.4,5.4,5.5,5.4,5.5,6
41.65641,-0.886438,139058544,"Casco Histórico",side_street,0.4536,0.6735,0.5603,0.3648,0.4474,0.4919,0.4542,0.4955,0.6009,5.2,5.2,5.4,5.2,5.4,5.9
41.656378,-0.88614,139058544,"Casco Histórico",side_street,0.4845,0.6735,0.5582,0.4141,0.4751,0.5308,0.4828,0.5343,0.6354,5.4,5.3,5.6,5.4,5.6,6.2
41.656328,-0.885847,139058544,"Casco Histórico",side_street,0.5157,0.6741,0.5645,0.5137,0.5062,0.5642,0.5133,0.5707,0.6803,5.7,5.7,5.9,5.7,6,6.6
41.656269,-0.885556,139058544,"Casco Histórico",side_street,0.5538,0.6778,0.5659,0.5726,0.5403,0.5953,0.5492,0.6107,0.7209,6,5.9,6.2,6,6.3,7
41.656158,-0.884973,139058544,"Casco Histórico",side_street,0.6191,0.6903,0.57,0.8231,0.6044,0.6628,0.6138,0.6902,0.7719,6.8,6.7,7.1,6.7,7.2,7.9
41.656104,-0.884681,139058544,"Casco Histórico",side_street,0.659,0.6903,0.5747,0.8674,0.6378,0.7063,0.6573,0.7223,0.7941,7.1,6.9,7.5,7.1,7.6,8.1
41.656052,-0.884389,139058544,"Casco Histórico",side_street,0.7052,0.9431,0.5885,0.899,0.6824,0.7357,0.702,0.7497,0.8178,8.8,8.6,9,8.7,9.1,9.4
41.655992,-0.884099,139058544,"Casco Histórico",side_street,0.738,0.9431,0.5897,0.9245,0.7277,0.7612,0.7332,0.7773,0.8477,9,9,9.1,9,9.3,9.6
41.655932,-0.883809,139058544,"Casco Histórico",side_street,0.7637,0.9431,0.5885,0.9363,0.7523,0.7867,0.7593,0.8033,0.8686,9.2,9.1,9.3,9.1,9.4,9.7
41.655872,-0.883519,139058544,"Casco Histórico",side_street,0.788,0.9431,0.5885,0.9391,0.7757,0.8047,0.7855,0.8286,0.8889,9.3,9.2,9.4,9.3,9.5,9.7
41.658045,-0.88958,139058547,"Casco Histórico",side_street,0.2824,0.7637,0.5544,0.3137,0.278,0.2889,0.2906,0.2836,0.2189,4.7,4.7,4.7,4.7,4.7,4.5
41.6581,-0.889872,139058547,"Casco Histórico",side_street,0.2907,0.7637,0.5483,0.4299,0.286,0.299,0.2999,0.2935,0.2384,4.8,4.8,4.9,4.9,4.8,4.6
41.658156,-0.890164,139058547,"Casco Histórico",side_street,0.2965,0.7637,0.5436,0.464,0.2914,0.3036,0.3064,0.3002,0.2517,4.9,4.9,4.9,4.9,4.9,4.7
41.658195,-0.890457,139058547,"Casco Histórico",side_street,0.2995,0.7688,0.5436,0.5517,0.2925,0.3053,0.3074,0.306,0.2654,5,5,5,5,5,4.8
41.656858,-0.889072,139058548,"Casco Histórico",side_street,0.3212,0.8351,0.5594,0.1392,0.3214,0.3293,0.33,0.3197,0.3,4.9,4.9,4.9,4.9,4.9,4.8
41.637214,-0.877336,146144446,"San José",main_street,0.6447,0.9965,0.4741,0.7856,0.6631,0.643,0.658,0.6104,0.5242,8.1,8.3,8.1,8.2,7.9,7.3
41.637672,-0.876758,146144448,Centro,main_street,0.6231,0.9826,0.6626,0.8,0.641,0.6235,0.6268,0.5821,0.5024,8.5,8.6,8.5,8.5,8.3,7.8
41.642199,-0.886209,146144450,Universidad,main_street,0.7835,0.9042,0.4224,0.9189,0.7921,0.7692,0.7932,0.7503,0.682,8.6,8.6,8.5,8.6,8.4,8
41.655876,-0.894136,146144452,Delicias,main_street,0.395,0.973,0.9674,0.8978,0.4086,0.4125,0.3875,0.3765,0.4162,8.2,8.3,8.3,8.1,8.1,8.3
41.642344,-0.886049,146144471,Centro,main_street,0.791,0.9243,0.701,0.9117,0.7979,0.7771,0.799,0.7572,0.6899,9.5,9.5,9.4,9.5,9.3,9
41.642568,-0.88602,146144471,Centro,main_street,0.7956,0.9187,0.7144,0.8656,0.8043,0.7842,0.8036,0.7622,0.6947,9.4,9.5,9.4,9.5,9.3,9
41.642791,-0.885985,146144471,Centro,main_street,0.8016,0.7665,0.7194,0.8416,0.8119,0.7907,0.8112,0.7681,0.6953,8.9,8.9,8.8,8.9,8.6,8.2
41.643014,-0.885949,146144471,Centro,main_street,0.8062,0.7583,0.7291,0.8077,0.8161,0.7947,0.8159,0.7715,0.6997,8.8,8.9,8.7,8.9,8.6,8.2
41.643237,-0.885912,146144471,Centro,main_street,0.8156,0.6921,0.736,0.7971,0.8241,0.801,0.826,0.7793,0.7077,8.6,8.6,8.5,8.6,8.3,8
41.643684,-0.885845,146144471,Centro,main_street,0.8303,0.6846,0.7489,0.7527,0.8416,0.8153,0.8445,0.7908,0.7157,8.6,8.7,8.5,8.7,8.3,7.9
41.643908,-0.885813,146144471,Centro,main_street,0.8373,0.6832,0.7539,0.793,0.8493,0.8212,0.8496,0.7962,0.7168,8.7,8.8,8.6,8.8,8.4,8
41.644131,-0.88578,146144471,Centro,main_street,0.8479,0.6832,0.7598,0.8185,0.8584,0.8325,0.8601,0.8077,0.7295,8.9,8.9,8.7,8.9,8.6,8.2
41.644355,-0.885747,146144471,Centro,main_street,0.8547,0.6832,0.7663,0.7883,0.8653,0.8379,0.8664,0.8129,0.7332,8.9,8.9,8.8,9,8.6,8.2
41.644578,-0.885714,146144471,Centro,main_street,0.8587,0.6909,0.774,0.7698,0.8711,0.8416,0.8727,0.8154,0.7309,8.9,9,8.8,9,8.6,8.2
41.644801,-0.885678,146144471,Centro,main_street,0.8642,0.7244,0.7691,0.7814,0.8739,0.8454,0.8779,0.8202,0.7366,9.1,9.2,9,9.2,8.9,8.4
41.646176,-0.885726,146144473,Centro,main_street,0.8707,0.8713,0.7691,0.9609,0.8826,0.8597,0.883,0.8328,0.7744,9.8,9.8,9.8,9.8,9.7,9.4
41.645953,-0.88576,146144473,Centro,main_street,0.8742,0.8677,0.7617,0.9555,0.8857,0.8595,0.8861,0.833,0.7696,9.8,9.8,9.7,9.8,9.6,9.4
41.645729,-0.885794,146144473,Centro,main_street,0.8765,0.8677,0.7691,0.9491,0.8861,0.8587,0.8882,0.8331,0.7646,9.8,9.8,9.7,9.8,9.7,9.4
41.645506,-0.885828,146144473,Centro,main_street,0.8755,0.868,0.7772,0.9286,0.885,0.8559,0.8874,0.8303,0.7598,9.8,9.8,9.7,9.8,9.6,9.4
41.645283,-0.885862,146144473,Centro,main_street,0.872,0.868,0.7833,0.8332,0.8819,0.8534,0.8852,0.8279,0.7533,9.7,9.7,9.6,9.8,9.5,9.2
41.645059,-0.885896,146144473,Centro,main_street,0.8704,0.868,0.774,0.8176,0.8809,0.852,0.8827,0.8259,0.7477,9.6,9.7,9.6,9.7,9.5,9.2
41.64215,-0.886349,146144474,Universidad,main_street,0.7805,0.6652,0.4229,0.9196,0.7903,0.767,0.7893,0.747,0.6839,7.4,7.5,7.3,7.5,7.2,6.8
41.641257,-0.886484,146144474,Universidad,main_street,0.7435,0.6299,0.4193,0.9293,0.7511,0.7384,0.7508,0.7222,0.6847,7,7,6.9,7,6.9,6.7
41.641033,-0.886518,146144474,Universidad,main_street,0.7367,0.5879,0.4146,0.9289,0.7456,0.7336,0.7438,0.7183,0.6878,6.7,6.8,6.7,6.8,6.6,6.5
41.640586,-0.886583,146144474,Universidad,main_street,0.7223,0.6017,0.4068,0.9354,0.7312,0.7251,0.7261,0.7085,0.6868,6.7,6.7,6.7,6.7,6.6,6.5
41.640363,-0.886619,146144474,Universidad,main_street,0.7155,0.6017,0.404,0.9371,0.7237,0.7199,0.7168,0.7027,0.6798,6.6,6.7,6.7,6.6,6.6,6.4
41.636328,-0.905398,146414812,Universidad,secondary_street,0.2174,0.4023,0.3477,0.083,0.2405,0.2109,0.2077,0.1121,0.1275,3,3.1,3,2.9,2.7,2.7
41.636514,-0.90523,146414812,Universidad,secondary_street,0.2321,0.4023,0.3477,0.0844,0.2575,0.2264,0.226,0.1365,0.1533,3,3.1,3,3,2.8,2.8
41.638869,-0.897047,146414814,Universidad,main_street,0.6704,0.6217,0.369,0.9753,0.6583,0.6771,0.6644,0.7205,0.7964,6.4,6.4,6.5,6.4,6.7,7.2
41.638685,-0.897219,146414814,Universidad,main_street,0.6409,0.6062,0.3658,0.9821,0.6293,0.6523,0.6297,0.7056,0.7891,6.2,6.1,6.3,6.1,6.6,7.1
41.6385,-0.897391,146414814,Universidad,main_street,0.6224,0.6062,0.3642,0.9843,0.6121,0.6354,0.6143,0.6921,0.7859,6.1,6,6.2,6,6.5,7.1
41.638316,-0.897563,146414814,Universidad,main_street,0.6036,0.6062,0.3642,0.9927,0.5896,0.6172,0.5933,0.668,0.7821,6,5.9,6.1,5.9,6.4,7
41.638131,-0.897735,146414814,Universidad,main_street,0.5831,0.5962,0.3642,0.9975,0.5685,0.5964,0.5762,0.6487,0.7787,5.9,5.8,5.9,5.8,6.2,7
41.637947,-0.897907,146414814,Universidad,main_street,0.5578,0.5962,0.3629,0.9973,0.5434,0.5732,0.5513,0.6278,0.7661,5.7,5.7,5.8,5.7,6.1,6.9
41.639023,-0.897079,146414834,Universidad,side_street,0.6875,0.7275,0.3707,0.9696,0.6734,0.6943,0.6805,0.7299,0.8013,7,6.9,7,6.9,7.3,7.8
41.639152,-0.897325,146414834,Universidad,side_street,0.6731,0.7275,0.3715,0.9669,0.6586,0.6802,0.667,0.7236,0.7971,6.9,6.8,6.9,6.9,7.2,7.8
41.642732,-0.905876,146414869,Universidad,main_street,0.2319,0.485,0.358,0.7239,0.235,0.2369,0.2312,0.2376,0.2647,3.8,3.9,3.9,3.8,3.9,3.9
41.643774,-0.88313,148613791,Centro,side_street,0.8451,0.3566,0.733,0.3051,0.8499,0.8197,0.8611,0.8108,0.7035,6.4,6.4,6.2,6.5,6.2,5.6
41.643618,-0.883346,148613791,Centro,side_street,0.8352,0.3237,0.7291,0.3392,0.8389,0.8091,0.8516,0.8029,0.699,6.2,6.2,6.1,6.3,6,5.5
41.643463,-0.883564,148613791,Centro,side_street,0.8257,0.3237,0.7275,0.4481,0.8286,0.8029,0.8433,0.7941,0.6952,6.3,6.3,6.2,6.4,6.1,5.6
41.643308,-0.883781,148613791,Centro,side_street,0.8168,0.3237,0.7247,0.4973,0.8219,0.7971,0.833,0.7855,0.68,6.3,6.3,6.2,6.4,6.1,5.6
41.643152,-0.883999,148613791,Centro,side_street,0.8094,0.3237,0.7168,0.5455,0.8146,0.7923,0.8236,0.7777,0.671,6.3,6.3,6.2,6.4,6.1,5.5
41.64416,-0.887335,148613803,Centro,side_street,0.8619,0.2132,0.7562,0.7614,0.8752,0.8498,0.8694,0.8177,0.759,6.6,6.6,6.5,6.6,6.3,6
41.644383,-0.887303,148613803,Centro,side_street,0.8669,0.2132,0.7617,0.7663,0.8833,0.8529,0.8742,0.8195,0.7568,6.6,6.7,6.5,6.7,6.3,6
41.644607,-0.887271,148613803,Centro,side_street,0.8785,0.2132,0.7691,0.7802,0.8934,0.8618,0.8824,0.8257,0.7633,6.7,6.8,6.6,6.7,6.4,6.1
41.64483,-0.887239,148613803,Centro,side_street,0.8854,0.2132,0.774,0.8184,0.9007,0.8703,0.8912,0.8307,0.7682,6.8,6.9,6.7,6.9,6.5,6.2
41.645054,-0.887205,148613803,Centro,side_street,0.8932,0.1836,0.7757,0.8395,0.911,0.8816,0.8999,0.8399,0.7767,6.8,6.9,6.7,6.8,6.5,6.1
41.645277,-0.887169,148613803,Centro,side_street,0.8982,0.1836,0.7757,0.8769,0.919,0.8884,0.907,0.8465,0.7829,6.9,7,6.8,6.9,6.6,6.2
41.6455,-0.887133,148613803,Centro,side_street,0.9018,0.1836,0.7811,0.9107,0.9238,0.8946,0.9115,0.851,0.7872,7,7.1,6.9,7,6.7,6.3
41.645723,-0.887097,148613803,Centro,side_street,0.9019,0.1836,0.7833,0.9505,0.9259,0.8956,0.9114,0.8492,0.7901,7,7.2,7,7.1,6.7,6.4
41.645947,-0.887061,148613803,Centro,side_street,0.9023,0.1836,0.7884,0.975,0.9271,0.8987,0.9107,0.8503,0.7959,7.1,7.3,7.1,7.2,6.8,6.5
41.64617,-0.887025,148613803,Centro,side_street,0.9004,0.1836,0.787,0.9772,0.9258,0.899,0.9088,0.8509,0.8007,7.1,7.3,7.1,7.1,6.8,6.5
41.643594,-0.889228,148613805,Centro,side_street,0.8359,0.1204,0.747,0.786,0.8498,0.825,0.8407,0.8041,0.775,6,6.1,6,6.1,5.9,5.7
41.6435,-0.888335,148613805,Centro,side_street,0.844,0.1663,0.747,0.6443,0.8573,0.8355,0.8491,0.8105,0.7735,6.1,6.1,6,6.1,5.9,5.7
41.643471,-0.888037,148613805,Centro,side_street,0.8474,0.1764,0.743,0.6638,0.8601,0.8369,0.8534,0.8106,0.7667,6.1,6.2,6.1,6.2,5.9,5.7
41.643446,-0.887738,148613805,Centro,side_street,0.8478,0.1764,0.7482,0.6167,0.8602,0.8371,0.854,0.8098,0.761,6.1,6.2,6,6.1,5.9,5.6
41.643421,-0.887439,148613805,Centro,side_street,0.8403,0.1764,0.7489,0.5885,0.8527,0.8298,0.8479,0.8024,0.7511,6,6.1,6,6.1,5.8,5.5
41.643396,-0.88714,148613805,Centro,side_street,0.8347,0.1764,0.7452,0.6526,0.8478,0.8236,0.8424,0.7944,0.7428,6.1,6.1,6,6.1,5.8,5.6
41.643371,-0.886841,148613805,Centro,side_street,0.8256,0.1764,0.7414,0.7042,0.8392,0.8149,0.8362,0.7869,0.7308,6.1,6.1,6,6.1,5.9,5.6
41.643353,-0.886541,148613805,Centro,side_street,0.8205,0.1165,0.7387,0.7711,0.833,0.8078,0.8311,0.7832,0.72,5.9,6,5.8,6,5.7,5.3
41.643326,-0.886243,148613805,Centro,side_street,0.8192,0.1165,0.7414,0.7942,0.8307,0.8057,0.8306,0.7825,0.7169,5.9,6,5.8,6,5.7,5.4
41.660961,-0.875827,148830500,"El Rabal",side_street,0.2465,0.3455,0.3145,0.3363,0.2342,0.2398,0.2499,0.2606,0.2479,3.1,3,3.1,3.1,3.2,3.1
41.660457,-0.874152,148830500,"El Rabal",side_street,0.3226,0.3455,0.3145,0.6507,0.3119,0.3178,0.3263,0.3328,0.3356,3.7,3.6,3.7,3.7,3.7,3.7
41.660373,-0.873873,148830500,"El Rabal",side_street,0.3303,0.3455,0.3145,0.7175,0.3231,0.3262,0.3358,0.3437,0.3484,3.8,3.7,3.8,3.8,3.8,3.8
41.659484,-0.877481,148830501,"El Rabal",side_street,0.2619,0.0992,0.3374,0.32,0.2431,0.2797,0.2672,0.305,0.3453,2.6,2.5,2.6,2.6,2.7,2.9
41.659707,-0.877522,148830501,"El Rabal",side_street,0.2524,0.0992,0.3351,0.2951,0.2326,0.2657,0.2527,0.2911,0.3274,2.5,2.4,2.6,2.5,2.7,2.8
41.662693,-0.870197,148830503,"El Rabal",secondary_street,0.1618,0.7103,0.3054,0.0902,0.1327,0.1614,0.1676,0.2085,0.2387,3.6,3.5,3.6,3.6,3.7,3.8
41.662345,-0.870129,148830504,"El Rabal",secondary_street,0.1743,0.7463,0.3054,0.1521,0.1494,0.1776,0.1769,0.2287,0.2544,3.7,3.7,3.8,3.8,3.9,4
41.660826,-0.873679,148830505,"El Rabal",side_street,0.3112,0.2493,0.3054,0.6542,0.2965,0.3078,0.3168,0.3313,0.3403,3.4,3.3,3.4,3.4,3.4,3.5
41.660915,-0.873955,148830505,"El Rabal",side_street,0.3033,0.2493,0.3054,0.5936,0.2884,0.3003,0.3089,0.3202,0.3283,3.3,3.2,3.3,3.3,3.4,3.4
41.66136,-0.875337,148830505,"El Rabal",side_street,0.2458,0.2493,0.2988,0.3513,0.2347,0.2383,0.2482,0.2596,0.2582,2.8,2.8,2.8,2.8,2.9,2.9
41.661449,-0.875613,148830505,"El Rabal",side_street,0.2298,0.2493,0.2988,0.3092,0.2281,0.2287,0.2336,0.2465,0.2465,2.7,2.7,2.8,2.8,2.8,2.8
41.663296,-0.871981,148830507,"El Rabal",secondary_street,0.1217,0.5331,0.3054,0.3157,0.1139,0.1292,0.1156,0.1621,0.2278,3.1,3.1,3.2,3.1,3.3,3.6
41.663169,-0.871732,148830507,"El Rabal",secondary_street,0.1317,0.5382,0.3054,0.248,0.121,0.1457,0.129,0.1783,0.2443,3.1,3.1,3.2,3.1,3.3,3.6
41.663041,-0.871486,148830507,"El Rabal",secondary_street,0.1386,0.5495,0.3054,0.1783,0.1228,0.1499,0.1354,0.1867,0.2459,3.1,3,3.2,3.1,3.3,3.5
41.660857,-0.876699,148830509,"El Rabal",side_street,0.2206,0.089,0.327,0.2198,0.2151,0.2215,0.2213,0.2439,0.24,2.3,2.2,2.3,2.3,2.4,2.4
41.662328,-0.905417,148897413,"La Almozara",secondary_street,0.0721,0.4003,0.1451,0.5136,0.0705,0.0779,0.0712,0.0862,0.1232,2.5,2.5,2.6,2.5,2.6,2.7
41.662056,-0.904591,148897413,"La Almozara",secondary_street,0.0845,0.4003,0.148,0.5667,0.0835,0.0892,0.0866,0.0913,0.1285,2.6,2.6,2.7,2.6,2.7,2.8
41.661102,-0.901116,148897415,"La Almozara",secondary_street,0.1607,0.8836,0.148,0.6348,0.1703,0.1536,0.1412,0.1345,0.1528,4.2,4.2,4.1,4.1,4.1,4.1
41.661044,-0.900825,148897415,"La Almozara",secondary_street,0.1675,0.8823,0.1451,0.5871,0.1785,0.1618,0.1477,0.141,0.1577,4.1,4.2,4.1,4.1,4,4.1
41.660987,-0.900534,148897415,"La Almozara",secondary_street,0.1714,0.8823,0.1451,0.5427,0.1827,0.1685,0.1511,0.146,0.1642,4.1,4.1,4.1,4,4,4.1
41.66093,-0.900243,148897415,"La Almozara",secondary_street,0.1713,0.8823,0.148,0.5379,0.1822,0.1696,0.1475,0.149,0.1702,4.1,4.1,4.1,4,4,4.1
41.660874,-0.899952,148897415,"La Almozara",secondary_street,0.171,0.8471,0.1507,0.5495,0.1816,0.1709,0.1457,0.1529,0.1823,4,4.1,4,4,4,4
41.660763,-0.899368,148897415,"La Almozara",secondary_street,0.1673,0.843,0.1557,0.4787,0.1745,0.172,0.1391,0.1639,0.2141,4,4,4,3.9,3.9,4.1
41.641448,-0.883592,148897426,Centro,side_street,0.7275,0.0835,0.6781,0.7983,0.7321,0.7174,0.7424,0.7104,0.6222,5.2,5.2,5.1,5.2,5.1,4.7
41.641573,-0.883841,148897426,Centro,side_street,0.7446,0.0835,0.6809,0.818,0.7479,0.7311,0.7561,0.724,0.6406,5.3,5.3,5.2,5.3,5.2,4.8
41.641695,-0.884094,148897426,Centro,side_street,0.7548,0.0827,0.6832,0.8389,0.7572,0.7408,0.7675,0.7352,0.6538,5.4,5.4,5.3,5.4,5.3,4.9
41.641936,-0.884602,148897426,Centro,side_street,0.7767,0.0827,0.694,0.8564,0.7809,0.7598,0.7886,0.7511,0.672,5.5,5.6,5.4,5.6,5.4,5
41.647198,-0.882583,148897432,Centro,side_street,0.9439,0.6899,0.8303,0.5505,0.9406,0.934,0.9553,0.9245,0.8554,9.2,9.2,9.2,9.3,9.2,8.7
41.647117,-0.882302,148897432,Centro,side_street,0.9409,0.6754,0.8316,0.4512,0.9363,0.9295,0.9518,0.9221,0.8525,9.1,9,9,9.1,8.9,8.5
41.647032,-0.882023,148897432,Centro,side_street,0.9298,0.6755,0.8282,0.3895,0.9247,0.9187,0.9406,0.9152,0.8501,8.9,8.8,8.8,9,8.8,8.4
41.64694,-0.881749,148897432,Centro,side_street,0.9175,0.678,0.8254,0.1764,0.9127,0.907,0.925,0.9086,0.8484,8.4,8.4,8.4,8.5,8.4,8.1
41.646834,-0.881484,148897432,Centro,side_street,0.9029,0.678,0.8227,0.0677,0.9014,0.8964,0.9079,0.8994,0.8453,8.2,8.2,8.2,8.3,8.2,7.9
41.646709,-0.881234,148897432,Centro,side_street,0.8917,0.686,0.8078,0.0776,0.8905,0.8852,0.8939,0.8879,0.8426,8.2,8.1,8.1,8.2,8.1,7.9
41.646583,-0.880985,148897432,Centro,side_street,0.8814,0.6971,0.787,0.0921,0.8755,0.8748,0.8783,0.8786,0.842,8.1,8,8,8.1,8.1,7.9
41.646448,-0.880744,148897432,Centro,side_street,0.8686,0.5062,0.7757,0.0937,0.8686,0.8655,0.8676,0.8713,0.8437,7,6.9,7,7,7,6.9
41.646315,-0.880502,148897432,Centro,side_street,0.8563,0.4899,0.7539,0.1415,0.857,0.8542,0.8543,0.8629,0.8468,6.8,6.8,6.8,6.8,6.9,6.8
41.646171,-0.88027,148897432,Centro,side_street,0.8444,0.4899,0.7482,0.1617,0.8462,0.8437,0.8419,0.8529,0.8447,6.8,6.8,6.8,6.8,6.8,6.8
41.646015,-0.880055,148897432,Centro,side_street,0.8318,0.4792,0.7374,0.1898,0.8314,0.8351,0.828,0.8427,0.844,6.7,6.7,6.7,6.6,6.7,6.8
41.64585,-0.879851,148897432,Centro,side_street,0.8188,0.4792,0.7144,0.3164,0.8192,0.8233,0.815,0.8345,0.8414,6.7,6.7,6.7,6.7,6.8,6.9
41.645683,-0.879649,148897432,Centro,side_street,0.8084,0.4946,0.7113,0.378,0.807,0.8094,0.8031,0.8232,0.8378,6.8,6.8,6.8,6.8,6.9,7
41.6455,-0.879475,148897432,Centro,side_street,0.7976,0.4427,0.7032,0.4052,0.7973,0.8005,0.7941,0.8116,0.8314,6.5,6.5,6.5,6.5,6.6,6.8
41.645317,-0.879299,148897432,Centro,side_street,0.7855,0.4427,0.701,0.5165,0.7832,0.7891,0.7787,0.7982,0.8243,6.6,6.6,6.6,6.6,6.7,6.9
41.645135,-0.879124,148897432,Centro,side_street,0.7664,0.4427,0.701,0.5824,0.7631,0.7719,0.7585,0.7829,0.8137,6.6,6.6,6.6,6.5,6.7,6.9
41.644952,-0.878948,148897432,Centro,side_street,0.7484,0.4427,0.701,0.6714,0.7469,0.7561,0.7419,0.7702,0.8036,6.6,6.6,6.7,6.6,6.8,7
41.644769,-0.878773,148897432,Centro,side_street,0.7282,0.4427,0.6956,0.7393,0.727,0.7383,0.7181,0.7507,0.7908,6.6,6.6,6.6,6.5,6.7,7
41.644587,-0.878597,148897432,Centro,side_street,0.6997,0.4427,0.6898,0.7773,0.6878,0.7176,0.6926,0.7277,0.774,6.5,6.4,6.6,6.4,6.6,6.9
41.646651,-0.883516,148897439,Centro,side_street,0.9262,0.1887,0.7904,0.643,0.9252,0.9057,0.9456,0.8982,0.8058,6.8,6.7,6.6,6.9,6.6,6.1
41.646465,-0.883348,148897439,Centro,side_street,0.9276,0.1887,0.7922,0.5695,0.9269,0.9062,0.9477,0.8998,0.8043,6.7,6.7,6.6,6.8,6.5,6
41.646278,-0.883181,148897439,Centro,side_street,0.9265,0.1887,0.7884,0.496,0.9257,0.9025,0.9459,0.8958,0.7986,6.5,6.5,6.4,6.7,6.4,5.8
41.646091,-0.883013,148897439,Centro,side_street,0.9255,0.1887,0.787,0.3882,0.9231,0.9008,0.9435,0.8944,0.7966,6.4,6.4,6.2,6.5,6.2,5.7
41.645905,-0.882845,148897439,Centro,side_street,0.9243,0.2006,0.794,0.2096,0.9224,0.8982,0.9425,0.8923,0.7927,6.2,6.2,6,6.3,6,5.5
41.645719,-0.882676,148897439,Centro,side_street,0.919,0.2006,0.7638,0.0871,0.9175,0.8947,0.9363,0.8881,0.7897,5.9,5.9,5.8,6,5.7,5.2
41.647224,-0.882874,148897441,Centro,side_street,0.9423,0.5691,0.8227,0.608,0.9389,0.9308,0.9538,0.9199,0.8491,8.8,8.7,8.7,8.8,8.6,8.2
41.644144,-0.87934,148897443,Centro,side_street,0.6762,0.0704,0.687,0.6531,0.6604,0.6827,0.6812,0.7118,0.7417,4.8,4.7,4.8,4.8,4.9,5
41.644332,-0.879506,148897443,Centro,side_street,0.7209,0.0704,0.6919,0.5961,0.7109,0.7261,0.7195,0.739,0.7607,4.9,4.9,4.9,4.9,5,5
41.644519,-0.879671,148897443,Centro,side_street,0.7453,0.0704,0.6919,0.553,0.7419,0.7452,0.7467,0.7598,0.7743,5,5,5,5,5,5.1
41.644707,-0.879837,148897443,Centro,side_street,0.7695,0.0704,0.694,0.502,0.7644,0.7665,0.7704,0.779,0.7865,5,5,5,5,5,5.1
41.644895,-0.880003,148897443,Centro,side_street,0.7894,0.0704,0.7032,0.3701,0.787,0.787,0.7904,0.7931,0.7944,5,5,5,5,5,5
41.645082,-0.880169,148897443,Centro,side_street,0.8038,0.0704,0.7058,0.3129,0.8038,0.8006,0.8071,0.8094,0.8006,5,5,5,5,5,4.9
41.645269,-0.880336,148897443,Centro,side_street,0.8177,0.2398,0.7113,0.2982,0.818,0.8139,0.8195,0.8241,0.8079,5.7,5.7,5.7,5.7,5.7,5.6
41.645456,-0.880503,148897443,Centro,side_street,0.8317,0.2219,0.7128,0.2202,0.8311,0.827,0.8332,0.8355,0.8143,5.6,5.6,5.6,5.6,5.6,5.5
41.645831,-0.880835,148897443,Centro,side_street,0.8561,0.2219,0.743,0.1361,0.8568,0.8485,0.8574,0.8557,0.8242,5.7,5.7,5.6,5.7,5.6,5.5
41.646019,-0.881,148897443,Centro,side_street,0.868,0.2219,0.7489,0.1183,0.8684,0.8601,0.87,0.867,0.8291,5.7,5.8,5.7,5.8,5.7,5.5
41.646207,-0.881166,148897443,Centro,side_street,0.8828,0.2219,0.7638,0.1066,0.8768,0.8728,0.8823,0.8755,0.83,5.8,5.8,5.8,5.8,5.8,5.5
41.655051,-0.902854,148897446,"La Almozara",secondary_street,0.4542,0.8462,0.1689,0.2622,0.4484,0.4563,0.4486,0.4775,0.5367,4.8,4.8,4.8,4.8,4.9,5.1
41.655494,-0.902752,148897446,"La Almozara",secondary_street,0.4274,0.8385,0.1689,0.2142,0.4207,0.4278,0.425,0.4507,0.5098,4.6,4.6,4.6,4.6,4.7,4.9
41.655715,-0.902693,148897446,"La Almozara",secondary_street,0.4103,0.8358,0.1669,0.1776,0.4022,0.4064,0.4088,0.4329,0.4876,4.5,4.5,4.5,4.5,4.6,4.8
41.646495,-0.876052,148897447,Centro,side_street,0.6733,0.0651,0.6919,0.6665,0.6932,0.7,0.6447,0.6665,0.7321,4.8,4.9,4.9,4.7,4.7,5
41.646606,-0.87579,148897447,Centro,side_street,0.6734,0.0651,0.6898,0.6791,0.694,0.6987,0.6458,0.6632,0.7265,4.8,4.9,4.9,4.7,4.7,5
41.647052,-0.874745,148897447,Centro,side_street,0.6727,0.0651,0.6841,0.8485,0.6914,0.6928,0.6487,0.6576,0.7145,5,5,5,4.9,4.9,5.1
41.642318,-0.883151,148897448,Centro,side_street,0.7528,0.094,0.6956,0.6139,0.7544,0.7363,0.7694,0.7346,0.6367,5.2,5.2,5.1,5.2,5,4.6
41.642151,-0.883352,148897448,Centro,side_street,0.7518,0.094,0.693,0.7118,0.7538,0.7354,0.7668,0.7313,0.6345,5.2,5.3,5.2,5.3,5.1,4.7
41.641984,-0.883553,148897448,Centro,side_street,0.7524,0.094,0.691,0.7677,0.7554,0.7371,0.7665,0.7319,0.6399,5.3,5.3,5.2,5.4,5.2,4.8
41.641817,-0.883754,148897448,Centro,side_street,0.751,0.094,0.6919,0.7955,0.7545,0.7369,0.7634,0.7306,0.6449,5.3,5.4,5.3,5.4,5.2,4.8
41.64165,-0.883955,148897448,Centro,side_street,0.7507,0.094,0.6841,0.8338,0.7541,0.7374,0.7624,0.7311,0.6488,5.4,5.4,5.3,5.4,5.3,4.9
41.6429,-0.882594,148897452,Centro,side_street,0.7699,0.2351,0.7058,0.4628,0.7692,0.7469,0.7889,0.7476,0.6398,5.6,5.6,5.5,5.7,5.5,4.9
41.642928,-0.882893,148897452,Centro,side_street,0.7834,0.2351,0.7094,0.4796,0.7817,0.7583,0.7995,0.7607,0.6542,5.7,5.7,5.6,5.8,5.6,5
41.642955,-0.883192,148897452,Centro,side_street,0.7923,0.2351,0.7113,0.4705,0.7925,0.7688,0.8061,0.7684,0.6642,5.8,5.8,5.6,5.8,5.6,5.1
41.643038,-0.884087,148897452,Centro,side_street,0.8054,0.2351,0.7144,0.5698,0.8116,0.7893,0.8188,0.7749,0.6709,6,6,5.9,6,5.8,5.2
41.642646,-0.885857,148897458,Centro,side_street,0.7995,0.5736,0.7186,0.8519,0.8078,0.7876,0.8084,0.7655,0.693,7.9,8,7.9,8,7.7,7.3
41.64262,-0.885558,148897458,Centro,side_street,0.7986,0.5736,0.7158,0.8498,0.8061,0.7866,0.8086,0.7682,0.6909,7.9,8,7.8,8,7.8,7.2
41.642594,-0.885259,148897458,Centro,side_street,0.799,0.5736,0.7168,0.83,0.806,0.7863,0.8088,0.7687,0.6905,7.9,7.9,7.8,8,7.7,7.2
41.642568,-0.88496,148897458,Centro,side_street,0.7971,0.5736,0.7128,0.7968,0.8026,0.7834,0.8078,0.7695,0.6891,7.8,7.8,7.7,7.9,7.7,7.1
41.642542,-0.884661,148897458,Centro,side_street,0.7938,0.5744,0.7094,0.7798,0.798,0.7785,0.8048,0.7665,0.6826,7.7,7.8,7.7,7.8,7.6,7
41.642516,-0.884363,148897458,Centro,side_street,0.7901,0.5744,0.7073,0.7849,0.794,0.772,0.8006,0.7623,0.6713,7.7,7.8,7.6,7.8,7.6,6.9
41.64249,-0.884064,148897458,Centro,side_street,0.7841,0.5744,0.7094,0.7538,0.7876,0.7637,0.7966,0.7573,0.6644,7.6,7.7,7.5,7.7,7.5,6.9
41.642464,-0.883765,148897458,Centro,side_street,0.7773,0.5744,0.7094,0.6884,0.7797,0.7573,0.7915,0.7524,0.6594,7.5,7.5,7.4,7.6,7.3,6.8
41.642438,-0.883466,148897458,Centro,side_street,0.7671,0.5744,0.7058,0.6417,0.7689,0.7476,0.7842,0.7451,0.6512,7.4,7.4,7.2,7.5,7.2,6.6
41.642412,-0.883167,148897458,Centro,side_street,0.7571,0.5744,0.7023,0.606,0.7571,0.7391,0.774,0.7387,0.6433,7.2,7.2,7.1,7.3,7.1,6.5
41.642386,-0.882868,148897458,Centro,side_street,0.7451,0.6122,0.694,0.5503,0.7458,0.7285,0.7605,0.7261,0.6245,7.2,7.2,7.1,7.3,7,6.5
41.64236,-0.88257,148897458,Centro,side_street,0.7287,0.6354,0.6919,0.5291,0.7301,0.7092,0.747,0.7116,0.6084,7.2,7.2,7,7.3,7,6.4
41.652741,-0.872085,148897459,"Casco Histórico",square,0.4772,0.0425,0.5627,0.7809,0.4572,0.5144,0.4761,0.5544,0.6962,3.9,3.9,4,3.9,4.2,4.6
41.652573,-0.871886,148897459,"Casco Histórico",square,0.4566,0.0425,0.5603,0.7559,0.4353,0.4871,0.4573,0.5353,0.669,3.9,3.8,3.9,3.9,4.1,4.5
41.643954,-0.886214,148897462,Centro,side_street,0.845,0.2755,0.7562,0.8457,0.8574,0.8311,0.8561,0.8021,0.7263,6.8,6.9,6.8,6.9,6.6,6.2
41.643978,-0.886513,148897462,Centro,side_street,0.8458,0.2755,0.7562,0.8365,0.8581,0.8328,0.856,0.803,0.7336,6.8,6.9,6.8,6.9,6.6,6.2
41.644002,-0.886812,148897462,Centro,side_street,0.8489,0.2111,0.7617,0.8202,0.8618,0.8363,0.8575,0.8065,0.7419,6.6,6.7,6.5,6.6,6.3,6
41.644028,-0.887111,148897462,Centro,side_street,0.8537,0.2111,0.7539,0.7952,0.8672,0.8403,0.8622,0.812,0.7518,6.6,6.6,6.5,6.6,6.3,6
41.644054,-0.88741,148897462,Centro,side_street,0.8585,0.0988,0.7562,0.7456,0.872,0.8464,0.8663,0.8164,0.7596,6,6.1,6,6.1,5.8,5.5
41.644085,-0.887708,148897462,Centro,side_street,0.8597,0.0988,0.7617,0.7189,0.8731,0.8475,0.867,0.8168,0.762,6,6.1,6,6.1,5.8,5.5
41.644115,-0.888006,148897462,Centro,side_street,0.8621,0.0988,0.7598,0.7906,0.8749,0.8501,0.8684,0.82,0.7672,6.1,6.2,6.1,6.2,5.9,5.6
41.644142,-0.888304,148897462,Centro,side_street,0.858,0.0469,0.7581,0.7624,0.8715,0.8468,0.8638,0.8178,0.7728,5.9,6,5.8,5.9,5.6,5.4
41.647842,-0.88234,148897465,Centro,side_street,0.936,0.7089,0.8293,0.5499,0.9308,0.9364,0.9423,0.9244,0.8705,9.3,9.2,9.3,9.3,9.2,8.9
41.647639,-0.882469,148897465,Centro,side_street,0.9432,0.6948,0.8322,0.5601,0.9412,0.9397,0.9501,0.9276,0.8667,9.3,9.3,9.2,9.3,9.2,8.9
41.647436,-0.882597,148897465,Centro,side_street,0.9466,0.6948,0.8325,0.5582,0.9457,0.9394,0.9548,0.9275,0.8614,9.3,9.3,9.2,9.3,9.2,8.8
41.646686,-0.883728,148897466,Centro,side_street,0.9172,0.5756,0.7904,0.759,0.9172,0.9004,0.9364,0.8909,0.8024,8.8,8.8,8.7,8.9,8.6,8.1
41.646566,-0.883982,148897466,Centro,side_street,0.9036,0.5964,0.7966,0.7729,0.907,0.8888,0.9228,0.8779,0.7921,8.9,8.8,8.7,9,8.7,8.2
41.646447,-0.884237,148897466,Centro,side_street,0.8961,0.6081,0.7966,0.8705,0.9018,0.8831,0.9127,0.8691,0.785,9,9,8.9,9.1,8.9,8.4
41.650037,-0.911888,148897467,Delicias,side_street,0.7397,0.3198,0.911,0.3349,0.7482,0.7213,0.7473,0.7134,0.6771,6.2,6.2,6.1,6.2,6,5.8
41.650244,-0.911772,148897467,Delicias,side_street,0.7414,0.3151,0.9234,0.4122,0.7494,0.7233,0.7489,0.7157,0.6788,6.3,6.3,6.2,6.3,6.2,5.9
41.650452,-0.911655,148897467,Delicias,side_street,0.7402,0.3151,0.9234,0.4599,0.7476,0.7222,0.7476,0.7159,0.6808,6.3,6.4,6.2,6.4,6.2,6
41.650659,-0.911539,148897467,Delicias,side_street,0.7353,0.3151,0.9358,0.5079,0.7441,0.7191,0.7425,0.713,0.6779,6.4,6.5,6.3,6.5,6.3,6.1
41.650866,-0.911423,148897467,Delicias,side_street,0.7312,0.3151,0.9674,0.5225,0.7395,0.7164,0.7374,0.7124,0.6815,6.5,6.6,6.4,6.5,6.4,6.2
41.659483,-0.899777,148897475,"La Almozara",side_street,0.1033,0.3624,0.1634,0.2172,0.1074,0.1142,0.0861,0.1155,0.1668,2.3,2.3,2.3,2.2,2.3,2.5
41.659574,-0.900052,148897475,"La Almozara",side_street,0.1084,0.3902,0.1634,0.2959,0.1159,0.1176,0.0882,0.117,0.1683,2.5,2.5,2.5,2.4,2.5,2.7
41.652833,-0.871759,148897476,"Casco Histórico",square,0.4299,0.6317,0.5563,0.7623,0.4165,0.4538,0.4288,0.4849,0.6287,5.4,5.3,5.5,5.4,5.6,6.5
41.653019,-0.871928,148897476,"Casco Histórico",square,0.4364,0.6559,0.5563,0.7288,0.4231,0.4651,0.4353,0.5013,0.6443,5.5,5.4,5.6,5.5,5.8,6.6
41.657584,-0.869205,148897479,"El Rabal",side_street,0.123,0.7308,0.3351,0.28,0.127,0.135,0.1162,0.1287,0.1559,3.7,3.7,3.7,3.7,3.7,3.8
41.661616,-0.870698,148897480,"El Rabal",side_street,0.2056,0.6071,0.3054,0.2695,0.1921,0.2083,0.2116,0.2595,0.2754,3.6,3.6,3.6,3.6,3.8,3.8
41.646129,-0.885185,148897486,Centro,secondary_street,0.8717,0.9494,0.7833,0.9397,0.8782,0.8563,0.8864,0.8361,0.7677,9.9,9.9,9.9,9.9,9.9,9.7
41.645618,-0.884669,148897488,Centro,secondary_street,0.8886,0.7743,0.7772,0.8079,0.8947,0.8659,0.9029,0.8495,0.7562,9.4,9.5,9.3,9.5,9.3,8.8
41.645442,-0.884484,148897488,Centro,secondary_street,0.8922,0.7743,0.7788,0.68,0.8985,0.8686,0.9084,0.8536,0.7524,9.3,9.3,9.2,9.4,9.2,8.5
41.645265,-0.884298,148897488,Centro,secondary_street,0.8934,0.7743,0.774,0.3222,0.899,0.8687,0.9104,0.8551,0.7475,8.8,8.9,8.7,9,8.6,8
41.645088,-0.884112,148897488,Centro,secondary_street,0.8939,0.7799,0.7581,0.2732,0.8998,0.8684,0.912,0.8554,0.7452,8.7,8.7,8.5,8.9,8.5,7.8
41.6449,-0.883949,148897488,Centro,secondary_street,0.8925,0.9069,0.747,0.2376,0.8975,0.8653,0.9087,0.8523,0.7397,9.2,9.2,9.1,9.3,9,8.3
41.644717,-0.883775,148897488,Centro,secondary_street,0.8902,0.9002,0.7401,0.2547,0.8954,0.8622,0.9059,0.8505,0.7384,9.2,9.2,9,9.2,9,8.3
41.644533,-0.883602,148897488,Centro,secondary_street,0.8855,0.8978,0.7401,0.202,0.8886,0.8554,0.8991,0.8451,0.7353,9.1,9.1,8.9,9.1,8.8,8.2
41.644345,-0.883437,148897488,Centro,secondary_street,0.8789,0.8978,0.7374,0.1959,0.8785,0.8493,0.8933,0.8389,0.7302,9,9,8.8,9.1,8.8,8.2
41.644156,-0.883274,148897488,Centro,secondary_street,0.864,0.8982,0.7348,0.1945,0.8683,0.8382,0.8803,0.829,0.7188,8.9,8.9,8.7,9,8.7,8.1
41.643963,-0.883119,148897488,Centro,secondary_street,0.8536,0.8982,0.7348,0.2791,0.8578,0.829,0.8698,0.8194,0.709,9,9,8.8,9.1,8.8,8.1
41.64377,-0.882966,148897488,Centro,secondary_street,0.8436,0.9066,0.7291,0.2623,0.8484,0.8183,0.8599,0.8101,0.7022,8.9,8.9,8.7,9,8.7,8.1
41.643576,-0.882814,148897488,Centro,secondary_street,0.8267,0.9052,0.7224,0.2927,0.828,0.8019,0.8454,0.7968,0.6922,8.8,8.8,8.6,9,8.6,8
41.643381,-0.882663,148897488,Centro,secondary_street,0.8071,0.9052,0.7177,0.3335,0.8082,0.7869,0.8248,0.7817,0.6775,8.7,8.7,8.6,8.9,8.6,8
41.643122,-0.881411,149303976,Centro,side_street,0.7241,0.6073,0.694,0.4016,0.7202,0.7027,0.7429,0.715,0.6275,6.8,6.7,6.6,6.9,6.7,6.2
41.643318,-0.881558,149303976,Centro,side_street,0.7514,0.5885,0.7043,0.3515,0.749,0.7321,0.7691,0.7386,0.6497,6.8,6.8,6.7,6.9,6.7,6.2
41.643514,-0.881705,149303976,Centro,side_street,0.7742,0.5885,0.7073,0.2945,0.7732,0.7521,0.7908,0.7566,0.67,6.9,6.8,6.7,7,6.8,6.3
41.64371,-0.881852,149303976,Centro,side_street,0.7961,0.5931,0.7128,0.2443,0.7961,0.7752,0.8099,0.7742,0.6956,7,6.9,6.8,7,6.9,6.4
41.643904,-0.882004,149303976,Centro,side_street,0.8163,0.5929,0.7205,0.1614,0.8178,0.7962,0.8314,0.7911,0.7137,7,7,6.9,7.1,6.9,6.4
41.644092,-0.882168,149303976,Centro,side_street,0.8376,0.5929,0.7247,0.1289,0.8404,0.8144,0.8526,0.8115,0.7247,7.1,7.1,6.9,7.2,6.9,6.4
41.644277,-0.882338,149303976,Centro,side_street,0.8542,0.3748,0.7291,0.0722,0.8577,0.832,0.8687,0.8256,0.7301,6.2,6.2,6,6.2,6,5.5
41.644464,-0.882507,149303976,Centro,side_street,0.8666,0.3632,0.733,0.0858,0.8698,0.8417,0.8809,0.8365,0.7376,6.2,6.2,6.1,6.3,6,5.5
41.644646,-0.882684,149303976,Centro,side_street,0.8833,0.3604,0.7387,0.1033,0.8838,0.8537,0.8949,0.8477,0.7458,6.3,6.3,6.2,6.4,6.1,5.6
41.644826,-0.882864,149303976,Centro,side_street,0.8951,0.3604,0.743,0.1384,0.8994,0.87,0.9097,0.8612,0.7552,6.5,6.5,6.3,6.5,6.3,5.7
41.645006,-0.883044,149303976,Centro,side_street,0.9032,0.3604,0.7452,0.174,0.9072,0.8793,0.9224,0.8686,0.7566,6.6,6.6,6.4,6.7,6.4,5.7
41.645185,-0.883225,149303976,Centro,side_street,0.911,0.3604,0.7501,0.1222,0.9142,0.8861,0.9312,0.8744,0.7619,6.5,6.6,6.4,6.7,6.3,5.7
41.645366,-0.883404,149303976,Centro,side_street,0.9197,0.2944,0.7617,0.1772,0.9223,0.8922,0.9414,0.8806,0.7654,6.4,6.4,6.3,6.5,6.2,5.6
41.645548,-0.883581,149303976,Centro,side_street,0.921,0.2944,0.7581,0.2092,0.9227,0.8934,0.9429,0.882,0.7679,6.5,6.5,6.3,6.6,6.3,5.6
41.64573,-0.883757,149303976,Centro,side_street,0.9148,0.2944,0.7617,0.5278,0.9173,0.8903,0.938,0.8792,0.7711,6.9,6.9,6.8,7,6.7,6.1
41.645912,-0.883934,149303976,Centro,side_street,0.906,0.2944,0.7638,0.5325,0.9103,0.8857,0.9269,0.873,0.7723,6.9,6.9,6.7,7,6.7,6.1
41.646094,-0.88411,149303976,Centro,side_street,0.8991,0.2944,0.7691,0.6307,0.9045,0.8824,0.9199,0.8697,0.7763,7,7,6.9,7.1,6.8,6.3
41.646276,-0.884286,149303976,Centro,side_street,0.8943,0.2944,0.7966,0.8551,0.8999,0.8792,0.91,0.8633,0.7785,7.5,7.5,7.4,7.5,7.2,6.7
41.64298,-0.881376,149303978,Centro,side_street,0.7045,0.6487,0.693,0.4691,0.6912,0.6769,0.7234,0.6993,0.6126,6.9,6.8,6.8,7.1,6.9,6.4
41.642823,-0.881793,149303981,Centro,side_street,0.7182,0.844,0.694,0.4724,0.709,0.6923,0.7373,0.7066,0.6057,8.1,8,7.9,8.2,8,7.3
41.642849,-0.882091,149303981,Centro,side_street,0.7408,0.8382,0.701,0.4112,0.74,0.7229,0.7592,0.7248,0.6181,8.1,8.1,8,8.2,8,7.3
41.639522,-0.880509,149307527,Centro,side_street,0.5331,0.4578,0.6708,0.286,0.5514,0.5228,0.5233,0.4633,0.3761,5,5.1,4.9,4.9,4.7,4.4
41.646225,-0.888157,153226366,Centro,secondary_street,0.9124,0.5785,0.7811,0.9607,0.9494,0.9168,0.9131,0.8567,0.8236,9.1,9.2,9.1,9.1,8.7,8.5
41.646121,-0.888423,153226366,Centro,secondary_street,0.9165,0.5785,0.7617,0.9305,0.9524,0.9189,0.9163,0.8592,0.82,9,9.2,9,9,8.6,8.4
41.646017,-0.88869,153226366,Centro,secondary_street,0.9176,0.588,0.7598,0.8797,0.9501,0.9169,0.9175,0.8621,0.8209,9,9.1,9,8.9,8.6,8.4
41.645914,-0.888958,153226366,Centro,secondary_street,0.9182,0.5485,0.7539,0.8376,0.948,0.9151,0.9192,0.8664,0.8229,8.6,8.8,8.6,8.6,8.3,8.1
41.645809,-0.889224,153226366,Centro,secondary_street,0.9226,0.5485,0.7517,0.7845,0.9497,0.917,0.9233,0.8721,0.8289,8.6,8.8,8.5,8.6,8.3,8.1
41.645704,-0.88949,153226366,Centro,secondary_street,0.9245,0.5485,0.7562,0.7797,0.9484,0.9176,0.9245,0.8772,0.8303,8.6,8.7,8.5,8.6,8.3,8.1
41.645599,-0.889756,153226366,Centro,secondary_street,0.9279,0.5831,0.7581,0.8642,0.9517,0.921,0.9296,0.8841,0.8375,9,9.1,8.9,9,8.7,8.4
41.645495,-0.890022,153226366,Centro,secondary_street,0.9308,0.5054,0.7452,0.8697,0.9505,0.9214,0.9322,0.8893,0.8424,8.5,8.7,8.5,8.6,8.3,8.1
41.645391,-0.890289,153226366,Centro,secondary_street,0.9282,0.5054,0.743,0.8925,0.9446,0.9183,0.9305,0.8922,0.8472,8.6,8.7,8.5,8.6,8.3,8.2
41.645286,-0.890555,153226366,Centro,secondary_street,0.9258,0.5365,0.7452,0.9138,0.938,0.9134,0.9265,0.8916,0.8496,8.7,8.8,8.7,8.7,8.5,8.3
41.647292,-0.885184,167190027,Centro,main_street,0.8792,0.8705,0.8187,0.9833,0.8869,0.8744,0.8881,0.8513,0.8071,9.9,9.9,9.8,9.9,9.8,9.7
41.647307,-0.885478,167190027,Centro,main_street,0.8746,0.9125,0.7922,0.9846,0.8844,0.8708,0.8831,0.8444,0.8037,9.9,9.9,9.9,9.9,9.9,9.7
41.656813,-0.882395,167462683,"Casco Histórico",side_street,0.7359,0.9389,0.5735,0.964,0.702,0.7588,0.7346,0.7979,0.8775,9,8.8,9.1,9,9.3,9.7
41.657565,-0.881735,167462683,"Casco Histórico",side_street,0.6026,0.9308,0.5594,0.9473,0.5557,0.6446,0.6049,0.722,0.817,8.1,7.7,8.3,8.1,8.8,9.4
41.662596,-0.87199,167469718,"El Rabal",square,0.1847,0.051,0.3054,0.2667,0.174,0.1912,0.1778,0.2339,0.2831,2,1.9,2,1.9,2.3,2.4
41.662803,-0.871872,167469718,"El Rabal",square,0.1726,0.051,0.3054,0.225,0.1608,0.1778,0.168,0.2159,0.2718,1.8,1.7,1.8,1.8,2.1,2.3
41.663009,-0.871753,167469718,"El Rabal",square,0.1515,0.051,0.3054,0.2321,0.1333,0.1586,0.1437,0.1959,0.2585,1.7,1.6,1.7,1.7,2,2.3
41.641246,-0.89576,167487173,Universidad,side_street,0.7921,0.7858,0.3951,0.92,0.7842,0.7872,0.785,0.8224,0.8819,8,7.9,7.9,7.9,8.2,8.6
41.641059,-0.895928,167487173,Universidad,side_street,0.7856,0.772,0.3929,0.9237,0.776,0.7815,0.7769,0.818,0.883,7.9,7.8,7.9,7.8,8.1,8.5
41.640874,-0.896099,167487173,Universidad,side_street,0.7756,0.6812,0.3911,0.9059,0.7664,0.7735,0.7653,0.8111,0.879,7.3,7.3,7.3,7.3,7.6,8.1
41.64069,-0.896271,167487173,Universidad,side_street,0.766,0.6719,0.3889,0.883,0.7559,0.7634,0.7547,0.8051,0.8758,7.2,7.1,7.2,7.1,7.4,8
41.640505,-0.896443,167487173,Universidad,side_street,0.7572,0.6719,0.3847,0.912,0.7484,0.7565,0.7466,0.7948,0.869,7.1,7,7.2,7,7.4,8
41.64032,-0.896614,167487173,Universidad,side_street,0.7497,0.6436,0.3823,0.8932,0.7425,0.75,0.7398,0.7867,0.8632,6.9,6.8,6.9,6.8,7.1,7.7
41.640135,-0.896784,167487173,Universidad,side_street,0.7419,0.6401,0.3812,0.9122,0.735,0.7428,0.7302,0.7783,0.8508,6.8,6.8,6.9,6.8,7.1,7.6
41.639949,-0.896955,167487173,Universidad,side_street,0.7294,0.6401,0.3787,0.9139,0.7227,0.7315,0.7171,0.766,0.8348,6.8,6.7,6.8,6.7,7,7.5
41.639764,-0.897125,167487173,Universidad,side_street,0.7144,0.6401,0.3761,0.9223,0.699,0.7205,0.7035,0.7501,0.8184,6.7,6.6,6.7,6.6,6.9,7.4
41.639579,-0.897296,167487173,Universidad,side_street,0.6949,0.6401,0.3751,0.9361,0.6769,0.6995,0.6853,0.7354,0.8053,6.6,6.5,6.6,6.5,6.9,7.3
41.639394,-0.897466,167487173,Universidad,side_street,0.6648,0.6401,0.3727,0.9548,0.6514,0.6733,0.6563,0.7198,0.7935,6.4,6.4,6.5,6.4,6.8,7.3
41.639209,-0.897637,167487173,Universidad,side_street,0.6345,0.5336,0.367,0.9666,0.623,0.6477,0.6231,0.7004,0.7832,5.9,5.8,5.9,5.8,6.2,6.7
41.639024,-0.897808,167487173,Universidad,side_street,0.6129,0.5336,0.3662,0.9737,0.6012,0.6254,0.6013,0.6721,0.7729,5.8,5.7,5.8,5.7,6.1,6.7
41.638284,-0.898492,167487173,Universidad,side_street,0.5273,0.5336,0.3642,0.99,0.5137,0.541,0.5219,0.589,0.7352,5.3,5.2,5.4,5.3,5.6,6.4
41.647802,-0.886332,168980245,Centro,main_street,0.8745,0.9153,0.7998,0.9953,0.8898,0.8765,0.8793,0.8434,0.8161,9.9,9.9,9.9,9.9,9.9,9.8
41.658931,-0.891904,169400243,"Casco Histórico",main_street,0.2477,0.6426,0.5394,0.8009,0.2383,0.2549,0.2475,0.264,0.2564,4.7,4.6,4.7,4.7,4.7,4.6
41.638657,-0.886416,170129407,Universidad,side_street,0.5695,0.7763,0.3847,0.8096,0.5724,0.5818,0.5797,0.5663,0.5548,6.3,6.3,6.4,6.4,6.3,6.2
41.647708,-0.88545,175231636,Centro,square,0.8806,0.0072,0.8135,0.9929,0.8906,0.8789,0.8871,0.8559,0.8257,6.3,6.3,6.3,6.3,6.2,6
41.647889,-0.88527,175231636,Centro,square,0.8851,0.0072,0.8164,0.9955,0.8941,0.8847,0.8903,0.8635,0.8392,6.3,6.4,6.3,6.3,6.2,6.1
41.656183,-0.881379,176959674,"Casco Histórico",side_street,0.8351,0.9678,0.5897,0.8522,0.804,0.8525,0.8375,0.9131,0.9409,9.5,9.3,9.6,9.5,9.8,9.9
41.65631,-0.881628,176959674,"Casco Histórico",side_street,0.8136,0.9679,0.5885,0.8913,0.7886,0.8348,0.8146,0.8891,0.9315,9.4,9.3,9.5,9.4,9.7,9.9
41.656431,-0.881881,176959674,"Casco Histórico",side_street,0.7955,0.9685,0.587,0.9235,0.7678,0.8125,0.7969,0.8655,0.922,9.4,9.3,9.5,9.4,9.7,9.9
41.659976,-0.894589,177952941,"La Almozara",side_street,0.1672,0.4176,0.1644,0.5992,0.1576,0.1761,0.1617,0.2022,0.2306,3,2.9,3,2.9,3.1,3.2
41.643267,-0.8824,182249200,Centro,square,0.7915,0.0607,0.7128,0.2493,0.7906,0.766,0.8064,0.7691,0.6631,4.9,4.9,4.8,4.9,4.8,4.4
41.643377,-0.882138,182249200,Centro,square,0.7863,0.0607,0.7113,0.2467,0.7859,0.7623,0.8012,0.7641,0.6629,4.8,4.9,4.8,4.9,4.7,4.4
41.643487,-0.881875,182249200,Centro,square,0.7811,0.0607,0.7073,0.2865,0.7787,0.7568,0.7968,0.7609,0.6669,4.9,4.9,4.8,4.9,4.8,4.4
41.643554,-0.885621,182262194,Centro,square,0.8242,0.0053,0.743,0.7418,0.8338,0.807,0.8382,0.7856,0.7068,5.5,5.5,5.4,5.5,5.2,4.9
41.643229,-0.884976,182262195,Centro,square,0.8166,0.0852,0.7312,0.7031,0.8238,0.8003,0.8294,0.7815,0.6969,5.7,5.7,5.6,5.7,5.4,5
41.64728,-0.883228,183560571,Centro,square,0.9367,0.1772,0.8266,0.7576,0.9354,0.9274,0.9497,0.9138,0.8428,7.1,7,7,7.1,6.9,6.5
41.647165,-0.883486,183560571,Centro,square,0.9285,0.1468,0.8242,0.7935,0.9291,0.9182,0.944,0.9057,0.8321,6.9,6.9,6.8,7,6.8,6.4
41.647052,-0.883746,183560571,Centro,square,0.9193,0.1468,0.8135,0.8355,0.9197,0.9077,0.9341,0.8961,0.8221,6.9,6.9,6.8,7,6.8,6.3
41.653167,-0.882728,184307046,Centro,square,0.9419,0.4483,0.7719,0.7113,0.9293,0.9495,0.9279,0.9464,0.9463,8.2,8.1,8.2,8.1,8.2,8.3
41.653347,-0.882825,184307046,Centro,square,0.931,0.0298,0.7638,0.7082,0.9176,0.9467,0.9194,0.9445,0.9452,6.1,6,6.2,6.1,6.2,6.2
41.65405,-0.884176,186690668,"Casco Histórico",secondary_street,0.8335,0.9645,0.6349,0.7205,0.8308,0.8518,0.8256,0.8605,0.8958,9.4,9.4,9.5,9.4,9.5,9.7
41.658487,-0.874477,186767468,"El Rabal",main_street,0.3869,0.6003,0.3427,0.5926,0.386,0.398,0.3806,0.3759,0.3977,4.5,4.5,4.5,4.5,4.5,4.5
41.645535,-0.890544,186909512,Centro,side_street,0.9368,0.5789,0.743,0.8845,0.9531,0.9275,0.9388,0.9009,0.856,9,9,8.9,9,8.8,8.5
41.645723,-0.890378,186909512,Centro,side_street,0.9414,0.5789,0.743,0.8495,0.9573,0.9322,0.9428,0.9019,0.8557,9,9,8.9,9,8.7,8.4
41.64591,-0.890213,186909512,Centro,side_street,0.9382,0.723,0.743,0.8294,0.9566,0.9302,0.9385,0.898,0.853,9.4,9.5,9.4,9.5,9.3,9.1
41.646102,-0.890056,186909512,Centro,side_street,0.9317,0.7083,0.7452,0.7581,0.9529,0.9271,0.93,0.8906,0.8492,9.3,9.4,9.3,9.3,9.1,8.9
41.646293,-0.889897,186909512,Centro,side_street,0.9217,0.7391,0.7452,0.6471,0.9436,0.9185,0.9183,0.8814,0.8431,9.2,9.3,9.2,9.2,9.1,8.8
41.646477,-0.889724,186909512,Centro,side_street,0.9088,0.728,0.7489,0.6201,0.9312,0.9084,0.9064,0.8698,0.8347,9.1,9.2,9.1,9.1,8.9,8.6
41.646653,-0.889537,186909512,Centro,side_street,0.8966,0.6604,0.7598,0.707,0.9199,0.8981,0.8954,0.8544,0.8218,8.9,9,8.9,8.9,8.6,8.4
41.646822,-0.889338,186909512,Centro,side_street,0.8841,0.6495,0.7539,0.8122,0.9039,0.8841,0.8797,0.8376,0.8088,8.9,9,8.9,8.9,8.6,8.5
41.64699,-0.889138,186909512,Centro,side_street,0.8677,0.637,0.7539,0.868,0.8927,0.8707,0.8666,0.8242,0.7995,8.8,9,8.9,8.8,8.5,8.4
41.647157,-0.888938,186909512,Centro,side_street,0.8568,0.637,0.7617,0.9005,0.8802,0.8592,0.8571,0.8109,0.7917,8.8,9,8.9,8.8,8.5,8.4
41.647325,-0.888738,186909512,Centro,side_street,0.8472,0.6395,0.7501,0.9271,0.871,0.8506,0.8482,0.7993,0.7826,8.8,8.9,8.8,8.8,8.5,8.4
41.647464,-0.888507,186909512,Centro,side_street,0.8424,0.629,0.7501,0.9623,0.8666,0.8453,0.8453,0.7945,0.7808,8.7,8.9,8.8,8.7,8.4,8.4
41.647562,-0.888236,186909512,Centro,side_street,0.8433,0.6348,0.7517,0.9758,0.8674,0.8458,0.8467,0.7952,0.7818,8.8,9,8.9,8.8,8.5,8.5
41.647662,-0.887966,186909512,Centro,side_street,0.8437,0.6709,0.747,0.9829,0.8673,0.8478,0.8477,0.7973,0.7838,9,9.1,9,9,8.7,8.6
41.647763,-0.887698,186909512,Centro,side_street,0.846,0.7003,0.7501,0.9871,0.8687,0.851,0.851,0.8046,0.789,9.1,9.2,9.2,9.1,8.9,8.8
41.647835,-0.887415,186909512,Centro,side_street,0.8502,0.7516,0.7482,0.9917,0.8707,0.8539,0.8547,0.8099,0.7931,9.3,9.5,9.4,9.3,9.2,9.1
41.647848,-0.887115,186909512,Centro,side_street,0.8578,0.7516,0.7539,0.9938,0.8766,0.8642,0.864,0.8231,0.8027,9.4,9.5,9.4,9.4,9.3,9.2
41.640641,-0.88891,191228669,Universidad,main_street,0.657,0.9912,0.4157,0.8163,0.6652,0.6614,0.6699,0.6464,0.6376,8,8.1,8,8.1,8,7.9
41.640544,-0.888639,191228669,Universidad,main_street,0.6572,0.9912,0.4115,0.8667,0.6649,0.662,0.6703,0.6474,0.6365,8.1,8.2,8.1,8.2,8.1,8
41.640446,-0.888367,191228669,Universidad,main_street,0.6522,0.9912,0.4068,0.8653,0.6587,0.6588,0.6629,0.6436,0.6324,8,8.1,8.1,8.1,8,8
41.648734,-0.887098,193434109,Centro,side_street,0.838,0.7134,0.7691,0.9987,0.8546,0.8404,0.8428,0.8103,0.7985,9.2,9.3,9.2,9.2,9.1,9
41.64863,-0.887364,193434109,Centro,side_street,0.8301,0.6962,0.7757,0.9967,0.8501,0.8362,0.8351,0.8014,0.7923,9.1,9.2,9.2,9.1,9,8.9
41.648524,-0.88763,193434109,Centro,side_street,0.8228,0.6962,0.7617,0.9945,0.842,0.828,0.827,0.7907,0.7855,9.1,9.1,9.1,9.1,8.9,8.8
41.648419,-0.887896,193434109,Centro,side_street,0.8157,0.6962,0.7374,0.9911,0.8337,0.819,0.8187,0.7824,0.7756,8.9,9,9,8.9,8.7,8.7
41.650687,-0.892479,194790652,Centro,side_street,0.3414,0.0684,0.6723,0.6767,0.3325,0.345,0.353,0.3556,0.3532,3.7,3.6,3.7,3.7,3.7,3.7
41.650536,-0.892701,194790652,Centro,side_street,0.354,0.1956,0.6768,0.669,0.3417,0.3543,0.3684,0.3664,0.3599,4,4,4,4,4,4
41.640057,-0.88639,206643913,Centro,main_street,0.7083,0.7056,0.679,0.9423,0.7159,0.7145,0.7109,0.694,0.6662,8,8.1,8.1,8.1,7.9,7.8
41.64028,-0.886359,206643913,Centro,main_street,0.7196,0.6114,0.6797,0.9341,0.7275,0.7226,0.7222,0.7048,0.6781,7.6,7.6,7.6,7.6,7.5,7.3
41.640504,-0.886324,206643913,Centro,main_street,0.7261,0.6114,0.6815,0.937,0.7343,0.7278,0.7301,0.7111,0.687,7.7,7.7,7.7,7.7,7.6,7.4
41.640727,-0.886289,206643913,Centro,main_street,0.7305,0.6114,0.6824,0.935,0.7404,0.7308,0.7371,0.7145,0.6902,7.7,7.7,7.7,7.7,7.6,7.4
41.64095,-0.886254,206643913,Centro,main_street,0.7381,0.6114,0.6832,0.9385,0.7459,0.7347,0.7449,0.72,0.6889,7.7,7.8,7.7,7.8,7.6,7.4
41.644723,-0.877882,206646744,Centro,main_street,0.6675,0.8889,0.687,0.8005,0.6641,0.6881,0.6555,0.7031,0.7551,8.4,8.4,8.5,8.4,8.6,9
41.644478,-0.878386,206646744,Centro,main_street,0.6617,0.8917,0.687,0.8068,0.6522,0.6813,0.6538,0.7076,0.7573,8.4,8.4,8.5,8.4,8.7,9.1
41.644352,-0.878636,206646744,Centro,main_street,0.6629,0.7723,0.6885,0.7924,0.6525,0.6786,0.66,0.7082,0.7547,7.8,7.7,7.9,7.8,8.2,8.5
41.644228,-0.878886,206646744,Centro,main_street,0.6597,0.7641,0.6898,0.7619,0.6474,0.6728,0.6591,0.7063,0.7487,7.7,7.6,7.8,7.7,8.1,8.4
41.644107,-0.879139,206646744,Centro,main_street,0.6538,0.7641,0.687,0.7147,0.6376,0.6635,0.6553,0.6998,0.738,7.6,7.5,7.7,7.6,7.9,8.2
41.643863,-0.879645,206646744,Centro,main_street,0.6502,0.7599,0.6841,0.5396,0.6344,0.6543,0.6614,0.6889,0.7097,7.3,7.1,7.3,7.3,7.5,7.7
41.644949,-0.877187,206646745,"San José",main_street,0.6627,0.7007,0.5362,0.799,0.6644,0.6849,0.6494,0.6942,0.7466,6.9,6.9,7.1,6.9,7.2,7.6
41.645073,-0.876936,206646745,"San José",main_street,0.6717,0.7799,0.5362,0.8014,0.6737,0.693,0.661,0.695,0.7445,7.4,7.5,7.6,7.4,7.6,8
41.654942,-0.898121,207806843,Delicias,main_street,0.3078,0.9907,0.9358,0.1292,0.315,0.3359,0.29,0.3157,0.3782,6.3,6.4,6.5,6.2,6.4,6.8
41.654681,-0.900437,207806845,"La Almozara",main_street,0.4267,0.6644,0.1765,0.1261,0.4272,0.4367,0.4183,0.4401,0.5129,4.1,4.1,4.2,4.1,4.2,4.4
41.654673,-0.900738,207806845,"La Almozara",main_street,0.4351,0.6126,0.1756,0.2514,0.4337,0.4439,0.4271,0.4512,0.526,4.1,4.1,4.2,4.1,4.2,4.4
41.654695,-0.901037,207806845,"La Almozara",main_street,0.4476,0.5415,0.1712,0.3195,0.4471,0.4583,0.4409,0.4686,0.5406,4,4,4.1,4,4.1,4.3
41.654735,-0.901333,207806845,"La Almozara",main_street,0.4534,0.4782,0.1701,0.3936,0.4507,0.4611,0.4456,0.4761,0.5479,4,4,4,3.9,4,4.3
41.654774,-0.901629,207806845,"La Almozara",main_street,0.4582,0.48,0.1701,0.4522,0.4539,0.4638,0.4524,0.4837,0.5546,4,4,4,4,4.1,4.3
41.654813,-0.901926,207806845,"La Almozara",main_street,0.4631,0.4881,0.1689,0.4464,0.4585,0.4681,0.4572,0.4918,0.5588,4.1,4.1,4.1,4,4.1,4.4
41.654853,-0.902222,207806845,"La Almozara",main_street,0.4627,0.4881,0.1701,0.3913,0.4575,0.4658,0.4559,0.4904,0.5562,4,4,4,4,4.1,4.3
41.654893,-0.902518,207806845,"La Almozara",main_street,0.4617,0.5383,0.1689,0.3041,0.4562,0.4645,0.4549,0.4881,0.552,4.1,4.1,4.1,4,4.1,4.3
41.654968,-0.903111,207806845,"La Almozara",main_street,0.4592,0.8282,0.1701,0.2484,0.4548,0.461,0.4531,0.4796,0.536,4.8,4.8,4.8,4.7,4.8,5
41.655007,-0.903408,207806845,"La Almozara",main_street,0.456,0.8303,0.1733,0.2788,0.4529,0.4596,0.4503,0.4733,0.5301,4.8,4.8,4.8,4.8,4.8,5
41.655046,-0.903704,207806845,"La Almozara",main_street,0.4508,0.8303,0.1722,0.2862,0.4483,0.4525,0.443,0.463,0.5147,4.8,4.8,4.8,4.7,4.8,5
41.655085,-0.904,207806845,"La Almozara",main_street,0.4449,0.8303,0.1733,0.353,0.4464,0.447,0.4384,0.4536,0.5013,4.8,4.8,4.8,4.8,4.8,5
41.655126,-0.904296,207806845,"La Almozara",main_street,0.4409,0.8474,0.1733,0.3546,0.4428,0.4419,0.4333,0.4447,0.4873,4.9,4.9,4.9,4.8,4.9,5
41.654546,-0.900233,207806848,Delicias,main_street,0.4237,0.9862,0.9542,0.1345,0.4258,0.4349,0.4163,0.436,0.5081,7.1,7.1,7.2,7,7.2,7.7
41.654641,-0.89996,207806848,Delicias,main_street,0.4101,0.9863,0.946,0.0783,0.4134,0.42,0.4015,0.4178,0.4845,6.9,6.9,6.9,6.8,6.9,7.4
41.654726,-0.899682,207806848,Delicias,main_street,0.3916,0.9416,0.946,0.0611,0.3958,0.3992,0.3803,0.3929,0.4529,6.5,6.6,6.6,6.5,6.6,6.9
41.65494,-0.898826,207806848,Delicias,main_street,0.3382,0.9576,0.9358,0.0794,0.3492,0.3618,0.3204,0.345,0.4043,6.3,6.4,6.4,6.2,6.3,6.7
41.655011,-0.89854,207806848,Delicias,main_street,0.3267,0.9582,0.946,0.1092,0.339,0.3526,0.3095,0.3315,0.3898,6.3,6.4,6.5,6.2,6.3,6.7
41.655048,-0.898312,207806852,Delicias,main_street,0.3129,0.8739,0.946,0.1204,0.3255,0.3414,0.2949,0.3176,0.3769,5.9,6,6.1,5.8,5.9,6.2
41.636428,-0.899749,226087720,Universidad,main_street,0.294,0.6097,0.3544,0.9624,0.2785,0.3146,0.2942,0.3503,0.5102,4.6,4.5,4.6,4.6,4.7,5.4
41.65069,-0.873622,226295964,"Casco Histórico",square,0.6699,0.5401,0.5865,0.4607,0.619,0.7181,0.6603,0.767,0.8506,6,5.7,6.2,5.9,6.5,7
41.650865,-0.873518,226295964,"Casco Histórico",square,0.662,0.0648,0.5844,0.4935,0.6138,0.7093,0.6526,0.7617,0.8454,4.4,4.2,4.6,4.4,4.7,5
41.636235,-0.872622,226644795,"San José",side_street,0.2853,0.0861,0.4558,0.0138,0.2968,0.2679,0.2964,0.2263,0.1357,2.6,2.6,2.5,2.6,2.3,1.8
41.657171,-0.883189,226701455,"Casco Histórico",side_street,0.6217,0.0697,0.5671,0.9375,0.592,0.6632,0.6186,0.7161,0.8014,4.6,4.5,4.8,4.6,5,5.3
41.653292,-0.874702,226706108,"Casco Histórico",side_street,0.8019,0.7668,0.5796,0.5411,0.7849,0.8304,0.7938,0.8648,0.9221,7.9,7.8,8.2,7.9,8.3,8.7
41.654437,-0.90087,227745427,Delicias,main_street,0.449,0.8768,0.8995,0.2692,0.448,0.4603,0.4395,0.4693,0.5415,6.8,6.7,6.8,6.7,6.9,7.4
41.654339,-0.90114,227745427,Delicias,main_street,0.4607,0.8758,0.8891,0.3146,0.4614,0.4727,0.4512,0.4819,0.5541,6.8,6.8,6.9,6.8,7,7.5
41.654182,-0.901704,227745427,Delicias,main_street,0.4761,0.8999,0.8796,0.3464,0.473,0.4839,0.4662,0.503,0.5695,7.1,7.1,7.2,7,7.3,7.8
41.654109,-0.901988,227745427,Delicias,main_street,0.4874,0.9013,0.8796,0.3242,0.4839,0.4929,0.4757,0.516,0.5815,7.2,7.1,7.2,7,7.3,7.8
41.654036,-0.902273,227745427,Delicias,main_street,0.4977,0.9013,0.8699,0.2914,0.4948,0.5027,0.4862,0.5226,0.5828,7.1,7.1,7.2,7,7.3,7.7
41.653962,-0.902557,227745427,Delicias,main_street,0.5066,0.8421,0.8699,0.2613,0.5076,0.5138,0.4952,0.5285,0.5852,6.8,6.8,6.9,6.8,7,7.4
41.655919,-0.884479,229609338,"Casco Histórico",square,0.7154,0.0767,0.5904,0.9063,0.6962,0.7417,0.7087,0.7558,0.8231,5,5,5.1,5,5.2,5.5
41.654594,-0.881802,229712361,"Casco Histórico",side_street,0.9555,0.8451,0.6326,0.5489,0.9285,0.9551,0.9563,0.9621,0.9655,9.4,9.2,9.4,9.4,9.4,9.4
41.64783,-0.876416,229821613,Centro,side_street,0.6864,0.5083,0.7312,0.6025,0.6918,0.7118,0.6682,0.7038,0.7629,6.5,6.6,6.7,6.4,6.6,7
41.656292,-0.878513,230322826,"Casco Histórico",square,0.8047,0.4497,0.5831,0.2961,0.7681,0.833,0.8103,0.8936,0.9299,6.1,5.9,6.3,6.1,6.6,6.8
41.656185,-0.878249,230322826,"Casco Histórico",square,0.8106,0.5892,0.5831,0.3276,0.7737,0.8372,0.8139,0.8999,0.9324,6.8,6.6,6.9,6.8,7.4,7.6
41.651489,-0.912569,234016865,Delicias,side_street,0.7301,0.5554,0.911,0.7216,0.734,0.7111,0.7369,0.7181,0.6974,7.8,7.8,7.7,7.9,7.8,7.6
41.651274,-0.912483,234016865,Delicias,side_street,0.7472,0.534,0.911,0.6904,0.7506,0.7292,0.7534,0.7322,0.7117,7.7,7.8,7.7,7.8,7.7,7.6
41.651058,-0.912397,234016865,Delicias,side_street,0.7583,0.534,0.911,0.6646,0.762,0.7377,0.7633,0.7394,0.715,7.8,7.8,7.7,7.8,7.7,7.5
41.650843,-0.912312,234016865,Delicias,side_street,0.7616,0.5134,0.911,0.6071,0.7674,0.7407,0.7687,0.7398,0.7121,7.6,7.7,7.5,7.6,7.5,7.3
41.638505,-0.877438,234344709,Centro,square,0.5753,0.2576,0.6673,0.7099,0.5888,0.5738,0.5787,0.5356,0.4614,5,5,5,5,4.8,4.5
41.638153,-0.876769,234344709,Centro,square,0.595,0.0692,0.6641,0.8019,0.6091,0.5928,0.5971,0.5506,0.4734,4.6,4.7,4.6,4.6,4.4,4.1
41.638738,-0.87727,234345238,Centro,square,0.5478,0.0379,0.6673,0.682,0.5603,0.5431,0.5516,0.5057,0.4411,4.2,4.3,4.2,4.2,4.1,3.9
41.645185,-0.890807,234817682,Centro,secondary_street,0.9257,0.8132,0.7387,0.9272,0.937,0.9125,0.9258,0.893,0.8547,9.8,9.8,9.7,9.8,9.6,9.5
41.64508,-0.891073,234817682,Centro,secondary_street,0.9274,0.8132,0.734,0.9173,0.9382,0.9131,0.9276,0.8985,0.8598,9.7,9.8,9.7,9.8,9.7,9.5
41.645405,-0.890623,234817684,Centro,square,0.9323,0.0147,0.7452,0.9028,0.9464,0.9209,0.9332,0.8966,0.8534,6.3,6.4,6.2,6.3,6.1,5.9
41.645319,-0.890523,234817684,Centro,square,0.9272,0.0104,0.7452,0.9096,0.9408,0.9159,0.9288,0.8929,0.8503,6.2,6.3,6.2,6.2,6.1,5.8
41.645437,-0.89045,234817684,Centro,square,0.9339,0.0104,0.7452,0.8926,0.9491,0.9234,0.9358,0.8968,0.8526,6.2,6.4,6.2,6.3,6.1,5.8
41.644094,-0.892187,240529194,Universidad,main_street,0.9536,0.7607,0.4361,0.9963,0.9614,0.9389,0.9558,0.9361,0.92,9.1,9.2,9.1,9.1,9.1,9
41.643909,-0.892359,240529194,Universidad,main_street,0.9556,0.7526,0.4345,0.999,0.9635,0.9408,0.9585,0.9378,0.9204,9.1,9.1,9,9.1,9,8.9
41.643725,-0.892531,240529194,Universidad,main_street,0.9565,0.7526,0.4316,0.9946,0.9641,0.9416,0.9594,0.9387,0.9196,9.1,9.1,9,9.1,9,8.9
41.64354,-0.892703,240529194,Universidad,main_street,0.9539,0.7526,0.4316,0.989,0.961,0.938,0.9566,0.9357,0.9142,9.1,9.1,9,9.1,9,8.9
41.643356,-0.892875,240529194,Universidad,main_street,0.9507,0.7526,0.4316,0.9813,0.9558,0.9332,0.9508,0.934,0.9121,9.1,9.1,9,9.1,9,8.8
41.643171,-0.893047,240529194,Universidad,main_street,0.9452,0.6918,0.4302,0.9729,0.9477,0.9264,0.946,0.9317,0.9104,8.7,8.7,8.6,8.7,8.6,8.5
41.642985,-0.893216,240529194,Universidad,main_street,0.9341,0.6584,0.4267,0.9775,0.931,0.9122,0.9315,0.9247,0.9064,8.5,8.5,8.3,8.5,8.4,8.4
41.6428,-0.893385,240529194,Universidad,main_street,0.9248,0.6584,0.425,0.9724,0.921,0.9032,0.9235,0.9202,0.9049,8.4,8.4,8.3,8.4,8.4,8.3
41.642614,-0.893555,240529194,Universidad,main_street,0.9079,0.6584,0.4235,0.9688,0.9056,0.8926,0.9066,0.9122,0.8985,8.3,8.3,8.2,8.3,8.3,8.3
41.642428,-0.893724,240529194,Universidad,main_street,0.8974,0.6584,0.4214,0.9657,0.8974,0.8834,0.8966,0.9039,0.8949,8.2,8.3,8.1,8.2,8.3,8.3
41.642242,-0.893894,240529194,Universidad,main_street,0.8889,0.6584,0.4193,0.9593,0.8845,0.8727,0.8854,0.8954,0.8922,8.2,8.1,8,8.2,8.2,8.2
41.642058,-0.894066,240529194,Universidad,main_street,0.8809,0.6696,0.4134,0.9495,0.8727,0.8631,0.8738,0.8912,0.8943,8.1,8.1,8,8.1,8.2,8.3
41.660612,-0.869457,243502714,"El Rabal",square,0.212,0.0083,0.3145,0.3614,0.1977,0.2134,0.2236,0.2637,0.2756,2.1,2,2.1,2.2,2.3,2.4
41.660626,-0.868966,243502714,"El Rabal",square,0.2079,0.0085,0.3145,0.3862,0.1954,0.209,0.2209,0.2555,0.2626,2.1,2,2.1,2.2,2.3,2.3
41.662022,-0.87264,243907923,"El Rabal",square,0.237,0.0519,0.3145,0.3635,0.2257,0.2354,0.2397,0.2753,0.3023,2.4,2.3,2.3,2.4,2.5,2.6
41.661928,-0.872367,243907923,"El Rabal",square,0.2311,0.1026,0.3145,0.3951,0.2231,0.2326,0.2357,0.2732,0.2996,2.5,2.5,2.5,2.5,2.6,2.8
41.660702,-0.873017,243908463,"El Rabal",side_street,0.3021,0.0539,0.3145,0.6389,0.2845,0.3021,0.3078,0.326,0.3406,2.8,2.7,2.8,2.8,2.9,3
41.661322,-0.872661,243908463,"El Rabal",side_street,0.2699,0.0539,0.3145,0.5324,0.2562,0.2719,0.2808,0.3038,0.3235,2.6,2.6,2.6,2.7,2.8,2.8
41.649796,-0.877114,244690486,Centro,square,0.8349,0.1909,0.774,0.5175,0.8225,0.8474,0.8249,0.878,0.9129,6,6,6.1,6,6.3,6.5
41.649892,-0.877386,244690486,Centro,square,0.8492,0.1942,0.7853,0.4389,0.8403,0.8639,0.84,0.8886,0.9175,6,6,6.1,6,6.3,6.4
41.640934,-0.883736,246778928,"San José",main_street,0.7157,0.6579,0.5314,0.7872,0.7183,0.6994,0.727,0.6964,0.6174,7.1,7.1,6.9,7.1,6.9,6.5
41.640807,-0.883488,246778928,"San José",main_street,0.6874,0.5988,0.5302,0.7537,0.6839,0.6686,0.7056,0.6685,0.5926,6.6,6.5,6.5,6.7,6.5,6
41.640682,-0.883238,246778928,"San José",main_street,0.6547,0.5988,0.5262,0.7651,0.6538,0.6422,0.6822,0.6408,0.5606,6.4,6.4,6.3,6.5,6.3,5.9
41.640557,-0.882987,246778928,"San José",main_street,0.6282,0.5988,0.5282,0.7111,0.6265,0.6179,0.6488,0.6227,0.5315,6.2,6.1,6.1,6.3,6.1,5.6
41.640433,-0.882737,246778928,"San José",main_street,0.6107,0.5988,0.5249,0.6751,0.6063,0.5967,0.6241,0.5998,0.5066,6,6,5.9,6.1,5.9,5.4
41.640308,-0.882487,246778928,"San José",main_street,0.5907,0.5988,0.5314,0.67,0.588,0.5773,0.6033,0.5741,0.4748,5.9,5.9,5.8,6,5.8,5.3
41.64117,-0.883985,246778930,Centro,main_street,0.7345,0.5187,0.6768,0.7982,0.7402,0.7254,0.7475,0.7152,0.6395,7,7,6.9,7.1,6.9,6.4
41.641299,-0.884232,246778930,Centro,main_street,0.7477,0.4681,0.6768,0.8291,0.7518,0.7366,0.7582,0.7275,0.6545,6.9,6.9,6.8,6.9,6.8,6.3
41.641428,-0.884478,246778930,Centro,main_street,0.7558,0.4681,0.6815,0.8588,0.7595,0.7434,0.7679,0.7364,0.6639,7,7,6.9,7.1,6.9,6.5
41.641556,-0.884725,246778930,Centro,main_street,0.7654,0.4681,0.6855,0.8754,0.7705,0.7513,0.7778,0.7428,0.6748,7.1,7.2,7,7.2,7,6.6
41.641684,-0.884973,246778930,Centro,main_street,0.7739,0.4544,0.687,0.8941,0.778,0.7592,0.7858,0.7487,0.6863,7.1,7.2,7,7.2,7,6.6
41.641809,-0.885223,246778930,Centro,main_street,0.7791,0.4544,0.6885,0.9158,0.7845,0.764,0.7896,0.7523,0.6915,7.2,7.3,7.1,7.3,7,6.7
41.641935,-0.885472,246778930,Centro,main_street,0.7831,0.4544,0.6919,0.9124,0.7894,0.7678,0.7937,0.7551,0.6933,7.3,7.3,7.2,7.3,7,6.7
41.642061,-0.885722,246778930,Centro,main_street,0.7832,0.4664,0.6975,0.9187,0.79,0.7679,0.7935,0.7538,0.6882,7.4,7.4,7.3,7.4,7.1,6.8
41.642186,-0.885971,246778930,Centro,main_street,0.7848,0.5229,0.6956,0.9204,0.7927,0.7706,0.7952,0.753,0.684,7.6,7.7,7.6,7.7,7.4,7
41.640363,-0.885193,247049302,Centro,main_street,0.7159,0.9724,0.6768,0.9316,0.72,0.7155,0.7205,0.7058,0.6714,9.2,9.3,9.2,9.3,9.2,9.1
41.640259,-0.88546,247049302,Centro,main_street,0.7152,0.9724,0.6781,0.9469,0.7189,0.7159,0.7186,0.7049,0.6752,9.3,9.3,9.3,9.3,9.3,9.1
41.640155,-0.885726,247049302,Centro,main_street,0.7142,0.9724,0.6753,0.9527,0.7198,0.7172,0.7166,0.7034,0.6765,9.3,9.3,9.3,9.3,9.2,9.1
41.653352,-0.886356,252383245,"Casco Histórico",square,0.6213,0.083,0.6153,0.3919,0.6126,0.6653,0.6132,0.6713,0.7489,4.3,4.2,4.4,4.2,4.4,4.7
41.661639,-0.906676,253509244,"La Almozara",side_street,0.0762,0.1572,0.148,0.433,0.0695,0.0873,0.0786,0.0982,0.128,1.6,1.5,1.6,1.6,1.7,1.8
41.648104,-0.907802,253510040,Delicias,square,0.2951,0.0447,0.9616,0.0548,0.288,0.3055,0.2852,0.3267,0.4076,3.4,3.4,3.4,3.4,3.5,3.8
41.64803,-0.908086,253510040,Delicias,square,0.3051,0.0447,0.9616,0.0512,0.2975,0.3125,0.2923,0.3355,0.4132,3.4,3.4,3.5,3.4,3.5,3.8
41.647956,-0.90837,253510040,Delicias,square,0.313,0.0447,0.9616,0.0454,0.3091,0.3208,0.3051,0.3426,0.4134,3.4,3.4,3.5,3.4,3.6,3.8
41.645924,-0.90655,253511106,Delicias,square,0.2402,0.1039,0.8995,0.3663,0.241,0.2414,0.2345,0.2398,0.2541,3.5,3.5,3.5,3.5,3.5,3.6
41.64601,-0.906272,253511106,Delicias,square,0.2231,0.1039,0.9358,0.368,0.2299,0.2277,0.2166,0.2181,0.2402,3.5,3.6,3.5,3.5,3.5,3.6
41.646096,-0.905994,253511106,Delicias,square,0.2121,0.1039,0.8891,0.396,0.2227,0.2162,0.1976,0.1988,0.2311,3.4,3.5,3.5,3.4,3.4,3.5
41.646181,-0.905716,253511106,Delicias,square,0.1995,0.1039,0.8796,0.3469,0.2106,0.2042,0.1799,0.1776,0.2172,3.3,3.4,3.4,3.3,3.2,3.4
41.644674,-0.910188,253511535,Delicias,square,0.5211,0.4691,0.8995,0.1242,0.5243,0.5058,0.5397,0.4992,0.4001,5.3,5.3,5.2,5.4,5.2,4.7
41.644473,-0.910084,253511535,Delicias,square,0.5411,0.493,0.8891,0.1196,0.5445,0.5264,0.5577,0.5194,0.4105,5.5,5.5,5.4,5.5,5.3,4.8
41.644266,-0.909963,253511535,Delicias,square,0.5586,0.5206,0.8796,0.1213,0.5615,0.5435,0.577,0.5359,0.4252,5.6,5.7,5.5,5.8,5.5,4.9
41.634713,-0.90429,253512936,Universidad,square,0.1145,0.1915,0.3477,0.0257,0.1433,0.1077,0.1118,0.0849,0.1425,1.9,2,1.9,1.9,1.7,2.1
41.634589,-0.904039,253512936,Universidad,square,0.1059,0.1791,0.3477,0.196,0.1283,0.1005,0.1046,0.0821,0.1454,2.1,2.2,2,2.1,2,2.3
41.636223,-0.905203,253513203,Universidad,square,0.2154,0.0277,0.3477,0.0661,0.2374,0.2087,0.2065,0.1146,0.1314,1.9,2,1.8,1.8,1.3,1.4
41.638703,-0.902736,253513778,Universidad,square,0.2264,0.0127,0.3544,0.5676,0.2394,0.2339,0.2109,0.1936,0.2531,2.5,2.5,2.5,2.4,2.3,2.6
41.638516,-0.902903,253513778,Universidad,square,0.2258,0.0127,0.3532,0.5155,0.239,0.2345,0.2114,0.1933,0.2559,2.4,2.5,2.5,2.4,2.3,2.5
41.637694,-0.903275,253514054,Universidad,square,0.2442,0.0127,0.3507,0.2647,0.251,0.2527,0.2311,0.2213,0.2913,2.2,2.3,2.3,2.2,2.2,2.4
41.637819,-0.903525,253514054,Universidad,square,0.2467,0.0127,0.3507,0.2824,0.2535,0.2537,0.2343,0.2193,0.2807,2.3,2.3,2.3,2.2,2.2,2.4
41.642626,-0.887364,255823421,Universidad,main_street,0.8058,0.7243,0.4395,0.785,0.8188,0.7968,0.8123,0.7713,0.7287,7.7,7.8,7.7,7.7,7.5,7.2
41.642543,-0.887084,255823421,Universidad,main_street,0.7979,0.7306,0.4376,0.8553,0.8088,0.7894,0.8051,0.7648,0.7192,7.8,7.8,7.7,7.8,7.6,7.3
41.642447,-0.886812,255823421,Universidad,main_street,0.7948,0.7451,0.4288,0.8858,0.8051,0.7852,0.801,0.7606,0.7082,7.8,7.9,7.8,7.9,7.7,7.3
41.642346,-0.886544,255823421,Universidad,main_street,0.7875,0.7624,0.425,0.9142,0.7971,0.7763,0.7965,0.7549,0.6976,7.9,8,7.9,8,7.7,7.3
41.643038,-0.888442,255823422,Centro,main_street,0.8304,0.6976,0.736,0.6734,0.8455,0.8225,0.8358,0.7989,0.767,8.5,8.6,8.4,8.5,8.3,8.2
41.643118,-0.888723,255823422,Centro,main_street,0.8322,0.6822,0.7401,0.7085,0.8464,0.8235,0.8376,0.801,0.7701,8.5,8.6,8.4,8.5,8.3,8.2
41.643198,-0.889004,255823422,Centro,main_street,0.831,0.6822,0.743,0.7771,0.8448,0.8219,0.8372,0.8002,0.7699,8.6,8.7,8.5,8.6,8.4,8.3
41.643278,-0.889285,255823422,Centro,main_street,0.8328,0.6822,0.7414,0.8003,0.846,0.8229,0.8383,0.8019,0.773,8.6,8.7,8.6,8.7,8.4,8.3
41.643358,-0.889566,255823422,Centro,main_street,0.8306,0.6822,0.7401,0.8217,0.8438,0.8207,0.8366,0.8026,0.7778,8.7,8.7,8.6,8.7,8.5,8.4
41.643448,-0.889842,255823422,Centro,main_street,0.8354,0.7027,0.7401,0.8616,0.8474,0.8243,0.8395,0.8085,0.787,8.9,8.9,8.8,8.9,8.7,8.6
41.640825,-0.884137,255823424,"San José",main_street,0.7257,0.9675,0.5282,0.8036,0.7315,0.7196,0.7363,0.7092,0.6416,8.6,8.7,8.6,8.7,8.5,8.2
41.640969,-0.883907,255823424,"San José",main_street,0.7239,0.9703,0.5326,0.7938,0.7295,0.7158,0.7357,0.7062,0.628,8.6,8.7,8.6,8.7,8.5,8.1
41.651987,-0.909319,255835208,Delicias,side_street,0.5415,0.549,0.9234,0.696,0.5475,0.5336,0.5389,0.5242,0.5018,6.6,6.6,6.5,6.5,6.5,6.3
41.652199,-0.909417,255835208,Delicias,side_street,0.5369,0.58,0.9234,0.7507,0.5431,0.5278,0.5349,0.5182,0.4901,6.7,6.8,6.7,6.7,6.6,6.5
41.650378,-0.907798,255835210,Delicias,side_street,0.4224,0.7709,0.8995,0.1051,0.4243,0.4139,0.42,0.4223,0.4454,5.9,6,5.9,5.9,5.9,6.1
41.649488,-0.907819,255835210,Delicias,side_street,0.4001,0.7898,0.9234,0.0037,0.3974,0.3885,0.398,0.4064,0.4527,5.8,5.8,5.7,5.8,5.8,6.1
41.649269,-0.907883,255835210,Delicias,side_street,0.392,0.7898,0.9358,0.009,0.3886,0.3802,0.3889,0.3994,0.4479,5.8,5.8,5.7,5.8,5.8,6.1
41.651145,-0.883903,255839038,Centro,square,0.9531,0.2336,0.8051,0.5757,0.9604,0.9522,0.9399,0.9423,0.9322,7.1,7.1,7.1,7,7,7
41.651271,-0.884152,255839038,Centro,square,0.9361,0.2675,0.7998,0.5454,0.9385,0.946,0.9176,0.935,0.9257,7.1,7.1,7.2,6.9,7.1,7
41.651416,-0.884382,255839038,Centro,square,0.909,0.2675,0.794,0.449,0.9129,0.9283,0.8953,0.9146,0.9173,6.7,6.7,6.8,6.7,6.8,6.8
41.652992,-0.885806,255839255,"Casco Histórico",side_street,0.713,0.5869,0.6463,0.3901,0.7097,0.7405,0.7031,0.7356,0.7873,6.5,6.4,6.6,6.4,6.6,6.9
41.653578,-0.88406,255840111,Centro,square,0.8484,0.3825,0.7638,0.6252,0.8479,0.8664,0.8406,0.8758,0.9062,7.1,7,7.2,7,7.3,7.5
41.653486,-0.883786,255840111,Centro,square,0.8643,0.3412,0.7663,0.7684,0.8621,0.8848,0.8559,0.8925,0.917,7.2,7.2,7.4,7.2,7.4,7.6
41.653386,-0.883516,255840111,Centro,square,0.8868,0.3412,0.7663,0.7548,0.8792,0.9023,0.8732,0.9111,0.9238,7.4,7.3,7.5,7.3,7.5,7.6
41.644748,-0.892725,257886241,Universidad,main_street,0.9494,0.932,0.4345,0.974,0.9596,0.9365,0.9462,0.9234,0.9005,9.6,9.7,9.6,9.6,9.5,9.5
41.645019,-0.892684,257886242,Centro,main_street,0.9402,0.7394,0.7224,0.9634,0.9528,0.9278,0.9337,0.9125,0.885,9.6,9.6,9.5,9.6,9.5,9.4
41.64521,-0.892526,257886242,Centro,main_street,0.9358,0.7297,0.7263,0.9531,0.9493,0.9231,0.9295,0.9062,0.8756,9.6,9.6,9.5,9.5,9.4,9.3
41.645401,-0.892367,257886242,Centro,main_street,0.9316,0.7297,0.7224,0.9395,0.945,0.9178,0.9257,0.9005,0.8648,9.5,9.6,9.4,9.5,9.4,9.2
41.645599,-0.892224,257886242,Centro,main_street,0.9221,0.8055,0.7224,0.9151,0.9329,0.9081,0.9168,0.8915,0.8568,9.7,9.7,9.6,9.6,9.6,9.4
41.645801,-0.892093,257886242,Centro,main_street,0.907,0.8055,0.7224,0.8806,0.9193,0.8985,0.9043,0.8823,0.8457,9.6,9.6,9.5,9.6,9.5,9.4
41.646003,-0.891961,257886242,Centro,main_street,0.8978,0.8055,0.7186,0.846,0.9098,0.8905,0.8964,0.8731,0.8395,9.5,9.6,9.5,9.5,9.4,9.3
41.646204,-0.891825,257886242,Centro,main_street,0.8912,0.8388,0.7194,0.8102,0.9015,0.8843,0.8886,0.866,0.8331,9.6,9.6,9.5,9.6,9.4,9.3
41.646403,-0.891687,257886242,Centro,main_street,0.8848,0.8388,0.7224,0.763,0.8958,0.8773,0.8789,0.8573,0.8262,9.5,9.5,9.4,9.5,9.4,9.2
41.642487,-0.886617,279537472,Centro,main_street,0.7958,0.7387,0.7128,0.8881,0.8054,0.7858,0.8027,0.761,0.7041,8.7,8.8,8.7,8.8,8.5,8.2
41.642587,-0.886887,279537472,Centro,main_street,0.7993,0.6983,0.7224,0.8748,0.8098,0.79,0.8065,0.7651,0.7124,8.6,8.6,8.5,8.6,8.3,8.1
41.642673,-0.887165,279537472,Centro,main_street,0.8048,0.6807,0.7312,0.8174,0.8173,0.7961,0.8125,0.7718,0.7258,8.5,8.6,8.4,8.5,8.3,8.1
41.642758,-0.887443,279537472,Centro,main_street,0.8147,0.6807,0.734,0.728,0.8265,0.8033,0.8198,0.7791,0.7357,8.4,8.5,8.3,8.4,8.2,8
41.642837,-0.887725,279537472,Centro,main_street,0.8191,0.6746,0.7374,0.685,0.8334,0.8086,0.8257,0.7843,0.7453,8.4,8.5,8.3,8.4,8.2,7.9
41.642915,-0.888007,279537472,Centro,main_street,0.8253,0.6746,0.7374,0.7164,0.8406,0.8168,0.8301,0.7901,0.7558,8.4,8.5,8.4,8.5,8.2,8.1
41.642994,-0.888289,279537472,Centro,main_street,0.8298,0.6881,0.7374,0.7048,0.8445,0.8215,0.8355,0.7971,0.764,8.5,8.6,8.4,8.5,8.3,8.2
41.641136,-0.883652,279537804,Centro,main_street,0.7198,0.7347,0.6753,0.7914,0.7226,0.7028,0.7308,0.7001,0.6167,8,8,7.9,8.1,7.9,7.3
41.641297,-0.883441,279537804,Centro,main_street,0.7137,0.7347,0.6753,0.7725,0.7135,0.6954,0.7277,0.6945,0.6046,7.9,7.9,7.8,8,7.8,7.2
41.641457,-0.883231,279537804,Centro,main_street,0.7075,0.7239,0.6804,0.7231,0.7045,0.6873,0.7224,0.6904,0.5992,7.7,7.7,7.6,7.8,7.6,7
41.641618,-0.88302,279537804,Centro,main_street,0.7041,0.7239,0.6815,0.6662,0.6988,0.6788,0.7191,0.6849,0.5895,7.6,7.6,7.5,7.7,7.5,6.9
41.641778,-0.88281,279537804,Centro,main_street,0.7011,0.7239,0.6832,0.6027,0.696,0.6735,0.7174,0.6806,0.5798,7.5,7.5,7.4,7.6,7.4,6.7
41.641939,-0.882599,279537804,Centro,main_street,0.6986,0.7239,0.6841,0.5502,0.6929,0.6702,0.7162,0.6768,0.5718,7.4,7.4,7.2,7.5,7.3,6.6
41.642101,-0.882391,279537804,Centro,main_street,0.6945,0.7247,0.6855,0.5099,0.6851,0.6648,0.7138,0.6741,0.569,7.3,7.3,7.1,7.5,7.2,6.6
41.663575,-0.866121,282856914,"El Rabal",main_street,0.0825,0.6837,0.2928,0.7014,0.0712,0.0886,0.0837,0.127,0.1663,3.7,3.7,3.8,3.7,3.9,4
41.642948,-0.881283,292444148,Centro,main_street,0.6873,0.8797,0.691,0.4805,0.6717,0.6612,0.7097,0.6877,0.6071,8,7.9,7.8,8.2,8.1,7.5
41.643081,-0.88104,292444148,Centro,main_street,0.6805,0.8535,0.6898,0.399,0.6656,0.6579,0.7049,0.6844,0.6153,7.7,7.6,7.6,7.9,7.8,7.3
41.643203,-0.880788,292444148,Centro,main_street,0.6716,0.8535,0.6841,0.358,0.6555,0.6535,0.7008,0.6836,0.6263,7.6,7.5,7.5,7.7,7.7,7.3
41.643327,-0.880537,292444148,Centro,main_street,0.6605,0.8489,0.6824,0.3321,0.6449,0.6478,0.6898,0.6776,0.6331,7.4,7.3,7.4,7.6,7.5,7.2
41.644459,-0.89203,292457835,Centro,main_street,0.9491,0.9565,0.7263,0.9888,0.9576,0.9349,0.9481,0.9268,0.9038,10,10,10,10,10,10
41.644584,-0.89228,292457835,Centro,main_street,0.9511,0.9528,0.7224,0.9836,0.9613,0.9382,0.9504,0.9282,0.9046,10,10,10,10,10,10
41.655969,-0.892184,292867719,"Casco Histórico",secondary_street,0.398,0.8164,0.5495,0.7691,0.4019,0.4057,0.4009,0.391,0.4086,5.9,6,6,6,5.9,6
41.646006,-0.912493,292867744,Delicias,side_street,0.4683,0.3789,0.9741,0.4864,0.4709,0.4661,0.4853,0.4563,0.4031,5.3,5.3,5.3,5.4,5.3,5
41.65116,-0.874869,292868962,"Casco Histórico",secondary_street,0.8024,0.8807,0.6202,0.6738,0.7795,0.8238,0.7962,0.8763,0.9261,8.8,8.7,9,8.8,9.3,9.5
41.651247,-0.874592,292868962,"Casco Histórico",secondary_street,0.7891,0.859,0.611,0.6131,0.7605,0.8058,0.7817,0.8615,0.9216,8.5,8.4,8.6,8.5,9,9.3
41.651336,-0.874316,292868962,"Casco Histórico",secondary_street,0.7715,0.859,0.6051,0.567,0.7436,0.7927,0.7614,0.842,0.912,8.3,8.2,8.4,8.3,8.8,9.2
41.651425,-0.874039,292868962,"Casco Histórico",secondary_street,0.7499,0.859,0.5857,0.5317,0.7213,0.7732,0.7435,0.8197,0.8913,8.1,7.9,8.2,8,8.5,9
41.651513,-0.873762,292868962,"Casco Histórico",secondary_street,0.7256,0.8684,0.5836,0.5048,0.68,0.7497,0.715,0.7921,0.8683,7.9,7.6,8.1,7.8,8.3,8.8
41.651637,-0.873516,292868962,"Casco Histórico",secondary_street,0.6936,0.9953,0.5822,0.4895,0.6392,0.7284,0.6878,0.7706,0.8486,8.3,7.9,8.5,8.3,8.8,9.2
41.640687,-0.889054,293162396,Universidad,main_street,0.6615,0.9922,0.417,0.7665,0.6696,0.6652,0.6737,0.6488,0.6426,8,8,8,8.1,7.9,7.9
41.645144,-0.876517,293221058,"San José",side_street,0.6758,0.3122,0.5356,0.78,0.6786,0.6949,0.6652,0.6915,0.7377,5.4,5.4,5.5,5.3,5.5,5.7
41.64495,-0.876364,293221058,"San José",side_street,0.6757,0.3122,0.5341,0.7658,0.6772,0.6909,0.6679,0.6912,0.7328,5.4,5.4,5.4,5.3,5.4,5.6
41.644756,-0.876211,293221058,"San José",side_street,0.6759,0.3122,0.5326,0.7442,0.6757,0.6868,0.6713,0.6928,0.7298,5.3,5.3,5.4,5.3,5.4,5.6
41.644562,-0.876059,293221058,"San José",side_street,0.6682,0.4076,0.5302,0.7654,0.6676,0.6727,0.6649,0.6847,0.7226,5.7,5.7,5.7,5.7,5.8,6
41.644368,-0.875908,293221058,"San José",side_street,0.6614,0.4076,0.5302,0.7641,0.6607,0.6646,0.659,0.6779,0.7154,5.7,5.7,5.7,5.6,5.7,5.9
41.644173,-0.875757,293221058,"San José",side_street,0.6516,0.4076,0.5282,0.7186,0.648,0.6533,0.6456,0.6686,0.7044,5.5,5.5,5.5,5.5,5.6,5.8
41.643979,-0.875606,293221058,"San José",side_street,0.6444,0.4076,0.5218,0.6973,0.6386,0.6447,0.6401,0.6591,0.6928,5.5,5.4,5.5,5.4,5.5,5.7
41.643785,-0.875454,293221058,"San José",side_street,0.6436,0.4021,0.5234,0.6774,0.6385,0.642,0.6389,0.6533,0.6791,5.4,5.4,5.4,5.4,5.4,5.6
41.643593,-0.875296,293221058,"San José",side_street,0.6439,0.3975,0.5249,0.6485,0.6408,0.6403,0.6379,0.6502,0.6757,5.3,5.3,5.3,5.3,5.4,5.5
41.643402,-0.875138,293221058,"San José",side_street,0.6471,0.3975,0.5218,0.6119,0.6466,0.6425,0.6399,0.6505,0.6759,5.3,5.3,5.3,5.3,5.3,5.4
41.643209,-0.874985,293221058,"San José",side_street,0.6507,0.2174,0.5179,0.6313,0.6508,0.644,0.6439,0.6539,0.6805,4.8,4.8,4.8,4.7,4.8,4.8
41.643012,-0.874838,293221058,"San José",side_street,0.6525,0.2174,0.5191,0.5456,0.6519,0.6443,0.6507,0.6563,0.6834,4.7,4.7,4.7,4.7,4.7,4.8
41.642816,-0.874691,293221058,"San José",side_street,0.6505,0.2174,0.5169,0.5544,0.6478,0.6429,0.6514,0.6579,0.6833,4.7,4.7,4.7,4.7,4.7,4.8
41.64262,-0.874544,293221058,"San José",side_street,0.6521,0.2174,0.5191,0.5684,0.6488,0.6434,0.654,0.66,0.6856,4.7,4.7,4.7,4.7,4.7,4.8
41.642424,-0.874397,293221058,"San José",side_street,0.647,0.2174,0.5204,0.5592,0.6399,0.6388,0.6482,0.6593,0.688,4.7,4.7,4.7,4.7,4.7,4.8
41.644855,-0.877893,293221059,Centro,main_street,0.6816,0.2393,0.6898,0.8027,0.6782,0.7014,0.6718,0.7106,0.7616,5.6,5.6,5.7,5.5,5.7,6
41.636369,-0.874836,293235735,"San José",main_street,0.4941,0.526,0.4705,0.3731,0.499,0.4784,0.5068,0.4645,0.3744,4.7,4.7,4.7,4.8,4.6,4.3
41.637713,-0.877455,293235736,"San José",main_street,0.6374,0.4315,0.4833,0.7699,0.6576,0.635,0.6475,0.5972,0.5105,5.5,5.6,5.5,5.6,5.3,4.9
41.637586,-0.877207,293235736,"San José",main_street,0.6368,0.4741,0.4805,0.7671,0.6577,0.6355,0.644,0.5969,0.5137,5.7,5.8,5.6,5.7,5.4,5
41.642825,-0.881445,294378613,Centro,main_street,0.6897,0.8102,0.6919,0.515,0.6761,0.6621,0.7101,0.6827,0.5981,7.7,7.6,7.6,7.9,7.7,7.1
41.63891,-0.896605,295340402,Universidad,main_street,0.6981,0.6919,0.3715,0.9654,0.6856,0.701,0.6908,0.7326,0.8021,6.9,6.8,6.9,6.8,7.1,7.6
41.639093,-0.89643,295340402,Universidad,main_street,0.7212,0.6872,0.3727,0.9545,0.7182,0.7248,0.71,0.7466,0.8133,7,6.9,7,6.9,7.2,7.6
41.639276,-0.896254,295340402,Universidad,main_street,0.7415,0.6872,0.3727,0.9447,0.7415,0.7402,0.7322,0.7647,0.8266,7.1,7.1,7.1,7,7.3,7.7
41.639459,-0.896079,295340402,Universidad,main_street,0.7549,0.6872,0.3741,0.9415,0.7537,0.7511,0.748,0.7763,0.8412,7.2,7.2,7.2,7.1,7.4,7.8
41.639642,-0.895904,295340402,Universidad,main_street,0.7675,0.6872,0.3761,0.9337,0.7661,0.7626,0.7573,0.7865,0.8542,7.3,7.3,7.3,7.2,7.4,7.9
41.639824,-0.895729,295340402,Universidad,main_street,0.7801,0.6986,0.3787,0.93,0.7774,0.7746,0.7682,0.798,0.8636,7.5,7.4,7.4,7.4,7.6,8.1
41.64001,-0.895559,295340402,Universidad,main_street,0.7872,0.6615,0.3807,0.9392,0.7873,0.7839,0.7757,0.8079,0.871,7.3,7.3,7.3,7.3,7.5,7.9
41.640198,-0.895394,295340402,Universidad,main_street,0.7942,0.6615,0.3852,0.9279,0.7945,0.7906,0.7836,0.8147,0.8795,7.4,7.4,7.4,7.3,7.5,8
41.640386,-0.895229,295340402,Universidad,main_street,0.8,0.6656,0.3901,0.9488,0.8,0.7954,0.7903,0.8249,0.8891,7.5,7.5,7.5,7.4,7.7,8.1
41.641933,-0.893796,295343678,Universidad,main_street,0.8882,0.5255,0.4157,0.9535,0.8841,0.8725,0.882,0.8957,0.8957,7.5,7.4,7.4,7.4,7.5,7.5
41.642117,-0.893625,295343678,Universidad,main_street,0.8953,0.5066,0.4193,0.9616,0.8953,0.88,0.8937,0.9026,0.8936,7.4,7.4,7.4,7.4,7.5,7.4
41.642301,-0.893452,295343678,Universidad,main_street,0.9057,0.5066,0.422,0.9647,0.904,0.8891,0.9038,0.9108,0.8963,7.5,7.5,7.4,7.5,7.6,7.5
41.642485,-0.893279,295343678,Universidad,main_street,0.9194,0.5066,0.424,0.9678,0.9158,0.8999,0.9172,0.9156,0.8991,7.6,7.6,7.5,7.6,7.6,7.5
41.642669,-0.893106,295343678,Universidad,main_street,0.9289,0.5066,0.4259,0.9717,0.9268,0.9079,0.9278,0.9218,0.9036,7.7,7.7,7.6,7.7,7.7,7.5
41.642853,-0.892934,295343678,Universidad,main_street,0.9374,0.5066,0.4288,0.977,0.9364,0.9144,0.9375,0.9265,0.9045,7.8,7.8,7.6,7.7,7.7,7.6
41.643129,-0.89268,295343682,Universidad,main_street,0.9449,0.9481,0.4276,0.9789,0.949,0.9252,0.9463,0.9289,0.9074,9.7,9.7,9.6,9.7,9.6,9.6
41.643315,-0.89251,295343682,Universidad,main_street,0.9483,0.9475,0.4288,0.9866,0.9539,0.9286,0.9486,0.9299,0.9087,9.7,9.7,9.6,9.7,9.6,9.6
41.6435,-0.89234,295343682,Universidad,main_street,0.9503,0.9475,0.4316,0.9932,0.9556,0.9323,0.9507,0.9329,0.9131,9.7,9.7,9.6,9.7,9.7,9.6
41.643686,-0.892169,295343682,Universidad,main_street,0.9488,0.9475,0.4331,0.9969,0.9545,0.931,0.9495,0.9327,0.9161,9.7,9.7,9.6,9.7,9.7,9.6
41.643871,-0.891999,295343682,Universidad,main_street,0.9476,0.9475,0.4376,0.9996,0.9532,0.9296,0.948,0.9315,0.9183,9.7,9.7,9.6,9.7,9.7,9.6
41.644265,-0.892091,295343685,Universidad,square,0.95,0.0177,0.4385,0.9934,0.9572,0.9351,0.9493,0.9305,0.9115,5.7,5.8,5.6,5.7,5.6,5.5
41.644412,-0.892304,295343685,Universidad,square,0.9521,0.0164,0.4361,0.9897,0.9618,0.9392,0.9525,0.9324,0.9111,5.7,5.8,5.6,5.7,5.6,5.4
41.644597,-0.892475,295343685,Universidad,square,0.9524,0.016,0.4376,0.9823,0.9625,0.9401,0.9511,0.9298,0.9069,5.7,5.8,5.6,5.7,5.5,5.4
41.644529,-0.892272,295343685,Centro,square,0.9514,0.0153,0.7247,0.986,0.9616,0.9384,0.9512,0.9292,0.9063,6.5,6.5,6.4,6.5,6.3,6.2
41.644405,-0.892021,295343685,Centro,square,0.948,0.0166,0.7291,0.9905,0.9559,0.9333,0.9476,0.9269,0.9056,6.5,6.5,6.4,6.5,6.3,6.2
41.637236,-0.904528,299059352,Universidad,secondary_street,0.2692,0.3792,0.3484,0.1148,0.2846,0.2737,0.2654,0.214,0.2667,3.1,3.2,3.2,3.1,3,3.2
41.648328,-0.866947,301691564,"Las Fuentes",side_street,0.2316,0.274,0.2363,0.3669,0.2319,0.2278,0.2309,0.2206,0.1785,2.8,2.8,2.8,2.8,2.8,2.6
41.641329,-0.883561,301696023,Centro,main_street,0.7217,0.9488,0.6753,0.7893,0.7258,0.7065,0.7362,0.7039,0.6162,9,9,8.9,9.1,8.9,8.4
41.641169,-0.883771,301696023,Centro,main_street,0.725,0.9511,0.6768,0.7928,0.7299,0.7148,0.7383,0.7073,0.6239,9.1,9,9,9.1,8.9,8.4
41.64438,-0.878337,301696024,Centro,main_street,0.6419,0.6494,0.687,0.7891,0.6323,0.6603,0.6306,0.6933,0.748,7,6.9,7.2,7,7.4,7.8
41.647261,-0.872367,301696025,"Casco Histórico",main_street,0.6095,0.6473,0.5659,0.8934,0.6244,0.6299,0.5845,0.5854,0.6125,6.6,6.7,6.7,6.5,6.5,6.7
41.647143,-0.872623,301696025,"Casco Histórico",main_street,0.6309,0.6473,0.5679,0.8905,0.6547,0.6532,0.6075,0.6083,0.6254,6.7,6.9,6.9,6.6,6.6,6.8
41.647026,-0.87288,301696025,"Casco Histórico",main_street,0.6549,0.6473,0.57,0.8722,0.682,0.6723,0.6279,0.6249,0.6358,6.9,7,7,6.7,6.7,6.8
41.650211,-0.910339,304484905,Delicias,square,0.6563,0.0699,0.946,0.1967,0.6658,0.641,0.6686,0.6384,0.6268,4.8,4.8,4.7,4.8,4.7,4.6
41.650312,-0.910607,304484905,Delicias,square,0.6779,0.0699,0.9542,0.2699,0.6841,0.6559,0.6902,0.6546,0.6369,5,5,4.9,5,4.8,4.7
41.641945,-0.893976,316056718,Universidad,square,0.8826,0.4336,0.4115,0.9538,0.8744,0.8652,0.8745,0.892,0.8966,6.9,6.9,6.8,6.9,7,7
41.641761,-0.894148,316056718,Universidad,square,0.867,0.3206,0.4083,0.9572,0.8643,0.8544,0.8625,0.8847,0.9004,6.3,6.3,6.3,6.3,6.5,6.6
41.641576,-0.894319,316056718,Universidad,square,0.8527,0.3206,0.4068,0.9327,0.8506,0.8423,0.8474,0.8749,0.9015,6.2,6.2,6.2,6.2,6.3,6.5
41.641392,-0.894491,316056718,Universidad,square,0.8404,0.3116,0.401,0.9429,0.838,0.8327,0.8334,0.8638,0.8998,6.1,6.1,6.1,6.1,6.2,6.5
41.656096,-0.90606,316489965,"La Almozara",side_street,0.2979,0.3244,0.1669,0.2346,0.2983,0.3108,0.2935,0.304,0.3068,2.9,2.9,2.9,2.8,2.9,3
41.649704,-0.870608,322418710,"Casco Histórico",main_street,0.3944,0.9982,0.5563,0.4874,0.3765,0.4088,0.3953,0.4293,0.5133,6.3,6.2,6.4,6.3,6.5,7
41.649535,-0.870806,322418710,"Casco Histórico",main_street,0.406,0.9984,0.5574,0.5037,0.392,0.4214,0.4057,0.438,0.5208,6.4,6.3,6.5,6.4,6.6,7.1
41.646386,-0.898648,323959302,Delicias,secondary_street,0.5199,0.3867,0.9903,0.1768,0.5359,0.5414,0.5027,0.5051,0.5444,5.3,5.4,5.4,5.2,5.2,5.4
41.646582,-0.898794,323959302,Delicias,secondary_street,0.5038,0.3867,0.9889,0.1819,0.522,0.5266,0.4908,0.4853,0.5205,5.2,5.3,5.3,5.1,5.1,5.2
41.646779,-0.898941,323959302,Delicias,secondary_street,0.4963,0.3867,0.9896,0.2415,0.514,0.5161,0.4843,0.4771,0.5078,5.2,5.3,5.3,5.2,5.1,5.2
41.646975,-0.899087,323959302,Delicias,secondary_street,0.4946,0.3867,0.9911,0.1905,0.5127,0.513,0.4805,0.471,0.4983,5.2,5.3,5.2,5.1,5,5.1
41.647171,-0.899234,323959302,Delicias,secondary_street,0.4877,0.3867,0.9896,0.1874,0.5061,0.5024,0.475,0.4624,0.4812,5.1,5.2,5.2,5.1,5,5.1
41.647367,-0.899381,323959302,Delicias,secondary_street,0.4782,0.5154,0.988,0.2305,0.4943,0.4877,0.4681,0.4532,0.4609,5.6,5.7,5.7,5.6,5.5,5.5
41.647563,-0.899531,323959302,Delicias,secondary_street,0.4695,0.5154,0.9832,0.1685,0.4837,0.4789,0.4609,0.4483,0.4592,5.5,5.6,5.5,5.4,5.4,5.4
41.647758,-0.899679,323959302,Delicias,secondary_street,0.4555,0.4533,0.9807,0.188,0.4679,0.464,0.4481,0.4409,0.4544,5.2,5.2,5.2,5.1,5.1,5.1
41.647955,-0.899824,323959302,Delicias,secondary_street,0.4471,0.4533,0.9847,0.2576,0.4553,0.4552,0.4405,0.4416,0.4668,5.2,5.3,5.3,5.2,5.2,5.3
41.648152,-0.899969,323959302,Delicias,secondary_street,0.4414,0.4692,0.9807,0.2541,0.4477,0.4477,0.4344,0.4374,0.4642,5.3,5.3,5.3,5.2,5.2,5.3
41.646344,-0.898444,323959303,Delicias,side_street,0.5441,0.7836,0.9903,0.1836,0.5578,0.5653,0.5237,0.53,0.5684,7.1,7.2,7.3,6.9,7,7.3
41.646564,-0.897919,323959303,Delicias,side_street,0.5875,0.7836,0.9938,0.1721,0.6001,0.6068,0.5673,0.5745,0.6163,7.4,7.5,7.5,7.2,7.3,7.6
41.646674,-0.897657,323959303,Delicias,side_street,0.604,0.6499,0.9944,0.162,0.6159,0.6214,0.5832,0.5924,0.6283,6.8,6.8,6.9,6.7,6.7,7
41.646778,-0.89739,323959303,Delicias,side_street,0.6136,0.6499,0.9957,0.1918,0.6268,0.6317,0.5931,0.6018,0.6292,6.9,6.9,7,6.8,6.8,7
41.643393,-0.905224,325887236,Delicias,main_street,0.2029,0.7024,0.8364,0.6663,0.2161,0.2092,0.1956,0.1669,0.1728,5.1,5.2,5.1,5.1,4.9,4.9
41.643308,-0.905502,325887236,Delicias,main_street,0.2178,0.7024,0.8371,0.6639,0.2271,0.2227,0.2144,0.1976,0.2051,5.2,5.2,5.2,5.2,5.1,5.1
41.643221,-0.905779,325887236,Delicias,main_street,0.2332,0.7222,0.8377,0.6644,0.2386,0.2388,0.2333,0.2272,0.2407,5.3,5.4,5.3,5.3,5.3,5.3
41.65331,-0.904353,329495145,Delicias,main_street,0.5041,0.695,0.8995,0.1131,0.5083,0.5124,0.49,0.5185,0.5817,6.1,6.1,6.1,6,6.2,6.6
41.653098,-0.904255,329495145,Delicias,main_street,0.5027,0.6678,0.911,0.1043,0.504,0.5103,0.4874,0.5204,0.5885,6,6,6,5.9,6.1,6.5
41.65246,-0.903962,329495145,Delicias,main_street,0.47,0.5212,0.9358,0.0202,0.4654,0.4794,0.458,0.501,0.5814,5.2,5.2,5.2,5.1,5.3,5.8
41.652247,-0.903864,329495145,Delicias,main_street,0.4569,0.4789,0.946,0.023,0.4501,0.4655,0.4447,0.4863,0.5685,5,5,5.1,5,5.1,5.5
41.652035,-0.903766,329495145,Delicias,main_street,0.4404,0.3356,0.9542,0.0244,0.4329,0.4459,0.43,0.4679,0.5483,4.6,4.6,4.6,4.5,4.6,4.9
41.650759,-0.903178,329495145,Delicias,main_street,0.3811,0.3061,0.946,0.0314,0.3749,0.3845,0.3705,0.405,0.4754,4.3,4.2,4.3,4.2,4.3,4.6
41.650547,-0.90308,329495145,Delicias,main_street,0.378,0.5164,0.9234,0.0493,0.3697,0.379,0.3655,0.4014,0.4717,4.8,4.8,4.8,4.8,4.9,5.1
41.650122,-0.902884,329495145,Delicias,main_street,0.3708,0.5091,0.8995,0.056,0.3625,0.3721,0.3598,0.3991,0.4719,4.7,4.7,4.7,4.7,4.8,5.1
41.649909,-0.902786,329495145,Delicias,main_street,0.37,0.5091,0.8699,0.1176,0.3624,0.3711,0.3585,0.3977,0.4715,4.7,4.7,4.7,4.7,4.8,5.1
41.649697,-0.902688,329495145,Delicias,main_street,0.3697,0.6008,0.8699,0.1395,0.3616,0.371,0.3583,0.3982,0.4764,5,5,5,5,5.1,5.5
41.649484,-0.902589,329495145,Delicias,main_street,0.3616,0.6008,0.8796,0.1309,0.3526,0.3622,0.3502,0.3912,0.4689,5,5,5,4.9,5.1,5.5
41.653603,-0.903693,329495148,Delicias,main_street,0.5175,0.7995,0.8995,0.1401,0.523,0.5244,0.5013,0.5233,0.5736,6.6,6.7,6.7,6.5,6.7,7
41.653678,-0.903409,329495148,Delicias,main_street,0.5254,0.7995,0.911,0.1637,0.5301,0.5309,0.5059,0.5287,0.5791,6.7,6.8,6.8,6.6,6.8,7.1
41.653753,-0.903125,329495148,Delicias,main_street,0.5233,0.7973,0.8796,0.1887,0.5266,0.529,0.5041,0.5315,0.583,6.7,6.7,6.7,6.6,6.7,7.1
41.653827,-0.902841,329495148,Delicias,main_street,0.5158,0.7973,0.8796,0.2212,0.5172,0.5232,0.5023,0.5317,0.5845,6.7,6.7,6.7,6.6,6.8,7.1
41.646152,-0.893619,352297769,Universidad,main_street,0.8426,0.7579,0.4235,0.7705,0.855,0.8358,0.8404,0.8187,0.8057,8,8.1,8,8,7.9,7.8
41.645934,-0.893545,352297769,Universidad,main_street,0.8564,0.8725,0.424,0.8508,0.8691,0.8477,0.8532,0.8325,0.8163,8.8,8.9,8.7,8.7,8.6,8.6
41.64572,-0.893453,352297769,Universidad,main_street,0.87,0.8718,0.4254,0.8852,0.8823,0.8607,0.8636,0.844,0.8286,9,9,8.9,8.9,8.8,8.7
41.645512,-0.893339,352297769,Universidad,main_street,0.8892,0.8721,0.4288,0.9153,0.9002,0.881,0.8814,0.8642,0.846,9.1,9.2,9.1,9.1,9,8.9
41.64531,-0.893207,352297769,Universidad,main_street,0.9031,0.8728,0.4316,0.9346,0.9149,0.8961,0.8973,0.8821,0.8619,9.2,9.3,9.2,9.2,9.1,9
41.645114,-0.893062,352297769,Universidad,main_street,0.9238,0.8789,0.4345,0.9576,0.9334,0.9115,0.9151,0.8997,0.8751,9.4,9.4,9.3,9.3,9.3,9.2
41.64492,-0.892908,352297769,Universidad,main_street,0.9399,0.8957,0.4361,0.9664,0.9522,0.9276,0.9324,0.9132,0.8884,9.5,9.5,9.4,9.5,9.4,9.3
41.646366,-0.893595,352297770,Centro,side_street,0.8315,0.7322,0.7058,0.7027,0.8444,0.8248,0.8298,0.8084,0.7955,8.6,8.7,8.5,8.6,8.5,8.4
41.656247,-0.90649,368340217,"La Almozara",side_street,0.2657,0.5965,0.1656,0.2852,0.2678,0.2812,0.2644,0.2684,0.2569,3.6,3.6,3.6,3.6,3.6,3.5
41.656207,-0.906194,368340217,"La Almozara",side_street,0.2831,0.6015,0.1669,0.2282,0.2828,0.2972,0.2811,0.2875,0.2819,3.6,3.6,3.6,3.6,3.6,3.6
41.656168,-0.905898,368340217,"La Almozara",side_street,0.2952,0.4491,0.1676,0.1718,0.294,0.3068,0.2914,0.3026,0.304,3.2,3.2,3.2,3.1,3.2,3.2
41.65613,-0.905601,368340217,"La Almozara",side_street,0.3086,0.4491,0.168,0.1604,0.3068,0.3168,0.3053,0.3129,0.3178,3.2,3.2,3.2,3.2,3.2,3.2
41.656092,-0.905304,368340217,"La Almozara",side_street,0.3225,0.4491,0.1689,0.1485,0.3222,0.3274,0.3177,0.3284,0.3328,3.2,3.2,3.3,3.2,3.3,3.3
41.656016,-0.904711,368340217,"La Almozara",side_street,0.3496,0.4491,0.1701,0.1704,0.345,0.3519,0.3438,0.3602,0.3673,3.4,3.3,3.4,3.3,3.4,3.5
41.655978,-0.904415,368340217,"La Almozara",side_street,0.3624,0.4491,0.1712,0.2138,0.3567,0.3612,0.358,0.3742,0.3858,3.4,3.4,3.4,3.4,3.5,3.6
41.655941,-0.904118,368340217,"La Almozara",side_street,0.3763,0.2807,0.1712,0.2189,0.3715,0.3734,0.3762,0.3889,0.4073,3,3,3,3,3.1,3.2
41.655902,-0.903822,368340217,"La Almozara",side_street,0.3885,0.2807,0.1722,0.2213,0.3831,0.3855,0.3861,0.4001,0.4204,3.1,3.1,3.1,3.1,3.1,3.2
41.655863,-0.903525,368340217,"La Almozara",side_street,0.3973,0.2324,0.1689,0.1864,0.391,0.3932,0.3961,0.4121,0.4416,2.9,2.9,2.9,2.9,3,3.1
41.655824,-0.903229,368340217,"La Almozara",side_street,0.4036,0.2324,0.168,0.1901,0.3957,0.3987,0.4016,0.4228,0.4624,2.9,2.9,2.9,2.9,3.1,3.2
41.655785,-0.902933,368340217,"La Almozara",side_street,0.4079,0.2199,0.1676,0.1646,0.3992,0.4033,0.406,0.4289,0.4788,2.9,2.9,2.9,2.9,3,3.2
41.653384,-0.88727,368368549,"Casco Histórico",side_street,0.5016,0.2101,0.5941,0.0953,0.4911,0.5496,0.4994,0.5496,0.645,3.9,3.9,4.1,3.9,4.1,4.4
41.653442,-0.887561,368368549,"Casco Histórico",side_street,0.4654,0.2101,0.5941,0.0862,0.4604,0.5093,0.4635,0.5095,0.607,3.8,3.8,3.9,3.8,3.9,4.2
41.639691,-0.905355,368490379,Universidad,side_street,0.2039,0.3406,0.3532,0.3424,0.2172,0.2052,0.1902,0.1651,0.2186,3,3,3,3,2.9,3.1
41.639757,-0.90553,368490379,Universidad,side_street,0.2052,0.1518,0.3544,0.3181,0.2181,0.2072,0.1923,0.173,0.2275,2.6,2.6,2.6,2.5,2.4,2.6
41.638164,-0.909802,368533590,Universidad,side_street,0.1892,0.4137,0.3507,0.2674,0.2051,0.1868,0.1745,0.1457,0.2151,3.1,3.2,3.1,3,3,3.2
41.638072,-0.910076,368533590,Universidad,side_street,0.18,0.3941,0.3498,0.3482,0.2014,0.1782,0.1697,0.1303,0.1912,3.1,3.2,3.1,3,2.9,3.1
41.640708,-0.910327,368535031,Universidad,square,0.3574,0.3926,0.3603,0.2728,0.3318,0.3522,0.3667,0.4168,0.5007,3.7,3.6,3.7,3.7,3.9,4.1
41.640609,-0.873888,369142671,"San José",main_street,0.5242,0.6539,0.4956,0.8711,0.5179,0.5106,0.5247,0.5339,0.5579,5.9,5.9,5.9,6,6,6.1
41.641351,-0.874559,369142671,"San José",main_street,0.5389,0.4999,0.5064,0.8095,0.5309,0.5295,0.5418,0.5541,0.5834,5.4,5.3,5.3,5.4,5.4,5.6
41.641545,-0.874709,369142671,"San José",main_street,0.5396,0.4787,0.5086,0.7793,0.5314,0.5302,0.5424,0.556,0.5883,5.3,5.2,5.2,5.3,5.3,5.5
41.641935,-0.87501,369142671,"San José",main_street,0.5571,0.4787,0.5179,0.6191,0.5489,0.5488,0.5585,0.5739,0.6044,5.2,5.1,5.1,5.2,5.2,5.4
41.64213,-0.87516,369142671,"San José",main_street,0.5647,0.4787,0.5169,0.5538,0.5579,0.5591,0.5668,0.5838,0.6142,5.1,5.1,5.1,5.1,5.2,5.3
41.642324,-0.87531,369142671,"San José",main_street,0.5714,0.5836,0.5218,0.538,0.5659,0.5674,0.5722,0.5872,0.6169,5.6,5.5,5.5,5.6,5.6,5.8
41.642519,-0.87546,369142671,"San José",main_street,0.575,0.5836,0.5282,0.5341,0.5688,0.5707,0.5749,0.5914,0.6205,5.6,5.6,5.6,5.6,5.6,5.8
41.642714,-0.875612,369142671,"San José",main_street,0.5786,0.5812,0.5314,0.54,0.5714,0.5736,0.5773,0.5934,0.6238,5.6,5.6,5.6,5.6,5.7,5.8
41.642907,-0.875764,369142671,"San José",main_street,0.5772,0.5812,0.5314,0.6198,0.5701,0.5741,0.5745,0.5933,0.6256,5.7,5.7,5.7,5.7,5.8,5.9
41.643101,-0.875917,369142671,"San José",main_street,0.5784,0.5812,0.5336,0.6612,0.5711,0.577,0.5746,0.5962,0.6302,5.8,5.8,5.8,5.8,5.8,6
41.643295,-0.876069,369142671,"San José",main_street,0.5787,0.5812,0.5344,0.753,0.5708,0.5787,0.5752,0.6005,0.6372,5.9,5.9,5.9,5.9,6,6.2
41.643683,-0.876373,369142671,"San José",main_street,0.5859,0.5647,0.5341,0.749,0.5774,0.5899,0.5808,0.6155,0.6583,5.9,5.9,5.9,5.9,6,6.3
41.645367,-0.890771,369268372,Centro,square,0.9327,0.0113,0.743,0.9129,0.946,0.9202,0.9326,0.8984,0.855,6.3,6.4,6.2,6.3,6.1,5.9
41.645232,-0.890825,369268372,Centro,square,0.9269,0.0137,0.7401,0.9296,0.9387,0.9138,0.9275,0.8943,0.8546,6.3,6.3,6.2,6.3,6.1,5.9
41.645403,-0.890674,369268372,Centro,square,0.9322,0.0148,0.743,0.9057,0.9459,0.9207,0.9327,0.8971,0.8544,6.3,6.4,6.2,6.3,6.1,5.9
41.643901,-0.890948,369314303,Centro,main_street,0.8872,0.93,0.736,0.985,0.8922,0.8724,0.8865,0.8722,0.8602,9.9,9.9,9.9,9.9,9.9,9.9
41.644038,-0.891186,369314303,Centro,main_street,0.8995,0.931,0.736,0.9902,0.9059,0.8878,0.9011,0.8898,0.8754,9.9,9.9,9.9,9.9,9.9,9.9
41.644176,-0.891424,369314303,Centro,main_street,0.9187,0.931,0.7312,0.991,0.923,0.9029,0.919,0.9043,0.8875,9.9,9.9,9.9,9.9,9.9,9.9
41.647351,-0.879812,369746569,Centro,main_street,0.819,0.8802,0.7884,0.0649,0.8205,0.8269,0.8153,0.8306,0.8406,8.5,8.5,8.5,8.5,8.6,8.7
41.647482,-0.880056,369746569,Centro,main_street,0.833,0.8802,0.7833,0.0653,0.8322,0.838,0.8293,0.8419,0.8436,8.5,8.6,8.6,8.5,8.6,8.7
41.647746,-0.880543,369746569,Centro,main_street,0.8588,0.883,0.794,0.0437,0.8588,0.8648,0.8577,0.8705,0.8571,8.7,8.7,8.8,8.7,8.9,8.8
41.647854,-0.880806,369746569,Centro,main_street,0.877,0.8623,0.7966,0.0536,0.8713,0.879,0.8718,0.8833,0.8629,8.8,8.7,8.8,8.7,8.9,8.7
41.648049,-0.881348,369746569,Centro,main_street,0.9007,0.8623,0.8135,0.1406,0.8995,0.9064,0.9008,0.9066,0.8752,9.1,9.1,9.2,9.1,9.2,9
41.648147,-0.881619,369746569,Centro,main_street,0.9161,0.8623,0.8209,0.4018,0.9121,0.9241,0.9162,0.9173,0.8824,9.5,9.5,9.5,9.5,9.5,9.4
41.648245,-0.88189,369746569,Centro,main_street,0.93,0.8623,0.8303,0.4406,0.9261,0.9378,0.9298,0.9259,0.8854,9.6,9.6,9.7,9.6,9.6,9.5
41.648309,-0.882175,369746569,Centro,main_street,0.9387,0.9669,0.8325,0.485,0.9351,0.9435,0.9398,0.9295,0.8865,9.9,9.9,9.9,9.9,9.9,9.8
41.647423,-0.885491,369746571,Centro,secondary_street,0.8734,0.8896,0.8106,0.9869,0.8836,0.8715,0.8811,0.8455,0.8086,9.9,9.9,9.9,9.9,9.8,9.7
41.645907,-0.86867,369746907,"Las Fuentes",main_street,0.3457,0.5924,0.2381,0.6129,0.3498,0.3426,0.3363,0.3279,0.3129,4.2,4.2,4.2,4.1,4.1,4
41.646037,-0.869762,369746908,"Las Fuentes",side_street,0.4231,0.5116,0.2414,0.7582,0.4276,0.4217,0.4162,0.4032,0.3855,4.3,4.4,4.3,4.3,4.3,4.2
41.656816,-0.877526,369854505,"Casco Histórico",main_street,0.6555,0.4112,0.5627,0.2958,0.5947,0.7147,0.6745,0.7624,0.829,5.1,4.9,5.4,5.2,5.6,6
41.646889,-0.873205,369855153,Centro,main_street,0.6767,0.7749,0.6738,0.8746,0.7029,0.6914,0.648,0.636,0.6471,8,8.2,8.1,7.8,7.8,7.9
41.646774,-0.873464,369855153,Centro,main_street,0.6921,0.7482,0.6738,0.8715,0.7191,0.7025,0.671,0.6458,0.6573,8,8.2,8.1,7.8,7.7,7.8
41.646659,-0.873723,369855153,Centro,main_street,0.696,0.7482,0.6738,0.8765,0.7212,0.7042,0.6762,0.6538,0.6683,8,8.2,8.1,7.9,7.8,7.9
41.645249,-0.876841,369855154,Centro,main_street,0.6735,0.7248,0.6824,0.7911,0.6764,0.695,0.662,0.6938,0.7431,7.6,7.6,7.8,7.6,7.8,8.2
41.645125,-0.877093,369855154,Centro,main_street,0.6726,0.7318,0.6832,0.7882,0.6733,0.6946,0.6621,0.6976,0.7479,7.7,7.7,7.8,7.6,7.9,8.2
41.660025,-0.878546,370725735,"El Rabal",side_street,0.2046,0.1369,0.3351,0.3496,0.1956,0.2181,0.1957,0.2603,0.3361,2.5,2.5,2.6,2.5,2.7,3
41.656486,-0.879737,370889006,"Casco Histórico",square,0.802,0.5694,0.5851,0.5391,0.7636,0.826,0.8074,0.8917,0.9317,7,6.7,7.1,7,7.6,7.9
41.65635,-0.879591,370889006,"Casco Histórico",square,0.8236,0.5863,0.6005,0.4929,0.7882,0.8462,0.8277,0.9151,0.9426,7.2,6.9,7.4,7.2,7.8,8
41.656241,-0.879328,370889006,"Casco Histórico",square,0.8395,0.5863,0.6005,0.4399,0.8012,0.8629,0.8426,0.9312,0.949,7.2,6.9,7.4,7.2,7.8,8
41.656132,-0.879065,370889006,"Casco Histórico",square,0.8503,0.5564,0.5979,0.475,0.8112,0.8766,0.8523,0.9373,0.952,7.2,6.9,7.4,7.2,7.8,7.9
41.65602,-0.878804,370889006,"Casco Histórico",square,0.8567,0.5535,0.5979,0.2306,0.8174,0.8855,0.8591,0.9415,0.9549,6.8,6.6,7,6.8,7.4,7.5
41.655907,-0.878544,370889006,"Casco Histórico",square,0.859,0.3171,0.5993,0.2968,0.82,0.8885,0.8624,0.9428,0.9553,5.9,5.7,6.1,5.9,6.4,6.4
41.652092,-0.878726,370981372,"Casco Histórico",side_street,0.9859,0.7571,0.6501,0.3101,0.9849,0.9869,0.9853,0.9835,0.9784,8.9,8.9,8.9,8.9,8.9,8.9
41.651886,-0.878192,370981372,"Casco Histórico",side_street,0.9751,0.7456,0.6478,0.326,0.973,0.9771,0.9733,0.976,0.9726,8.8,8.8,8.9,8.8,8.8,8.8
41.651782,-0.877925,370981372,"Casco Histórico",side_street,0.9692,0.7456,0.6404,0.224,0.9688,0.9715,0.9674,0.9724,0.9699,8.6,8.6,8.6,8.6,8.6,8.6
41.651679,-0.877658,370981372,"Casco Histórico",side_street,0.9645,0.7456,0.6307,0.2516,0.9637,0.9659,0.9631,0.9676,0.9665,8.6,8.6,8.6,8.5,8.6,8.6
41.656515,-0.879717,371258225,"Casco Histórico",square,0.7978,0.5114,0.5844,0.5431,0.7582,0.8204,0.8016,0.8868,0.9282,6.7,6.4,6.8,6.7,7.2,7.5
41.650842,-0.886421,371275477,"Casco Histórico",secondary_street,0.7733,0.9202,0.6623,0.8166,0.7805,0.7849,0.7718,0.7675,0.7812,9.2,9.2,9.2,9.1,9.1,9.2
41.652311,-0.884911,371275479,Centro,secondary_street,0.8174,0.9686,0.7757,0.4373,0.8222,0.8356,0.8085,0.8294,0.8599,9.4,9.4,9.4,9.3,9.4,9.6
41.644964,-0.885647,371718697,Centro,main_street,0.8683,0.5817,0.7691,0.7801,0.8775,0.8502,0.8826,0.8252,0.7408,8.4,8.5,8.3,8.5,8.2,7.7
41.64541,-0.885573,371718697,Centro,main_street,0.8737,0.5715,0.7691,0.8666,0.8813,0.8532,0.8878,0.8308,0.7534,8.6,8.6,8.4,8.6,8.3,7.9
41.645633,-0.885538,371718697,Centro,main_street,0.8763,0.566,0.7719,0.9285,0.8834,0.8556,0.8888,0.8351,0.7603,8.7,8.7,8.5,8.7,8.4,8
41.645857,-0.885504,371718697,Centro,main_street,0.8738,0.5666,0.7691,0.9466,0.8817,0.8568,0.8872,0.8347,0.7634,8.7,8.7,8.6,8.8,8.4,8.1
41.64608,-0.885469,371718697,Centro,main_street,0.8697,0.5794,0.7719,0.9515,0.8795,0.8561,0.8836,0.8334,0.7685,8.7,8.8,8.6,8.8,8.5,8.2
41.64497,-0.88383,371718698,Centro,side_street,0.8958,0.6969,0.747,0.1839,0.9012,0.871,0.9148,0.8584,0.7456,8.2,8.3,8,8.3,8,7.2
41.645103,-0.883588,371718698,Centro,side_street,0.905,0.6969,0.7562,0.1583,0.9096,0.8803,0.9262,0.868,0.751,8.3,8.3,8.1,8.4,8,7.2
41.645237,-0.883346,371718698,Centro,side_street,0.9139,0.6946,0.7517,0.1378,0.9166,0.8872,0.9357,0.8762,0.7627,8.3,8.3,8.1,8.4,8,7.2
41.645369,-0.883103,371718698,Centro,side_street,0.917,0.6469,0.7562,0.0899,0.9194,0.8895,0.9373,0.88,0.7705,7.9,8,7.8,8.1,7.7,7
41.645502,-0.88286,371718698,Centro,side_street,0.9169,0.6469,0.7663,0.0855,0.9186,0.8909,0.9339,0.8827,0.7788,8,8,7.8,8.1,7.8,7.1
41.645635,-0.882617,371718698,Centro,side_street,0.9152,0.6443,0.7581,0.0808,0.9156,0.8923,0.9313,0.8865,0.7884,7.9,7.9,7.8,8,7.8,7.1
41.645764,-0.882371,371718698,Centro,side_street,0.9108,0.6506,0.7598,0.0753,0.9111,0.8889,0.9267,0.8874,0.7945,7.9,7.9,7.8,8,7.8,7.1
41.645894,-0.882126,371718698,Centro,side_street,0.9042,0.6506,0.7788,0.0546,0.9043,0.8862,0.918,0.8867,0.8012,7.9,7.9,7.8,8,7.8,7.2
41.646025,-0.881881,371718698,Centro,side_street,0.8988,0.5919,0.7811,0.0363,0.9001,0.8845,0.9098,0.8862,0.8094,7.6,7.6,7.5,7.6,7.5,7
41.646157,-0.881638,371718698,Centro,side_street,0.895,0.5829,0.7772,0.0562,0.895,0.882,0.9014,0.8855,0.8214,7.5,7.5,7.5,7.5,7.4,7
41.646289,-0.881394,371718698,Centro,side_street,0.8915,0.5829,0.7719,0.0612,0.8909,0.8814,0.8951,0.8838,0.8296,7.5,7.5,7.4,7.5,7.4,7.1
41.646425,-0.881154,371718698,Centro,side_street,0.8865,0.7066,0.7772,0.0642,0.8824,0.8778,0.8876,0.8816,0.8368,8.1,8,8,8.1,8.1,7.8
41.646572,-0.880928,371718698,Centro,side_street,0.8793,0.7934,0.7833,0.0916,0.8738,0.8741,0.8758,0.8766,0.8423,8.5,8.5,8.4,8.5,8.5,8.3
41.646751,-0.880746,371718698,Centro,side_street,0.8701,0.7934,0.794,0.0718,0.8693,0.868,0.8683,0.8742,0.8495,8.4,8.5,8.4,8.4,8.4,8.4
41.64693,-0.880564,371718698,Centro,side_street,0.8611,0.7934,0.794,0.0749,0.8608,0.8611,0.8607,0.8707,0.8518,8.4,8.4,8.4,8.4,8.4,8.4
41.647108,-0.88038,371718698,Centro,side_street,0.8491,0.8006,0.794,0.0739,0.8495,0.8492,0.8475,0.8583,0.8464,8.4,8.4,8.3,8.3,8.4,8.4
41.641219,-0.886213,371718699,Centro,main_street,0.7459,0.6161,0.693,0.933,0.7531,0.7398,0.7525,0.7253,0.6865,7.8,7.9,7.8,7.9,7.7,7.5
41.641442,-0.88618,371718699,Centro,main_street,0.7541,0.6161,0.6975,0.9399,0.7617,0.746,0.7612,0.7309,0.686,7.9,8,7.9,8,7.8,7.5
41.641666,-0.886147,371718699,Centro,main_street,0.7638,0.6297,0.6989,0.9402,0.773,0.7534,0.7732,0.7384,0.6877,8.1,8.1,8,8.2,7.9,7.6
41.641889,-0.886113,371718699,Centro,main_street,0.7735,0.6297,0.6989,0.9357,0.7808,0.7607,0.7834,0.7439,0.6873,8.2,8.2,8,8.2,8,7.6
41.642113,-0.886082,371718699,Centro,main_street,0.78,0.6786,0.6975,0.9241,0.7877,0.7653,0.7894,0.7492,0.6827,8.4,8.4,8.3,8.4,8.2,7.8
41.652056,-0.910229,371895557,Delicias,main_street,0.5917,0.5659,0.9234,0.7923,0.5948,0.5827,0.589,0.5783,0.5603,7.1,7.1,7,7.1,7,6.9
41.652117,-0.90994,371895557,Delicias,main_street,0.5692,0.5162,0.9358,0.813,0.5752,0.5632,0.5677,0.5526,0.53,6.8,6.8,6.7,6.8,6.7,6.6
41.652181,-0.909651,371895557,Delicias,main_street,0.5488,0.5162,0.9234,0.7863,0.5543,0.5404,0.5465,0.5309,0.5011,6.6,6.6,6.6,6.6,6.5,6.3
41.652246,-0.909363,371895557,Delicias,main_street,0.5287,0.5191,0.9234,0.741,0.5336,0.5192,0.5254,0.5082,0.4771,6.4,6.4,6.4,6.4,6.3,6.1
41.652312,-0.909076,371895557,Delicias,main_street,0.5054,0.5191,0.9358,0.6983,0.5148,0.4945,0.5057,0.4821,0.4469,6.2,6.3,6.2,6.3,6.1,5.9
41.652379,-0.908788,371895557,Delicias,main_street,0.4886,0.5191,0.9358,0.6703,0.4958,0.4792,0.4891,0.464,0.4258,6.1,6.1,6.1,6.1,6,5.8
41.652445,-0.908501,371895557,Delicias,main_street,0.4729,0.5047,0.9358,0.5709,0.4808,0.4654,0.473,0.4501,0.406,5.9,5.9,5.8,5.9,5.7,5.5
41.65251,-0.908213,371895557,Delicias,main_street,0.461,0.4744,0.9234,0.576,0.4682,0.4531,0.4594,0.4404,0.4021,5.7,5.7,5.6,5.7,5.5,5.3
41.652575,-0.907925,371895557,Delicias,main_street,0.4466,0.4744,0.911,0.5845,0.4522,0.4402,0.4459,0.432,0.4029,5.5,5.6,5.5,5.6,5.5,5.3
41.65264,-0.907637,371895557,Delicias,main_street,0.4377,0.4744,0.911,0.5595,0.4406,0.434,0.4358,0.4271,0.4016,5.5,5.5,5.4,5.5,5.4,5.2
41.652706,-0.907349,371895557,Delicias,main_street,0.4317,0.5387,0.9616,0.5093,0.433,0.4268,0.4295,0.4197,0.3915,5.8,5.8,5.7,5.8,5.7,5.5
41.65277,-0.90706,371895557,Delicias,main_street,0.4332,0.5822,0.9616,0.4169,0.4339,0.4299,0.4298,0.4243,0.4083,5.8,5.9,5.8,5.8,5.8,5.7
41.652838,-0.906774,371895557,Delicias,main_street,0.4402,0.7188,0.9616,0.34,0.4436,0.4377,0.4354,0.4296,0.4156,6.3,6.3,6.3,6.3,6.3,6.2
41.652906,-0.906487,371895557,Delicias,main_street,0.4525,0.7188,0.946,0.2718,0.4573,0.4501,0.4452,0.4419,0.443,6.2,6.3,6.2,6.2,6.2,6.2
41.652974,-0.9062,371895557,Delicias,main_street,0.4634,0.7188,0.9542,0.2267,0.4693,0.4634,0.4548,0.45,0.4532,6.2,6.3,6.3,6.2,6.2,6.2
41.653042,-0.905913,371895557,Delicias,main_street,0.4778,0.9252,0.9542,0.1603,0.4842,0.4808,0.4669,0.4657,0.4813,7.2,7.2,7.2,7.1,7.1,7.2
41.653113,-0.905628,371895557,Delicias,main_street,0.4912,0.925,0.9234,0.1405,0.4992,0.4963,0.4771,0.4823,0.5119,7.1,7.2,7.2,7,7.1,7.3
41.653185,-0.905343,371895557,Delicias,main_street,0.4918,0.79,0.9234,0.1225,0.4984,0.4989,0.4775,0.4894,0.528,6.5,6.5,6.5,6.4,6.5,6.7
41.653257,-0.905058,371895557,Delicias,main_street,0.4956,0.7896,0.9234,0.1087,0.5007,0.5031,0.4813,0.502,0.5493,6.5,6.5,6.5,6.4,6.5,6.8
41.653329,-0.904773,371895557,Delicias,main_street,0.4972,0.8865,0.911,0.1692,0.5003,0.5047,0.4833,0.5086,0.5633,7,7,7,6.9,7,7.5
41.653397,-0.904486,371895557,Delicias,main_street,0.5021,0.8926,0.8995,0.1116,0.5059,0.5089,0.487,0.5146,0.5741,6.9,6.9,7,6.8,7,7.4
41.651917,-0.910332,371895558,Delicias,main_street,0.6084,0.9541,0.9234,0.7754,0.6101,0.5969,0.6036,0.5988,0.5863,9.1,9,9,9,9,9
41.651703,-0.910242,371895558,Delicias,main_street,0.6164,0.9498,0.911,0.7195,0.6189,0.607,0.6152,0.6115,0.6026,9,9,8.9,9,9,8.9
41.651489,-0.910147,371895558,Delicias,main_street,0.6207,0.9491,0.911,0.6642,0.6231,0.6112,0.6203,0.6179,0.6068,8.9,8.9,8.9,8.9,8.9,8.8
41.64924,-0.875544,371896204,"Casco Histórico",main_street,0.752,0.3385,0.6437,0.7476,0.7367,0.7695,0.7377,0.8044,0.8769,6.1,6.1,6.2,6.1,6.4,6.9
41.649363,-0.875769,371896206,"Casco Histórico",main_street,0.7643,0.9259,0.6501,0.7613,0.7467,0.7831,0.7513,0.8198,0.8903,9,8.9,9.1,9,9.3,9.6
41.649282,-0.876221,371896208,Centro,main_street,0.7641,0.9792,0.7598,0.7429,0.7503,0.7809,0.7521,0.8091,0.872,9.5,9.4,9.5,9.4,9.7,9.9
41.648888,-0.876927,371896208,Centro,main_street,0.7544,0.9707,0.7757,0.6016,0.7514,0.7691,0.7446,0.778,0.8308,9.3,9.3,9.3,9.2,9.4,9.6
41.648699,-0.877089,371896208,Centro,main_street,0.7456,0.9689,0.7663,0.501,0.7452,0.7585,0.7356,0.7679,0.8157,9.1,9,9.1,9,9.2,9.4
41.648502,-0.877234,371896208,Centro,main_street,0.7405,0.9681,0.7581,0.394,0.7421,0.7531,0.7287,0.7582,0.8065,8.9,8.8,8.9,8.7,9,9.3
41.6483,-0.877367,371896208,Centro,main_street,0.7332,0.9671,0.7539,0.3355,0.7381,0.7466,0.7217,0.7469,0.7961,8.7,8.7,8.8,8.6,8.8,9.1
41.642857,-0.882339,372033168,Centro,square,0.7535,0.015,0.6999,0.4942,0.7527,0.7326,0.7737,0.7353,0.6259,4.8,4.8,4.7,4.9,4.7,4.3
41.642513,-0.882477,372034476,Centro,secondary_street,0.7357,0.7595,0.6975,0.5264,0.7359,0.7189,0.7528,0.7189,0.6149,7.8,7.8,7.7,7.9,7.8,7
41.642775,-0.882458,372034478,Centro,secondary_street,0.7533,0.685,0.6989,0.4989,0.7521,0.7339,0.7728,0.7359,0.6293,7.5,7.5,7.4,7.6,7.4,6.8
41.637774,-0.868913,377710905,"San José",main_street,0.194,0.4445,0.4457,0.1552,0.2022,0.1771,0.1971,0.1446,0.1142,3.3,3.3,3.2,3.3,3.1,3
41.638507,-0.869838,377710906,"San José",main_street,0.2685,0.4686,0.4609,0.2733,0.2664,0.2559,0.2853,0.2575,0.1933,3.7,3.7,3.7,3.8,3.7,3.5
41.63864,-0.87008,377710906,"San José",main_street,0.2849,0.4686,0.4705,0.3328,0.2797,0.2705,0.2982,0.2778,0.2337,3.8,3.8,3.8,3.9,3.8,3.7
41.638774,-0.870322,377710906,"San José",main_street,0.3037,0.4686,0.4741,0.3937,0.2993,0.287,0.3151,0.2951,0.262,4,3.9,3.9,4,3.9,3.8
41.638904,-0.870567,377710906,"San José",main_street,0.3183,0.5992,0.4773,0.4507,0.317,0.3041,0.3279,0.3085,0.2887,4.4,4.4,4.3,4.4,4.3,4.3
41.639837,-0.872623,377710906,"San José",main_street,0.4562,0.7496,0.4877,0.8659,0.4568,0.4443,0.4575,0.4553,0.5038,5.9,6,5.9,6,5.9,6.2
41.639944,-0.872887,377710906,"San José",main_street,0.4744,0.5769,0.4895,0.8657,0.4741,0.4642,0.4756,0.4753,0.5218,5.4,5.4,5.3,5.4,5.4,5.6
41.640054,-0.87315,377710906,"San José",main_street,0.4867,0.5866,0.4909,0.866,0.4847,0.4751,0.4888,0.4887,0.5297,5.5,5.5,5.4,5.5,5.5,5.7
41.642226,-0.882388,380785181,Centro,main_street,0.702,0.7438,0.6885,0.5076,0.6949,0.672,0.7209,0.6841,0.5765,7.5,7.4,7.3,7.6,7.3,6.7
41.642065,-0.882597,380785181,Centro,main_street,0.7097,0.9329,0.687,0.5418,0.7051,0.6839,0.7271,0.6926,0.5875,8.5,8.5,8.3,8.6,8.4,7.7
41.641904,-0.882808,380785181,Centro,main_street,0.7148,0.9329,0.687,0.589,0.7111,0.6911,0.7296,0.6959,0.5924,8.6,8.6,8.4,8.7,8.5,7.9
41.641744,-0.883018,380785181,Centro,main_street,0.714,0.9329,0.682,0.6451,0.7106,0.6918,0.7284,0.6963,0.5982,8.6,8.6,8.5,8.7,8.5,8
41.641583,-0.883229,380785181,Centro,main_street,0.7183,0.9329,0.6804,0.7036,0.7181,0.698,0.7315,0.6987,0.6049,8.8,8.8,8.6,8.9,8.7,8.1
41.641422,-0.883439,380785181,Centro,main_street,0.7189,0.9329,0.679,0.7602,0.7203,0.7003,0.7312,0.7012,0.6118,8.9,8.9,8.7,9,8.8,8.3
41.641607,-0.887876,381196331,Universidad,side_street,0.7551,0.221,0.4316,0.8424,0.7701,0.7523,0.7562,0.7267,0.7073,5.3,5.3,5.2,5.2,5.1,5
41.648465,-0.870247,390639151,"Casco Histórico",side_street,0.3858,0.4941,0.551,0.62,0.3868,0.3915,0.3782,0.3787,0.3973,4.6,4.6,4.6,4.6,4.6,4.6
41.64894,-0.870849,390640173,"Casco Histórico",main_street,0.4178,0.9994,0.5552,0.6529,0.4128,0.4317,0.4132,0.4332,0.5,6.7,6.6,6.7,6.6,6.8,7.2
41.648753,-0.870683,390640173,"Casco Histórico",main_street,0.4153,0.9993,0.5552,0.6976,0.4117,0.4281,0.4093,0.4262,0.4832,6.7,6.7,6.8,6.7,6.8,7.2
41.648549,-0.870556,390640173,"Casco Histórico",main_street,0.4096,0.9992,0.5528,0.6635,0.4079,0.4178,0.4019,0.4112,0.4486,6.6,6.6,6.7,6.6,6.6,6.9
41.654612,-0.882112,392068776,"Casco Histórico",square,0.9371,0.9385,0.6337,0.6799,0.9094,0.9488,0.9319,0.9538,0.9597,9.7,9.6,9.8,9.7,9.8,9.8
41.654831,-0.882147,392068776,"Casco Histórico",square,0.9233,0.9322,0.6274,0.7247,0.8987,0.9453,0.9178,0.9507,0.9569,9.7,9.6,9.8,9.7,9.8,9.8
41.649096,-0.88392,399096155,Centro,secondary_street,0.9363,0.5367,0.8227,0.8875,0.9428,0.943,0.9351,0.9193,0.8831,9,9,9.1,9,8.9,8.7
41.649276,-0.883739,399096155,Centro,secondary_street,0.947,0.5367,0.8242,0.8968,0.9541,0.9476,0.9438,0.93,0.8934,9.1,9.1,9.1,9.1,9,8.8
41.649455,-0.883557,399096155,Centro,secondary_street,0.956,0.5215,0.8266,0.8454,0.9642,0.9525,0.9569,0.9395,0.9077,9,9,9,9,8.9,8.7
41.649634,-0.883375,399096155,Centro,secondary_street,0.9607,0.5101,0.8254,0.7499,0.9676,0.9559,0.9614,0.9439,0.9182,8.9,8.9,8.8,8.9,8.7,8.6
41.649812,-0.883191,399096155,Centro,secondary_street,0.9641,0.5101,0.8254,0.7138,0.9706,0.9593,0.9648,0.9487,0.9248,8.8,8.8,8.8,8.8,8.7,8.6
41.649989,-0.883006,399096155,Centro,secondary_street,0.9675,0.5154,0.8282,0.7193,0.9756,0.9642,0.9688,0.9525,0.9305,8.9,8.9,8.9,8.9,8.8,8.6
41.650167,-0.882822,399096155,Centro,secondary_street,0.9715,0.366,0.8209,0.7414,0.9788,0.9676,0.9713,0.9558,0.9368,8.2,8.3,8.2,8.2,8.1,8.1
41.650346,-0.88264,399096155,Centro,secondary_street,0.9734,0.358,0.8106,0.6303,0.9818,0.9707,0.9731,0.9576,0.9405,8,8,7.9,7.9,7.9,7.8
41.650525,-0.882457,399096155,Centro,secondary_street,0.9757,0.1536,0.8078,0.7086,0.9842,0.9724,0.9747,0.9592,0.944,7.1,7.1,7,7,7,6.9
41.650703,-0.882274,399096155,Centro,secondary_street,0.9778,0.1348,0.8051,0.7521,0.9869,0.9753,0.9767,0.9604,0.946,7,7.1,7,7,6.9,6.9
41.65088,-0.882088,399096155,Centro,secondary_street,0.9812,0.1348,0.7966,0.8534,0.9918,0.9804,0.9802,0.9634,0.9507,7.2,7.3,7.3,7.2,7.1,7
41.65106,-0.881909,399096155,Centro,secondary_street,0.9845,0.1298,0.7966,0.9115,0.9956,0.9836,0.9823,0.9654,0.9542,7.3,7.4,7.3,7.3,7.2,7.1
41.651242,-0.881731,399096155,Centro,secondary_street,0.9887,0.1298,0.8078,0.9498,0.9984,0.9884,0.9864,0.9691,0.9587,7.5,7.5,7.5,7.4,7.3,7.3
41.637607,-0.867924,399307857,"San José",main_street,0.1437,0.6427,0.445,0.2042,0.1603,0.119,0.1635,0.108,0.0827,3.7,3.7,3.6,3.7,3.5,3.5
41.637737,-0.868169,399307857,"San José",main_street,0.1697,0.658,0.445,0.1672,0.1813,0.1481,0.1768,0.1241,0.0907,3.8,3.8,3.7,3.8,3.6,3.5
41.642446,-0.891646,402878213,Universidad,secondary_street,0.882,0.9633,0.4399,0.9459,0.8874,0.8635,0.8775,0.8636,0.8444,9.5,9.5,9.4,9.4,9.4,9.3
41.642576,-0.891892,402878213,Universidad,secondary_street,0.8971,0.9641,0.4389,0.96,0.9038,0.8827,0.897,0.884,0.8633,9.6,9.6,9.5,9.6,9.5,9.4
41.642705,-0.892139,402878213,Universidad,secondary_street,0.9153,0.9662,0.4389,0.9675,0.9203,0.898,0.9139,0.9028,0.8778,9.6,9.6,9.5,9.6,9.6,9.5
41.642834,-0.892384,402878213,Universidad,secondary_street,0.9312,0.9807,0.4345,0.9707,0.9339,0.9096,0.9302,0.9141,0.8908,9.7,9.7,9.6,9.7,9.7,9.6
41.642964,-0.89263,402878213,Universidad,secondary_street,0.9412,0.9807,0.4302,0.9731,0.9438,0.9194,0.9416,0.9252,0.9035,9.8,9.7,9.7,9.8,9.7,9.6
41.643952,-0.894564,402878214,Universidad,secondary_street,0.8807,0.5942,0.425,0.892,0.8811,0.869,0.8721,0.8778,0.8785,7.7,7.7,7.6,7.6,7.7,7.7
41.644074,-0.894817,402878214,Universidad,secondary_street,0.8615,0.5942,0.4229,0.8448,0.8664,0.8533,0.857,0.8628,0.8698,7.5,7.5,7.4,7.5,7.5,7.5
41.644196,-0.89507,402878214,Universidad,secondary_street,0.8468,0.5942,0.4193,0.7278,0.8523,0.8395,0.8423,0.8472,0.8624,7.2,7.2,7.1,7.1,7.1,7.3
41.644318,-0.895322,402878214,Universidad,secondary_street,0.8339,0.5942,0.4157,0.6444,0.8388,0.8291,0.8283,0.8354,0.8519,6.9,6.9,6.9,6.9,6.9,7
41.644439,-0.895575,402878214,Universidad,secondary_street,0.8201,0.4945,0.4115,0.5849,0.8255,0.8176,0.8157,0.8201,0.8399,6.3,6.3,6.3,6.3,6.3,6.4
41.64456,-0.895829,402878214,Universidad,secondary_street,0.8075,0.4591,0.4083,0.3664,0.8139,0.8043,0.803,0.8038,0.8215,5.8,5.8,5.8,5.8,5.7,5.8
41.644681,-0.896083,402878214,Universidad,secondary_street,0.7934,0.4591,0.4068,0.3465,0.7996,0.793,0.7877,0.7852,0.8048,5.7,5.7,5.7,5.7,5.6,5.7
41.644802,-0.896337,402878214,Universidad,secondary_street,0.7774,0.4715,0.4052,0.2884,0.785,0.7798,0.7706,0.7705,0.7907,5.6,5.6,5.6,5.5,5.5,5.6
41.644923,-0.89659,402878214,Universidad,secondary_street,0.7557,0.4715,0.4025,0.2411,0.7634,0.7586,0.75,0.7477,0.7736,5.4,5.4,5.4,5.3,5.3,5.4
41.645044,-0.896843,402878214,Universidad,secondary_street,0.7374,0.4693,0.3992,0.1663,0.747,0.7424,0.728,0.7305,0.7575,5.2,5.2,5.2,5.1,5.1,5.2
41.645167,-0.897095,402878214,Universidad,secondary_street,0.7202,0.6246,0.3968,0.2223,0.7326,0.7295,0.7079,0.7107,0.7402,5.8,5.8,5.8,5.7,5.7,5.9
41.64529,-0.897347,402878214,Universidad,secondary_street,0.6929,0.6246,0.3961,0.2503,0.7062,0.7058,0.6806,0.6774,0.7142,5.7,5.7,5.7,5.6,5.5,5.8
41.645411,-0.8976,402878214,Universidad,secondary_street,0.6542,0.7138,0.392,0.2867,0.6726,0.6724,0.6348,0.6416,0.6837,5.8,5.9,5.9,5.8,5.7,6
41.655541,-0.88221,408887524,"Casco Histórico",square,0.8646,0.5677,0.6078,0.8502,0.844,0.8867,0.8635,0.9278,0.9428,8,7.8,8.1,8,8.4,8.5
41.655521,-0.881944,408887531,"Casco Histórico",square,0.8804,0.5688,0.6078,0.8161,0.8536,0.8991,0.8762,0.9394,0.9497,8,7.8,8.2,8,8.4,8.5
41.655108,-0.882009,409567801,"Casco Histórico",square,0.9087,0.858,0.6249,0.7207,0.8865,0.9368,0.906,0.9484,0.9555,9.4,9.3,9.5,9.4,9.6,9.6
41.655393,-0.881843,409567804,"Casco Histórico",square,0.8927,0.8513,0.6135,0.7583,0.865,0.9142,0.8916,0.9453,0.9545,9.3,9.2,9.4,9.3,9.5,9.6
41.655568,-0.881735,409567806,"Casco Histórico",square,0.884,0.9366,0.6033,0.7932,0.8551,0.9022,0.8802,0.9421,0.9528,9.6,9.5,9.6,9.6,9.8,9.8
41.655763,-0.881586,409567806,"Casco Histórico",square,0.869,0.9366,0.5979,0.807,0.8413,0.8896,0.869,0.9385,0.9504,9.5,9.4,9.6,9.5,9.8,9.8
41.655256,-0.881792,409567808,"Casco Histórico",square,0.9045,0.0881,0.6215,0.7011,0.8763,0.9324,0.9032,0.9497,0.958,5.8,5.7,6,5.8,6.1,6.1
41.653466,-0.879148,409586213,"Casco Histórico",square,0.9989,0.9823,0.637,0.1159,0.9927,0.9989,0.999,0.9999,0.9976,9.6,9.5,9.5,9.6,9.5,9.6
41.653497,-0.879215,409586214,"Casco Histórico",square,0.998,0.9958,0.637,0.1104,0.9921,0.9976,0.9983,0.9993,0.998,9.6,9.6,9.6,9.6,9.6,9.6
41.653787,-0.879708,409586215,"Casco Histórico",side_street,0.9924,0.9529,0.6404,0.0824,0.9866,0.9924,0.9938,0.9972,0.9989,9.4,9.4,9.4,9.4,9.4,9.4
41.653647,-0.879472,409586215,"Casco Histórico",side_street,0.9959,0.9623,0.6417,0.0948,0.99,0.9958,0.9963,0.9996,0.9996,9.5,9.5,9.5,9.5,9.5,9.5
41.654005,-0.880171,409586216,"Casco Histórico",side_street,0.9874,0.9609,0.6449,0.0445,0.9815,0.9866,0.9887,0.9925,0.9934,9.4,9.3,9.4,9.4,9.4,9.4
41.653892,-0.879911,409586216,"Casco Histórico",side_street,0.9908,0.9609,0.6417,0.0533,0.9846,0.9897,0.9915,0.9952,0.9966,9.4,9.4,9.4,9.4,9.4,9.4
41.653474,-0.88004,409586218,"Casco Histórico",square,0.9943,0.794,0.6501,0.3009,0.9888,0.9941,0.9945,0.9976,0.9993,9.1,9.1,9.1,9.1,9.1,9.2
41.653277,-0.879816,409586220,"Casco Histórico",square,0.9977,0.7956,0.6521,0.3356,0.9928,0.997,0.997,0.9983,0.999,9.2,9.2,9.2,9.2,9.2,9.2
41.653089,-0.87965,409586220,"Casco Histórico",square,0.9997,0.8005,0.6501,0.3612,0.9951,0.9996,0.9987,0.998,0.9967,9.2,9.2,9.2,9.2,9.3,9.3
41.655774,-0.879633,409586221,"Casco Histórico",square,0.9094,0.6203,0.6094,0.4183,0.8676,0.9402,0.9105,0.9597,0.9689,7.8,7.6,8,7.8,8.2,8.3
41.655888,-0.879892,409586221,"Casco Histórico",square,0.8944,0.6203,0.6063,0.46,0.8542,0.9223,0.8961,0.9541,0.9654,7.8,7.5,8,7.8,8.2,8.3
41.656361,-0.881197,409586222,"Casco Histórico",square,0.8153,0.6047,0.5885,0.8599,0.7852,0.8361,0.8173,0.8973,0.9347,7.8,7.6,7.9,7.8,8.3,8.6
41.656161,-0.880852,409586223,"Casco Histórico",square,0.8445,0.654,0.5961,0.7752,0.8096,0.8646,0.8481,0.9291,0.9484,8.1,7.9,8.2,8.2,8.6,8.8
41.656029,-0.880403,409586224,"Casco Histórico",square,0.8705,0.636,0.6017,0.4893,0.831,0.8925,0.8722,0.945,0.9566,7.7,7.5,7.9,7.7,8.2,8.4
41.656099,-0.880689,409586224,"Casco Histórico",square,0.856,0.636,0.5961,0.7289,0.8197,0.878,0.8585,0.9384,0.9518,8,7.8,8.2,8.1,8.5,8.6
41.653454,-0.880228,409586226,"Casco Histórico",square,0.9932,0.0413,0.6521,0.3154,0.9884,0.9928,0.9936,0.996,0.9979,5.7,5.7,5.7,5.7,5.7,5.7
41.653263,-0.880385,409586226,"Casco Histórico",square,0.9927,0.0413,0.6546,0.3768,0.9894,0.9917,0.9925,0.9934,0.9942,5.8,5.8,5.7,5.8,5.8,5.8
41.653071,-0.880542,409586226,"Casco Histórico",square,0.9911,0.0413,0.6546,0.4479,0.9895,0.9902,0.9904,0.99,0.9886,5.9,5.9,5.8,5.9,5.8,5.8
41.653438,-0.881218,409586227,"Casco Histórico",side_street,0.9806,0.0259,0.6546,0.5038,0.9795,0.9805,0.9813,0.9818,0.9799,5.8,5.8,5.8,5.8,5.8,5.8
41.653618,-0.881038,409586227,"Casco Histórico",side_street,0.9829,0.0259,0.6574,0.4469,0.9798,0.9819,0.9835,0.9854,0.9843,5.8,5.8,5.7,5.8,5.8,5.8
41.653798,-0.880858,409586227,"Casco Histórico",side_street,0.9835,0.0259,0.6501,0.3622,0.9791,0.9825,0.9847,0.9867,0.9863,5.6,5.6,5.6,5.6,5.6,5.6
41.653812,-0.880706,409586228,"Casco Histórico",side_street,0.9847,0.8669,0.6501,0.2353,0.9802,0.9835,0.986,0.9884,0.9887,9.2,9.2,9.2,9.3,9.3,9.3
41.653286,-0.881182,409586229,"Casco Histórico",square,0.9819,0.4531,0.6546,0.4436,0.9813,0.9816,0.9818,0.9816,0.9794,7.7,7.6,7.7,7.6,7.7,7.7
41.653164,-0.88093,409586229,"Casco Histórico",square,0.986,0.4455,0.6591,0.4761,0.9847,0.9846,0.9852,0.9853,0.9829,7.7,7.7,7.7,7.7,7.8,7.7
41.653044,-0.880675,409586229,"Casco Histórico",square,0.9891,0.4455,0.6546,0.4657,0.9878,0.9878,0.988,0.9871,0.9856,7.7,7.7,7.7,7.7,7.7,7.7
41.652741,-0.879986,409586230,"Casco Histórico",square,0.9984,0.4768,0.6574,0.4799,0.9963,0.9982,0.9966,0.9931,0.9898,8,7.9,7.9,7.9,8,8
41.65295,-0.880465,409586231,"Casco Histórico",square,0.9922,0.4553,0.6574,0.4818,0.9911,0.9911,0.9908,0.9891,0.9877,7.8,7.8,7.8,7.8,7.8,7.8
41.652836,-0.880205,409586231,"Casco Histórico",square,0.9958,0.4553,0.6561,0.4856,0.9946,0.9951,0.9952,0.9918,0.9894,7.8,7.8,7.8,7.8,7.8,7.9
41.654438,-0.880029,410109647,"Casco Histórico",square,0.9801,0.7832,0.637,0.0543,0.9723,0.9802,0.9822,0.9877,0.9884,8.5,8.5,8.5,8.6,8.6,8.6
41.654614,-0.880379,410109648,"Casco Histórico",square,0.9754,0.1417,0.6391,0.0278,0.9683,0.9743,0.9778,0.984,0.9828,5.6,5.6,5.6,5.6,5.6,5.6
41.654346,-0.879831,410109649,"Casco Histórico",square,0.9818,0.7357,0.6326,0.062,0.9743,0.9826,0.984,0.9901,0.9911,8.4,8.4,8.3,8.4,8.4,8.4
41.654231,-0.879573,410109649,"Casco Histórico",square,0.9846,0.7357,0.6307,0.1001,0.9767,0.9853,0.9869,0.9922,0.9943,8.4,8.4,8.4,8.4,8.4,8.5
41.653719,-0.878617,410109650,"Casco Histórico",square,0.9925,0.6049,0.6238,0.25,0.986,0.9935,0.9946,0.9967,0.996,8.1,8,8.1,8.1,8.1,8.2
41.653874,-0.879121,410109652,"Casco Histórico",square,0.9929,0.8629,0.6307,0.1488,0.9867,0.9936,0.9943,0.9977,0.9992,9.1,9.1,9.1,9.1,9.2,9.2
41.654011,-0.879036,410109656,"Casco Histórico",square,0.9907,0.7046,0.6274,0.1526,0.9839,0.9912,0.9918,0.9966,0.9987,8.4,8.4,8.4,8.4,8.4,8.5
41.655092,-0.879188,410526113,"Casco Histórico",side_street,0.9623,0.7715,0.6227,0.1164,0.9279,0.9641,0.9642,0.9791,0.9826,8.4,8.3,8.4,8.5,8.5,8.6
41.655227,-0.87943,410526113,"Casco Histórico",side_street,0.9599,0.7715,0.6227,0.0975,0.9169,0.9604,0.9617,0.9764,0.9801,8.4,8.2,8.4,8.4,8.5,8.5
41.655361,-0.879672,410526113,"Casco Histórico",side_street,0.9563,0.7715,0.6174,0.3503,0.9088,0.9573,0.9589,0.9737,0.977,8.8,8.5,8.8,8.8,8.9,8.9
41.65462,-0.878332,410526117,"Casco Histórico",side_street,0.9726,0.7605,0.6153,0.2492,0.9634,0.9772,0.9753,0.9873,0.9922,8.6,8.6,8.7,8.6,8.7,8.8
41.654966,-0.877729,410526118,"Casco Histórico",square,0.9566,0.6804,0.6051,0.3992,0.906,0.9613,0.9583,0.9765,0.9825,8.4,8.1,8.4,8.4,8.5,8.5
41.655085,-0.877985,410526118,"Casco Histórico",square,0.9525,0.6804,0.6094,0.3598,0.9011,0.9587,0.9529,0.9748,0.9806,8.3,8,8.3,8.3,8.4,8.5
41.65486,-0.8775,410526119,"Casco Histórico",square,0.9573,0.6905,0.6005,0.4361,0.9069,0.9621,0.959,0.9774,0.9837,8.5,8.2,8.5,8.5,8.6,8.6
41.654892,-0.878318,410526121,"Casco Histórico",square,0.9648,0.1892,0.6153,0.2903,0.933,0.9681,0.9655,0.9813,0.9867,6,5.8,6,6,6.1,6.1
41.654706,-0.878487,410526121,"Casco Histórico",square,0.9713,0.1892,0.6153,0.1849,0.9609,0.9761,0.9734,0.9863,0.9908,5.9,5.9,5.9,5.9,5.9,6
41.652803,-0.874864,411323391,"Casco Histórico",side_street,0.8259,0.7689,0.6005,0.4442,0.8071,0.8522,0.8118,0.8941,0.9373,8,7.9,8.2,7.9,8.4,8.7
41.65447,-0.876882,411323396,"Casco Histórico",square,0.9553,0.0682,0.6063,0.4529,0.9076,0.9594,0.9549,0.9743,0.9795,5.7,5.4,5.7,5.7,5.7,5.8
41.654334,-0.876643,411323396,"Casco Histórico",square,0.9454,0.0682,0.5993,0.4367,0.8991,0.9553,0.9404,0.9692,0.9761,5.6,5.3,5.6,5.5,5.7,5.7
41.654459,-0.875018,411323410,"Casco Histórico",square,0.7819,0.5124,0.5721,0.4298,0.7533,0.8075,0.7815,0.8428,0.8982,6.4,6.2,6.6,6.4,6.8,7.1
41.654368,-0.874892,411323413,"Casco Histórico",square,0.7726,0.411,0.5735,0.4877,0.7463,0.8,0.7705,0.8311,0.8874,6,5.9,6.2,6,6.3,6.7
41.654054,-0.874463,411323413,"Casco Histórico",square,0.7388,0.411,0.5735,0.4159,0.7123,0.7701,0.7335,0.7896,0.8583,5.7,5.6,5.9,5.7,6,6.4
41.652312,-0.876694,411323419,"Casco Histórico",side_street,0.9558,0.8348,0.6153,0.2654,0.9272,0.9583,0.9466,0.9648,0.9698,8.9,8.7,9,8.9,9,9.1
41.652186,-0.876444,411323419,"Casco Histórico",side_street,0.9377,0.8348,0.6189,0.2964,0.9062,0.9514,0.921,0.957,0.9657,8.9,8.7,9,8.7,9,9.1
41.65206,-0.876195,411323419,"Casco Histórico",side_street,0.9104,0.8348,0.6189,0.3322,0.8876,0.9421,0.8971,0.9508,0.9616,8.7,8.6,9,8.6,9,9.1
41.653117,-0.87834,411323425,"Casco Histórico",side_street,0.9931,0.9915,0.6289,0.1751,0.9877,0.9934,0.9955,0.9942,0.9918,9.6,9.6,9.6,9.6,9.6,9.6
41.652593,-0.875434,411323432,"Casco Histórico",side_street,0.8674,0.2163,0.6017,0.3833,0.8475,0.8954,0.8527,0.9353,0.9538,5.7,5.6,5.8,5.6,6,6.1
41.652473,-0.875179,411323432,"Casco Histórico",side_street,0.8495,0.2163,0.6051,0.3941,0.8267,0.8756,0.8337,0.917,0.9479,5.6,5.5,5.7,5.5,5.9,6.1
41.651321,-0.876101,411639232,"Casco Histórico",side_street,0.8888,0.9799,0.6337,0.5199,0.8636,0.9094,0.8746,0.9418,0.9512,9.5,9.4,9.6,9.4,9.7,9.7
41.651132,-0.875937,411639232,"Casco Histórico",side_street,0.8691,0.9815,0.6349,0.5879,0.8477,0.8892,0.8595,0.9347,0.9477,9.5,9.4,9.6,9.5,9.8,9.8
41.654912,-0.874367,411639233,"Casco Histórico",square,0.6484,0.7908,0.5671,0.3855,0.6077,0.7101,0.6539,0.7357,0.7982,6.7,6.5,7.2,6.8,7.3,7.8
41.651718,-0.875541,411639236,"Casco Histórico",square,0.8629,0.0875,0.6227,0.5055,0.8397,0.8868,0.8536,0.9341,0.9503,5.3,5.2,5.5,5.3,5.7,5.8
41.65213,-0.875522,411651641,"Casco Histórico",square,0.8679,0.3448,0.6153,0.4422,0.8467,0.8932,0.8546,0.9358,0.9522,6.3,6.2,6.4,6.2,6.7,6.8
41.652031,-0.875306,411651642,"Casco Histórico",square,0.8534,0.3534,0.6153,0.4621,0.8297,0.8782,0.8421,0.924,0.9481,6.3,6.1,6.4,6.2,6.7,6.9
41.651898,-0.875071,411651643,"Casco Histórico",square,0.8361,0.4011,0.6135,0.4527,0.8125,0.8564,0.8241,0.908,0.9412,6.4,6.2,6.5,6.3,6.8,7
41.651815,-0.875628,411651644,"Casco Histórico",side_street,0.8722,0.8295,0.6227,0.4798,0.8482,0.895,0.8598,0.9371,0.9517,8.7,8.6,8.9,8.6,9.1,9.2
41.651925,-0.87589,411651644,"Casco Histórico",side_street,0.8901,0.8295,0.6202,0.3732,0.8633,0.9129,0.8754,0.9438,0.9551,8.6,8.5,8.8,8.5,9,9.1
41.651906,-0.874842,411651645,"Casco Histórico",square,0.8198,0.7494,0.6153,0.487,0.7985,0.8426,0.8108,0.8937,0.9358,8,7.9,8.2,7.9,8.4,8.8
41.652066,-0.874631,411651645,"Casco Histórico",square,0.8078,0.7494,0.611,0.4699,0.7879,0.8315,0.7986,0.8799,0.9291,7.9,7.7,8,7.8,8.3,8.7
41.652205,-0.873953,411664622,"Casco Histórico",square,0.7466,0.397,0.5812,0.397,0.7195,0.7711,0.736,0.8126,0.8879,5.7,5.6,5.8,5.7,6.1,6.5
41.652109,-0.87433,411664623,"Casco Histórico",square,0.7862,0.4231,0.5979,0.4655,0.7606,0.8046,0.7744,0.8527,0.9193,6.2,6,6.3,6.1,6.5,6.9
41.652177,-0.874701,411664624,"Casco Histórico",square,0.8139,0.6627,0.6094,0.4587,0.7941,0.8375,0.802,0.8848,0.9326,7.5,7.3,7.6,7.4,8,8.3
41.652309,-0.874944,411664624,"Casco Histórico",square,0.8286,0.656,0.6078,0.4426,0.8077,0.8523,0.8156,0.9012,0.9394,7.5,7.4,7.7,7.4,8,8.3
41.651867,-0.874077,411664627,"Casco Histórico",square,0.759,0.7859,0.5847,0.4754,0.7328,0.7825,0.7507,0.8265,0.8977,7.7,7.5,7.8,7.6,8.1,8.6
41.651991,-0.874328,411664627,"Casco Histórico",square,0.7843,0.7843,0.6017,0.4743,0.7578,0.8023,0.7736,0.8512,0.9168,7.9,7.7,8,7.8,8.3,8.7
41.652337,-0.873969,411941424,"Casco Histórico",square,0.7487,0.3139,0.5804,0.437,0.725,0.7744,0.7391,0.814,0.8893,5.4,5.3,5.6,5.4,5.8,6.2
41.652227,-0.873709,411941424,"Casco Histórico",square,0.7229,0.5489,0.5786,0.4488,0.6803,0.7483,0.7093,0.787,0.8666,6.2,6,6.4,6.2,6.6,7.1
41.652841,-0.873921,411941427,"Casco Histórico",square,0.7386,0.6867,0.5786,0.4421,0.7127,0.7648,0.7239,0.7966,0.8749,6.9,6.8,7.1,6.9,7.3,7.9
41.653345,-0.87262,412357317,"Casco Histórico",side_street,0.514,0.6512,0.562,0.6083,0.489,0.5595,0.5079,0.5968,0.7291,5.7,5.6,6,5.7,6.2,6.9
41.657003,-0.895149,412983340,"La Almozara",side_street,0.3339,0.4163,0.175,0.8276,0.3512,0.3597,0.3236,0.318,0.3461,3.8,3.9,3.9,3.8,3.8,3.8
41.6568,-0.88875,416530778,"Casco Histórico",side_street,0.3207,0.6482,0.5613,0.0717,0.3176,0.331,0.3269,0.3277,0.3308,4.3,4.3,4.3,4.3,4.3,4.3
41.65675,-0.888457,416530778,"Casco Histórico",side_street,0.3256,0.6482,0.562,0.0687,0.3239,0.3392,0.3314,0.3361,0.3434,4.3,4.3,4.4,4.4,4.4,4.4
41.656533,-0.8872,416530779,"Casco Histórico",side_street,0.3961,0.6682,0.5636,0.0625,0.3905,0.4158,0.3981,0.4156,0.4856,4.6,4.6,4.7,4.7,4.7,4.9
41.655953,-0.886687,416530780,"Casco Histórico",square,0.4751,0.2196,0.5613,0.3906,0.4716,0.5236,0.4726,0.5141,0.6094,4,4,4.2,4,4.2,4.5
41.656003,-0.886981,416530780,"Casco Histórico",square,0.4467,0.2196,0.562,0.3397,0.4462,0.4847,0.4463,0.4719,0.5612,3.9,3.9,4,3.9,4,4.3
41.656053,-0.887274,416530780,"Casco Histórico",square,0.4199,0.2196,0.5645,0.292,0.419,0.4464,0.422,0.4394,0.5138,3.8,3.8,3.9,3.8,3.9,4.1
41.655835,-0.886032,416530782,"Casco Histórico",side_street,0.5516,0.6429,0.5679,0.5285,0.5435,0.5947,0.5455,0.5981,0.7038,5.8,5.8,6,5.8,6,6.7
41.655889,-0.886325,416530782,"Casco Histórico",side_street,0.513,0.6429,0.5679,0.461,0.5085,0.5612,0.5093,0.5565,0.6543,5.5,5.5,5.7,5.5,5.7,6.2
41.6575,-0.886761,416530783,"Casco Histórico",square,0.3208,0.511,0.5483,0.0909,0.3136,0.34,0.3224,0.3433,0.38,4,4,4,4,4,4.2
41.656631,-0.887103,416530784,"Casco Histórico",square,0.3932,0.6351,0.5627,0.0608,0.3879,0.4122,0.3957,0.4124,0.4836,4.5,4.5,4.6,4.6,4.6,4.8
41.656848,-0.887024,416530784,"Casco Histórico",square,0.3765,0.6239,0.5603,0.0581,0.3705,0.396,0.3819,0.3973,0.4599,4.4,4.4,4.5,4.5,4.5,4.7
41.655474,-0.884011,416592793,"Casco Histórico",square,0.7969,0.8121,0.6033,0.965,0.7918,0.8156,0.7944,0.8301,0.8896,8.9,8.8,9,8.9,9.1,9.4
41.655532,-0.884301,416592793,"Casco Histórico",square,0.7689,0.8121,0.6051,0.9546,0.7614,0.791,0.7646,0.8005,0.864,8.7,8.6,8.8,8.6,8.9,9.3
41.656712,-0.877333,418271392,"Casco Histórico",main_street,0.6663,0.4197,0.5671,0.3262,0.6049,0.722,0.6823,0.7671,0.8322,5.2,5,5.5,5.3,5.8,6.1
41.65688,-0.869812,418278961,"El Rabal",main_street,0.1299,0.814,0.3401,0.3017,0.1371,0.154,0.1213,0.136,0.1634,3.9,4,4,3.9,3.9,4
41.657082,-0.869681,418278961,"El Rabal",main_street,0.1408,0.8109,0.3374,0.342,0.147,0.1604,0.1293,0.1425,0.1735,4,4,4,4,4,4.1
41.657286,-0.869556,418278961,"El Rabal",main_street,0.1433,0.8107,0.3351,0.3838,0.1518,0.1608,0.1311,0.1437,0.1752,4,4.1,4.1,4,4,4.1
41.65749,-0.869429,418278961,"El Rabal",main_street,0.1365,0.8107,0.3351,0.3525,0.1436,0.1535,0.1258,0.1378,0.1687,4,4,4,3.9,4,4.1
41.655776,-0.891238,418949647,"Casco Histórico",secondary_street,0.3896,0.8323,0.55,0.5449,0.3943,0.3919,0.3932,0.3748,0.3811,5.7,5.7,5.7,5.7,5.6,5.6
41.655836,-0.891528,418949647,"Casco Histórico",secondary_street,0.3923,0.8323,0.551,0.6087,0.3971,0.3949,0.3949,0.3778,0.386,5.8,5.8,5.8,5.8,5.7,5.7
41.655896,-0.891818,418949647,"Casco Histórico",secondary_street,0.3958,0.8482,0.5483,0.6675,0.4002,0.4002,0.3994,0.3845,0.3984,5.9,6,5.9,5.9,5.8,5.9
41.6551,-0.888066,418949648,"Casco Histórico",secondary_street,0.4162,0.8077,0.57,0.1348,0.4163,0.4436,0.4165,0.4291,0.4979,5.2,5.2,5.4,5.2,5.3,5.6
41.655162,-0.888356,418949648,"Casco Histórico",secondary_street,0.3975,0.8077,0.57,0.1593,0.3964,0.4202,0.3991,0.4062,0.4585,5.2,5.2,5.3,5.2,5.2,5.4
41.655226,-0.888644,418949648,"Casco Histórico",secondary_street,0.3819,0.8062,0.5671,0.1648,0.3836,0.3998,0.386,0.3881,0.4193,5.1,5.1,5.2,5.1,5.1,5.2
41.655356,-0.88922,418949648,"Casco Histórico",secondary_street,0.3669,0.8062,0.5659,0.1625,0.3673,0.3796,0.3728,0.3655,0.371,5,5,5.1,5.1,5,5
41.655419,-0.889509,418949648,"Casco Histórico",secondary_street,0.3602,0.6991,0.5652,0.1612,0.3618,0.3681,0.3662,0.353,0.3423,4.7,4.7,4.7,4.7,4.6,4.6
41.655479,-0.889799,418949648,"Casco Histórico",secondary_street,0.3591,0.6991,0.5664,0.1669,0.3642,0.3667,0.3646,0.3454,0.3296,4.7,4.7,4.7,4.7,4.6,4.6
41.655539,-0.890089,418949648,"Casco Histórico",secondary_street,0.3646,0.6991,0.5652,0.2634,0.3721,0.3698,0.3717,0.3495,0.3365,4.8,4.8,4.8,4.8,4.7,4.7
41.655659,-0.890669,418949648,"Casco Histórico",secondary_street,0.3728,0.6991,0.5594,0.3929,0.3813,0.3782,0.3809,0.3604,0.3566,5,5,5,5,4.9,4.8
41.655719,-0.890959,418949648,"Casco Histórico",secondary_street,0.385,0.7028,0.5582,0.4501,0.3915,0.3891,0.3901,0.3704,0.3705,5.1,5.1,5.1,5.1,5,5
41.657163,-0.890897,418949651,"Casco Histórico",side_street,0.3543,0.285,0.5467,0.4011,0.3546,0.3553,0.3643,0.3453,0.3135,3.8,3.8,3.8,3.8,3.8,3.7
41.657418,-0.892362,418949651,"Casco Histórico",side_street,0.3493,0.3265,0.5423,0.6954,0.3479,0.3547,0.3542,0.3496,0.3358,4.1,4.1,4.1,4.1,4.1,4
41.657468,-0.892656,418949651,"Casco Histórico",side_street,0.3503,0.3265,0.5415,0.7343,0.3503,0.3563,0.354,0.3489,0.3354,4.1,4.1,4.2,4.1,4.1,4.1
41.657519,-0.892949,418949651,"Casco Histórico",side_street,0.3484,0.3265,0.5423,0.7244,0.3505,0.3561,0.3518,0.3445,0.33,4.1,4.1,4.1,4.1,4.1,4
41.658227,-0.892272,419678579,"Casco Histórico",square,0.3034,0.0072,0.5409,0.6743,0.2972,0.3102,0.3088,0.3103,0.2966,3.1,3.1,3.1,3.1,3.1,3.1
41.65824,-0.892506,419678579,"Casco Histórico",square,0.3043,0.0072,0.5409,0.7182,0.2979,0.3105,0.3094,0.3096,0.2941,3.2,3.1,3.2,3.2,3.2,3.1
41.649905,-0.888012,419897265,"Casco Histórico",main_street,0.7378,0.9466,0.6501,0.9777,0.7487,0.7425,0.7442,0.7224,0.7312,9.2,9.3,9.3,9.3,9.2,9.3
41.650035,-0.888258,419897265,Centro,main_street,0.7123,0.9357,0.7517,0.9787,0.7229,0.7231,0.7159,0.7036,0.7174,9.3,9.4,9.4,9.3,9.3,9.4
41.642414,-0.886445,420078304,Centro,main_street,0.7924,0.7671,0.7073,0.9015,0.8005,0.7804,0.7996,0.7583,0.6998,8.9,8.9,8.8,8.9,8.6,8.3
41.636644,-0.884538,420078305,"San José",main_street,0.3687,0.917,0.5001,0.7169,0.3683,0.3546,0.3929,0.3564,0.3019,6,6,5.9,6.1,5.9,5.6
41.63642,-0.884568,420078305,Universidad,main_street,0.3441,0.917,0.3715,0.7386,0.3426,0.332,0.3672,0.3335,0.2824,5.5,5.5,5.5,5.7,5.5,5.2
41.648357,-0.877867,420119170,Centro,square,0.754,0.1822,0.7757,0.1731,0.7568,0.7672,0.7452,0.7664,0.8074,5.1,5.2,5.2,5.1,5.2,5.4
41.648264,-0.877592,420119170,Centro,square,0.7407,0.8826,0.7581,0.2822,0.7442,0.753,0.7294,0.754,0.7997,8.3,8.3,8.3,8.2,8.3,8.7
41.656899,-0.882811,422877518,"Casco Histórico",side_street,0.71,0.8417,0.57,0.9569,0.6687,0.7381,0.7073,0.7732,0.8553,8.4,8.1,8.5,8.3,8.8,9.3
41.657003,-0.883078,422877518,"Casco Histórico",side_street,0.6651,0.8321,0.5687,0.9442,0.6299,0.7114,0.6689,0.7435,0.8263,8,7.8,8.3,8,8.5,9.1
41.657104,-0.883346,422877518,"Casco Histórico",side_street,0.623,0.8236,0.5687,0.9261,0.5944,0.6655,0.6189,0.7147,0.7989,7.6,7.5,7.9,7.6,8.3,8.8
41.6572,-0.883619,422877518,"Casco Histórico",side_street,0.5876,0.8236,0.5645,0.8994,0.5619,0.6269,0.5821,0.6727,0.7757,7.4,7.2,7.6,7.3,7.9,8.6
41.657263,-0.883905,422877518,"Casco Histórico",side_street,0.5523,0.5779,0.5603,0.869,0.529,0.5904,0.5472,0.6286,0.7484,6,5.9,6.2,5.9,6.4,7.1
41.657322,-0.884194,422877518,"Casco Histórico",side_street,0.5141,0.5555,0.5582,0.8318,0.4953,0.5575,0.5114,0.5873,0.7203,5.6,5.5,5.8,5.6,6,6.8
41.656452,-0.88227,422878470,"Casco Histórico",side_street,0.7826,0.9452,0.5847,0.9414,0.7565,0.7999,0.7821,0.8433,0.9103,9.3,9.1,9.3,9.2,9.5,9.8
41.656264,-0.882435,422878470,"Casco Histórico",side_street,0.7941,0.9452,0.5857,0.9217,0.7733,0.8103,0.7928,0.8525,0.9138,9.3,9.2,9.4,9.3,9.6,9.8
41.655702,-0.882934,422878470,"Casco Histórico",side_street,0.8232,0.9551,0.5924,0.9216,0.8099,0.8431,0.8194,0.8735,0.9202,9.5,9.4,9.6,9.5,9.7,9.8
41.655514,-0.883097,422878470,"Casco Histórico",side_street,0.8345,0.9551,0.6005,0.9269,0.8214,0.8526,0.8303,0.8807,0.9214,9.6,9.5,9.6,9.5,9.7,9.9
41.654476,-0.904879,425629530,Delicias,square,0.4596,0.0803,0.9234,0.2193,0.4657,0.4668,0.4473,0.459,0.513,4.1,4.1,4.1,4.1,4.1,4.3
41.6547,-0.904857,425629530,Delicias,square,0.4507,0.0803,0.911,0.2538,0.4563,0.4562,0.4389,0.4477,0.4943,4.1,4.1,4.1,4,4,4.2
41.654924,-0.904836,425629530,Delicias,square,0.4428,0.0803,0.911,0.2795,0.4488,0.4476,0.433,0.4392,0.4819,4.1,4.1,4.1,4,4,4.2
41.638227,-0.884168,427044867,"San José",side_street,0.4788,0.2356,0.5047,0.688,0.4787,0.4712,0.4959,0.4621,0.3896,4.2,4.2,4.2,4.3,4.2,3.9
41.638098,-0.883954,427044868,"San José",side_street,0.4579,0.2092,0.5025,0.6618,0.4593,0.4487,0.4743,0.4428,0.3657,4.1,4.1,4,4.1,4,3.8
41.637953,-0.883724,427044868,"San José",side_street,0.4378,0.2092,0.5055,0.5916,0.4358,0.4293,0.4536,0.4233,0.3428,4,4,3.9,4,3.9,3.7
41.637798,-0.883832,427044868,"San José",side_street,0.431,0.1355,0.5035,0.5841,0.43,0.4216,0.4445,0.4132,0.333,3.8,3.8,3.8,3.8,3.7,3.5
41.648827,-0.881749,427590633,Centro,side_street,0.9512,0.8828,0.8242,0.5575,0.9542,0.9503,0.949,0.9398,0.9091,9.8,9.8,9.8,9.8,9.8,9.7
41.648622,-0.881872,427590633,Centro,side_street,0.9473,0.8834,0.8282,0.3761,0.9473,0.9483,0.9442,0.9365,0.9025,9.7,9.7,9.7,9.7,9.7,9.5
41.648417,-0.881996,427590633,Centro,side_street,0.9375,0.8857,0.8303,0.4326,0.9337,0.9439,0.9371,0.9308,0.8906,9.7,9.7,9.7,9.7,9.7,9.6
41.650058,-0.881017,427838245,Centro,side_street,0.9792,0.8379,0.8078,0.5384,0.9874,0.9774,0.9791,0.9613,0.9436,9.8,9.8,9.8,9.8,9.7,9.7
41.64985,-0.881131,427838245,Centro,side_street,0.974,0.8352,0.8078,0.4768,0.9816,0.9719,0.9739,0.9575,0.9384,9.7,9.7,9.7,9.7,9.7,9.6
41.649642,-0.881245,427838245,Centro,side_street,0.9666,0.8371,0.8135,0.412,0.9734,0.9657,0.9669,0.9532,0.9327,9.6,9.6,9.6,9.6,9.6,9.5
41.650873,-0.880297,428004485,Centro,square,0.9901,0.7825,0.7966,0.6286,0.9979,0.9883,0.9883,0.9722,0.9593,9.7,9.7,9.7,9.7,9.7,9.7
41.650782,-0.880022,428004485,Centro,square,0.9849,0.773,0.7998,0.5339,0.9934,0.9839,0.9826,0.9696,0.9573,9.6,9.6,9.6,9.6,9.5,9.5
41.649985,-0.88282,428010157,Centro,side_street,0.9702,0.276,0.8242,0.722,0.9771,0.9665,0.9703,0.9545,0.9334,7.7,7.8,7.7,7.7,7.6,7.5
41.650818,-0.880504,428010159,Centro,side_street,0.9905,0.899,0.7998,0.6718,0.998,0.9886,0.9888,0.9713,0.9568,9.9,9.9,9.9,9.9,9.9,9.9
41.650617,-0.880639,428010159,Centro,side_street,0.9881,0.899,0.8078,0.6429,0.997,0.9862,0.9867,0.9681,0.9527,9.9,9.9,9.9,9.9,9.9,9.9
41.650416,-0.880774,428010159,Centro,side_street,0.9852,0.899,0.8164,0.603,0.9948,0.9833,0.9846,0.9661,0.9501,9.9,9.9,9.9,9.9,9.9,9.9
41.650216,-0.880911,428010159,Centro,side_street,0.9815,0.8994,0.8209,0.5797,0.9908,0.9796,0.9816,0.9637,0.9473,9.9,9.9,9.9,9.9,9.9,9.9
41.649463,-0.881353,428031507,Centro,side_street,0.9633,0.8778,0.8187,0.4053,0.9695,0.9611,0.9641,0.9501,0.9267,9.7,9.7,9.7,9.7,9.7,9.6
41.649259,-0.88148,428031507,Centro,side_street,0.9606,0.8778,0.8282,0.3301,0.9662,0.9575,0.961,0.9463,0.9227,9.7,9.7,9.7,9.7,9.6,9.6
41.649056,-0.881608,428031507,Centro,side_street,0.9562,0.8778,0.8209,0.299,0.9617,0.9538,0.9559,0.9425,0.9176,9.6,9.6,9.6,9.6,9.6,9.5
41.648311,-0.880279,428041329,Centro,side_street,0.8583,0.5976,0.8026,0.0293,0.8583,0.8677,0.8556,0.872,0.8646,7.4,7.4,7.5,7.4,7.5,7.4
41.648106,-0.880403,428041329,Centro,side_street,0.8598,0.6005,0.7966,0.0356,0.8599,0.8673,0.8573,0.8717,0.8628,7.4,7.4,7.5,7.4,7.5,7.4
41.647902,-0.880528,428041329,Centro,side_street,0.8599,0.6228,0.7998,0.0423,0.8594,0.8663,0.8583,0.8718,0.8607,7.5,7.5,7.6,7.5,7.6,7.5
41.64949,-0.879559,428041330,Centro,side_street,0.8994,0.532,0.8135,0.2897,0.898,0.9218,0.891,0.9209,0.9197,7.8,7.8,7.9,7.7,8,8
41.649288,-0.87969,428041330,Centro,side_street,0.8895,0.532,0.8078,0.2343,0.8854,0.9039,0.8782,0.9073,0.9079,7.6,7.6,7.7,7.5,7.8,7.8
41.649086,-0.879824,428041330,Centro,side_street,0.8816,0.5379,0.8135,0.088,0.8732,0.8941,0.8708,0.8963,0.8947,7.4,7.3,7.5,7.3,7.5,7.5
41.650006,-0.877738,428044532,Centro,side_street,0.8721,0.2227,0.7922,0.3434,0.8616,0.8882,0.8608,0.9088,0.924,6.2,6.1,6.3,6.1,6.4,6.5
41.645417,-0.876207,429061431,"San José",main_street,0.6792,0.5443,0.5353,0.8242,0.6875,0.6986,0.6662,0.6812,0.7288,6.4,6.4,6.5,6.3,6.4,6.7
41.645535,-0.875951,429061431,"San José",main_street,0.6813,0.5443,0.5349,0.8289,0.6947,0.6998,0.6676,0.6765,0.7237,6.4,6.5,6.5,6.3,6.4,6.7
41.64589,-0.875183,429061431,"San José",main_street,0.6956,0.5463,0.5326,0.8413,0.7099,0.7077,0.6796,0.6791,0.7152,6.5,6.6,6.6,6.4,6.4,6.7
41.646008,-0.874927,429061431,"San José",main_street,0.6984,0.5463,0.5314,0.8253,0.7152,0.7097,0.6834,0.6786,0.7134,6.5,6.6,6.6,6.4,6.4,6.6
41.646128,-0.874672,429061431,"San José",main_street,0.6998,0.8565,0.5282,0.8328,0.7172,0.7086,0.6843,0.6772,0.7107,8,8.2,8.1,7.9,7.9,8.2
41.646249,-0.874419,429061431,"San José",main_street,0.7012,0.6621,0.5282,0.8462,0.7206,0.7087,0.6851,0.6744,0.7052,7.1,7.2,7.2,7,6.9,7.1
41.646363,-0.87416,429061431,"San José",main_street,0.7017,0.6341,0.5302,0.8406,0.7217,0.7083,0.6847,0.671,0.6984,6.9,7,7,6.8,6.8,6.9
41.646476,-0.8739,429061431,"San José",main_street,0.6993,0.6326,0.5302,0.8619,0.722,0.7052,0.681,0.6601,0.6741,6.9,7.1,7,6.8,6.7,6.8
41.646589,-0.87364,429061431,"San José",main_street,0.6963,0.6326,0.5262,0.8633,0.7216,0.7029,0.6764,0.6515,0.6627,6.9,7.1,7,6.8,6.6,6.8
41.646702,-0.87338,429061431,"San José",main_street,0.6914,0.6326,0.5249,0.8578,0.7192,0.7004,0.67,0.6437,0.6531,6.9,7,6.9,6.7,6.6,6.7
41.646815,-0.873119,429061431,"San José",main_street,0.6782,0.6491,0.5262,0.8737,0.7049,0.6912,0.6499,0.6357,0.644,6.9,7,7,6.7,6.6,6.7
41.65044,-0.88281,429249658,Centro,square,0.972,0.6911,0.8164,0.6327,0.9801,0.9686,0.9712,0.9568,0.9402,9.4,9.5,9.4,9.4,9.4,9.3
41.651088,-0.884426,429249659,Centro,square,0.9228,0.7698,0.8026,0.4597,0.925,0.9385,0.9056,0.9238,0.919,9.2,9.3,9.3,9.2,9.3,9.3
41.650617,-0.882618,429249660,Centro,square,0.9747,0.1976,0.8078,0.7363,0.9828,0.9713,0.9737,0.9585,0.9443,7.4,7.4,7.3,7.3,7.2,7.1
41.651433,-0.881933,429259370,Centro,square,0.9825,0.8673,0.8078,0.9456,0.9939,0.9828,0.9794,0.9647,0.9552,10,10,10,10,10,10
41.649605,-0.883807,429274208,Centro,side_street,0.9532,0.4347,0.8282,0.8749,0.962,0.9501,0.9514,0.9367,0.9055,8.6,8.7,8.6,8.6,8.5,8.4
41.649806,-0.882782,429306149,Centro,square,0.9678,0.1709,0.8227,0.6881,0.9758,0.9651,0.9693,0.9529,0.9302,7.1,7.2,7.1,7.1,7,6.9
41.642812,-0.892081,430015584,Universidad,side_street,0.9162,0.912,0.4376,0.9715,0.9211,0.8988,0.9152,0.9029,0.8783,9.5,9.5,9.4,9.5,9.4,9.3
41.642998,-0.891913,430015584,Universidad,side_street,0.9134,0.912,0.4395,0.9792,0.9179,0.8967,0.9122,0.9001,0.8772,9.5,9.5,9.4,9.5,9.4,9.3
41.643184,-0.891745,430015584,Universidad,side_street,0.908,0.912,0.4411,0.9847,0.9137,0.8939,0.908,0.8953,0.8761,9.4,9.5,9.4,9.5,9.4,9.3
41.643353,-0.891547,430015584,Universidad,side_street,0.9009,0.9124,0.4422,0.9887,0.9073,0.8874,0.9019,0.8901,0.8746,9.4,9.5,9.4,9.4,9.4,9.3
41.65006,-0.875551,430042299,"Casco Histórico",square,0.8068,0.0006,0.6417,0.7172,0.788,0.8262,0.7975,0.8796,0.9293,5.1,5,5.2,5,5.4,5.7
41.641887,-0.894226,431859924,Universidad,main_street,0.8681,0.8787,0.41,0.9512,0.8648,0.8546,0.8633,0.8854,0.8994,9,9,8.9,9,9.1,9.2
41.641704,-0.894401,431859924,Universidad,main_street,0.855,0.8747,0.4068,0.9298,0.8525,0.8434,0.8498,0.8768,0.9009,8.9,8.8,8.8,8.8,9,9.2
41.641521,-0.894575,431859924,Universidad,main_street,0.8417,0.8747,0.404,0.9326,0.839,0.8344,0.8369,0.8672,0.9008,8.8,8.7,8.7,8.7,8.9,9.2
41.641328,-0.894359,431859925,Universidad,main_street,0.8416,0.7289,0.401,0.943,0.8399,0.8338,0.8356,0.864,0.8975,8.1,8.1,8,8.1,8.2,8.5
41.641511,-0.894186,431859925,Universidad,main_street,0.8549,0.738,0.4068,0.9356,0.8532,0.8438,0.8489,0.8761,0.9011,8.3,8.3,8.2,8.2,8.3,8.5
41.641695,-0.894012,431859925,Universidad,main_street,0.8713,0.7446,0.4068,0.9597,0.8689,0.8581,0.8652,0.886,0.8995,8.4,8.4,8.3,8.4,8.5,8.6
41.653342,-0.882714,435868964,"Casco Histórico",side_street,0.9411,0.3276,0.6561,0.7039,0.9265,0.9494,0.9286,0.9476,0.9487,7.2,7.1,7.3,7.1,7.2,7.3
41.653474,-0.882958,435868964,"Casco Histórico",side_street,0.9158,0.9517,0.6532,0.7158,0.9057,0.9404,0.9055,0.9404,0.9401,9.8,9.7,9.8,9.7,9.8,9.8
41.653614,-0.883194,435868964,"Casco Histórico",side_street,0.897,0.9517,0.6546,0.7347,0.8925,0.9216,0.8896,0.9293,0.9333,9.7,9.7,9.8,9.7,9.8,9.8
41.653754,-0.883429,435868964,"Casco Histórico",side_street,0.8857,0.9573,0.6463,0.6945,0.8742,0.9026,0.8739,0.9148,0.9276,9.6,9.6,9.7,9.6,9.7,9.8
41.657749,-0.881823,439590830,"Casco Histórico",side_street,0.5608,0.7182,0.5574,0.9322,0.5146,0.6027,0.5661,0.6819,0.7913,6.7,6.4,6.9,6.7,7.5,8.3
41.657548,-0.881952,439590830,"Casco Histórico",side_street,0.6087,0.601,0.5594,0.9566,0.5651,0.6498,0.6105,0.7234,0.819,6.5,6.2,6.7,6.5,7.2,7.9
41.638845,-0.875252,439696763,Centro,main_street,0.5259,0.9594,0.6673,0.8125,0.5363,0.5116,0.5269,0.4859,0.4421,7.8,7.9,7.7,7.8,7.6,7.3
41.65481,-0.884435,440932714,"Casco Histórico",square,0.7968,0.5394,0.6189,0.8826,0.7955,0.8146,0.7934,0.8204,0.8727,7.5,7.5,7.6,7.5,7.7,8.1
41.654855,-0.88473,440932714,"Casco Histórico",square,0.7706,0.5394,0.6124,0.8559,0.7695,0.7918,0.765,0.789,0.8478,7.2,7.2,7.4,7.2,7.4,7.8
41.654725,-0.881816,440985840,"Casco Histórico",square,0.9508,0.6458,0.6307,0.6337,0.9192,0.9535,0.9491,0.96,0.9647,8.6,8.4,8.6,8.6,8.7,8.7
41.654842,-0.882073,440985840,"Casco Histórico",square,0.9267,0.6458,0.6274,0.7101,0.9008,0.9463,0.9237,0.9518,0.9586,8.6,8.4,8.7,8.5,8.7,8.8
41.652534,-0.883551,442034467,Centro,square,0.9005,0.1914,0.787,0.681,0.9022,0.9248,0.8891,0.9153,0.9217,6.7,6.7,6.8,6.6,6.8,6.8
41.660757,-0.878917,442049308,"El Rabal",side_street,0.1392,0.5608,0.331,0.3566,0.1258,0.1579,0.1314,0.187,0.264,3.4,3.3,3.4,3.3,3.5,3.8
41.660754,-0.879218,442049308,"El Rabal",side_street,0.133,0.5608,0.3294,0.5886,0.1211,0.1555,0.1279,0.1873,0.2761,3.5,3.5,3.6,3.5,3.7,4
41.654358,-0.872448,443087845,"Casco Histórico",square,0.4165,0.0172,0.5563,0.5765,0.3968,0.4467,0.4185,0.4805,0.6186,3.5,3.4,3.6,3.5,3.7,4.1
41.654242,-0.872424,443087845,"Casco Histórico",square,0.422,0.0141,0.5563,0.5862,0.4035,0.4551,0.4237,0.4884,0.6258,3.5,3.5,3.6,3.5,3.8,4.2
41.652677,-0.873207,443087849,"Casco Histórico",square,0.6317,0.7385,0.5747,0.6018,0.6022,0.6764,0.6215,0.7257,0.8084,6.7,6.6,7,6.7,7.4,8
41.652491,-0.873375,443087849,"Casco Histórico",square,0.6661,0.7385,0.5786,0.566,0.6269,0.7142,0.6556,0.7494,0.8307,6.9,6.7,7.3,6.9,7.5,8.1
41.653394,-0.879192,443173094,"Casco Histórico",square,0.9992,0.2226,0.637,0.1108,0.9935,0.9992,1,0.9997,0.9975,6.1,6.1,6.1,6.1,6.1,6.1
41.653417,-0.878973,443173094,"Casco Histórico",square,0.9987,0.3506,0.6349,0.1262,0.9925,0.9987,0.9993,0.999,0.9963,6.7,6.6,6.7,6.7,6.7,6.7
41.65352,-0.87916,443173094,"Casco Histórico",square,0.9976,0.1621,0.637,0.1157,0.9917,0.9975,0.9982,0.9992,0.9977,5.9,5.9,5.9,5.9,5.9,5.9
41.653782,-0.879535,443173095,"Casco Histórico",square,0.9938,0.1059,0.6404,0.0897,0.9876,0.9938,0.9953,0.9979,0.9994,5.6,5.6,5.6,5.6,5.6,5.6
41.653677,-0.87963,443173095,"Casco Histórico",square,0.9939,0.0451,0.6417,0.065,0.9881,0.9943,0.9956,0.9984,1,5.3,5.3,5.3,5.3,5.4,5.3
41.653829,-0.879688,443173095,"Casco Histórico",square,0.9918,0.0886,0.6391,0.0821,0.9857,0.9918,0.9935,0.997,0.9984,5.5,5.5,5.5,5.5,5.5,5.5
41.653918,-0.878273,443175366,"Casco Histórico",square,0.9877,0.6562,0.6174,0.2875,0.9799,0.9888,0.9894,0.9939,0.9949,8.3,8.3,8.3,8.3,8.3,8.4
41.653834,-0.877994,443175366,"Casco Histórico",square,0.9862,0.6618,0.6153,0.2794,0.9781,0.9874,0.9878,0.9927,0.9938,8.3,8.3,8.3,8.3,8.3,8.4
41.653843,-0.878467,443175367,"Casco Histórico",square,0.9902,0.5913,0.6215,0.2679,0.9837,0.9915,0.9919,0.9956,0.9956,8,8,8,8,8.1,8.1
41.653598,-0.881549,443690280,"Casco Histórico",side_street,0.9746,0.5291,0.6574,0.5999,0.9726,0.9736,0.9743,0.9761,0.9741,8.3,8.3,8.2,8.3,8.3,8.3
41.654081,-0.878823,443690377,"Casco Histórico",square,0.9888,0.2798,0.6238,0.1707,0.9819,0.99,0.9905,0.9955,0.9973,6.3,6.3,6.4,6.4,6.4,6.4
41.654312,-0.878807,443690378,"Casco Histórico",square,0.984,0.5406,0.6189,0.1319,0.9757,0.9864,0.9863,0.9932,0.9959,7.5,7.4,7.5,7.5,7.6,7.6
41.654121,-0.878966,443690378,"Casco Histórico",square,0.9883,0.6987,0.6249,0.1556,0.9805,0.9893,0.9897,0.9953,0.9982,8.3,8.3,8.3,8.4,8.4,8.4
41.654312,-0.878631,443690379,"Casco Histórico",square,0.9833,0.1507,0.6202,0.1473,0.9748,0.9863,0.9857,0.9929,0.9958,5.8,5.7,5.8,5.8,5.8,5.8
41.653076,-0.882071,443690396,"Casco Histórico",square,0.9654,0.346,0.66,0.6837,0.9678,0.965,0.9645,0.9633,0.9627,7.4,7.5,7.5,7.4,7.4,7.4
41.653256,-0.88189,443690396,"Casco Histórico",square,0.9693,0.6791,0.6591,0.6437,0.97,0.9685,0.9686,0.9698,0.9666,9,9,9,9,9,9
41.653434,-0.881708,443690396,"Casco Histórico",square,0.9723,0.6791,0.6561,0.6061,0.9716,0.9717,0.9719,0.9744,0.9715,9,8.9,9,9,9,9
41.653848,-0.883346,443991398,"Casco Histórico",side_street,0.8878,0.9999,0.6449,0.6299,0.8758,0.9052,0.8763,0.9183,0.9298,9.7,9.6,9.7,9.6,9.8,9.8
41.647991,-0.882248,444126458,Centro,side_street,0.9329,0.7336,0.8303,0.5319,0.9288,0.9361,0.9367,0.9231,0.8739,9.3,9.3,9.3,9.3,9.3,9.1
41.65453,-0.88013,444333644,"Casco Histórico",square,0.9782,0.7698,0.637,0.0495,0.9698,0.9778,0.9801,0.9859,0.9866,8.5,8.4,8.5,8.5,8.5,8.5
41.65546,-0.878568,444334576,"Casco Histórico",square,0.9206,0.6083,0.6078,0.2609,0.8722,0.9479,0.9185,0.9644,0.9729,7.6,7.3,7.8,7.5,7.9,8
41.655657,-0.878424,444334576,"Casco Histórico",square,0.8908,0.6083,0.6033,0.2802,0.8492,0.9235,0.8901,0.9535,0.9652,7.4,7.1,7.6,7.4,7.8,8
41.655586,-0.87763,444342373,"Casco Histórico",square,0.8653,0.2421,0.5979,0.4354,0.8248,0.8984,0.8662,0.9454,0.9582,5.8,5.6,6,5.8,6.3,6.3
41.655475,-0.877369,444342373,"Casco Histórico",square,0.8735,0.2463,0.5941,0.5035,0.8301,0.9045,0.872,0.9471,0.9614,6,5.8,6.1,6,6.4,6.5
41.655364,-0.877107,444342373,"Casco Histórico",square,0.8772,0.2463,0.5914,0.5948,0.8325,0.9067,0.8735,0.9483,0.9621,6.1,5.9,6.3,6.1,6.5,6.6
41.655253,-0.876845,444342373,"Casco Histórico",square,0.8775,0.2463,0.5914,0.6235,0.8339,0.9083,0.8741,0.9477,0.9618,6.1,5.9,6.3,6.1,6.5,6.7
41.65609,-0.878667,444342375,"Casco Histórico",square,0.843,0.4014,0.5961,0.2821,0.805,0.8697,0.846,0.9339,0.9494,6.1,5.9,6.3,6.1,6.6,6.8
41.656282,-0.87851,444342375,"Casco Histórico",square,0.8065,0.4014,0.5831,0.2973,0.7698,0.8337,0.8113,0.8949,0.931,5.9,5.7,6.1,5.9,6.4,6.6
41.654687,-0.874585,444576581,"Casco Histórico",side_street,0.7131,0.2522,0.5714,0.4582,0.6655,0.7494,0.7106,0.7744,0.8397,5.1,4.9,5.2,5.1,5.3,5.7
41.654865,-0.874401,444576581,"Casco Histórico",side_street,0.658,0.2522,0.5671,0.42,0.6163,0.72,0.6683,0.741,0.8041,4.8,4.7,5,4.8,5.1,5.4
41.655046,-0.874222,444576581,"Casco Histórico",side_street,0.6157,0.8166,0.5645,0.3795,0.579,0.6709,0.616,0.7109,0.7809,6.7,6.4,7,6.7,7.3,7.8
41.655228,-0.874045,444576581,"Casco Histórico",side_street,0.5671,0.8166,0.562,0.4032,0.5312,0.618,0.5697,0.6547,0.7507,6.4,6.2,6.7,6.4,6.9,7.6
41.654671,-0.874791,444576582,"Casco Histórico",square,0.7394,0.2917,0.5721,0.4365,0.7018,0.7725,0.7402,0.7995,0.8631,5.3,5.1,5.5,5.3,5.6,5.9
41.656754,-0.881446,446495806,"Casco Histórico",square,0.7619,0.2066,0.5774,0.9315,0.7288,0.7859,0.7637,0.8378,0.9098,5.7,5.6,5.8,5.8,6.1,6.6
41.656563,-0.881477,446495806,"Casco Histórico",square,0.789,0.4392,0.5865,0.9137,0.7562,0.8055,0.7914,0.8643,0.9228,6.8,6.7,7,6.9,7.4,7.8
41.656669,-0.881553,446495808,"Casco Histórico",square,0.7743,0.0677,0.5774,0.9312,0.7435,0.7945,0.7761,0.8471,0.9158,5.2,5.1,5.4,5.2,5.6,6
41.635773,-0.90793,449208311,Universidad,side_street,0.0851,0.6039,0.3465,0.2155,0.1124,0.0782,0.082,0.0382,0.0496,3.2,3.3,3.2,3.2,3,3.1
41.635573,-0.908066,449208311,Universidad,side_street,0.0735,0.6037,0.3465,0.1747,0.0957,0.0667,0.0702,0.0304,0.04,3.1,3.2,3.1,3.1,3,3
41.636263,-0.88459,451757778,Universidad,main_street,0.3301,0.9235,0.3741,0.7395,0.3315,0.3202,0.3501,0.32,0.2712,5.5,5.5,5.4,5.6,5.4,5.1
41.635815,-0.88465,451757778,"San José",main_street,0.3168,0.9238,0.4977,0.6953,0.3178,0.3046,0.3337,0.3047,0.2595,5.7,5.7,5.6,5.8,5.6,5.4
41.635592,-0.884681,451757778,Universidad,main_street,0.3133,0.9238,0.3715,0.6929,0.3166,0.3026,0.3306,0.298,0.2511,5.3,5.4,5.3,5.4,5.3,5
41.641163,-0.894294,452838197,Universidad,side_street,0.8371,0.856,0.3992,0.9347,0.8351,0.8293,0.8297,0.8588,0.895,8.6,8.6,8.6,8.6,8.8,9.1
41.641037,-0.894044,452838197,Universidad,side_street,0.8344,0.8533,0.3968,0.9207,0.8327,0.8256,0.8266,0.8526,0.8872,8.6,8.6,8.5,8.5,8.7,8.9
41.640949,-0.894588,452846998,Universidad,main_street,0.8241,0.6878,0.3961,0.958,0.8218,0.8171,0.8154,0.8488,0.9007,7.8,7.8,7.8,7.7,8,8.3
41.641146,-0.894446,452846998,Universidad,main_street,0.8334,0.7206,0.3992,0.9452,0.8296,0.8253,0.8259,0.8574,0.8999,8,8,7.9,7.9,8.2,8.5
41.637862,-0.898164,454554916,Universidad,main_street,0.5271,0.6328,0.3629,0.9949,0.5106,0.5428,0.5215,0.5985,0.7472,5.7,5.6,5.8,5.7,6.1,6.9
41.655737,-0.895213,455558645,Delicias,main_street,0.351,0.8817,0.9616,0.918,0.3674,0.3738,0.3351,0.3359,0.3886,7.4,7.5,7.6,7.3,7.3,7.7
41.649728,-0.887284,456791470,Centro,side_street,0.7903,0.4173,0.7719,0.9856,0.802,0.7932,0.7951,0.7668,0.7684,7.5,7.6,7.5,7.5,7.3,7.4
41.648647,-0.889413,456801599,Centro,main_street,0.7704,0.7706,0.7186,0.934,0.7858,0.7654,0.7759,0.737,0.7185,8.8,8.9,8.8,8.9,8.6,8.5
41.650123,-0.875329,457882729,"Casco Histórico",side_street,0.8003,0.66,0.6391,0.6932,0.7781,0.8195,0.7899,0.8738,0.9283,7.8,7.7,8,7.8,8.3,8.7
41.649907,-0.875286,457882729,"Casco Histórico",side_street,0.7914,0.6623,0.6391,0.7443,0.7657,0.8067,0.7773,0.8626,0.9258,7.9,7.7,8,7.8,8.3,8.8
41.649686,-0.875337,457882729,"Casco Histórico",side_street,0.7815,0.6623,0.6429,0.7544,0.7564,0.7989,0.7648,0.8496,0.9213,7.8,7.7,8,7.7,8.3,8.8
41.641907,-0.90986,461373044,Delicias,main_street,0.4613,0.3558,0.8447,0.3194,0.4453,0.4532,0.4736,0.5024,0.5341,4.8,4.7,4.7,4.8,4.9,5
41.641818,-0.910136,461373044,Delicias,main_street,0.462,0.3558,0.8506,0.3396,0.4446,0.4553,0.4727,0.5079,0.5461,4.8,4.7,4.8,4.9,5,5.1
41.63818,-0.898768,461373047,Universidad,main_street,0.4905,0.6157,0.3629,0.9877,0.4775,0.501,0.4912,0.5538,0.71,5.4,5.4,5.5,5.4,5.7,6.7
41.655303,-0.882883,461972262,"Casco Histórico",square,0.8604,0.9276,0.611,0.9112,0.8489,0.883,0.8592,0.9097,0.932,9.6,9.5,9.7,9.6,9.8,9.8
41.650355,-0.886849,462766721,Centro,secondary_street,0.7682,0.9878,0.7853,0.9541,0.7766,0.7747,0.7726,0.7579,0.7657,9.8,9.8,9.8,9.8,9.7,9.7
41.6452,-0.911335,462874654,Delicias,main_street,0.4888,0.8154,0.946,0.1988,0.4898,0.4804,0.5055,0.4716,0.3864,6.7,6.7,6.7,6.9,6.7,6.2
41.645292,-0.91106,462874654,Delicias,main_street,0.4801,0.8043,0.9542,0.1446,0.4815,0.4719,0.4993,0.4638,0.3813,6.6,6.6,6.6,6.7,6.5,6
41.645384,-0.910786,462874654,Delicias,main_street,0.4665,0.8043,0.9542,0.1203,0.4671,0.4566,0.4845,0.4528,0.3768,6.5,6.5,6.4,6.6,6.4,6
41.645569,-0.910237,462874654,Delicias,main_street,0.4312,0.799,0.9542,0.1102,0.4299,0.422,0.4443,0.4216,0.3556,6.2,6.2,6.2,6.3,6.2,5.8
41.64566,-0.909962,462874654,Delicias,main_street,0.4158,0.799,0.9358,0.1303,0.4162,0.4035,0.4282,0.4029,0.344,6.1,6.1,6.1,6.2,6.1,5.8
41.645751,-0.909687,462874654,Delicias,main_street,0.4007,0.799,0.9358,0.1525,0.3998,0.3862,0.4134,0.3847,0.3277,6.1,6.1,6,6.2,6,5.7
41.640785,-0.890416,465217496,Universidad,secondary_street,0.7053,0.2568,0.4146,0.4568,0.7101,0.7034,0.7068,0.6986,0.7046,4.7,4.8,4.7,4.7,4.7,4.7
41.640576,-0.890327,465217496,Universidad,secondary_street,0.6752,0.557,0.4134,0.4495,0.6778,0.6744,0.683,0.6711,0.6792,5.6,5.6,5.6,5.6,5.5,5.6
41.662113,-0.875777,466067120,"El Rabal",side_street,0.1966,0.5061,0.3054,0.2377,0.2044,0.1942,0.1892,0.1726,0.1779,3.3,3.3,3.3,3.2,3.2,3.2
41.661893,-0.87572,466067120,"El Rabal",side_street,0.2075,0.7489,0.3054,0.2548,0.2114,0.2051,0.2039,0.2008,0.2039,3.9,4,3.9,3.9,3.9,3.9
41.66167,-0.875746,466067120,"El Rabal",side_street,0.2162,0.7586,0.3054,0.2882,0.2176,0.2131,0.2147,0.2174,0.2165,4,4,4,4,4,4
41.658389,-0.874995,466114353,"El Rabal",side_street,0.3881,0.898,0.3442,0.4975,0.3828,0.4012,0.3828,0.3885,0.4274,5.3,5.3,5.4,5.3,5.3,5.5
41.658572,-0.875167,466114353,"El Rabal",side_street,0.391,0.8844,0.3442,0.4821,0.3882,0.3999,0.3836,0.3823,0.4149,5.2,5.2,5.3,5.2,5.2,5.3
41.658766,-0.87532,466114353,"El Rabal",side_street,0.3891,0.8795,0.3421,0.4235,0.3878,0.3957,0.3804,0.3772,0.3995,5.2,5.2,5.2,5.1,5.1,5.1
41.658964,-0.875463,466114353,"El Rabal",side_street,0.3718,0.8023,0.3411,0.4043,0.3742,0.3793,0.3624,0.3625,0.3765,4.8,4.8,4.9,4.8,4.8,4.8
41.658344,-0.874741,466114355,"El Rabal",main_street,0.3871,0.9756,0.3442,0.5646,0.383,0.4007,0.3826,0.384,0.4163,5.7,5.7,5.8,5.7,5.7,5.8
41.647602,-0.885391,468026084,Centro,secondary_street,0.8799,0.7925,0.8135,0.9907,0.8889,0.8769,0.8867,0.854,0.8197,9.7,9.7,9.7,9.8,9.6,9.5
41.647783,-0.885213,468026084,Centro,secondary_street,0.8847,0.7643,0.8135,0.9939,0.894,0.8838,0.8899,0.8618,0.8342,9.7,9.7,9.7,9.7,9.6,9.5
41.644288,-0.911257,468130921,Delicias,secondary_street,0.5835,0.3662,0.8995,0.2507,0.5807,0.5742,0.5978,0.5732,0.4931,5.4,5.4,5.3,5.5,5.3,4.9
41.650292,-0.9073,469101008,Delicias,side_street,0.3913,0.0528,0.8891,0.0591,0.3891,0.3789,0.3874,0.3927,0.4131,3.6,3.6,3.6,3.6,3.6,3.7
41.650389,-0.907571,469101008,Delicias,side_street,0.4097,0.0528,0.8796,0.0978,0.4093,0.3984,0.4062,0.4081,0.4347,3.7,3.7,3.7,3.7,3.7,3.8
41.647431,-0.876393,469235628,Centro,side_street,0.6632,0.0724,0.7263,0.6276,0.674,0.6908,0.6405,0.6767,0.7463,4.8,4.8,4.9,4.7,4.8,5.1
41.647627,-0.876247,469235628,Centro,side_street,0.6718,0.2702,0.7312,0.6227,0.6798,0.6981,0.649,0.6884,0.752,5.5,5.6,5.6,5.4,5.6,5.9
41.647814,-0.876082,469235628,Centro,side_street,0.682,0.2705,0.7312,0.6512,0.6873,0.7049,0.6605,0.6969,0.7576,5.6,5.6,5.7,5.5,5.7,6
41.647995,-0.875907,469235628,Centro,side_street,0.6939,0.0746,0.7247,0.6556,0.6976,0.7161,0.6747,0.7087,0.7658,5,5,5,4.9,5,5.2
41.648158,-0.903373,470007280,Delicias,square,0.3379,0.3397,0.8995,0.3304,0.3428,0.3372,0.326,0.34,0.3793,4.4,4.4,4.4,4.3,4.4,4.5
41.648083,-0.903657,470007280,Delicias,square,0.3311,0.2684,0.8796,0.3884,0.3369,0.33,0.3167,0.3317,0.3799,4.2,4.2,4.2,4.2,4.2,4.3
41.64792,-0.903699,470007280,Delicias,square,0.3156,0.0599,0.8891,0.4103,0.3226,0.3132,0.3034,0.3109,0.3568,3.7,3.7,3.7,3.7,3.7,3.8
41.648172,-0.903221,470007280,Delicias,square,0.3395,0.4405,0.911,0.2747,0.343,0.3375,0.3283,0.3423,0.3762,4.6,4.7,4.6,4.6,4.6,4.7
41.648011,-0.88644,471511161,Centro,main_street,0.8728,0.9997,0.8078,0.9977,0.8884,0.8754,0.8773,0.8426,0.8173,10,10,10,10,10,10
41.64921,-0.909136,472068847,Delicias,main_street,0.4893,0.5783,0.9542,0.0037,0.4895,0.4778,0.4919,0.4936,0.5319,5.5,5.6,5.5,5.6,5.5,5.8
41.648574,-0.908834,472068847,Delicias,main_street,0.4093,0.7814,0.9674,0.0215,0.4059,0.4009,0.4077,0.4254,0.5006,6,6,5.9,6,6.1,6.5
41.648361,-0.908736,472068847,Delicias,main_street,0.3821,0.7645,0.9775,0.0274,0.3783,0.3765,0.3813,0.4022,0.4837,5.8,5.8,5.8,5.8,5.9,6.4
41.648149,-0.908636,472068847,Delicias,main_street,0.3475,0.7645,0.9741,0.0325,0.3423,0.3501,0.3393,0.3739,0.4541,5.6,5.6,5.6,5.6,5.7,6.2
41.648907,-0.910913,472068848,Delicias,side_street,0.5937,0.7157,0.9616,0.0136,0.5967,0.5854,0.5962,0.5868,0.5927,6.7,6.7,6.7,6.7,6.7,6.7
41.648975,-0.910626,472068848,Delicias,side_street,0.5862,0.7061,0.946,0.0123,0.5904,0.5797,0.588,0.5774,0.5869,6.6,6.6,6.6,6.6,6.5,6.6
41.649043,-0.910339,472068848,Delicias,side_street,0.5722,0.7061,0.946,0.0105,0.578,0.5668,0.5742,0.5627,0.5733,6.5,6.5,6.5,6.5,6.5,6.5
41.636471,-0.89201,472097527,Universidad,square,0.207,0.0456,0.3699,0.17,0.2195,0.2148,0.197,0.1881,0.2233,2.1,2.1,2.1,2.1,2,2.2
41.636665,-0.892162,472097527,Universidad,square,0.2212,0.0456,0.3707,0.1456,0.2298,0.2313,0.2131,0.2125,0.2566,2.1,2.2,2.2,2.1,2.2,2.3
41.655664,-0.895661,474014437,Delicias,main_street,0.3232,0.9765,0.9542,0.9105,0.3365,0.3506,0.3096,0.3187,0.3802,7.7,7.7,7.9,7.6,7.7,8.1
41.65571,-0.895367,474014437,Delicias,main_street,0.3383,0.977,0.9542,0.917,0.3549,0.3643,0.3257,0.3296,0.3854,7.8,7.9,7.9,7.7,7.8,8.2
41.647713,-0.885635,475139104,Centro,secondary_street,0.879,0.7759,0.8135,0.9935,0.8901,0.8776,0.8851,0.8522,0.8226,9.7,9.7,9.7,9.7,9.6,9.5
41.656668,-0.885328,475508930,"Casco Histórico",square,0.5154,0.2736,0.5594,0.6969,0.503,0.5616,0.5127,0.5782,0.6995,4.6,4.5,4.7,4.6,4.8,5.3
41.646505,-0.874067,475611325,Centro,main_street,0.698,0.7497,0.6753,0.8597,0.7205,0.7053,0.6795,0.6642,0.6918,8,8.2,8.1,7.9,7.8,8.1
41.654652,-0.874895,476662163,"Casco Histórico",square,0.7525,0.5078,0.5726,0.4462,0.7244,0.7865,0.754,0.815,0.8735,6.2,6.1,6.4,6.2,6.6,6.9
41.654863,-0.874896,476662163,"Casco Histórico",square,0.736,0.4035,0.5714,0.4784,0.6935,0.7694,0.7388,0.799,0.8622,5.8,5.6,5.9,5.8,6.1,6.5
41.655063,-0.876089,476663269,"Casco Histórico",square,0.8342,0.674,0.5812,0.5868,0.7992,0.865,0.8368,0.9179,0.9421,7.8,7.6,8,7.8,8.3,8.5
41.655192,-0.87652,476663271,"Casco Histórico",square,0.8573,0.2668,0.5818,0.6331,0.8187,0.891,0.8584,0.9408,0.9546,6.1,5.9,6.3,6.1,6.6,6.7
41.655044,-0.876294,476663271,"Casco Histórico",square,0.8553,0.2873,0.5804,0.5938,0.8177,0.8879,0.8564,0.9391,0.9525,6.1,5.9,6.3,6.1,6.6,6.7
41.662104,-0.904395,478834340,"La Almozara",secondary_street,0.0863,0.8009,0.148,0.5616,0.0868,0.0907,0.088,0.0916,0.1292,3.7,3.7,3.7,3.7,3.7,3.8
41.662194,-0.90467,478834340,"La Almozara",secondary_street,0.0828,0.7978,0.148,0.5818,0.0815,0.0885,0.0839,0.0928,0.133,3.7,3.7,3.7,3.7,3.7,3.8
41.662375,-0.905222,478834340,"La Almozara",secondary_street,0.0745,0.7978,0.148,0.5003,0.0721,0.0807,0.0732,0.0872,0.1246,3.6,3.6,3.6,3.6,3.6,3.7
41.662465,-0.905497,478834340,"La Almozara",secondary_street,0.0702,0.7978,0.1451,0.4801,0.0687,0.0755,0.069,0.0838,0.1198,3.5,3.5,3.5,3.5,3.6,3.7
41.654648,-0.886077,481017395,"Casco Histórico",secondary_street,0.6177,0.7627,0.5941,0.5954,0.6166,0.6617,0.6108,0.6528,0.7391,6.8,6.8,7.1,6.8,7,7.7
41.654713,-0.886365,481017395,"Casco Histórico",secondary_street,0.5804,0.57,0.5857,0.5311,0.577,0.6221,0.5711,0.6153,0.7069,5.7,5.7,5.9,5.7,5.9,6.4
41.654779,-0.886653,481017395,"Casco Histórico",secondary_street,0.5445,0.57,0.5865,0.4686,0.5423,0.5873,0.5355,0.5772,0.6687,5.4,5.4,5.7,5.4,5.6,6.1
41.654845,-0.886941,481017395,"Casco Histórico",secondary_street,0.5082,0.57,0.5786,0.3804,0.5075,0.5596,0.5031,0.5465,0.6402,5.1,5.1,5.4,5.1,5.3,5.8
41.65491,-0.887229,481017395,"Casco Histórico",secondary_street,0.4737,0.57,0.5765,0.3428,0.4715,0.5247,0.4709,0.5062,0.6001,5,4.9,5.1,4.9,5.1,5.5
41.654976,-0.887516,481017395,"Casco Histórico",secondary_street,0.452,0.57,0.5757,0.1969,0.4487,0.4924,0.45,0.4758,0.5632,4.7,4.7,4.9,4.7,4.8,5.1
41.655041,-0.887804,481017395,"Casco Histórico",secondary_street,0.4319,0.57,0.57,0.1112,0.4295,0.4678,0.431,0.4508,0.5291,4.6,4.6,4.7,4.6,4.6,4.9
41.654167,-0.884513,481017396,"Casco Histórico",secondary_street,0.8103,0.5729,0.6307,0.7477,0.8108,0.8308,0.8041,0.8314,0.8731,7.6,7.6,7.7,7.5,7.7,8
41.654255,-0.88479,481017396,"Casco Histórico",secondary_street,0.7893,0.5729,0.6307,0.7549,0.7914,0.8053,0.7832,0.8027,0.8522,7.4,7.4,7.6,7.4,7.5,7.9
41.654343,-0.885067,481017396,"Casco Histórico",secondary_street,0.7599,0.5729,0.6174,0.7767,0.761,0.7812,0.7531,0.7747,0.827,7.2,7.2,7.4,7.1,7.3,7.7
41.654431,-0.885344,481017396,"Casco Histórico",secondary_street,0.7319,0.5596,0.6135,0.7557,0.7364,0.7545,0.7247,0.7459,0.7978,6.9,6.9,7.1,6.9,7,7.4
41.654518,-0.885621,481017396,"Casco Histórico",secondary_street,0.694,0.5596,0.6078,0.6981,0.6925,0.7291,0.6892,0.7154,0.7749,6.6,6.6,6.8,6.5,6.7,7.1
41.654605,-0.885898,481017396,"Casco Histórico",secondary_street,0.6426,0.5596,0.5993,0.6364,0.6391,0.6906,0.6316,0.6792,0.753,6.2,6.1,6.4,6.1,6.4,6.8
41.65306,-0.876846,482806796,"Casco Histórico",side_street,0.9659,0.1067,0.5941,0.2685,0.959,0.9688,0.9638,0.9763,0.9805,5.6,5.6,5.6,5.6,5.6,5.6
41.65257,-0.877189,482806798,"Casco Histórico",side_street,0.9689,0.9626,0.6078,0.1505,0.9655,0.9722,0.9672,0.9778,0.9789,9.3,9.3,9.3,9.3,9.4,9.4
41.652449,-0.876935,482806798,"Casco Histórico",side_street,0.9628,0.9626,0.6094,0.2397,0.9535,0.9652,0.9613,0.9719,0.975,9.4,9.4,9.4,9.4,9.4,9.5
41.652886,-0.877865,482806800,"Casco Histórico",side_street,0.9837,0.9659,0.6261,0.1877,0.9782,0.985,0.9843,0.9876,0.987,9.5,9.5,9.5,9.5,9.5,9.5
41.652768,-0.877609,482806800,"Casco Histórico",side_street,0.9788,0.9659,0.6202,0.2207,0.9731,0.9811,0.9785,0.985,0.9846,9.5,9.5,9.5,9.5,9.5,9.5
41.652649,-0.877353,482806800,"Casco Histórico",side_street,0.9739,0.9635,0.6189,0.1792,0.9692,0.9768,0.9723,0.9806,0.9813,9.4,9.4,9.4,9.4,9.4,9.5
41.649987,-0.909332,485107969,Delicias,main_street,0.5718,0.7436,0.9358,0.0762,0.5769,0.5633,0.5728,0.5605,0.5673,6.7,6.7,6.7,6.7,6.7,6.7
41.650201,-0.909423,485107969,Delicias,main_street,0.5879,0.7436,0.946,0.1368,0.5924,0.5782,0.5863,0.5736,0.5773,6.9,6.9,6.9,6.9,6.9,6.9
41.650415,-0.909515,485107969,Delicias,main_street,0.5984,0.7419,0.9358,0.2147,0.6032,0.5862,0.5954,0.5834,0.5806,7.1,7.1,7,7.1,7,7
41.650629,-0.909609,485107969,Delicias,main_street,0.6039,0.7419,0.9234,0.318,0.6068,0.5936,0.6015,0.5902,0.5861,7.3,7.3,7.2,7.3,7.2,7.2
41.637926,-0.895007,485408219,Universidad,main_street,0.5088,0.9883,0.3674,0.6475,0.5069,0.527,0.5003,0.5558,0.6892,6.6,6.6,6.7,6.5,6.9,7.8
41.64151,-0.884859,485409178,Centro,main_street,0.765,0.9009,0.687,0.8848,0.7709,0.7517,0.7764,0.7419,0.6782,9.2,9.2,9.1,9.2,9.1,8.7
41.641384,-0.88461,485409178,Centro,main_street,0.7581,0.8965,0.6824,0.8677,0.7616,0.7449,0.7695,0.7381,0.6696,9.1,9.1,9.1,9.2,9,8.6
41.641258,-0.88436,485409178,Centro,main_street,0.75,0.8965,0.6768,0.8371,0.7551,0.7394,0.7602,0.7304,0.6603,9,9,9,9.1,8.9,8.5
41.641052,-0.884123,485409180,Centro,main_street,0.7343,0.6547,0.6768,0.8229,0.741,0.7267,0.7458,0.7155,0.6466,7.7,7.8,7.7,7.8,7.6,7.1
41.659648,-0.894367,485506216,"La Almozara",secondary_street,0.1939,0.9079,0.1644,0.6761,0.1884,0.2017,0.187,0.2253,0.2448,4.4,4.4,4.4,4.4,4.5,4.5
41.65958,-0.89408,485506216,"La Almozara",secondary_street,0.1983,0.9079,0.1656,0.7257,0.1949,0.2056,0.1926,0.2295,0.2436,4.5,4.4,4.5,4.4,4.5,4.6
41.659441,-0.893508,485506216,"La Almozara",secondary_street,0.2045,0.9185,0.1656,0.7636,0.2015,0.2124,0.1987,0.2291,0.2373,4.5,4.6,4.6,4.5,4.6,4.6
41.65933,-0.893247,485506216,"La Almozara",secondary_street,0.2103,0.9232,0.1656,0.7873,0.2089,0.2183,0.207,0.2359,0.2414,4.6,4.6,4.6,4.6,4.7,4.7
41.660253,-0.897452,485506217,"La Almozara",side_street,0.1507,0.338,0.1579,0.2395,0.1426,0.1625,0.1303,0.1827,0.2393,2.4,2.4,2.5,2.4,2.5,2.8
41.660052,-0.897588,485506217,"La Almozara",side_street,0.1422,0.338,0.1606,0.2154,0.1375,0.1593,0.1214,0.1738,0.2309,2.4,2.3,2.4,2.3,2.5,2.7
41.660052,-0.895394,485506237,"La Almozara",square,0.1482,0.016,0.1644,0.4546,0.1376,0.1598,0.1382,0.18,0.21,1.5,1.4,1.5,1.4,1.6,1.8
41.660238,-0.895273,485506237,"La Almozara",square,0.1319,0.016,0.1634,0.458,0.1227,0.1471,0.1278,0.1706,0.2014,1.4,1.3,1.5,1.4,1.6,1.7
41.66305,-0.87241,485919980,"El Rabal",main_street,0.1557,0.3312,0.3054,0.3,0.1434,0.158,0.1427,0.1891,0.253,2.7,2.7,2.7,2.7,2.8,3.1
41.662842,-0.872525,485919980,"El Rabal",main_street,0.1703,0.3312,0.3145,0.3351,0.1645,0.1744,0.1632,0.2051,0.2636,2.8,2.8,2.8,2.8,2.9,3.2
41.640949,-0.884093,488547895,Centro,main_street,0.7292,0.893,0.6753,0.8212,0.7352,0.7224,0.7407,0.7117,0.6422,8.8,8.9,8.8,8.9,8.7,8.3
41.640792,-0.884308,488547895,Centro,main_street,0.7272,0.7397,0.6728,0.8431,0.7332,0.7223,0.738,0.7121,0.6505,8.2,8.2,8.1,8.2,8.1,7.6
41.640649,-0.88454,488547895,Centro,main_street,0.7237,0.7295,0.6728,0.8587,0.7294,0.7198,0.7313,0.71,0.656,8.1,8.1,8.1,8.2,8,7.6
41.640524,-0.884789,488547895,Centro,main_street,0.7191,0.722,0.6738,0.8857,0.7243,0.7168,0.7241,0.7055,0.6579,8.1,8.1,8,8.1,8,7.7
41.640417,-0.885054,488547895,Centro,main_street,0.7181,0.7272,0.6753,0.9072,0.7223,0.7171,0.7227,0.7052,0.6652,8.1,8.2,8.1,8.2,8.1,7.8
41.644337,-0.912166,489688515,Delicias,secondary_street,0.5496,0.9152,0.911,0.1514,0.5512,0.5448,0.5622,0.5377,0.4558,7.5,7.5,7.5,7.5,7.4,6.9
41.64413,-0.912051,489688515,Delicias,secondary_street,0.5702,0.9132,0.911,0.1788,0.5704,0.5664,0.5841,0.563,0.4925,7.6,7.6,7.6,7.7,7.6,7.1
41.64313,-0.912215,489688519,Delicias,side_street,0.5668,0.5051,0.8506,0.1806,0.564,0.5635,0.5793,0.5698,0.5259,5.6,5.6,5.6,5.7,5.6,5.4
41.642352,-0.91107,489688520,Delicias,square,0.5553,0.15,0.8506,0.2407,0.5437,0.5517,0.5635,0.5817,0.5896,4.5,4.5,4.5,4.5,4.6,4.6
41.645813,-0.907304,489693782,Delicias,main_street,0.2808,0.8368,0.8995,0.2455,0.2769,0.2817,0.2863,0.286,0.2811,5.6,5.6,5.6,5.7,5.6,5.6
41.642877,-0.888202,490988113,Universidad,main_street,0.8248,0.5902,0.4411,0.7222,0.8386,0.8151,0.8286,0.7893,0.7581,7,7.1,7,7,6.8,6.7
41.642793,-0.887922,490988113,Universidad,main_street,0.82,0.5902,0.4411,0.6793,0.8344,0.8096,0.8253,0.7858,0.7497,6.9,7,6.9,7,6.7,6.6
41.642709,-0.887643,490988113,Universidad,main_street,0.8137,0.5902,0.4404,0.6918,0.8259,0.803,0.8184,0.7781,0.7387,6.9,7,6.8,6.9,6.7,6.5
41.649257,-0.911333,493409054,Delicias,side_street,0.6546,0.3225,0.9358,0.0479,0.6624,0.6399,0.6714,0.6417,0.6309,5.4,5.5,5.3,5.5,5.3,5.2
41.636722,-0.899738,493414395,Universidad,side_street,0.317,0.2855,0.3557,0.9633,0.3053,0.3373,0.3161,0.3653,0.5201,3.8,3.8,3.9,3.8,3.9,4.5
41.636541,-0.899622,493414396,Universidad,side_street,0.3079,0.1601,0.3557,0.9625,0.2907,0.3276,0.3075,0.3616,0.5195,3.5,3.4,3.5,3.5,3.7,4.1
41.646266,-0.872094,494777621,"Las Fuentes",main_street,0.6576,0.7151,0.2439,0.8998,0.6882,0.6634,0.6258,0.6102,0.6081,6.3,6.4,6.3,6.1,6,6
41.660502,-0.868563,498299064,"El Rabal",square,0.2007,0.0525,0.3145,0.3974,0.1877,0.2015,0.2093,0.2407,0.2475,2.2,2.1,2.2,2.3,2.4,2.4
41.660286,-0.868483,498299064,"El Rabal",square,0.1957,0.0525,0.3145,0.4241,0.185,0.1981,0.2011,0.2265,0.2362,2.2,2.2,2.2,2.3,2.4,2.4
41.660159,-0.868683,498299064,"El Rabal",square,0.1984,0.0467,0.3145,0.4486,0.1905,0.2001,0.2028,0.2289,0.2429,2.3,2.2,2.3,2.3,2.4,2.4
41.659946,-0.869213,498299064,"El Rabal",square,0.2087,0.0467,0.3145,0.4604,0.1998,0.2121,0.213,0.2493,0.2726,2.3,2.3,2.3,2.3,2.5,2.6
41.63896,-0.885995,499643870,"San José",main_street,0.607,0.7004,0.5146,0.8393,0.609,0.6155,0.6124,0.6019,0.5847,6.6,6.6,6.7,6.7,6.6,6.5
41.65411,-0.877633,505187223,"Casco Histórico",side_street,0.9785,0.8805,0.6124,0.3672,0.9691,0.9813,0.9799,0.9895,0.9927,9.3,9.3,9.4,9.3,9.4,9.4
41.653922,-0.877797,505187223,"Casco Histórico",side_street,0.9826,0.8805,0.6135,0.3577,0.9739,0.9849,0.9845,0.9915,0.9931,9.4,9.3,9.4,9.3,9.4,9.4
41.634083,-0.875189,515629003,"San José",side_street,0.4322,0.9175,0.4558,0.0752,0.4309,0.4118,0.4397,0.406,0.3177,5.3,5.4,5.2,5.4,5.2,4.8
41.634037,-0.874895,515629003,"San José",side_street,0.4155,0.9175,0.4558,0.0461,0.4159,0.3917,0.4248,0.3838,0.2841,5.2,5.2,5.1,5.3,5.1,4.7
41.636789,-0.878073,516441864,"San José",side_street,0.6413,0.9554,0.4773,0.7227,0.6532,0.6336,0.6596,0.6129,0.5096,7.8,7.8,7.7,7.9,7.6,6.9
41.636923,-0.878315,516441864,"San José",side_street,0.6276,0.9554,0.4773,0.701,0.6368,0.6225,0.6398,0.601,0.4976,7.6,7.7,7.6,7.7,7.5,6.8
41.637708,-0.879783,516441864,"San José",side_street,0.5403,0.9288,0.4909,0.4076,0.5517,0.5352,0.5413,0.4975,0.4072,6.5,6.6,6.5,6.5,6.3,5.8
41.636873,-0.878476,516441865,"San José",side_street,0.62,0.1515,0.4805,0.6839,0.6289,0.6139,0.6303,0.5919,0.4818,4.5,4.5,4.4,4.5,4.3,4
41.660629,-0.876,526722758,"El Rabal",square,0.2569,0.1409,0.327,0.3345,0.2458,0.2558,0.2627,0.2737,0.2606,2.7,2.6,2.7,2.7,2.7,2.7
41.651369,-0.908241,527647842,Delicias,side_street,0.4747,0.7329,0.9358,0.3484,0.4832,0.47,0.4666,0.4569,0.47,6.5,6.5,6.5,6.5,6.4,6.5
41.651268,-0.907972,527647842,Delicias,side_street,0.4527,0.7253,0.9234,0.289,0.4576,0.4452,0.4446,0.4422,0.4546,6.2,6.2,6.2,6.2,6.2,6.2
41.661193,-0.877915,533759113,"El Rabal",side_street,0.154,0.3119,0.3228,0.1871,0.1499,0.156,0.1433,0.1645,0.196,2.6,2.6,2.6,2.6,2.7,2.8
41.660847,-0.876804,533759113,"El Rabal",side_street,0.2164,0.3084,0.327,0.2157,0.2107,0.2166,0.2155,0.2383,0.2356,2.8,2.8,2.8,2.8,2.9,2.9
41.660728,-0.878532,533759115,"El Rabal",side_street,0.1661,0.5763,0.331,0.2725,0.158,0.1783,0.1556,0.2005,0.2655,3.4,3.4,3.5,3.4,3.6,3.7
41.660934,-0.877927,533759117,"El Rabal",side_street,0.1734,0.1441,0.3294,0.2182,0.1694,0.1785,0.167,0.1928,0.2264,2.3,2.2,2.3,2.3,2.3,2.4
41.661148,-0.878018,533759117,"El Rabal",side_street,0.1559,0.1441,0.3228,0.2001,0.1498,0.1573,0.1446,0.1682,0.2031,2.1,2.1,2.1,2.1,2.2,2.3
41.647565,-0.885858,538283326,Centro,secondary_street,0.8768,0.8755,0.7998,0.9922,0.8888,0.8755,0.8816,0.8454,0.814,9.9,9.9,9.8,9.9,9.8,9.7
41.642879,-0.906399,539495459,Universidad,main_street,0.2784,0.7401,0.358,0.6652,0.2781,0.2834,0.2832,0.2845,0.3105,4.6,4.6,4.6,4.6,4.6,4.7
41.642242,-0.882511,539984016,Centro,secondary_street,0.7164,0.7114,0.691,0.5042,0.7116,0.6916,0.733,0.6984,0.5943,7.4,7.4,7.3,7.5,7.3,6.7
41.653177,-0.874519,542577868,"Casco Histórico",side_street,0.7907,0.7285,0.5747,0.4733,0.7706,0.8133,0.7788,0.8486,0.9146,7.6,7.4,7.7,7.5,8,8.4
41.649461,-0.882651,542580713,Centro,square,0.9644,0.0566,0.8266,0.6727,0.9707,0.9603,0.965,0.949,0.9241,6.6,6.6,6.5,6.6,6.5,6.3
41.649676,-0.882563,542580713,Centro,square,0.9676,0.0566,0.8209,0.6453,0.9754,0.9648,0.9692,0.9534,0.9308,6.5,6.6,6.5,6.5,6.5,6.3
41.648087,-0.903587,543976496,Delicias,square,0.3318,0.0636,0.8699,0.3519,0.3371,0.3304,0.318,0.3332,0.3789,3.7,3.7,3.7,3.6,3.7,3.8
41.648162,-0.903303,543976496,Delicias,square,0.3373,0.0636,0.8995,0.2838,0.3424,0.3369,0.3267,0.3406,0.3775,3.7,3.7,3.7,3.7,3.7,3.8
41.653093,-0.906423,543989725,Delicias,square,0.45,0.0831,0.946,0.2616,0.4559,0.4491,0.4429,0.4381,0.437,4.1,4.2,4.1,4.1,4.1,4.1
41.640542,-0.912745,543989743,Universidad,square,0.2694,0.03,0.359,0.4323,0.2555,0.2764,0.2798,0.3127,0.3421,2.6,2.5,2.6,2.6,2.7,2.8
41.649262,-0.911757,544202101,Delicias,square,0.6854,0.2064,0.946,0.0842,0.6888,0.6605,0.7004,0.6662,0.647,5.2,5.2,5.1,5.3,5.1,5
41.649047,-0.911668,544202101,Delicias,square,0.6491,0.2064,0.946,0.054,0.6528,0.6344,0.6656,0.6395,0.6261,5,5,4.9,5.1,4.9,4.9
41.648832,-0.91158,544202101,Delicias,square,0.6166,0.294,0.9674,0.0538,0.6179,0.6071,0.6237,0.6162,0.6019,5.2,5.2,5.1,5.2,5.2,5.1
41.653353,-0.882913,544640024,Centro,square,0.9247,0.9035,0.7663,0.7121,0.9125,0.945,0.9111,0.9419,0.9416,9.8,9.8,9.9,9.8,9.9,9.9
41.641884,-0.885584,546827817,Centro,main_street,0.7794,0.9028,0.6919,0.9262,0.786,0.7646,0.7891,0.751,0.6904,9.3,9.4,9.3,9.4,9.2,8.9
41.641755,-0.885338,546827817,Centro,main_street,0.7763,0.9038,0.6885,0.9309,0.7826,0.7624,0.7872,0.7499,0.6895,9.3,9.3,9.2,9.3,9.2,8.9
41.641627,-0.88509,546827817,Centro,main_street,0.7711,0.9038,0.687,0.9134,0.7761,0.7575,0.7829,0.746,0.6841,9.3,9.3,9.2,9.3,9.2,8.8
41.638261,-0.88436,550334339,"San José",side_street,0.4897,0.7603,0.5047,0.7264,0.4888,0.4818,0.5048,0.4726,0.4066,6,6,6,6.1,5.9,5.6
41.638391,-0.884115,550334339,"San José",side_street,0.4921,0.7107,0.5064,0.6704,0.4915,0.4832,0.5072,0.4757,0.4011,5.8,5.8,5.7,5.9,5.7,5.2
41.653678,-0.884546,551260475,"Casco Histórico",side_street,0.8102,0.886,0.6501,0.6495,0.8103,0.8307,0.8029,0.8321,0.8707,9,9,9.1,8.9,9.1,9.3
41.656253,-0.904079,552820855,"La Almozara",side_street,0.3306,0.5204,0.1689,0.1652,0.3266,0.3339,0.3298,0.3515,0.3608,3.5,3.5,3.5,3.5,3.6,3.6
41.656248,-0.903779,552820855,"La Almozara",side_street,0.3368,0.4565,0.1689,0.1347,0.3324,0.3404,0.3356,0.3599,0.3691,3.3,3.3,3.3,3.3,3.4,3.4
41.656254,-0.903478,552820855,"La Almozara",side_street,0.3396,0.4296,0.1669,0.1326,0.3337,0.3424,0.3376,0.3619,0.3734,3.2,3.2,3.3,3.2,3.3,3.4
41.636857,-0.877785,552852626,"San José",main_street,0.6451,0.9975,0.4773,0.7391,0.6569,0.6375,0.6624,0.6184,0.5252,8.1,8.1,8,8.2,7.9,7.3
41.649226,-0.887262,553992832,Centro,main_street,0.8144,0.9925,0.7638,0.9952,0.8279,0.8178,0.8176,0.7873,0.7848,9.9,9.9,9.9,9.9,9.8,9.8
41.637986,-0.903097,560190511,Universidad,square,0.2309,0.0127,0.3507,0.3502,0.2412,0.2424,0.2202,0.2097,0.278,2.3,2.3,2.3,2.2,2.2,2.4
41.638358,-0.902655,560190512,Universidad,square,0.2374,0.018,0.3532,0.4719,0.2473,0.2482,0.2229,0.2127,0.2773,2.4,2.5,2.5,2.4,2.3,2.6
41.638487,-0.902901,560190512,Universidad,square,0.2265,0.018,0.3532,0.5069,0.2397,0.2347,0.2121,0.1942,0.2575,2.4,2.5,2.5,2.4,2.3,2.5
41.656804,-0.869165,566336935,"El Rabal",side_street,0.1032,0.2783,0.3326,0.1817,0.1023,0.1138,0.1019,0.1122,0.1389,2.3,2.3,2.4,2.3,2.4,2.5
41.656795,-0.869466,566336935,"El Rabal",side_street,0.1131,0.2783,0.3351,0.1867,0.1142,0.1309,0.1099,0.1263,0.1502,2.4,2.4,2.5,2.4,2.5,2.5
41.656786,-0.869767,566336935,"El Rabal",side_street,0.1203,0.3417,0.3393,0.2778,0.123,0.1441,0.1142,0.1306,0.1564,2.7,2.7,2.8,2.7,2.7,2.8
41.660663,-0.879585,570036060,"El Rabal",side_street,0.1246,0.7263,0.3294,0.6402,0.1107,0.1504,0.1217,0.1901,0.3029,4,3.9,4,4,4.2,4.5
41.644869,-0.885734,570300136,Centro,main_street,0.865,0.8105,0.774,0.794,0.8754,0.8472,0.879,0.8218,0.739,9.4,9.5,9.4,9.5,9.3,8.8
41.660488,-0.879475,570328737,"El Rabal",main_street,0.1385,0.8095,0.3351,0.633,0.1213,0.1612,0.1333,0.1998,0.3112,4.2,4.1,4.3,4.2,4.4,4.8
41.652336,-0.907834,574589603,Delicias,side_street,0.4517,0.2793,0.911,0.5363,0.4566,0.4432,0.4484,0.4371,0.4125,4.9,4.9,4.8,4.8,4.8,4.7
41.652248,-0.908111,574589603,Delicias,side_street,0.4658,0.261,0.9234,0.5407,0.4713,0.4582,0.4631,0.4459,0.4148,4.9,4.9,4.8,4.9,4.8,4.6
41.65216,-0.908388,574589603,Delicias,side_street,0.4796,0.261,0.9358,0.5438,0.4859,0.472,0.4782,0.458,0.4343,5,5,4.9,5,4.9,4.7
41.645706,-0.866891,579328659,"Las Fuentes",main_street,0.2705,0.3402,0.2369,0.3037,0.2739,0.267,0.2638,0.2552,0.2287,3,3,3,3,3,2.9
41.645676,-0.866592,579328659,"Las Fuentes",main_street,0.2704,0.3402,0.2357,0.2906,0.2746,0.2654,0.2599,0.251,0.2274,3,3,3,2.9,2.9,2.9
41.645647,-0.866294,579328659,"Las Fuentes",main_street,0.2712,0.345,0.2325,0.2904,0.2787,0.266,0.2596,0.2455,0.2202,3,3,3,2.9,2.9,2.9
41.645617,-0.865996,579328659,"Las Fuentes",main_street,0.273,0.364,0.2318,0.3447,0.2821,0.2671,0.261,0.2427,0.2191,3.1,3.2,3.1,3.1,3,3
41.645586,-0.865698,579328659,"Las Fuentes",main_street,0.276,0.364,0.23,0.3365,0.2858,0.2702,0.2612,0.2405,0.2239,3.1,3.2,3.1,3.1,3,3
41.645556,-0.8654,579328659,"Las Fuentes",main_street,0.2819,0.364,0.2294,0.4166,0.2932,0.275,0.2648,0.2421,0.2305,3.2,3.3,3.2,3.1,3.1,3
41.642071,-0.867965,579545515,"Las Fuentes",side_street,0.4477,0.273,0.2329,0.0151,0.4356,0.4409,0.4555,0.47,0.4781,3.2,3.2,3.2,3.2,3.3,3.3
41.644298,-0.866678,579658905,"Las Fuentes",side_street,0.2777,0.4165,0.2357,0.0685,0.275,0.2706,0.2783,0.2729,0.2493,3,3,3,3,3,3
41.644502,-0.86655,579658905,"Las Fuentes",side_street,0.2729,0.3963,0.2357,0.1149,0.2735,0.2665,0.272,0.2634,0.2366,3,3,3,3,3,2.9
41.646748,-0.871087,579825602,"Las Fuentes",main_street,0.5336,0.751,0.2414,0.8631,0.5502,0.5438,0.5054,0.4876,0.4904,5.7,5.8,5.7,5.6,5.4,5.4
41.647064,-0.870802,586892129,"Las Fuentes",square,0.4822,0.0026,0.2414,0.8481,0.4952,0.4901,0.465,0.4534,0.4577,3.4,3.4,3.4,3.3,3.3,3.3
41.657481,-0.88355,588264413,"Casco Histórico",side_street,0.5399,0.6981,0.5582,0.8964,0.5136,0.5804,0.5373,0.6245,0.75,6.4,6.3,6.7,6.4,6.9,7.8
41.65086,-0.875804,588448898,"Casco Histórico",secondary_street,0.8518,0.9927,0.6326,0.6594,0.8276,0.8704,0.842,0.9165,0.9399,9.5,9.4,9.6,9.5,9.8,9.9
41.650949,-0.875527,588448898,"Casco Histórico",secondary_street,0.8372,0.8736,0.6307,0.6849,0.8136,0.8547,0.8279,0.9063,0.9367,9.1,8.9,9.2,9,9.4,9.6
41.651037,-0.875251,588448898,"Casco Histórico",secondary_street,0.8209,0.8736,0.6274,0.6659,0.7995,0.8402,0.8126,0.8932,0.933,9,8.8,9.1,8.9,9.3,9.5
41.662663,-0.905416,592869039,"La Almozara",side_street,0.0676,0.0548,0.1451,0.4443,0.0668,0.0721,0.0654,0.0777,0.1111,1.1,1.1,1.2,1.1,1.2,1.4
41.642393,-0.894923,598557851,Universidad,main_street,0.8378,0.8651,0.4125,0.8985,0.8347,0.8274,0.8339,0.856,0.8762,8.7,8.6,8.6,8.6,8.8,8.9
41.642263,-0.894677,598557851,Universidad,main_street,0.8512,0.7882,0.4125,0.9251,0.8491,0.8385,0.8472,0.8694,0.8858,8.4,8.4,8.4,8.4,8.5,8.7
41.642133,-0.894432,598557851,Universidad,main_street,0.8609,0.7882,0.41,0.9432,0.8585,0.8489,0.858,0.8797,0.892,8.5,8.5,8.4,8.5,8.6,8.7
41.642004,-0.894186,598557851,Universidad,main_street,0.8725,0.801,0.41,0.9508,0.8681,0.8571,0.8667,0.8872,0.8954,8.6,8.6,8.5,8.6,8.8,8.8
41.643195,-0.896392,598557852,Universidad,main_street,0.7517,0.6976,0.398,0.5448,0.751,0.7514,0.7445,0.7685,0.8149,6.7,6.7,6.7,6.6,6.8,7.1
41.643063,-0.896149,598557852,Universidad,main_street,0.7713,0.6976,0.401,0.6484,0.7702,0.7681,0.762,0.7848,0.8324,7,6.9,6.9,6.9,7,7.4
41.64293,-0.895906,598557852,Universidad,main_street,0.7866,0.6976,0.4025,0.6788,0.7846,0.7829,0.7805,0.8012,0.845,7.1,7.1,7.1,7.1,7.2,7.5
41.642797,-0.895664,598557852,Universidad,main_street,0.7985,0.6976,0.4068,0.7246,0.7975,0.7937,0.7954,0.8142,0.854,7.3,7.3,7.3,7.3,7.4,7.7
41.642664,-0.895421,598557852,Universidad,main_street,0.8113,0.7068,0.41,0.8191,0.8089,0.8026,0.8067,0.8272,0.8615,7.6,7.6,7.6,7.6,7.7,8
41.645281,-0.900117,598557853,Delicias,main_street,0.3474,0.6515,0.9847,0.4271,0.3592,0.3605,0.3436,0.3342,0.3629,5.7,5.8,5.8,5.7,5.6,5.8
41.661926,-0.868853,605318927,"El Rabal",secondary_street,0.1798,0.7265,0.3054,0.3078,0.1563,0.186,0.1813,0.2412,0.2735,3.8,3.8,3.9,3.8,4,4.1
41.662053,-0.869101,605318927,"El Rabal",secondary_street,0.1792,0.7265,0.3054,0.1956,0.155,0.1857,0.1792,0.2432,0.2787,3.8,3.7,3.8,3.8,3.9,4
41.66218,-0.869349,605318927,"El Rabal",secondary_street,0.1764,0.7233,0.3054,0.1416,0.1495,0.1827,0.1774,0.2402,0.2766,3.7,3.6,3.7,3.7,3.9,4
41.662308,-0.869597,605318927,"El Rabal",secondary_street,0.1694,0.7233,0.3054,0.0773,0.1341,0.1748,0.1737,0.234,0.2677,3.6,3.5,3.6,3.6,3.8,3.9
41.662436,-0.869845,605318927,"El Rabal",secondary_street,0.1625,0.7233,0.3054,0.1025,0.1255,0.1653,0.1694,0.2227,0.2549,3.6,3.5,3.6,3.6,3.8,3.9
41.66256,-0.870095,605318927,"El Rabal",secondary_street,0.1644,0.7321,0.3054,0.1119,0.1336,0.1673,0.1706,0.2154,0.2453,3.7,3.5,3.7,3.7,3.8,3.9
41.642312,-0.873727,608718204,"San José",side_street,0.6781,0.4729,0.512,0.5978,0.6711,0.6627,0.6863,0.6865,0.701,5.7,5.7,5.6,5.8,5.8,5.8
41.642328,-0.873426,608718204,"San José",side_street,0.6912,0.4959,0.512,0.568,0.6853,0.6757,0.6988,0.6947,0.7014,5.9,5.9,5.8,5.9,5.9,5.9
41.642342,-0.873126,608718204,"San José",side_street,0.688,0.5223,0.5064,0.5578,0.6843,0.674,0.6949,0.6881,0.6898,5.9,5.9,5.8,6,5.9,5.9
41.648098,-0.904224,609925842,Delicias,side_street,0.3149,0.3228,0.8891,0.3539,0.3232,0.3156,0.2971,0.3113,0.3666,4.3,4.3,4.3,4.2,4.3,4.4
41.64817,-0.903939,609925842,Delicias,side_street,0.3325,0.3232,0.8617,0.3553,0.3407,0.3321,0.315,0.3293,0.382,4.3,4.3,4.3,4.2,4.3,4.4
41.651037,-0.908893,609930232,Delicias,side_street,0.5243,0.2908,0.911,0.3601,0.5297,0.5146,0.5194,0.5143,0.5184,5,5,5,5,4.9,4.9
41.652653,-0.901943,609933308,Delicias,side_street,0.4503,0.5308,0.8995,0.1629,0.4527,0.4568,0.4364,0.4542,0.5112,5.2,5.2,5.2,5.1,5.2,5.5
41.649007,-0.904419,626726243,Delicias,side_street,0.3304,0.1078,0.8995,0.1273,0.3282,0.3348,0.3159,0.3568,0.4226,3.6,3.6,3.7,3.6,3.7,3.9
41.638033,-0.906165,628343857,Universidad,secondary_street,0.2535,0.853,0.3489,0.3457,0.2692,0.248,0.2483,0.1812,0.221,4.5,4.6,4.5,4.5,4.2,4.4
41.637981,-0.898389,636407508,Universidad,main_street,0.5177,0.618,0.3621,0.9941,0.5041,0.5359,0.5155,0.5865,0.7381,5.6,5.5,5.7,5.6,5.9,6.8
41.63811,-0.898636,636407508,Universidad,main_street,0.5018,0.6118,0.3621,0.9912,0.4867,0.516,0.5006,0.5683,0.7222,5.5,5.4,5.5,5.5,5.8,6.7
41.650038,-0.876097,643705324,Centro,secondary_street,0.8197,0.9796,0.7598,0.7496,0.803,0.8373,0.8115,0.8845,0.9259,9.7,9.6,9.8,9.7,9.9,10
41.653985,-0.877148,654819358,"Casco Histórico",side_street,0.9683,0.8809,0.6033,0.3742,0.9597,0.973,0.9696,0.983,0.9864,9.3,9.2,9.3,9.3,9.4,9.4
41.654118,-0.877391,654819358,"Casco Histórico",side_street,0.9736,0.8809,0.6078,0.3803,0.9652,0.9775,0.9751,0.9864,0.9904,9.3,9.3,9.3,9.3,9.4,9.4
41.652998,-0.878099,654819359,"Casco Histórico",side_street,0.9886,0.9672,0.6274,0.1666,0.984,0.9887,0.99,0.9912,0.9891,9.5,9.5,9.5,9.5,9.5,9.5
41.647159,-0.882787,656967815,Centro,side_street,0.9436,0.6892,0.8282,0.5783,0.9405,0.9319,0.9562,0.9214,0.8489,9.2,9.2,9.2,9.3,9.2,8.7
41.646317,-0.884511,656967818,Centro,side_street,0.8891,0.708,0.7998,0.8919,0.8951,0.8737,0.9021,0.8561,0.7773,9.4,9.4,9.3,9.4,9.3,8.8
41.646196,-0.884765,656967818,Centro,side_street,0.8823,0.708,0.7788,0.9055,0.8872,0.8636,0.895,0.8461,0.7695,9.3,9.3,9.2,9.3,9.1,8.7
41.646075,-0.885018,656967818,Centro,side_street,0.8769,0.7219,0.7811,0.9267,0.881,0.8578,0.8895,0.8385,0.7637,9.4,9.4,9.3,9.4,9.2,8.8
41.637716,-0.897906,659074141,Universidad,square,0.5236,0.0454,0.3629,0.9942,0.5068,0.5415,0.5191,0.5989,0.7486,3.9,3.9,4,3.9,4.2,4.7
41.667056,-0.88785,669310415,"Actur-Rey Fernando",main_street,0.4411,0.3508,0.1993,0.9641,0.4312,0.4592,0.4426,0.4934,0.6211,4.1,4.1,4.2,4.1,4.3,4.7
41.666885,-0.887656,669310415,"Actur-Rey Fernando",main_street,0.4357,0.3484,0.1993,0.9744,0.4267,0.4493,0.4374,0.4842,0.6183,4.1,4.1,4.2,4.1,4.3,4.7
41.666714,-0.88746,669310415,"Actur-Rey Fernando",main_street,0.4293,0.3484,0.1993,0.9805,0.4213,0.4388,0.4319,0.4729,0.6133,4.1,4.1,4.1,4.1,4.2,4.7
41.666543,-0.887265,669310415,"Actur-Rey Fernando",main_street,0.4135,0.3484,0.1993,0.9809,0.4055,0.4213,0.4172,0.4515,0.5913,4,4,4.1,4.1,4.2,4.6
41.666372,-0.88707,669310415,"Actur-Rey Fernando",main_street,0.3898,0.3484,0.197,0.9798,0.38,0.3913,0.3934,0.4224,0.5424,4,3.9,4,4,4.1,4.5
41.646532,-0.897689,669494369,Delicias,side_street,0.6071,0.1455,0.9938,0.2093,0.6197,0.6256,0.5859,0.5955,0.6328,4.9,5,5,4.8,4.8,5
41.646327,-0.897567,669494369,Delicias,side_street,0.6304,0.1455,0.9957,0.1547,0.6512,0.6514,0.6119,0.6197,0.6498,5,5,5,4.9,4.9,5
41.660622,-0.868575,670075265,"El Rabal",main_street,0.2017,0.9204,0.3145,0.383,0.1874,0.2029,0.211,0.2463,0.2525,4.5,4.4,4.5,4.5,4.6,4.6
41.660512,-0.868838,670075265,"El Rabal",main_street,0.2069,0.9222,0.3145,0.3999,0.1953,0.2076,0.2174,0.2508,0.2561,4.5,4.5,4.5,4.5,4.6,4.6
41.660402,-0.8691,670075265,"El Rabal",main_street,0.2092,0.9222,0.3145,0.3864,0.1979,0.2107,0.2186,0.2537,0.2663,4.5,4.5,4.5,4.5,4.6,4.7
41.661268,-0.867057,670075266,"El Rabal",main_street,0.1827,0.9247,0.2988,0.6648,0.1641,0.1895,0.1899,0.2353,0.2631,4.6,4.6,4.6,4.7,4.8,4.9
41.65963,-0.911557,670990754,"La Almozara",side_street,0.0732,0.1551,0.1523,0.778,0.0707,0.0872,0.0711,0.095,0.1591,2,2,2.1,2.1,2.2,2.4
41.659552,-0.911275,670990754,"La Almozara",side_street,0.0763,0.1551,0.1523,0.8308,0.0732,0.0899,0.0729,0.0978,0.1672,2.1,2.1,2.2,2.1,2.3,2.5
41.65931,-0.910409,670990755,"La Almozara",side_street,0.0801,0.1877,0.1523,0.7986,0.0759,0.095,0.077,0.104,0.1718,2.2,2.2,2.3,2.2,2.3,2.6
41.637689,-0.894817,671165259,Universidad,main_street,0.4552,0.9866,0.3674,0.5555,0.4512,0.4691,0.4497,0.5,0.6333,6.2,6.1,6.2,6.1,6.4,7.3
41.637835,-0.894895,671165262,Universidad,main_street,0.4866,0.9874,0.3674,0.5859,0.4821,0.4999,0.4787,0.5352,0.6621,6.4,6.4,6.4,6.3,6.7,7.5
41.640953,-0.891004,671221221,Universidad,main_street,0.7537,0.9664,0.417,0.4634,0.7585,0.747,0.7548,0.7462,0.7545,7.9,8,7.9,7.9,7.9,8
41.640899,-0.890712,671221221,Universidad,main_street,0.7322,0.9655,0.4164,0.47,0.7401,0.7302,0.7336,0.7251,0.733,7.8,7.9,7.8,7.8,7.8,7.9
41.641185,-0.892472,671221222,Universidad,main_street,0.8396,0.9544,0.4134,0.7328,0.8419,0.8284,0.8361,0.8424,0.8533,8.9,8.9,8.8,8.8,8.9,9
41.641135,-0.892179,671221222,Universidad,main_street,0.8249,0.9544,0.4164,0.7397,0.826,0.8127,0.8219,0.8266,0.8339,8.8,8.8,8.7,8.7,8.8,8.9
41.641091,-0.891884,671221222,Universidad,main_street,0.8082,0.9446,0.4181,0.6959,0.8111,0.7983,0.8079,0.8082,0.8139,8.5,8.6,8.5,8.5,8.5,8.6
41.641455,-0.893144,671221223,Universidad,main_street,0.8708,0.9414,0.4125,0.9334,0.8701,0.8567,0.8653,0.8802,0.8836,9.2,9.2,9.2,9.2,9.3,9.4
41.64133,-0.892895,671221223,Universidad,main_street,0.8584,0.9414,0.41,0.8951,0.8609,0.8471,0.855,0.8683,0.8722,9.1,9.1,9.1,9.1,9.2,9.2
41.641215,-0.892637,671221223,Universidad,main_street,0.8448,0.9387,0.4115,0.8322,0.8486,0.8349,0.8414,0.8506,0.8609,9,9,8.9,9,9,9.1
41.641774,-0.893755,671221224,Universidad,main_street,0.885,0.8277,0.41,0.9539,0.8796,0.8689,0.877,0.8927,0.8967,8.9,8.8,8.8,8.8,8.9,9
41.641645,-0.893508,671221224,Universidad,main_street,0.8837,0.8277,0.4089,0.9529,0.8793,0.8674,0.8765,0.8913,0.8932,8.9,8.8,8.8,8.8,8.9,9
41.642575,-0.89526,671221225,Universidad,main_street,0.8184,0.7549,0.41,0.8349,0.8176,0.8095,0.8151,0.8368,0.8656,7.9,7.9,7.9,7.9,8.1,8.3
41.644474,-0.898816,671221229,Universidad,main_street,0.4442,0.5324,0.3836,0.4477,0.4565,0.463,0.4408,0.443,0.5216,4.5,4.5,4.5,4.5,4.5,4.7
41.644728,-0.899272,671221230,Universidad,main_street,0.4125,0.556,0.3823,0.5358,0.4245,0.4257,0.4097,0.3984,0.4494,4.5,4.6,4.5,4.5,4.4,4.6
41.655862,-0.902658,672036668,"La Almozara",secondary_street,0.3941,0.8058,0.1669,0.156,0.3855,0.3886,0.3933,0.4163,0.46,4.4,4.3,4.3,4.4,4.5,4.6
41.654269,-0.877673,677652440,"Casco Histórico",side_street,0.9777,0.7705,0.6135,0.3714,0.9675,0.9806,0.9796,0.9902,0.9941,8.9,8.8,9,8.9,9,9.1
41.654399,-0.877918,677652440,"Casco Histórico",side_street,0.9758,0.7631,0.6124,0.3486,0.9666,0.9799,0.9789,0.9898,0.9936,8.8,8.7,8.9,8.9,8.9,9
41.654529,-0.878164,677652440,"Casco Histórico",side_street,0.9741,0.7631,0.6153,0.3126,0.9645,0.9784,0.9764,0.988,0.9924,8.8,8.7,8.8,8.8,8.9,8.9
41.651735,-0.873399,677768906,"Casco Histórico",secondary_street,0.6707,0.9952,0.5818,0.418,0.6238,0.7166,0.6661,0.7585,0.8366,8,7.7,8.3,8,8.5,9.1
41.65207,-0.872999,677768906,"Casco Histórico",secondary_street,0.6143,0.9752,0.5774,0.5866,0.5776,0.6528,0.6051,0.7148,0.7972,7.8,7.6,8.1,7.7,8.4,9
41.652244,-0.872808,677768906,"Casco Histórico",secondary_street,0.5861,0.9752,0.5714,0.6692,0.5534,0.6217,0.5789,0.6839,0.7804,7.7,7.5,8,7.7,8.3,9
41.652771,-0.872244,677768906,"Casco Histórico",secondary_street,0.4938,0.9787,0.5627,0.7825,0.4703,0.5339,0.4914,0.5728,0.7135,7.3,7.1,7.6,7.3,7.9,8.7
41.652945,-0.872053,677768906,"Casco Histórico",secondary_street,0.457,0.9801,0.5594,0.7377,0.4387,0.4878,0.4558,0.5322,0.6676,6.9,6.8,7.2,6.9,7.5,8.4
41.65312,-0.871865,677768906,"Casco Histórico",secondary_street,0.4235,0.9949,0.5544,0.7166,0.4114,0.446,0.4235,0.4763,0.6227,6.8,6.7,6.9,6.8,7.1,8.2
41.641093,-0.884043,677934743,Centro,main_street,0.7329,0.7506,0.6768,0.8013,0.7393,0.7253,0.7453,0.7141,0.6429,8.2,8.2,8.1,8.3,8.1,7.6
41.651871,-0.879948,677962430,"Casco Histórico",secondary_street,0.9972,0.9857,0.662,0.6232,0.9994,0.9983,0.9958,0.9839,0.9753,9.9,9.9,9.9,9.9,9.9,9.9
41.652001,-0.880758,677962431,Centro,secondary_street,0.9919,0.9854,0.7966,0.8154,0.9976,0.9929,0.9895,0.9789,0.9717,10,10,10,10,10,10
41.651195,-0.881244,678087826,Centro,side_street,0.9953,0.2693,0.8164,0.8974,1,0.9956,0.9922,0.972,0.9603,8.2,8.2,8.2,8.1,8,8
41.651102,-0.88097,678087826,Centro,side_street,0.9941,0.2693,0.8135,0.8402,0.9999,0.9939,0.9917,0.9729,0.9607,8,8.1,8,8,7.9,7.9
41.651008,-0.880697,678087826,Centro,side_street,0.9934,0.2693,0.8026,0.7627,0.9996,0.9925,0.991,0.9736,0.9613,7.8,7.9,7.8,7.8,7.7,7.7
41.655754,-0.895061,678695567,Delicias,main_street,0.3587,0.9718,0.971,0.9197,0.3789,0.383,0.343,0.341,0.3932,7.9,8.1,8.1,7.8,7.9,8.2
41.655793,-0.894764,678695567,Delicias,main_street,0.3735,0.9718,0.9674,0.9182,0.3922,0.394,0.3612,0.3559,0.4045,8,8.2,8.2,7.9,7.9,8.3
41.655831,-0.894468,678695567,Delicias,main_street,0.3836,0.9722,0.9674,0.9108,0.3999,0.4026,0.3761,0.366,0.412,8.1,8.2,8.2,8.1,8,8.3
41.655603,-0.896058,678695568,Delicias,main_street,0.3084,0.9761,0.9542,0.8563,0.3209,0.3376,0.2941,0.3086,0.3684,7.5,7.6,7.7,7.4,7.5,7.9
41.65615,-0.893145,678695570,"Casco Histórico",secondary_street,0.4039,0.5617,0.5449,0.8484,0.4105,0.4169,0.4033,0.3971,0.4261,5.1,5.1,5.1,5.1,5,5.1
41.656189,-0.893441,678695570,"Casco Histórico",secondary_street,0.4049,0.6046,0.5436,0.8601,0.4137,0.4211,0.4025,0.3946,0.4223,5.2,5.3,5.3,5.2,5.2,5.3
41.658319,-0.900877,679010000,"La Almozara",side_street,0.1009,0.1063,0.1669,0.0704,0.0992,0.1129,0.0914,0.1278,0.1661,1.1,1.1,1.1,1,1.2,1.4
41.658414,-0.901149,679010000,"La Almozara",side_street,0.0954,0.1063,0.1656,0.0865,0.095,0.1051,0.0879,0.1194,0.155,1.1,1.1,1.1,1,1.2,1.4
41.650358,-0.882089,679016810,Centro,side_street,0.9787,0.3972,0.8078,0.6956,0.9873,0.9764,0.9788,0.9616,0.9457,8.3,8.4,8.3,8.3,8.2,8.2
41.650317,-0.881793,679016810,Centro,side_street,0.9804,0.3972,0.8135,0.6747,0.9891,0.9785,0.9811,0.963,0.9469,8.3,8.4,8.3,8.3,8.2,8.1
41.650269,-0.881499,679016810,Centro,side_street,0.9811,0.4512,0.8106,0.6509,0.9904,0.9795,0.9821,0.9642,0.947,8.5,8.5,8.5,8.5,8.4,8.3
41.650216,-0.881207,679016810,Centro,side_street,0.9822,0.4512,0.8135,0.6136,0.991,0.9801,0.9825,0.9645,0.9464,8.4,8.5,8.4,8.5,8.3,8.3
41.650151,-0.880919,679016810,Centro,side_street,0.9802,0.4332,0.8209,0.5598,0.9897,0.9788,0.9804,0.9624,0.9456,8.3,8.4,8.3,8.3,8.2,8.2
41.650065,-0.880642,679016810,Centro,side_street,0.9775,0.4158,0.8164,0.4928,0.985,0.9763,0.9757,0.9603,0.945,8.1,8.1,8.1,8.1,8,7.9
41.649969,-0.880359,679016811,Centro,side_street,0.9703,0.4018,0.8135,0.4158,0.9765,0.97,0.9682,0.9565,0.9433,7.8,7.8,7.8,7.8,7.8,7.7
41.649878,-0.880084,679016811,Centro,side_street,0.9625,0.4018,0.8051,0.3492,0.9685,0.9624,0.9606,0.9517,0.9388,7.6,7.7,7.6,7.6,7.6,7.5
41.649786,-0.879809,679016811,Centro,side_street,0.9538,0.4018,0.8135,0.3274,0.9549,0.9545,0.9419,0.9459,0.9354,7.6,7.6,7.6,7.5,7.5,7.4
41.644829,-0.88552,679019849,Centro,side_street,0.8655,0.746,0.7719,0.7657,0.8751,0.8469,0.88,0.8238,0.7367,9.2,9.2,9.1,9.2,9,8.4
41.644807,-0.885221,679019849,Centro,side_street,0.8689,0.7154,0.7617,0.7176,0.8765,0.8486,0.8841,0.8262,0.7333,9,9,8.9,9.1,8.7,8.2
41.644783,-0.884922,679019849,Centro,side_street,0.8724,0.7154,0.7638,0.6378,0.878,0.8495,0.8879,0.8284,0.7311,8.9,8.9,8.7,9,8.6,8.1
41.644759,-0.884623,679019849,Centro,side_street,0.8773,0.7154,0.7581,0.3421,0.8814,0.8512,0.8913,0.8317,0.7274,8.4,8.5,8.3,8.5,8.2,7.5
41.644762,-0.884325,679019849,Centro,side_street,0.8824,0.7425,0.7517,0.288,0.8864,0.8536,0.896,0.8388,0.7316,8.5,8.5,8.3,8.5,8.2,7.5
41.647774,-0.884089,679019850,Centro,main_street,0.912,0.8227,0.8303,0.9559,0.9187,0.9135,0.9213,0.8933,0.8482,9.9,9.9,9.9,9.9,9.8,9.7
41.647655,-0.884344,679019850,Centro,main_street,0.8997,0.8227,0.8322,0.9699,0.9067,0.8998,0.9091,0.8837,0.8354,9.8,9.8,9.8,9.9,9.8,9.7
41.639277,-0.873918,679024367,"San José",main_street,0.4837,0.8985,0.4934,0.8966,0.4908,0.4679,0.4866,0.4606,0.4746,6.8,6.8,6.7,6.8,6.7,6.8
41.639497,-0.873858,679024367,"San José",main_street,0.4919,0.8985,0.4934,0.9046,0.4977,0.476,0.4942,0.4736,0.4999,6.8,6.9,6.8,6.9,6.7,6.9
41.639717,-0.873799,679024367,"San José",main_street,0.4945,0.8985,0.4922,0.9029,0.4973,0.4796,0.4956,0.4843,0.5178,6.8,6.8,6.8,6.9,6.8,7
41.64449,-0.877177,679024368,"San José",main_street,0.6302,0.1221,0.5355,0.8074,0.6272,0.6494,0.621,0.6672,0.7326,4.6,4.6,4.7,4.6,4.7,5
41.643901,-0.876562,679024370,"San José",main_street,0.5928,0.7612,0.5349,0.7308,0.5855,0.601,0.5876,0.6256,0.683,6.7,6.7,6.7,6.7,6.9,7.3
41.644096,-0.876712,679024370,"San José",main_street,0.6094,0.7612,0.5349,0.7541,0.6009,0.619,0.6006,0.6388,0.7049,6.8,6.8,6.9,6.8,7,7.5
41.644291,-0.876862,679024370,"San José",main_street,0.6189,0.7612,0.5344,0.7848,0.614,0.634,0.6111,0.6536,0.7217,6.9,6.9,7,6.9,7.2,7.7
41.644486,-0.877011,679024370,"San José",main_street,0.6365,0.9323,0.5349,0.8118,0.6327,0.6525,0.6259,0.6706,0.7322,8,7.9,8.1,7.9,8.2,8.6
41.644681,-0.877161,679024370,"San José",main_street,0.648,0.9363,0.5358,0.8084,0.645,0.6649,0.634,0.6805,0.7388,8.1,8.1,8.2,8,8.3,8.6
41.648687,-0.883798,679025346,Centro,side_street,0.9332,0.3742,0.8282,0.9026,0.9371,0.9415,0.932,0.9175,0.8828,8.3,8.3,8.3,8.3,8.2,8
41.64855,-0.883559,679025346,Centro,side_street,0.9373,0.3742,0.8293,0.8574,0.9404,0.944,0.9384,0.9223,0.884,8.3,8.3,8.3,8.3,8.2,8
41.648413,-0.883321,679025346,Centro,side_street,0.9421,0.2903,0.8316,0.7921,0.9452,0.9456,0.9436,0.9264,0.8827,7.7,7.8,7.8,7.7,7.7,7.4
41.648276,-0.883083,679025346,Centro,side_street,0.943,0.333,0.8316,0.7248,0.9466,0.9454,0.9464,0.9258,0.8765,7.9,7.9,7.9,7.9,7.8,7.4
41.643675,-0.879818,679122849,Centro,main_street,0.6343,0.635,0.6841,0.4965,0.6205,0.6358,0.6434,0.669,0.6817,6.5,6.4,6.5,6.5,6.7,6.8
41.643796,-0.879564,679122849,Centro,main_street,0.6327,0.6278,0.6855,0.5741,0.6191,0.6389,0.6367,0.672,0.7012,6.6,6.5,6.6,6.6,6.8,7
41.644162,-0.878806,679122849,Centro,main_street,0.6437,0.6275,0.687,0.7701,0.632,0.6573,0.6372,0.6936,0.7414,6.9,6.8,7,6.9,7.3,7.6
41.644283,-0.878552,679122849,Centro,main_street,0.6454,0.6422,0.687,0.7908,0.6338,0.6611,0.6351,0.6949,0.7469,7,6.9,7.2,7,7.4,7.8
41.643452,-0.880281,679122850,Centro,main_street,0.6492,0.8468,0.6824,0.3673,0.6337,0.6416,0.6744,0.6707,0.646,7.4,7.3,7.4,7.5,7.5,7.4
41.642866,-0.882252,679124186,Centro,side_street,0.7494,0.7961,0.6999,0.4635,0.7486,0.7301,0.7689,0.733,0.6237,8,8,7.9,8.2,7.9,7.2
41.643194,-0.885768,679124191,Centro,side_street,0.8122,0.4415,0.734,0.8086,0.8208,0.7982,0.8215,0.776,0.7031,7.4,7.4,7.3,7.4,7.1,6.7
41.643166,-0.885469,679124191,Centro,side_street,0.8127,0.431,0.7291,0.798,0.8209,0.7979,0.8232,0.7767,0.697,7.3,7.3,7.2,7.4,7,6.6
41.643138,-0.885171,679124191,Centro,side_street,0.8142,0.431,0.7291,0.7633,0.8224,0.7986,0.8252,0.7795,0.6967,7.2,7.3,7.1,7.3,7,6.5
41.643111,-0.884872,679124191,Centro,side_street,0.814,0.4211,0.7312,0.6974,0.8212,0.798,0.8262,0.7805,0.6963,7,7.1,6.9,7.1,6.9,6.3
41.637844,-0.894909,679427968,Universidad,main_street,0.4894,0.8611,0.3674,0.59,0.4843,0.5023,0.4798,0.5375,0.6641,5.9,5.9,5.9,5.8,6.1,6.9
41.64537,-0.889327,679866963,Centro,side_street,0.9105,0.8502,0.7539,0.8536,0.9323,0.9046,0.9129,0.8681,0.8195,9.8,9.8,9.7,9.8,9.6,9.4
41.638615,-0.907675,680227900,Universidad,secondary_street,0.2475,0.8144,0.3524,0.2076,0.2506,0.247,0.2412,0.2431,0.3226,4.2,4.3,4.3,4.2,4.2,4.5
41.638814,-0.907812,680227900,Universidad,secondary_street,0.2499,0.8126,0.3524,0.1678,0.2493,0.2517,0.2455,0.2605,0.3404,4.2,4.2,4.2,4.2,4.3,4.5
41.638327,-0.886998,680229130,Universidad,side_street,0.5114,0.1521,0.3875,0.7421,0.5161,0.5243,0.5261,0.5102,0.5116,4,4,4,4,4,4
41.646071,-0.868672,680989287,"Las Fuentes",main_street,0.3468,0.9585,0.2379,0.6205,0.3513,0.3433,0.3383,0.328,0.3086,5.2,5.2,5.2,5.2,5.1,5
41.646322,-0.868952,680989290,"Las Fuentes",main_street,0.3564,0.9435,0.2386,0.7056,0.3602,0.352,0.3465,0.3369,0.3195,5.3,5.3,5.3,5.3,5.2,5.1
41.648323,-0.901914,681491179,Delicias,main_street,0.3744,0.603,0.946,0.2463,0.3772,0.3713,0.3704,0.378,0.408,5.3,5.3,5.3,5.3,5.3,5.5
41.648402,-0.901634,681491179,Delicias,main_street,0.3865,0.5967,0.9674,0.2568,0.3875,0.3844,0.3817,0.3891,0.4281,5.4,5.5,5.4,5.4,5.4,5.6
41.648495,-0.90136,681491179,Delicias,main_street,0.3919,0.5967,0.9674,0.2764,0.3925,0.3881,0.3854,0.3916,0.4286,5.5,5.5,5.5,5.5,5.5,5.7
41.648774,-0.900538,681491179,Delicias,main_street,0.4114,0.6139,0.9775,0.3177,0.4146,0.4117,0.4059,0.408,0.4391,5.8,5.8,5.7,5.7,5.7,5.9
41.643131,-0.90567,682115582,Universidad,main_street,0.2248,0.6865,0.358,0.6826,0.2313,0.2321,0.2247,0.2178,0.2339,4.3,4.3,4.3,4.3,4.2,4.3
41.643221,-0.905394,682115582,Universidad,main_street,0.2089,0.6589,0.3572,0.6789,0.2206,0.215,0.2031,0.1871,0.1971,4.1,4.2,4.2,4.1,4.1,4.1
41.64331,-0.905118,682115582,Universidad,main_street,0.1962,0.6589,0.3572,0.6737,0.2101,0.2031,0.1878,0.1596,0.167,4.1,4.1,4.1,4.1,4,4
41.640515,-0.884069,682118841,"San José",side_street,0.6964,0.936,0.5282,0.8101,0.6954,0.6837,0.7086,0.6798,0.6224,8.4,8.4,8.3,8.4,8.3,7.9
41.64071,-0.884218,682118841,"San José",side_street,0.7206,0.9401,0.5282,0.8235,0.7253,0.7133,0.7292,0.7053,0.641,8.5,8.6,8.5,8.6,8.4,8.1
41.645956,-0.869496,682256008,"Las Fuentes",main_street,0.4083,0.6105,0.24,0.7516,0.4122,0.4018,0.4001,0.3884,0.3739,4.6,4.6,4.5,4.5,4.5,4.4
41.646022,-0.870067,682256009,"Las Fuentes",main_street,0.4445,0.5514,0.2405,0.7607,0.4534,0.4456,0.4357,0.4281,0.4141,4.6,4.6,4.6,4.5,4.5,4.4
41.645977,-0.869773,682256009,"Las Fuentes",main_street,0.4245,0.5627,0.2414,0.7555,0.4283,0.4228,0.4175,0.4046,0.3876,4.5,4.5,4.5,4.5,4.4,4.3
41.64615,-0.872066,682256011,"Las Fuentes",main_street,0.6587,0.5807,0.2428,0.9081,0.6915,0.6639,0.6273,0.6101,0.6051,5.8,5.9,5.8,5.6,5.5,5.4
41.640895,-0.873497,682302089,"San José",main_street,0.5464,0.9067,0.4965,0.8655,0.5383,0.5383,0.548,0.5611,0.5938,7.2,7.1,7.2,7.2,7.3,7.5
41.644589,-0.870481,682529758,"Las Fuentes",main_street,0.5529,0.5054,0.2395,0.6832,0.552,0.5546,0.5448,0.5548,0.564,4.7,4.7,4.8,4.7,4.7,4.7
41.644765,-0.870668,682529758,"Las Fuentes",main_street,0.5588,0.5054,0.2395,0.7626,0.5606,0.5636,0.5503,0.5568,0.5661,4.8,4.9,4.9,4.8,4.8,4.8
41.639117,-0.87572,682785197,Centro,side_street,0.5184,0.9691,0.6673,0.7712,0.5294,0.5066,0.5218,0.4845,0.4459,7.7,7.8,7.7,7.7,7.5,7.3
41.649023,-0.884397,686267755,Centro,side_street,0.9237,0.3927,0.8293,0.9464,0.9296,0.9316,0.923,0.9079,0.8755,8.4,8.4,8.4,8.4,8.3,8.2
41.649344,-0.887341,686267756,Centro,main_street,0.8041,0.9928,0.7663,0.9936,0.8195,0.8068,0.8101,0.7801,0.7776,9.9,9.9,9.9,9.9,9.8,9.8
41.653343,-0.902469,686269303,Delicias,secondary_street,0.5007,0.5856,0.8995,0.1909,0.5018,0.5081,0.4867,0.5184,0.5709,5.7,5.8,5.8,5.7,5.8,6.1
41.653556,-0.902566,686269303,Delicias,secondary_street,0.5093,0.5856,0.8891,0.2083,0.5113,0.5185,0.4963,0.5284,0.5838,5.8,5.8,5.8,5.7,5.9,6.2
41.653769,-0.902663,686269303,Delicias,secondary_street,0.5124,0.5856,0.8699,0.2268,0.5147,0.5206,0.4997,0.5311,0.5851,5.8,5.8,5.8,5.7,5.8,6.1
41.654022,-0.902476,686269304,Delicias,secondary_street,0.5034,0.7196,0.8699,0.2742,0.5031,0.5096,0.4928,0.5259,0.5824,6.3,6.3,6.3,6.2,6.5,6.8
41.654247,-0.902467,686269304,Delicias,secondary_street,0.4931,0.7077,0.8617,0.3108,0.4894,0.4972,0.4818,0.5187,0.5779,6.2,6.2,6.3,6.2,6.4,6.8
41.654471,-0.902461,686269304,Delicias,secondary_street,0.4829,0.7077,0.8561,0.3431,0.4781,0.4859,0.4723,0.5106,0.5711,6.2,6.2,6.2,6.1,6.4,6.8
41.654696,-0.902455,686269304,Delicias,secondary_street,0.4724,0.7199,0.8561,0.359,0.4675,0.4763,0.4642,0.5007,0.5653,6.2,6.2,6.2,6.2,6.4,6.8
41.633944,-0.900808,686293661,Universidad,side_street,0.1015,0.0452,0.347,0.4845,0.0989,0.1164,0.106,0.1273,0.2169,1.9,1.9,1.9,1.9,2.1,2.4
41.640309,-0.887979,686694378,Universidad,main_street,0.6577,0.9776,0.401,0.8717,0.6646,0.6659,0.6702,0.6508,0.6457,8,8,8.1,8.1,8,8
41.640215,-0.887706,686694378,Universidad,main_street,0.6604,0.9776,0.398,0.8809,0.6666,0.67,0.6743,0.6553,0.6487,8,8.1,8.1,8.1,8,8
41.640121,-0.887433,686694378,Universidad,main_street,0.6697,0.9776,0.3968,0.8946,0.6743,0.6779,0.6813,0.6638,0.6563,8.1,8.1,8.2,8.2,8.1,8.1
41.640027,-0.88716,686694378,Universidad,main_street,0.6799,0.9776,0.3961,0.9073,0.6832,0.6884,0.6906,0.6716,0.6596,8.2,8.2,8.2,8.3,8.1,8.1
41.639935,-0.886885,686694378,Universidad,main_street,0.6846,0.9821,0.3951,0.9161,0.6897,0.6945,0.694,0.6718,0.6572,8.3,8.3,8.3,8.3,8.2,8.1
41.660254,-0.8696,686915636,"El Rabal",side_street,0.2182,0.8785,0.3145,0.4199,0.2035,0.221,0.2258,0.2682,0.3003,4.4,4.4,4.4,4.5,4.6,4.7
41.658344,-0.875009,686919532,"El Rabal",main_street,0.3875,0.6816,0.3442,0.5236,0.3807,0.4015,0.3833,0.393,0.4389,4.7,4.7,4.7,4.7,4.7,4.8
41.653901,-0.902563,687169933,Delicias,main_street,0.5083,0.9008,0.8699,0.2531,0.5092,0.5158,0.4967,0.5293,0.5842,7.1,7.1,7.2,7,7.3,7.7
41.653951,-0.902371,687169935,Delicias,main_street,0.5023,0.5544,0.8699,0.2708,0.501,0.5083,0.4911,0.5249,0.5825,5.6,5.7,5.7,5.6,5.7,6.1
41.654023,-0.902087,687169935,Delicias,main_street,0.4924,0.5471,0.8699,0.3005,0.4884,0.4986,0.4799,0.5199,0.5844,5.6,5.6,5.6,5.5,5.7,6.1
41.654097,-0.901803,687169935,Delicias,main_street,0.4819,0.5344,0.8796,0.3257,0.4782,0.4874,0.4692,0.5085,0.5739,5.5,5.5,5.6,5.5,5.7,6
41.654172,-0.901519,687169935,Delicias,main_street,0.4715,0.5344,0.8796,0.3334,0.4695,0.4811,0.4613,0.497,0.5635,5.5,5.5,5.6,5.5,5.6,6
41.654248,-0.901235,687169935,Delicias,main_street,0.4637,0.5671,0.8891,0.3153,0.4642,0.475,0.4544,0.4852,0.557,5.6,5.6,5.7,5.5,5.7,6.1
41.654009,-0.897784,687232091,Delicias,main_street,0.2773,0.3929,0.9616,0.2025,0.2807,0.3038,0.2684,0.2928,0.3509,4.3,4.3,4.4,4.3,4.4,4.5
41.653831,-0.897605,687232091,Delicias,main_street,0.2654,0.431,0.9674,0.1939,0.2682,0.2877,0.2545,0.2812,0.3379,4.4,4.4,4.5,4.3,4.4,4.6
41.650737,-0.898471,687232108,Delicias,main_street,0.3388,0.7821,0.9775,0.0697,0.3362,0.3389,0.3417,0.3443,0.3245,5.7,5.7,5.7,5.7,5.7,5.6
41.650064,-0.89873,687232111,Delicias,main_street,0.3855,0.7839,0.9864,0.1856,0.3833,0.3811,0.3878,0.386,0.372,6.1,6.1,6.1,6.1,6.1,6.1
41.640088,-0.885901,687315318,Centro,main_street,0.7116,0.9734,0.6781,0.9514,0.7185,0.7165,0.7145,0.699,0.673,9.2,9.3,9.3,9.3,9.2,9.1
41.639987,-0.886169,687315318,Centro,main_street,0.7068,0.9746,0.6781,0.9381,0.7131,0.711,0.7099,0.6932,0.6649,9.2,9.3,9.2,9.2,9.2,9
41.642802,-0.888405,687315319,Universidad,side_street,0.8208,0.5976,0.4411,0.7094,0.8359,0.8111,0.8246,0.7859,0.7565,7,7.1,7,7,6.8,6.7
41.640621,-0.895416,687322362,Universidad,main_street,0.8031,0.5806,0.3911,0.9644,0.801,0.799,0.7959,0.8352,0.9002,7.1,7,7.1,7,7.3,7.8
41.640434,-0.895583,687322362,Universidad,main_street,0.7964,0.5399,0.3901,0.9494,0.7937,0.792,0.7865,0.8235,0.8876,6.8,6.8,6.8,6.8,7,7.4
41.640249,-0.895754,687322362,Universidad,main_street,0.7879,0.5399,0.3843,0.9487,0.7856,0.7855,0.7776,0.8136,0.8787,6.7,6.7,6.7,6.7,6.9,7.4
41.640065,-0.895927,687322362,Universidad,main_street,0.7828,0.4954,0.3807,0.9299,0.7784,0.7793,0.7712,0.8071,0.8703,6.5,6.5,6.5,6.4,6.6,7
41.639881,-0.896098,687322362,Universidad,main_street,0.7729,0.4954,0.3768,0.9295,0.7688,0.7671,0.7613,0.7959,0.8625,6.4,6.4,6.4,6.3,6.6,7
41.639696,-0.896269,687322362,Universidad,main_street,0.7617,0.4954,0.3761,0.9382,0.7581,0.7576,0.7524,0.785,0.851,6.4,6.3,6.3,6.3,6.5,6.9
41.639511,-0.896441,687322362,Universidad,main_street,0.7506,0.4954,0.3746,0.9374,0.7483,0.7473,0.7441,0.7746,0.8388,6.3,6.3,6.3,6.3,6.5,6.8
41.639326,-0.896612,687322362,Universidad,main_street,0.7339,0.4954,0.3727,0.9474,0.7322,0.7346,0.7258,0.7619,0.8246,6.2,6.2,6.2,6.2,6.4,6.8
41.639141,-0.896783,687322362,Universidad,main_street,0.7171,0.4954,0.3727,0.959,0.7072,0.7206,0.7069,0.7452,0.8119,6.1,6.1,6.2,6.1,6.3,6.7
41.649952,-0.909455,687532267,Delicias,main_street,0.5849,0.8198,0.9358,0.0756,0.5893,0.5748,0.5852,0.5729,0.5801,7.2,7.2,7.1,7.2,7.1,7.1
41.649813,-0.909395,687532268,Delicias,main_street,0.57,0.4806,0.946,0.0466,0.5753,0.5608,0.5721,0.5622,0.5698,5.6,5.7,5.6,5.6,5.5,5.6
41.6496,-0.909301,687532268,Delicias,main_street,0.5462,0.4641,0.9358,0.036,0.5495,0.5358,0.5482,0.5415,0.556,5.4,5.4,5.3,5.4,5.3,5.4
41.649385,-0.909214,687532268,Delicias,main_street,0.5137,0.4651,0.9358,0.0095,0.516,0.5007,0.5181,0.5196,0.5431,5.2,5.2,5.1,5.2,5.2,5.3
41.639616,-0.902307,688357629,Universidad,main_street,0.2202,0.6748,0.3572,0.5914,0.2309,0.2263,0.1995,0.1889,0.225,4.1,4.2,4.2,4.1,4,4.1
41.639439,-0.90217,688357632,Universidad,side_street,0.2431,0.2992,0.3566,0.5719,0.2521,0.2489,0.2244,0.2175,0.2638,3.3,3.3,3.3,3.2,3.2,3.4
41.639367,-0.902045,688357635,Universidad,main_street,0.2544,0.5566,0.3566,0.5907,0.2616,0.2599,0.235,0.2342,0.2784,4,4,4,3.9,3.9,4
41.639236,-0.9018,688357635,Universidad,main_street,0.2675,0.5566,0.3557,0.6102,0.2744,0.2787,0.2544,0.2588,0.3156,4,4.1,4.1,4,4,4.2
41.645334,-0.871291,688492600,"Las Fuentes",main_street,0.594,0.6091,0.2423,0.8724,0.6042,0.6006,0.5779,0.5738,0.5776,5.5,5.5,5.5,5.4,5.4,5.4
41.645504,-0.871488,688492600,"Las Fuentes",main_street,0.6083,0.6091,0.2423,0.8937,0.6211,0.615,0.5872,0.5793,0.5786,5.6,5.7,5.6,5.5,5.4,5.4
41.645845,-0.871882,688492600,"Las Fuentes",main_street,0.6474,0.6091,0.2425,0.9202,0.6758,0.6538,0.6191,0.6034,0.5975,5.8,6,5.8,5.7,5.6,5.5
41.646014,-0.872079,688492600,"San José",main_street,0.6631,0.6345,0.5133,0.9165,0.6964,0.669,0.6309,0.6126,0.604,6.8,6.9,6.8,6.6,6.5,6.4
41.640777,-0.867004,688508522,"San José",main_street,0.3192,0.5776,0.4471,0.0456,0.3023,0.3092,0.3354,0.3416,0.3222,3.9,3.9,3.9,4,4,3.9
41.6404,-0.866677,688508522,"Las Fuentes",main_street,0.2698,0.5646,0.2286,0.0449,0.2595,0.2631,0.2884,0.2883,0.252,3.4,3.3,3.4,3.4,3.5,3.3
41.641066,-0.867229,688508523,"Las Fuentes",secondary_street,0.3549,0.7764,0.2306,0.039,0.3372,0.343,0.3756,0.3766,0.3553,4.2,4.1,4.1,4.2,4.2,4.2
41.640983,-0.867197,688508524,"San José",main_street,0.3477,0.6128,0.448,0.0401,0.331,0.3365,0.3663,0.3705,0.3519,4.1,4.1,4.1,4.2,4.2,4.1
41.64122,-0.86741,688508525,"San José",main_street,0.379,0.5547,0.448,0.0334,0.3601,0.3635,0.3968,0.3985,0.3741,4.1,4,4,4.1,4.1,4
41.6416,-0.867739,688508526,"San José",main_street,0.4203,0.4936,0.4609,0.0237,0.4087,0.4107,0.4305,0.4415,0.4271,4.1,4,4,4.1,4.1,4.1
41.641412,-0.867575,688508526,"Las Fuentes",main_street,0.4002,0.4936,0.2318,0.0281,0.3857,0.3861,0.4127,0.4187,0.3958,3.6,3.6,3.6,3.7,3.7,3.6
41.641913,-0.868016,688508527,"San José",main_street,0.4544,0.7269,0.4609,0.0157,0.4412,0.4474,0.4627,0.4787,0.4884,4.8,4.7,4.8,4.8,4.9,4.9
41.641726,-0.86785,688508527,"Las Fuentes",main_street,0.4347,0.7269,0.2329,0.0199,0.424,0.4285,0.444,0.4558,0.4521,4.3,4.3,4.3,4.3,4.4,4.3
41.642588,-0.868623,688508528,"Las Fuentes",main_street,0.4967,0.6181,0.2341,0.0174,0.486,0.4918,0.497,0.5254,0.5521,4.2,4.2,4.2,4.2,4.3,4.4
41.642401,-0.868457,688508528,"Las Fuentes",main_street,0.4881,0.6146,0.2333,0.0119,0.4748,0.4837,0.4907,0.5216,0.5459,4.2,4.1,4.2,4.2,4.3,4.4
41.642215,-0.868289,688508528,"San José",main_street,0.478,0.6146,0.4609,0.0131,0.4662,0.4744,0.4842,0.5107,0.527,4.6,4.5,4.6,4.6,4.6,4.7
41.642029,-0.86812,688508528,"San José",main_street,0.4644,0.6146,0.4609,0.0148,0.451,0.4599,0.4713,0.4925,0.5041,4.5,4.5,4.5,4.5,4.6,4.6
41.642688,-0.868714,688508529,"San José",main_street,0.5004,0.7069,0.4705,0.0177,0.4914,0.4952,0.4989,0.5243,0.5505,4.9,4.9,4.9,4.9,5,5.1
41.643254,-0.869226,688508530,"Las Fuentes",main_street,0.5307,0.74,0.2369,0.0287,0.5259,0.5253,0.524,0.5399,0.5536,4.7,4.7,4.7,4.7,4.7,4.7
41.64307,-0.869053,688508530,"Las Fuentes",main_street,0.5209,0.7413,0.2367,0.0134,0.5168,0.5171,0.5154,0.5328,0.549,4.7,4.7,4.6,4.6,4.7,4.7
41.642885,-0.868883,688508530,"Las Fuentes",main_street,0.5096,0.7479,0.2357,0.0122,0.5065,0.5076,0.5047,0.5277,0.5516,4.6,4.6,4.6,4.6,4.7,4.7
41.643603,-0.869538,688508531,"San José",main_street,0.5423,0.754,0.4989,0.1591,0.5375,0.5377,0.54,0.5486,0.5577,5.5,5.5,5.5,5.5,5.5,5.6
41.643415,-0.869373,688508531,"San José",main_street,0.5373,0.754,0.4922,0.0972,0.5321,0.5326,0.5341,0.5462,0.5592,5.4,5.4,5.4,5.4,5.4,5.5
41.644409,-0.870301,688508532,"San José",main_street,0.548,0.5599,0.5035,0.6107,0.5469,0.5493,0.543,0.5531,0.5637,5.4,5.4,5.4,5.3,5.4,5.4
41.644226,-0.870125,688508532,"Las Fuentes",main_street,0.5479,0.5518,0.2392,0.537,0.5461,0.5479,0.5435,0.5551,0.5677,4.7,4.7,4.7,4.7,4.7,4.8
41.644043,-0.869951,688508532,"Las Fuentes",main_street,0.5456,0.5518,0.239,0.4625,0.5425,0.5417,0.5427,0.5513,0.5599,4.6,4.6,4.6,4.6,4.6,4.6
41.643859,-0.869777,688508532,"San José",main_street,0.5447,0.5518,0.5001,0.357,0.5406,0.5401,0.5415,0.5495,0.5575,5,5,5,5,5,5.1
41.647622,-0.913318,689435597,Delicias,secondary_street,0.5892,0.8715,0.9616,0.3704,0.5852,0.5774,0.6025,0.5869,0.5362,8,8,8,8.2,8.1,7.7
41.645783,-0.909877,689435601,Delicias,main_street,0.4042,0.7823,0.9358,0.1238,0.404,0.391,0.4176,0.3915,0.3332,6,6,5.9,6.1,5.9,5.6
41.645693,-0.910153,689435601,Delicias,main_street,0.4183,0.7823,0.9616,0.1012,0.4189,0.4067,0.4317,0.4066,0.3448,6.1,6.1,6.1,6.2,6.1,5.7
41.645423,-0.91098,689435601,Delicias,main_street,0.4659,0.7849,0.9542,0.1374,0.4672,0.4579,0.484,0.4531,0.3796,6.4,6.4,6.4,6.5,6.4,5.9
41.645333,-0.911256,689435601,Delicias,main_street,0.4757,0.7894,0.946,0.1933,0.4774,0.4689,0.4943,0.462,0.3828,6.6,6.6,6.5,6.7,6.5,6
41.645977,-0.909001,689435603,Delicias,main_street,0.3529,0.8067,0.9234,0.103,0.3523,0.3444,0.3645,0.3447,0.3065,5.8,5.8,5.7,5.8,5.7,5.5
41.646063,-0.908723,689435603,Delicias,main_street,0.3273,0.8067,0.911,0.0943,0.329,0.3226,0.3373,0.3231,0.2877,5.6,5.6,5.6,5.7,5.5,5.3
41.64615,-0.908445,689435603,Delicias,main_street,0.3143,0.8123,0.9234,0.1227,0.3137,0.3111,0.3198,0.3119,0.2873,5.6,5.6,5.6,5.7,5.6,5.4
41.646196,-0.908153,689435603,Delicias,main_street,0.3005,0.8345,0.9234,0.154,0.2995,0.3002,0.3037,0.3,0.2896,5.7,5.7,5.7,5.7,5.6,5.6
41.641212,-0.910452,689442262,Universidad,secondary_street,0.411,0.7565,0.3603,0.3417,0.3916,0.4019,0.4189,0.4566,0.5278,4.8,4.8,4.8,4.9,5,5.3
41.641654,-0.910219,689442268,Universidad,main_street,0.4447,0.6234,0.3618,0.3231,0.4285,0.4391,0.4569,0.4938,0.5438,4.6,4.5,4.6,4.6,4.7,4.9
41.641744,-0.909943,689442268,Universidad,main_street,0.4457,0.6282,0.3614,0.3249,0.4303,0.4392,0.4585,0.4921,0.5375,4.6,4.6,4.6,4.6,4.7,4.9
41.641949,-0.909717,689442271,Delicias,secondary_street,0.4575,0.0919,0.8447,0.2918,0.4419,0.4495,0.47,0.496,0.5254,4,4,4,4.1,4.2,4.3
41.644162,-0.909893,689442274,Delicias,secondary_street,0.5663,0.7305,0.8796,0.1235,0.5695,0.5519,0.5834,0.5432,0.4387,6.5,6.5,6.4,6.6,6.4,5.8
41.644219,-0.910184,689442274,Delicias,secondary_street,0.5732,0.7829,0.8796,0.0977,0.5749,0.5599,0.591,0.5533,0.4508,6.8,6.8,6.7,6.9,6.6,6.1
41.644276,-0.910475,689442274,Delicias,secondary_street,0.5767,0.7829,0.8891,0.1823,0.5755,0.5639,0.5924,0.5598,0.4611,6.9,6.9,6.9,7,6.9,6.3
41.644333,-0.910766,689442274,Delicias,secondary_street,0.5756,0.7829,0.8891,0.1791,0.5745,0.5656,0.5921,0.5626,0.4682,6.9,6.9,6.9,7,6.9,6.3
41.642774,-0.909234,689442275,Delicias,secondary_street,0.5068,0.7719,0.8699,0.2109,0.5028,0.4927,0.5242,0.5163,0.4796,6.5,6.4,6.4,6.6,6.5,6.3
41.652833,-0.884513,689453452,Centro,secondary_street,0.826,0.905,0.7788,0.7106,0.8283,0.8436,0.816,0.8421,0.8721,9.5,9.5,9.6,9.5,9.6,9.7
41.653047,-0.884423,689453452,Centro,secondary_street,0.83,0.9173,0.7691,0.7268,0.8318,0.8484,0.8202,0.8499,0.8796,9.6,9.6,9.6,9.5,9.6,9.7
41.650493,-0.886681,689453454,Centro,secondary_street,0.7769,0.9833,0.7788,0.9175,0.7865,0.7853,0.7797,0.7643,0.7725,9.7,9.7,9.8,9.8,9.7,9.7
41.650662,-0.886482,689453454,Centro,secondary_street,0.7785,0.983,0.7966,0.8477,0.7869,0.7879,0.7801,0.7701,0.78,9.7,9.7,9.7,9.7,9.7,9.7
41.649566,-0.887849,689453455,Centro,main_street,0.7732,0.9158,0.7719,0.9901,0.7863,0.7754,0.7791,0.7475,0.749,9.6,9.6,9.6,9.6,9.5,9.5
41.638493,-0.868924,689756549,"San José",secondary_street,0.2277,0.8819,0.448,0.1497,0.2288,0.2178,0.2443,0.2196,0.1622,4.5,4.5,4.4,4.5,4.5,4.3
41.638269,-0.868922,689756549,"San José",secondary_street,0.2183,0.8819,0.448,0.1538,0.2215,0.2058,0.2298,0.1952,0.1467,4.5,4.5,4.4,4.5,4.4,4.2
41.641289,-0.894543,689760998,Universidad,side_street,0.8355,0.5157,0.401,0.9493,0.8321,0.8272,0.8287,0.8598,0.8987,7,6.9,6.9,6.9,7.1,7.4
41.658245,-0.890697,689766932,"Casco Histórico",side_street,0.293,0.8111,0.5436,0.5731,0.2863,0.3,0.3003,0.2996,0.2624,5.1,5.1,5.1,5.1,5.1,4.9
41.655955,-0.891043,689766933,"Casco Histórico",side_street,0.3861,0.7055,0.551,0.4371,0.3923,0.3893,0.3916,0.3708,0.3708,5,5.1,5.1,5.1,5,4.9
41.647263,-0.895233,689886313,Delicias,side_street,0.7199,0.2209,0.9975,0.5191,0.733,0.7216,0.714,0.6939,0.6795,6.1,6.2,6.1,6.1,6,5.9
41.649118,-0.89717,689886314,Delicias,main_street,0.5102,0.9368,0.9916,0.5057,0.5124,0.5127,0.5082,0.5092,0.4984,8.2,8.2,8.2,8.2,8.2,8.2
41.648341,-0.901992,690695368,Delicias,main_street,0.3717,0.5475,0.9542,0.2456,0.3748,0.3684,0.3677,0.3763,0.4036,5.1,5.2,5.1,5.1,5.1,5.2
41.64857,-0.901422,690695369,Delicias,main_street,0.3868,0.5418,0.9674,0.2787,0.3885,0.3843,0.38,0.3875,0.4241,5.2,5.3,5.2,5.2,5.2,5.4
41.648479,-0.901698,690695369,Delicias,main_street,0.3816,0.5418,0.9616,0.2588,0.3838,0.3799,0.3786,0.3882,0.4316,5.2,5.2,5.2,5.2,5.2,5.4
41.649688,-0.899445,690695371,Delicias,side_street,0.407,0.8405,0.9864,0.252,0.4052,0.4052,0.4039,0.4114,0.4322,6.6,6.6,6.6,6.6,6.6,6.8
41.649478,-0.899339,690695371,Delicias,side_street,0.4163,0.8405,0.9864,0.2947,0.4158,0.417,0.4131,0.4207,0.436,6.7,6.7,6.7,6.7,6.7,6.9
41.648867,-0.908147,690695374,Delicias,side_street,0.3813,0.7793,0.946,0.0235,0.3785,0.3742,0.3795,0.3998,0.4737,5.8,5.8,5.7,5.8,5.8,6.3
41.648797,-0.908433,690695374,Delicias,side_street,0.4015,0.7793,0.9616,0.0222,0.3963,0.3926,0.3984,0.4199,0.4973,5.9,5.9,5.9,5.9,6,6.5
41.648728,-0.908719,690695374,Delicias,side_street,0.4131,0.7884,0.9674,0.0198,0.4104,0.4055,0.4121,0.4299,0.5083,6,6,6,6,6.1,6.6
41.648624,-0.908815,690695375,Delicias,side_street,0.4111,0.5749,0.9674,0.0208,0.4083,0.4032,0.4096,0.4269,0.5016,5.2,5.2,5.1,5.2,5.2,5.6
41.643587,-0.905153,690898429,Delicias,side_street,0.2015,0.6914,0.8364,0.6427,0.2168,0.2063,0.1945,0.1543,0.1555,5,5.1,5.1,5,4.8,4.8
41.655848,-0.904287,691215558,"La Almozara",secondary_street,0.3823,0.9642,0.1733,0.2364,0.3795,0.3804,0.3811,0.3925,0.4098,4.9,4.8,4.8,4.9,4.9,4.9
41.655406,-0.904395,691215558,"La Almozara",secondary_street,0.4204,0.9652,0.1733,0.316,0.4224,0.423,0.4158,0.4247,0.4549,5.1,5.1,5.1,5.1,5.1,5.2
41.655185,-0.90445,691215558,"La Almozara",secondary_street,0.4354,0.9666,0.1733,0.3341,0.436,0.4381,0.4276,0.4375,0.476,5.2,5.2,5.2,5.1,5.2,5.3
41.648428,-0.89399,691628716,Delicias,main_street,0.6458,0.6646,0.9996,0.6798,0.6509,0.6501,0.6535,0.633,0.6022,8,8.1,8.1,8.1,8,7.8
41.637796,-0.876591,691795737,Centro,main_street,0.6146,0.9758,0.6626,0.812,0.6309,0.6131,0.6162,0.5705,0.4924,8.4,8.6,8.4,8.5,8.2,7.7
41.638646,-0.875504,691795738,"San José",main_street,0.5349,0.9876,0.4895,0.7988,0.5466,0.5246,0.5352,0.4908,0.4357,7.4,7.5,7.4,7.4,7.1,6.8
41.639656,-0.874227,691795739,"San José",main_street,0.5129,0.9932,0.4934,0.9004,0.5177,0.4966,0.5144,0.4989,0.5154,7.5,7.5,7.4,7.5,7.4,7.5
41.639493,-0.874434,691795739,"San José",main_street,0.517,0.9932,0.4934,0.897,0.5253,0.5003,0.5185,0.4963,0.5035,7.5,7.6,7.4,7.5,7.3,7.4
41.63933,-0.874641,691795739,Centro,main_street,0.5172,0.9932,0.6685,0.8831,0.5284,0.5006,0.5184,0.485,0.4806,8.1,8.1,7.9,8.1,7.9,7.9
41.639166,-0.874847,691795739,Centro,main_street,0.5201,0.9932,0.6691,0.8547,0.5318,0.5042,0.5205,0.4811,0.4628,8,8.1,7.9,8,7.8,7.7
41.639003,-0.875054,691795739,"San José",main_street,0.524,0.9932,0.4909,0.8298,0.5356,0.5086,0.5236,0.4832,0.449,7.4,7.5,7.3,7.4,7.1,6.9
41.639802,-0.874,691795740,"San José",side_street,0.5065,0.958,0.4922,0.8922,0.512,0.4917,0.5071,0.4983,0.5233,7.2,7.3,7.1,7.2,7.2,7.3
41.639872,-0.874066,691795741,Centro,main_street,0.5086,0.8273,0.6685,0.8889,0.5143,0.4938,0.5098,0.5008,0.5228,7.2,7.2,7.1,7.2,7.1,7.3
41.641016,-0.866394,691814501,"Las Fuentes",secondary_street,0.2757,0.7513,0.2306,0.0817,0.2637,0.2687,0.2931,0.2948,0.2542,3.9,3.9,3.9,4,3.9,3.8
41.641026,-0.866695,691814501,"Las Fuentes",secondary_street,0.3054,0.7513,0.2306,0.0623,0.2872,0.2956,0.3197,0.3214,0.2921,4,3.9,3.9,4,4,3.9
41.641035,-0.866996,691814501,"Las Fuentes",secondary_street,0.3308,0.7513,0.2306,0.048,0.3156,0.3215,0.3484,0.355,0.3306,4,4,4,4.1,4.1,4
41.654223,-0.885999,692201063,"Casco Histórico",side_street,0.6464,0.7547,0.6051,0.5704,0.6434,0.6952,0.635,0.6829,0.7513,7,6.9,7.3,6.9,7.2,7.7
41.654445,-0.885951,692201063,"Casco Histórico",side_street,0.6453,0.8192,0.6017,0.6124,0.644,0.694,0.6336,0.6781,0.7494,7.4,7.4,7.7,7.3,7.6,8.1
41.658241,-0.892838,692251554,"Casco Histórico",main_street,0.3031,0.9902,0.5412,0.7144,0.2976,0.3103,0.3079,0.3088,0.2917,6,6,6.1,6.1,6.1,6
41.657984,-0.892977,692251555,"La Almozara",main_street,0.3202,0.9905,0.1741,0.7434,0.3211,0.328,0.325,0.3208,0.3055,5.2,5.2,5.2,5.2,5.2,5.1
41.657776,-0.893092,692251555,"Casco Histórico",main_street,0.3307,0.9905,0.5423,0.7237,0.3341,0.342,0.3349,0.3291,0.3149,6.2,6.2,6.3,6.2,6.2,6.1
41.656691,-0.893569,692251556,"La Almozara",main_street,0.3949,0.9948,0.1756,0.8132,0.4046,0.4077,0.3927,0.3758,0.379,5.7,5.8,5.8,5.7,5.6,5.6
41.656282,-0.893606,692251557,"Casco Histórico",main_street,0.4072,0.911,0.5436,0.8568,0.417,0.4244,0.4035,0.3933,0.419,6.5,6.5,6.6,6.5,6.4,6.6
41.656506,-0.893577,692251557,"Casco Histórico",main_street,0.4005,0.9084,0.5436,0.8379,0.4107,0.4145,0.3973,0.381,0.393,6.4,6.5,6.5,6.4,6.3,6.4
41.656645,-0.895373,692251558,"La Almozara",main_street,0.343,0.6555,0.1765,0.8854,0.3587,0.3674,0.3303,0.3308,0.3759,4.5,4.5,4.6,4.4,4.4,4.6
41.65642,-0.895361,692251558,"La Almozara",main_street,0.3505,0.6555,0.1765,0.8961,0.3653,0.3748,0.3348,0.3366,0.3869,4.5,4.6,4.6,4.4,4.4,4.6
41.656196,-0.895353,692251558,"La Almozara",main_street,0.3518,0.715,0.1765,0.9206,0.367,0.3762,0.3368,0.3397,0.3934,4.7,4.7,4.8,4.6,4.6,4.8
41.652247,-0.884187,692407630,Centro,square,0.8786,0.7223,0.7853,0.5554,0.8773,0.8929,0.8614,0.8864,0.9014,8.9,8.9,9,8.8,9,9.1
41.65215,-0.883916,692407630,Centro,square,0.896,0.662,0.7884,0.5878,0.9009,0.9146,0.8821,0.9072,0.9156,8.8,8.8,8.9,8.7,8.9,8.9
41.65144,-0.886463,692594456,"Casco Histórico",side_street,0.7271,0.9216,0.6546,0.5872,0.7346,0.7459,0.7198,0.7342,0.7671,8.5,8.6,8.6,8.5,8.5,8.8
41.639346,-0.897692,692616773,Universidad,side_street,0.6311,0.8263,0.3681,0.9575,0.621,0.6461,0.6214,0.6971,0.7817,7.1,7,7.2,7,7.6,8.2
41.638624,-0.896319,692616774,Universidad,main_street,0.656,0.7993,0.3699,0.9672,0.6482,0.6645,0.6433,0.7079,0.7875,7.1,7.1,7.2,7,7.5,8.1
41.638753,-0.896565,692616774,Universidad,main_street,0.6738,0.8,0.3699,0.9691,0.6638,0.681,0.6673,0.7199,0.7956,7.3,7.2,7.4,7.2,7.6,8.2
41.649121,-0.910009,692721335,Delicias,side_street,0.5609,0.7111,0.9616,0.0037,0.5668,0.5537,0.562,0.5516,0.5704,6.5,6.5,6.4,6.5,6.4,6.6
41.649189,-0.909722,692721335,Delicias,side_street,0.5483,0.7111,0.9616,0.0078,0.5529,0.5403,0.5502,0.5448,0.5671,6.4,6.4,6.4,6.4,6.4,6.6
41.649257,-0.909436,692721335,Delicias,side_street,0.5315,0.721,0.9542,0.0083,0.5328,0.5199,0.5319,0.5308,0.5527,6.3,6.4,6.3,6.3,6.3,6.5
41.641964,-0.909684,692789520,Delicias,main_street,0.4573,0.3252,0.8447,0.2866,0.4426,0.4488,0.4702,0.4951,0.5226,4.6,4.6,4.6,4.7,4.8,4.9
41.657852,-0.870478,692845804,"El Rabal",side_street,0.1993,0.1935,0.3351,0.4059,0.2048,0.2097,0.1805,0.1853,0.2001,2.7,2.7,2.7,2.6,2.6,2.7
41.657668,-0.870651,692845804,"El Rabal",side_street,0.2021,0.1935,0.3393,0.385,0.2053,0.2135,0.1836,0.193,0.2104,2.7,2.7,2.7,2.6,2.6,2.7
41.63588,-0.879027,692858718,"San José",main_street,0.6197,0.9802,0.4833,0.6309,0.6196,0.5999,0.6429,0.5944,0.417,7.6,7.6,7.5,7.8,7.5,6.3
41.635719,-0.879237,692858718,"San José",main_street,0.6098,0.9795,0.4833,0.6887,0.6066,0.5871,0.6287,0.5845,0.4087,7.6,7.6,7.5,7.8,7.5,6.4
41.635557,-0.879446,692858718,"San José",main_street,0.589,0.9791,0.4833,0.6812,0.5868,0.5694,0.608,0.5668,0.3992,7.5,7.5,7.4,7.6,7.3,6.3
41.664026,-0.868677,693953419,"El Rabal",side_street,0.0671,0.3617,0.2928,0.2434,0.0606,0.0708,0.0636,0.1003,0.1552,2.4,2.4,2.5,2.4,2.6,2.8
41.664119,-0.868951,693953419,"El Rabal",side_street,0.0649,0.3617,0.2928,0.2027,0.0601,0.0678,0.0619,0.0954,0.1498,2.4,2.4,2.4,2.4,2.5,2.7
41.66271,-0.872474,693953423,"El Rabal",main_street,0.1824,0.2346,0.3145,0.3315,0.1752,0.1867,0.1744,0.2229,0.275,2.6,2.6,2.6,2.6,2.8,3
41.662917,-0.872357,693953423,"El Rabal",main_street,0.1649,0.2346,0.3145,0.3307,0.1574,0.1702,0.1557,0.2029,0.2657,2.6,2.5,2.6,2.5,2.7,2.9
41.662323,-0.8727,693953424,"El Rabal",main_street,0.2158,0.4414,0.3145,0.4023,0.209,0.2174,0.2127,0.2578,0.2979,3.3,3.3,3.4,3.3,3.5,3.6
41.662348,-0.87279,693953426,"El Rabal",main_street,0.214,0.2633,0.3145,0.4047,0.208,0.2151,0.2106,0.2534,0.2914,2.8,2.8,2.8,2.8,3,3.1
41.662231,-0.87286,693953427,"El Rabal",main_street,0.225,0.3368,0.3145,0.4211,0.2196,0.2261,0.2261,0.2624,0.291,3.1,3,3.1,3.1,3.2,3.3
41.662027,-0.872986,693953427,"El Rabal",main_street,0.2427,0.3368,0.3145,0.4213,0.2301,0.239,0.2441,0.2752,0.2986,3.2,3.1,3.1,3.1,3.3,3.4
41.662332,-0.872797,693953428,"El Rabal",side_street,0.2151,0.3813,0.3145,0.4063,0.2092,0.2161,0.212,0.2541,0.2918,3.2,3.1,3.2,3.1,3.3,3.5
41.662083,-0.872842,693953429,"El Rabal",main_street,0.236,0.4474,0.3145,0.4401,0.2267,0.2346,0.2377,0.2696,0.2959,3.5,3.4,3.4,3.4,3.6,3.7
41.661669,-0.873066,693953430,"El Rabal",main_street,0.2648,0.4529,0.3145,0.4662,0.254,0.265,0.2737,0.2962,0.317,3.6,3.6,3.6,3.6,3.7,3.7
41.661877,-0.872952,693953430,"El Rabal",main_street,0.2534,0.4529,0.3145,0.41,0.2373,0.2511,0.2565,0.2822,0.3081,3.5,3.4,3.5,3.5,3.6,3.7
41.661863,-0.873081,693953431,"El Rabal",main_street,0.2549,0.3446,0.3145,0.4214,0.2395,0.2533,0.2579,0.2842,0.3099,3.2,3.2,3.2,3.2,3.3,3.5
41.661656,-0.873196,693953431,"El Rabal",main_street,0.267,0.3446,0.3145,0.4774,0.2564,0.2684,0.2759,0.2972,0.3168,3.3,3.3,3.3,3.3,3.4,3.5
41.66149,-0.873281,693953432,"El Rabal",main_street,0.2767,0.4176,0.3145,0.5206,0.2653,0.279,0.2846,0.3029,0.3202,3.6,3.6,3.6,3.6,3.7,3.7
41.661277,-0.873375,693953432,"El Rabal",main_street,0.2879,0.4176,0.3145,0.5904,0.2729,0.2856,0.2925,0.3108,0.3291,3.7,3.6,3.7,3.7,3.8,3.8
41.661209,-0.873329,693953433,"El Rabal",main_street,0.2904,0.425,0.3145,0.6034,0.2763,0.2893,0.2968,0.3159,0.3351,3.7,3.7,3.7,3.7,3.8,3.8
41.661413,-0.873203,693953433,"El Rabal",main_street,0.2793,0.4288,0.3145,0.5701,0.2665,0.2808,0.287,0.3058,0.3232,3.7,3.6,3.7,3.7,3.8,3.8
41.660676,-0.873582,693953434,"El Rabal",main_street,0.3173,0.6797,0.3054,0.6808,0.3043,0.313,0.3228,0.3372,0.3474,4.5,4.4,4.5,4.5,4.5,4.6
41.660461,-0.873669,693953434,"El Rabal",main_street,0.3262,0.6797,0.3145,0.7062,0.316,0.3228,0.332,0.3428,0.351,4.6,4.5,4.5,4.6,4.6,4.6
41.661006,-0.873451,693953435,"El Rabal",main_street,0.3014,0.6862,0.3145,0.6393,0.2848,0.3006,0.3071,0.3252,0.3409,4.4,4.4,4.4,4.4,4.5,4.5
41.66079,-0.873537,693953435,"El Rabal",main_street,0.3122,0.6862,0.3145,0.6641,0.2971,0.3091,0.3176,0.3341,0.346,4.5,4.4,4.5,4.5,4.5,4.6
41.651946,-0.867289,694126821,"Casco Histórico",side_street,0.1745,0.631,0.5367,0.1142,0.1728,0.182,0.1752,0.1762,0.1651,3.8,3.8,3.8,3.8,3.8,3.8
41.655258,-0.873834,694143858,"Casco Histórico",main_street,0.5372,0.8864,0.5603,0.4152,0.4983,0.5879,0.5406,0.6252,0.7304,6.5,6.3,6.8,6.6,7.1,7.8
41.64707,-0.872518,694144797,"Las Fuentes",main_street,0.63,0.8245,0.2442,0.8827,0.6546,0.6515,0.6059,0.6061,0.622,6.6,6.7,6.7,6.4,6.4,6.6
41.646923,-0.872859,694144798,"Las Fuentes",main_street,0.6621,0.8402,0.2443,0.8721,0.6902,0.6778,0.6319,0.6262,0.6347,6.8,7,6.9,6.6,6.6,6.7
41.661369,-0.866789,694349969,"El Rabal",main_street,0.1823,0.9897,0.2988,0.748,0.1649,0.1877,0.1877,0.2335,0.2651,4.9,4.8,4.9,4.9,5.1,5.2
41.662491,-0.870173,694352534,"El Rabal",secondary_street,0.1676,0.5188,0.3054,0.0889,0.1357,0.1697,0.1724,0.2207,0.2492,3,2.9,3.1,3.1,3.3,3.4
41.647031,-0.880053,695582988,Centro,main_street,0.8296,0.9507,0.7853,0.0714,0.8287,0.8347,0.8274,0.8404,0.8417,8.9,8.9,9,8.9,9,9
41.635919,-0.908169,699425420,Universidad,side_street,0.0854,0.7757,0.3461,0.2589,0.1129,0.0798,0.0822,0.0399,0.0543,3.7,3.8,3.7,3.7,3.5,3.6
41.635788,-0.907925,699425420,Universidad,side_street,0.0855,0.7851,0.3465,0.2166,0.1133,0.079,0.0828,0.0383,0.0497,3.7,3.8,3.7,3.7,3.5,3.6
41.636156,-0.884078,699874711,"San José",side_street,0.3224,0.504,0.5001,0.7335,0.3181,0.3086,0.3403,0.3154,0.263,4.4,4.4,4.4,4.5,4.4,4.2
41.636285,-0.884325,699874711,"San José",side_street,0.3352,0.5185,0.4989,0.7202,0.3355,0.3252,0.3567,0.3266,0.2739,4.5,4.5,4.5,4.6,4.5,4.3
41.646982,-0.889299,704009680,Centro,square,0.8694,0.0741,0.7517,0.844,0.8936,0.8714,0.8677,0.8253,0.8003,6.1,6.2,6.1,6.1,5.9,5.7
41.635469,-0.884697,704794019,"San José",main_street,0.3132,0.8562,0.4965,0.7065,0.3174,0.3027,0.3289,0.2961,0.25,5.4,5.5,5.4,5.5,5.3,5.1
41.635245,-0.884727,704794019,"San José",main_street,0.3095,0.8562,0.4947,0.6863,0.3108,0.2975,0.3238,0.29,0.2417,5.4,5.4,5.3,5.5,5.3,5
41.638102,-0.884417,705167051,Universidad,main_street,0.4739,0.84,0.3768,0.7154,0.4744,0.4685,0.4927,0.4577,0.3895,5.9,5.9,5.9,6,5.8,5.4
41.637881,-0.884372,705167051,Universidad,main_street,0.4524,0.8201,0.3787,0.6782,0.452,0.443,0.4676,0.4377,0.3679,5.7,5.7,5.6,5.8,5.6,5.2
41.637657,-0.884396,705167051,"San José",main_street,0.4326,0.8084,0.5018,0.6282,0.4317,0.4264,0.4474,0.4176,0.3496,5.8,5.8,5.7,5.9,5.7,5.3
41.638822,-0.885763,705374853,Universidad,main_street,0.5878,0.9532,0.3823,0.7759,0.5883,0.5941,0.5947,0.5807,0.5567,7.2,7.2,7.3,7.2,7.1,7
41.638708,-0.885504,705374853,Universidad,main_street,0.5674,0.9532,0.3823,0.7415,0.5681,0.5726,0.578,0.5596,0.529,7,6.9,7,7,6.9,6.8
41.638885,-0.88593,705374854,Universidad,main_street,0.5964,0.8397,0.3836,0.8204,0.5974,0.6044,0.6029,0.5896,0.5694,6.7,6.7,6.8,6.8,6.7,6.6
41.638544,-0.885133,705374855,Universidad,main_street,0.542,0.952,0.3823,0.7993,0.5432,0.5427,0.5548,0.5331,0.4922,6.9,6.9,6.9,7,6.9,6.6
41.638429,-0.884875,705374855,"San José",main_street,0.5187,0.952,0.5064,0.7728,0.5191,0.5194,0.5339,0.5103,0.4631,7.1,7.1,7.1,7.2,7,6.8
41.638309,-0.884621,705374855,"San José",main_street,0.501,0.9515,0.5047,0.7465,0.5025,0.4942,0.517,0.4854,0.4257,6.9,6.9,6.9,7,6.9,6.5
41.649246,-0.888406,710633476,Centro,main_street,0.7655,0.971,0.7291,0.9854,0.7776,0.7647,0.7713,0.7407,0.741,9.6,9.6,9.6,9.6,9.5,9.6
41.64939,-0.888175,710633476,Centro,main_street,0.7677,0.9727,0.7452,0.9883,0.7811,0.7689,0.7739,0.7434,0.7439,9.7,9.7,9.7,9.7,9.6,9.6
41.648764,-0.889161,710633478,Centro,main_street,0.7663,0.9651,0.7177,0.9532,0.7804,0.7627,0.7722,0.7362,0.7219,9.6,9.6,9.5,9.6,9.4,9.4
41.648889,-0.888966,710633479,Centro,main_street,0.7612,0.9783,0.7194,0.9631,0.7752,0.7596,0.7674,0.734,0.7244,9.6,9.6,9.6,9.6,9.5,9.5
41.649035,-0.888738,710633479,Centro,main_street,0.7602,0.9783,0.7247,0.9748,0.7743,0.7595,0.7661,0.735,0.7305,9.6,9.6,9.6,9.6,9.5,9.5
41.650825,-0.869685,713940515,"Casco Histórico",square,0.3297,0.0072,0.5449,0.4867,0.2996,0.3551,0.3412,0.3949,0.4809,3,2.9,3.1,3.1,3.3,3.6
41.65069,-0.869522,713940515,"Casco Histórico",square,0.3164,0.0042,0.5436,0.4228,0.2867,0.3399,0.3265,0.3732,0.4408,2.9,2.8,3,2.9,3.1,3.4
41.650589,-0.86983,713940515,"Casco Histórico",square,0.3397,0.0119,0.5449,0.4727,0.3101,0.3638,0.3499,0.4007,0.4915,3.1,2.9,3.2,3.1,3.3,3.6
41.650782,-0.869821,713940515,"Casco Histórico",square,0.3402,0.0087,0.5457,0.5066,0.3074,0.3648,0.3526,0.4063,0.5034,3.1,3,3.2,3.1,3.4,3.7
41.655527,-0.880002,723449266,"Casco Histórico",side_street,0.9463,0.7423,0.6124,0.3917,0.8984,0.9528,0.9483,0.9686,0.9727,8.6,8.4,8.6,8.6,8.8,8.8
41.655649,-0.880255,723449266,"Casco Histórico",side_street,0.9244,0.7423,0.6094,0.3958,0.8783,0.9459,0.9259,0.9614,0.9681,8.5,8.2,8.6,8.5,8.7,8.8
41.655769,-0.880508,723449266,"Casco Histórico",side_street,0.9026,0.735,0.6033,0.5988,0.8646,0.9312,0.9049,0.9544,0.9645,8.6,8.4,8.8,8.6,8.9,9
41.655888,-0.880764,723449266,"Casco Histórico",side_street,0.8838,0.735,0.5993,0.6986,0.8471,0.9031,0.8837,0.9467,0.9585,8.6,8.4,8.7,8.6,9.1,9.1
41.656006,-0.88102,723449266,"Casco Histórico",side_street,0.8594,0.735,0.5961,0.7716,0.8257,0.8821,0.8628,0.9392,0.9521,8.6,8.4,8.7,8.6,9.1,9.2
41.6538,-0.881684,723449267,"Casco Histórico",side_street,0.9696,0.9344,0.6532,0.5906,0.9686,0.9682,0.9698,0.9734,0.9713,9.8,9.8,9.8,9.8,9.8,9.8
41.654422,-0.881098,731983551,"Casco Histórico",side_street,0.971,0.9314,0.6417,0.2559,0.9671,0.9709,0.973,0.9784,0.9768,9.4,9.4,9.4,9.4,9.4,9.5
41.654539,-0.881355,731983551,"Casco Histórico",side_street,0.9651,0.9314,0.637,0.2996,0.9582,0.9637,0.9659,0.9727,0.9722,9.4,9.4,9.4,9.4,9.5,9.5
41.654656,-0.881612,731983551,"Casco Histórico",side_street,0.9587,0.9438,0.6326,0.5486,0.9353,0.958,0.9604,0.9657,0.9675,9.7,9.6,9.7,9.7,9.7,9.7
41.653848,-0.88093,731983552,"Casco Histórico",square,0.9813,0.9384,0.6521,0.4698,0.9772,0.9809,0.9829,0.9856,0.9847,9.7,9.7,9.7,9.7,9.7,9.7
41.653958,-0.881192,731983552,"Casco Histórico",square,0.9768,0.9411,0.6478,0.5209,0.9719,0.9756,0.9775,0.9805,0.9787,9.8,9.7,9.7,9.8,9.8,9.7
41.654092,-0.881004,731983552,"Casco Histórico",square,0.978,0.2581,0.6478,0.2292,0.9724,0.9765,0.9792,0.9825,0.9809,6.3,6.3,6.3,6.3,6.4,6.4
41.653985,-0.880758,731983552,"Casco Histórico",square,0.9823,0.2145,0.6478,0.2034,0.977,0.9815,0.9839,0.9862,0.9859,6.2,6.1,6.2,6.2,6.2,6.2
41.653868,-0.880509,731983552,"Casco Histórico",square,0.9867,0.2357,0.6463,0.2209,0.9821,0.9857,0.9881,0.9911,0.9915,6.3,6.3,6.3,6.3,6.3,6.3
41.653774,-0.880708,731983552,"Casco Histórico",square,0.9853,0.4566,0.6501,0.2469,0.9808,0.984,0.9866,0.9887,0.9888,7.4,7.3,7.4,7.4,7.4,7.4
41.65402,-0.880949,731983553,"Casco Histórico",square,0.9796,0.4526,0.6501,0.2216,0.974,0.9782,0.9805,0.9843,0.9823,7.3,7.2,7.3,7.3,7.3,7.3
41.653909,-0.880688,731983553,"Casco Histórico",square,0.9843,0.4526,0.6478,0.2124,0.9789,0.9829,0.9856,0.9878,0.9881,7.3,7.2,7.3,7.3,7.3,7.3
41.64683,-0.883698,743749102,Centro,square,0.9218,0.1856,0.8106,0.7668,0.9221,0.9056,0.9397,0.895,0.8111,7,6.9,6.9,7.1,6.8,6.3
41.647008,-0.883881,743749102,Centro,square,0.9112,0.2079,0.8164,0.8615,0.9139,0.9015,0.9274,0.8892,0.8147,7.2,7.2,7.2,7.3,7,6.6
41.647177,-0.884079,743749102,Centro,square,0.9056,0.1614,0.8227,0.907,0.9101,0.8995,0.9209,0.8861,0.8204,7,7,7,7.1,6.9,6.5
41.652503,-0.90071,756946749,Delicias,side_street,0.4112,0.7473,0.8995,0.0938,0.4155,0.4138,0.4011,0.4033,0.4288,5.8,5.8,5.8,5.7,5.7,5.9
41.653042,-0.900169,756946750,Delicias,side_street,0.4004,0.7487,0.9234,0.0789,0.4072,0.4084,0.3884,0.394,0.4275,5.8,5.8,5.8,5.7,5.7,5.9
41.652184,-0.873479,786570675,"Casco Histórico",square,0.6891,0.2934,0.5796,0.4617,0.6396,0.7274,0.6799,0.7663,0.8465,5.1,4.9,5.3,5.1,5.5,5.9
41.63696,-0.867026,788204005,"San José",secondary_street,0.0807,0.6405,0.4445,0.2451,0.0883,0.0701,0.0926,0.0579,0.0383,3.5,3.5,3.4,3.5,3.4,3.3
41.662657,-0.901847,789012455,"La Almozara",side_street,0.1087,0.0531,0.1451,0.4979,0.1249,0.1074,0.1047,0.0937,0.1336,1.4,1.5,1.4,1.4,1.3,1.5
41.662596,-0.901558,789012455,"La Almozara",side_street,0.1104,0.0531,0.1451,0.5263,0.1266,0.1087,0.1054,0.0975,0.141,1.4,1.5,1.4,1.4,1.4,1.6
41.648886,-0.887032,793211108,Centro,main_street,0.8363,0.9921,0.7757,0.9982,0.8522,0.8388,0.841,0.8095,0.7976,9.9,9.9,9.9,9.9,9.9,9.9
41.648221,-0.886582,793211110,Centro,main_street,0.8645,0.9996,0.7966,1,0.8797,0.8683,0.8705,0.8372,0.816,10,10,10,10,10,10
41.650133,-0.888445,793892924,"Casco Histórico",main_street,0.6826,0.9228,0.6449,0.9771,0.6861,0.6953,0.6953,0.6788,0.7028,8.8,8.8,8.9,8.9,8.8,9
41.65058,-0.889291,794431819,Centro,main_street,0.5448,0.8953,0.7113,0.9365,0.5442,0.5602,0.5506,0.5502,0.5753,8,8,8.1,8,8,8.2
41.65176,-0.891189,794836364,"Casco Histórico",main_street,0.2986,0.819,0.5757,0.7688,0.2918,0.3126,0.3029,0.3125,0.3527,5.5,5.5,5.6,5.5,5.5,5.8
41.651949,-0.891353,794836364,"Casco Histórico",main_street,0.2737,0.819,0.5714,0.7501,0.2705,0.2904,0.2797,0.2886,0.3273,5.3,5.3,5.4,5.3,5.4,5.6
41.636637,-0.875348,796930777,"San José",main_street,0.5406,0.4885,0.4661,0.5158,0.5473,0.5314,0.5499,0.5069,0.404,4.9,5,4.9,5,4.8,4.4
41.636509,-0.875101,796930777,"San José",main_street,0.5194,0.4885,0.4661,0.4603,0.5269,0.5072,0.5307,0.4869,0.3926,4.8,4.8,4.7,4.8,4.6,4.3
41.636536,-0.874695,796930778,"San José",main_street,0.4832,0.9542,0.4609,0.3717,0.4876,0.4699,0.498,0.452,0.364,6.2,6.2,6.1,6.3,6,5.5
41.636754,-0.874624,796930778,"San José",main_street,0.4767,0.9558,0.4609,0.38,0.4836,0.4637,0.4921,0.4464,0.3594,6.2,6.2,6.1,6.2,6,5.5
41.648059,-0.892657,798342287,Centro,main_street,0.7213,0.9888,0.6999,0.6265,0.7357,0.7227,0.7206,0.6925,0.6566,9,9.1,9,9,8.8,8.6
41.647964,-0.892929,798342287,Centro,main_street,0.7268,0.9888,0.6975,0.655,0.7394,0.7265,0.7265,0.7008,0.6661,9.1,9.1,9.1,9.1,8.9,8.7
41.640371,-0.895429,798930917,Universidad,square,0.7973,0.428,0.3901,0.9443,0.7969,0.7935,0.7875,0.8226,0.8868,6.3,6.3,6.3,6.3,6.5,6.9
41.640186,-0.895599,798930917,Universidad,square,0.7913,0.428,0.3836,0.9349,0.7897,0.7873,0.7802,0.8133,0.8779,6.3,6.2,6.2,6.2,6.4,6.8
41.640001,-0.89577,798930917,Universidad,square,0.7849,0.4203,0.3799,0.9387,0.7824,0.7808,0.7735,0.8064,0.8694,6.2,6.2,6.2,6.1,6.3,6.7
41.639816,-0.89594,798930917,Universidad,square,0.7746,0.4118,0.3777,0.9257,0.7728,0.7698,0.7638,0.7955,0.8618,6.1,6.1,6.1,6,6.2,6.6
41.63963,-0.896111,798930917,Universidad,square,0.7627,0.4118,0.3761,0.9389,0.7593,0.7579,0.7537,0.7849,0.8505,6,6,6,6,6.2,6.6
41.639445,-0.896281,798930917,Universidad,square,0.7511,0.4118,0.3741,0.9384,0.7496,0.7479,0.7443,0.7739,0.8379,6,6,5.9,5.9,6.1,6.5
41.63926,-0.896452,798930917,Universidad,square,0.7333,0.4118,0.3727,0.9483,0.7325,0.734,0.7246,0.7602,0.8224,5.9,5.9,5.9,5.8,6,6.4
41.639075,-0.896622,798930917,Universidad,square,0.7166,0.4118,0.3727,0.9596,0.7076,0.7203,0.7063,0.7442,0.8105,5.8,5.8,5.8,5.8,5.9,6.3
41.638889,-0.896793,798930917,Universidad,square,0.6882,0.4368,0.3707,0.9706,0.6752,0.6942,0.6808,0.7278,0.7999,5.8,5.7,5.8,5.7,6,6.4
41.650799,-0.875994,810545766,"Casco Histórico",secondary_street,0.8614,0.9816,0.6349,0.6396,0.8426,0.8828,0.8525,0.9243,0.9414,9.5,9.4,9.6,9.5,9.8,9.8
41.653813,-0.884242,822675270,"Casco Histórico",secondary_street,0.8313,0.9715,0.6463,0.658,0.8294,0.8503,0.8235,0.8568,0.8912,9.4,9.4,9.5,9.3,9.5,9.7
41.652408,-0.900894,830461836,Delicias,side_street,0.4138,0.291,0.8995,0.1032,0.4183,0.4165,0.4042,0.4073,0.4368,4.3,4.3,4.3,4.3,4.3,4.4
41.65231,-0.901164,830461836,Delicias,side_street,0.4179,0.2809,0.8891,0.1259,0.4218,0.421,0.4073,0.4148,0.4493,4.3,4.3,4.3,4.3,4.3,4.4
41.661893,-0.869002,835077113,"El Rabal",square,0.1829,0.0072,0.3054,0.2251,0.16,0.1891,0.186,0.2459,0.2732,1.7,1.6,1.7,1.7,2.1,2.2
41.662021,-0.869249,835077113,"El Rabal",square,0.1808,0.0072,0.3145,0.159,0.157,0.1864,0.1816,0.2442,0.2749,1.6,1.5,1.6,1.6,2,2.2
41.662149,-0.869497,835077113,"El Rabal",square,0.1775,0.0061,0.3145,0.1109,0.1519,0.1832,0.1782,0.2404,0.2728,1.5,1.4,1.6,1.5,1.9,2
41.662404,-0.869992,835077113,"El Rabal",square,0.1685,0.0061,0.3054,0.1451,0.1358,0.1711,0.1734,0.2248,0.2534,1.5,1.3,1.5,1.5,1.8,1.9
41.66332,-0.871828,835077716,"El Rabal",square,0.1218,0.055,0.3054,0.2684,0.1128,0.13,0.1166,0.1629,0.2281,1.6,1.6,1.6,1.6,1.9,2.2
41.663191,-0.871581,835077716,"El Rabal",square,0.1265,0.055,0.3054,0.1983,0.1152,0.1382,0.1231,0.1718,0.2354,1.5,1.5,1.6,1.5,1.8,2.2
41.644115,-0.891984,842012485,Universidad,main_street,0.9462,0.9483,0.4389,0.996,0.9527,0.9292,0.9469,0.9285,0.9122,9.7,9.7,9.6,9.7,9.7,9.6
41.654954,-0.881255,847742316,"Casco Histórico",square,0.9568,0.008,0.6307,0.5355,0.9233,0.9562,0.9586,0.9665,0.9695,5.6,5.4,5.6,5.6,5.6,5.6
41.636243,-0.878572,881929711,"San José",main_street,0.6348,0.9682,0.4833,0.6384,0.6371,0.6187,0.6607,0.6074,0.4483,7.7,7.7,7.6,7.8,7.5,6.5
41.63608,-0.87878,881929711,"San José",main_street,0.6303,0.9945,0.4833,0.6222,0.6336,0.6129,0.6584,0.6046,0.4361,7.7,7.8,7.7,7.9,7.6,6.5
41.636532,-0.877843,881929712,"San José",side_street,0.6423,0.987,0.4741,0.6914,0.6511,0.6323,0.6617,0.6164,0.5075,7.9,7.9,7.8,8,7.7,7
41.645468,-0.876368,886264823,Centro,main_street,0.6768,0.8884,0.6809,0.8301,0.6846,0.6974,0.6632,0.683,0.7339,8.5,8.6,8.6,8.4,8.5,8.9
41.646367,-0.87436,886264824,Centro,main_street,0.7007,0.4674,0.6738,0.8577,0.7207,0.7089,0.6841,0.6738,0.7059,6.6,6.7,6.7,6.5,6.5,6.7
41.64625,-0.874616,886264824,Centro,main_street,0.6974,0.4674,0.6728,0.8383,0.715,0.7068,0.6817,0.6751,0.7116,6.6,6.7,6.6,6.5,6.5,6.7
41.646133,-0.874874,886264824,Centro,main_street,0.6977,0.7787,0.6753,0.8399,0.7147,0.709,0.6815,0.6778,0.7155,8.2,8.3,8.2,8,8,8.3
41.64602,-0.875134,886264824,Centro,main_street,0.6967,0.7787,0.6781,0.8078,0.7128,0.7113,0.6803,0.6808,0.7196,8.1,8.2,8.2,8,8,8.3
41.645906,-0.875393,886264824,Centro,main_street,0.6952,0.7787,0.6781,0.8085,0.7094,0.7106,0.6776,0.6813,0.7227,8.1,8.2,8.2,7.9,8,8.3
41.645793,-0.875653,886264824,Centro,main_street,0.6909,0.8882,0.6797,0.8048,0.7048,0.7094,0.6752,0.6822,0.7254,8.5,8.6,8.7,8.5,8.5,8.8
41.645678,-0.875912,886264824,Centro,main_street,0.6871,0.8874,0.6809,0.8382,0.7003,0.7072,0.6726,0.6816,0.7282,8.6,8.7,8.7,8.5,8.5,8.9
41.645561,-0.876168,886264824,Centro,main_street,0.6793,0.8874,0.6815,0.8272,0.6898,0.7001,0.6639,0.681,0.7306,8.5,8.6,8.6,8.4,8.5,8.9
41.644813,-0.87726,886264826,"San José",main_street,0.6559,0.9371,0.5362,0.8062,0.6549,0.6747,0.6426,0.6892,0.7446,8.1,8.1,8.2,8.1,8.3,8.7
41.655953,-0.90308,886321883,"La Almozara",square,0.3884,0.0006,0.1676,0.1412,0.3793,0.3848,0.3876,0.4069,0.4425,2.3,2.2,2.3,2.3,2.4,2.5
41.656005,-0.90374,886321884,"La Almozara",square,0.3745,0.0809,0.1712,0.1665,0.3672,0.3715,0.3751,0.3892,0.4067,2.5,2.5,2.5,2.5,2.6,2.6
41.650503,-0.905036,886571248,Delicias,square,0.3756,0.0718,0.9358,0.0037,0.3662,0.373,0.3674,0.3975,0.4481,3.7,3.6,3.7,3.6,3.7,3.9
41.647131,-0.907511,887607573,Delicias,square,0.2572,0.1567,0.9358,0.2603,0.2596,0.2663,0.2469,0.2667,0.3143,3.7,3.7,3.7,3.7,3.7,3.8
41.643703,-0.905361,889909091,Delicias,square,0.2133,0.2739,0.8371,0.6085,0.227,0.2179,0.209,0.1733,0.1709,4,4,4,3.9,3.8,3.8
41.652511,-0.912567,891063557,Delicias,side_street,0.5468,0.8372,0.8699,0.7964,0.5447,0.536,0.5509,0.5492,0.5486,8,8,7.9,8,8,8.1
41.657843,-0.870033,892439597,"El Rabal",side_street,0.1803,0.6662,0.3351,0.3718,0.1868,0.1911,0.1689,0.1656,0.1851,3.8,3.8,3.8,3.8,3.8,3.8
41.645512,-0.909719,894980963,Delicias,square,0.4186,0.01,0.9358,0.1255,0.4203,0.4069,0.4323,0.4031,0.3413,3.7,3.8,3.7,3.8,3.7,3.5
41.645852,-0.908738,894980993,Delicias,square,0.3417,0.0242,0.911,0.1265,0.3416,0.3345,0.352,0.3348,0.2907,3.5,3.5,3.5,3.5,3.5,3.3
41.645756,-0.908466,894980993,Delicias,square,0.3362,0.0207,0.8891,0.1487,0.3396,0.3296,0.3471,0.327,0.2848,3.4,3.4,3.4,3.5,3.4,3.3
41.645483,-0.907641,894980993,Delicias,square,0.3222,0.0207,0.8891,0.2414,0.3228,0.316,0.3294,0.3181,0.3013,3.5,3.5,3.4,3.5,3.5,3.4
41.645612,-0.909698,895050800,Delicias,square,0.4117,0.0807,0.9358,0.1231,0.4127,0.3973,0.4238,0.3968,0.3373,3.9,3.9,3.8,3.9,3.8,3.6
41.645476,-0.909745,895050800,Delicias,square,0.423,0.0382,0.9358,0.1258,0.4251,0.4111,0.4349,0.4072,0.3436,3.8,3.8,3.8,3.9,3.8,3.6
41.645652,-0.909196,895050800,Delicias,square,0.386,0.0266,0.9234,0.0964,0.3884,0.37,0.3995,0.3684,0.3173,3.6,3.6,3.6,3.7,3.6,3.4
41.645745,-0.909288,895050800,Delicias,square,0.3828,0.0151,0.9234,0.1567,0.3851,0.3677,0.3975,0.3681,0.32,3.7,3.7,3.6,3.7,3.6,3.5
41.645899,-0.908718,895052132,Delicias,square,0.3366,0.0352,0.8995,0.1295,0.3393,0.3311,0.3482,0.3307,0.2853,3.5,3.5,3.5,3.5,3.5,3.3
41.645874,-0.908493,895052132,Delicias,square,0.3291,0.0367,0.911,0.115,0.3313,0.3241,0.3388,0.3233,0.2866,3.5,3.5,3.4,3.5,3.4,3.3
41.645656,-0.90783,895052132,Delicias,square,0.3204,0.0423,0.8995,0.1803,0.3221,0.3135,0.3266,0.3153,0.2976,3.5,3.5,3.5,3.5,3.5,3.4
41.645528,-0.907655,895052132,Delicias,square,0.3188,0.0404,0.8891,0.2384,0.3185,0.3123,0.3256,0.315,0.2952,3.5,3.5,3.5,3.5,3.5,3.5
41.645431,-0.907625,895052132,Delicias,square,0.3241,0.0489,0.8891,0.2459,0.3259,0.3185,0.3318,0.3195,0.303,3.6,3.6,3.5,3.6,3.5,3.5
41.645286,-0.9077,895052132,Delicias,square,0.3298,0.0435,0.8891,0.235,0.3328,0.3242,0.3404,0.3242,0.2993,3.5,3.6,3.5,3.6,3.5,3.5
41.645456,-0.907837,895052132,Delicias,square,0.3269,0.0373,0.8995,0.2158,0.3298,0.3217,0.3355,0.3207,0.2964,3.5,3.5,3.5,3.6,3.5,3.4
41.645792,-0.908781,895052132,Delicias,square,0.3533,0.0359,0.911,0.1237,0.3537,0.3443,0.365,0.3409,0.2956,3.6,3.6,3.5,3.6,3.5,3.4
41.647327,-0.8785,961556456,Centro,main_street,0.749,0.7207,0.7663,0.1275,0.7516,0.7619,0.7401,0.7638,0.8047,7.3,7.3,7.4,7.2,7.4,7.7
41.647235,-0.878774,961556456,Centro,main_street,0.764,0.7256,0.7719,0.1278,0.7647,0.7756,0.7542,0.7766,0.815,7.5,7.5,7.5,7.4,7.5,7.8
41.647182,-0.879065,961556456,Centro,main_street,0.779,0.7429,0.7757,0.1232,0.7783,0.7886,0.7698,0.7891,0.8245,7.6,7.6,7.7,7.6,7.7,8
41.648273,-0.877272,961556457,Centro,main_street,0.7295,0.9258,0.7539,0.3501,0.7329,0.7431,0.7158,0.7436,0.7942,8.5,8.5,8.5,8.4,8.6,8.9
41.648473,-0.877132,961556457,Centro,main_street,0.7354,0.9268,0.7562,0.409,0.7378,0.7486,0.7229,0.7521,0.8026,8.6,8.6,8.7,8.5,8.7,9.1
41.648666,-0.876978,961556457,Centro,main_street,0.7411,0.9285,0.7663,0.5202,0.7405,0.7544,0.7291,0.7631,0.8125,8.9,8.9,9,8.8,9.1,9.3
41.648858,-0.876821,961556457,Centro,main_street,0.7467,0.9296,0.7719,0.6211,0.7431,0.7606,0.7366,0.7735,0.8287,9.1,9.1,9.2,9,9.3,9.5
41.646203,-0.872259,961847991,"Las Fuentes",side_street,0.6744,0.4103,0.2434,0.9032,0.7038,0.6767,0.6406,0.6234,0.6173,5.2,5.3,5.2,5,4.9,4.9
41.64629,-0.872372,961847992,"Las Fuentes",main_street,0.6795,0.7398,0.2439,0.8861,0.7089,0.6844,0.6461,0.6273,0.6234,6.5,6.7,6.5,6.3,6.2,6.2
41.646157,-0.87242,961847993,"San José",side_street,0.6856,0.4515,0.5146,0.9018,0.7161,0.6888,0.6574,0.6313,0.623,6.1,6.3,6.1,5.9,5.8,5.8
41.646051,-0.872684,961847993,"San José",side_street,0.7042,0.4239,0.5146,0.8971,0.7306,0.7031,0.6789,0.6439,0.6362,6.1,6.2,6.1,5.9,5.7,5.7
41.645938,-0.872945,961847993,"San José",side_street,0.7145,0.4239,0.5161,0.8888,0.7384,0.7152,0.6938,0.6545,0.6441,6.1,6.3,6.1,6,5.8,5.7
41.645825,-0.873205,961847993,"San José",side_street,0.7127,0.4239,0.5191,0.8686,0.7353,0.7107,0.6969,0.6573,0.6425,6.1,6.2,6.1,6,5.8,5.7
41.645711,-0.873465,961847993,"San José",side_street,0.7087,0.4239,0.5191,0.8638,0.7302,0.7032,0.6973,0.6567,0.6355,6.1,6.2,6,6,5.8,5.7
41.645598,-0.873724,961847993,"San José",side_street,0.7038,0.3904,0.5204,0.8561,0.724,0.6979,0.6943,0.6562,0.6361,5.9,6,5.9,5.9,5.6,5.5
41.645485,-0.873984,961847993,"San José",side_street,0.6979,0.3904,0.5234,0.8475,0.7138,0.6925,0.6912,0.6588,0.6437,5.9,6,5.8,5.8,5.6,5.6
41.645371,-0.874244,961847993,"San José",side_street,0.6911,0.4911,0.5218,0.8327,0.7039,0.6858,0.6854,0.6572,0.6468,6.2,6.3,6.2,6.2,6,6
41.645258,-0.874504,961847993,"San José",side_street,0.6851,0.4911,0.5204,0.8091,0.6973,0.6803,0.682,0.6587,0.6509,6.1,6.2,6.1,6.1,6,5.9
41.645145,-0.874764,961847993,"San José",side_street,0.6843,0.4911,0.5204,0.8192,0.6946,0.6823,0.6809,0.6634,0.661,6.2,6.2,6.1,6.1,6,6
41.645032,-0.875024,961847993,"San José",side_street,0.6812,0.4911,0.5234,0.8135,0.6881,0.6795,0.6779,0.667,0.6735,6.1,6.2,6.1,6.1,6.1,6.1
41.644919,-0.875284,961847993,"San José",side_street,0.6808,0.5723,0.5282,0.7735,0.6857,0.6816,0.6775,0.6724,0.6908,6.4,6.5,6.4,6.4,6.4,6.5
41.644806,-0.875544,961847993,"San José",side_street,0.6788,0.5723,0.5302,0.7679,0.6826,0.6812,0.6757,0.6762,0.7027,6.4,6.4,6.4,6.4,6.4,6.6
41.644692,-0.875804,961847993,"San José",side_street,0.6755,0.5723,0.5314,0.7405,0.6768,0.6791,0.6731,0.6815,0.7141,6.4,6.4,6.4,6.3,6.4,6.6
41.644579,-0.876064,961847993,"San José",side_street,0.669,0.5865,0.5302,0.767,0.669,0.6743,0.6665,0.6858,0.7231,6.4,6.4,6.5,6.4,6.5,6.8
41.646134,-0.872203,961847994,"Las Fuentes",main_street,0.672,0.2034,0.2428,0.9074,0.7032,0.6752,0.6381,0.6204,0.6139,4.6,4.7,4.6,4.4,4.4,4.3
41.646224,-0.872097,961847995,"Las Fuentes",main_street,0.6603,0.5177,0.2434,0.9031,0.6936,0.6669,0.6285,0.6119,0.609,5.5,5.7,5.5,5.3,5.2,5.2
41.637889,-0.898496,995177148,Universidad,main_street,0.4996,0.2624,0.3621,0.9931,0.4835,0.5141,0.4987,0.5691,0.7261,4.4,4.3,4.4,4.4,4.6,5.2
41.641603,-0.893172,1058531487,Universidad,side_street,0.8844,0.6152,0.4157,0.9528,0.8806,0.8672,0.8766,0.8885,0.8869,7.9,7.8,7.8,7.8,7.9,8
41.641785,-0.892996,1058531487,Universidad,side_street,0.8926,0.6044,0.4206,0.9552,0.8932,0.8772,0.8892,0.8939,0.8841,7.9,7.9,7.8,7.9,7.9,7.9
41.64197,-0.892825,1058531487,Universidad,side_street,0.9021,0.6044,0.4267,0.9565,0.9033,0.8869,0.8995,0.9016,0.8837,8,8,7.9,8,8,7.9
41.642167,-0.892683,1058531487,Universidad,side_street,0.9151,0.6068,0.4316,0.9606,0.9165,0.8968,0.9125,0.905,0.881,8.1,8.1,8,8.1,8.1,7.9
41.64235,-0.892508,1058531487,Universidad,side_street,0.9223,0.6068,0.4331,0.9651,0.9234,0.9005,0.9202,0.9076,0.8806,8.2,8.2,8,8.2,8.1,8
41.642533,-0.892334,1058531487,Universidad,side_street,0.9204,0.6068,0.4361,0.9549,0.9228,0.9001,0.9179,0.9056,0.8804,8.2,8.2,8,8.2,8.1,7.9
41.650253,-0.884969,1063400065,Centro,side_street,0.9012,0.3427,0.8106,0.8742,0.9091,0.9153,0.8957,0.8967,0.8789,7.8,7.9,7.9,7.8,7.8,7.7
41.650908,-0.885434,1063400066,Centro,side_street,0.8462,0.4043,0.7884,0.5725,0.8534,0.855,0.8413,0.8468,0.8512,7.2,7.2,7.3,7.1,7.2,7.2
41.654085,-0.897968,1080736423,Delicias,main_street,0.2901,0.3797,0.9616,0.1754,0.2952,0.3167,0.2795,0.3043,0.3615,4.3,4.3,4.4,4.3,4.3,4.5
41.642646,-0.90929,1080743595,Delicias,secondary_street,0.5001,0.779,0.8699,0.2234,0.4919,0.4862,0.5171,0.5137,0.4891,6.5,6.4,6.4,6.6,6.6,6.4
41.656217,-0.894458,1083236084,"La Almozara",square,0.3982,0.0053,0.1781,0.9012,0.4129,0.4185,0.3886,0.3782,0.4295,3,3,3.1,2.9,2.9,3.1
41.65617,-0.894164,1083236084,"La Almozara",square,0.404,0.0053,0.1775,0.8909,0.4176,0.4252,0.3966,0.3855,0.4332,3,3,3.1,3,3,3.1
41.640217,-0.894461,1083451803,Universidad,side_street,0.7884,0.367,0.3901,0.9042,0.7924,0.7846,0.7767,0.8003,0.865,6,6,6,5.9,6,6.4
41.655715,-0.883539,1085893622,"Casco Histórico",side_street,0.801,0.9586,0.5979,0.9481,0.7932,0.8205,0.7979,0.841,0.898,9.4,9.4,9.5,9.4,9.6,9.8
41.649678,-0.881729,1097712497,Centro,side_street,0.9705,0.414,0.8164,0.4804,0.9764,0.9678,0.9705,0.9555,0.9341,8,8,8,8,7.9,7.8
41.649605,-0.881444,1097712497,Centro,side_street,0.9669,0.414,0.8135,0.4491,0.9736,0.9655,0.9678,0.9528,0.9312,7.9,8,7.9,7.9,7.8,7.7
41.647367,-0.883145,1104134081,Centro,side_street,0.9408,0.6752,0.8254,0.7295,0.9414,0.9343,0.951,0.9159,0.8493,9.4,9.4,9.3,9.4,9.3,8.9
41.647505,-0.883383,1104134081,Centro,side_street,0.935,0.6744,0.8282,0.8173,0.9365,0.9306,0.9449,0.9121,0.8474,9.4,9.5,9.4,9.5,9.4,9.1
41.647643,-0.883621,1104134081,Centro,side_street,0.9291,0.6956,0.8303,0.8776,0.9322,0.9291,0.9391,0.9084,0.8515,9.6,9.6,9.5,9.6,9.5,9.2
41.647194,-0.882898,1104134083,Centro,side_street,0.9426,0.3913,0.8242,0.6343,0.9398,0.9309,0.9545,0.9197,0.8469,8,8,7.9,8.1,7.9,7.4
41.647016,-0.882995,1104134099,Centro,side_street,0.9445,0.4638,0.8227,0.6255,0.9439,0.9299,0.9579,0.9178,0.8386,8.3,8.4,8.2,8.4,8.2,7.6
41.646901,-0.883253,1104134099,Centro,side_street,0.9401,0.4638,0.8078,0.6518,0.9375,0.9237,0.9551,0.9127,0.8273,8.3,8.3,8.2,8.4,8.1,7.6
41.646786,-0.883511,1104134099,Centro,side_street,0.9288,0.4638,0.8051,0.6987,0.9295,0.9117,0.9479,0.9025,0.8136,8.3,8.3,8.2,8.4,8.1,7.5
41.643112,-0.882464,1104134119,Centro,secondary_street,0.7825,0.9145,0.7094,0.3574,0.7812,0.7572,0.7992,0.7593,0.649,8.6,8.6,8.5,8.7,8.5,7.8
41.642893,-0.882444,1104134119,Centro,secondary_street,0.7633,0.9261,0.701,0.4785,0.7622,0.7412,0.7838,0.7427,0.6327,8.7,8.7,8.6,8.9,8.6,8
41.643058,-0.884299,1104134135,Centro,side_street,0.8101,0.4868,0.7177,0.5958,0.8159,0.7934,0.8229,0.7776,0.6793,7.1,7.2,7,7.3,6.9,6.3
41.643085,-0.884598,1104134135,Centro,side_street,0.8132,0.4868,0.7247,0.6622,0.8204,0.7966,0.8255,0.7798,0.6911,7.3,7.4,7.2,7.4,7.1,6.6
41.644803,-0.88416,1104134234,Centro,side_street,0.8862,0.752,0.7482,0.2261,0.891,0.8574,0.9001,0.8431,0.7342,8.4,8.5,8.3,8.5,8.2,7.5
41.635352,-0.885748,1104134439,Universidad,side_street,0.3119,0.4439,0.3667,0.5444,0.328,0.3009,0.3242,0.2702,0.2138,3.9,3.9,3.8,3.9,3.7,3.6
41.63531,-0.886043,1104134439,Universidad,side_street,0.3044,0.4439,0.3667,0.5353,0.3218,0.292,0.314,0.2573,0.1945,3.8,3.9,3.8,3.9,3.7,3.5
41.635268,-0.886339,1104134439,Universidad,side_street,0.2976,0.4439,0.3667,0.497,0.3164,0.2875,0.3084,0.2506,0.1871,3.8,3.9,3.8,3.8,3.6,3.4
41.638599,-0.88674,1104134500,Universidad,side_street,0.5599,0.6263,0.3889,0.7894,0.5644,0.5725,0.5702,0.5562,0.553,5.6,5.7,5.7,5.7,5.6,5.6
41.638455,-0.886971,1104134500,Universidad,side_street,0.5346,0.6263,0.3901,0.7695,0.5365,0.5447,0.5451,0.5324,0.5311,5.5,5.5,5.5,5.5,5.5,5.4
41.638676,-0.886623,1104134502,Universidad,side_street,0.5711,0.646,0.3889,0.8034,0.575,0.583,0.5804,0.5671,0.5601,5.8,5.8,5.9,5.9,5.8,5.7
41.644168,-0.882418,1104134592,Centro,side_street,0.8522,0.4172,0.7291,0.081,0.8553,0.8283,0.866,0.8212,0.7224,6.3,6.4,6.2,6.4,6.2,5.6
41.644044,-0.882669,1104134592,Centro,side_street,0.852,0.4182,0.7275,0.1498,0.8549,0.8263,0.8674,0.819,0.712,6.4,6.4,6.3,6.5,6.3,5.7
41.643921,-0.882921,1104134592,Centro,side_street,0.8509,0.4182,0.7312,0.2005,0.854,0.8245,0.8659,0.8161,0.7065,6.5,6.5,6.4,6.6,6.3,5.7
41.659836,-0.894159,1105157003,"La Almozara",secondary_street,0.181,0.5969,0.1644,0.6721,0.1743,0.1909,0.1751,0.2123,0.2291,3.6,3.6,3.6,3.6,3.7,3.7
41.65996,-0.89441,1105157003,"La Almozara",secondary_street,0.1721,0.6153,0.1644,0.6208,0.1631,0.1808,0.1687,0.2058,0.2302,3.6,3.5,3.6,3.6,3.7,3.7
41.653491,-0.878181,1106918143,"Casco Histórico",side_street,0.9912,0.6549,0.6238,0.2954,0.9852,0.9919,0.9939,0.9948,0.9945,8.4,8.4,8.4,8.4,8.4,8.4
41.655535,-0.892653,1107171917,"Casco Histórico",side_street,0.3902,0.8951,0.5495,0.8738,0.3944,0.3994,0.3885,0.3826,0.4227,6.4,6.4,6.4,6.3,6.3,6.6
41.655342,-0.892508,1107171917,"Casco Histórico",side_street,0.3742,0.8906,0.55,0.8703,0.3826,0.3882,0.3741,0.372,0.4108,6.2,6.3,6.3,6.2,6.2,6.5
41.660317,-0.89724,1107525875,"La Almozara",secondary_street,0.1477,0.8233,0.1579,0.2661,0.1392,0.1603,0.1297,0.182,0.2369,3.7,3.7,3.8,3.7,3.8,4
41.660119,-0.896377,1107525875,"La Almozara",secondary_street,0.1542,0.8214,0.1588,0.4216,0.141,0.1634,0.1364,0.1906,0.2405,3.8,3.8,3.9,3.8,3.9,4.1
41.659984,-0.895802,1107525875,"La Almozara",secondary_street,0.1555,0.8243,0.1634,0.4269,0.1419,0.1655,0.1388,0.1904,0.2304,3.9,3.8,3.9,3.8,3.9,4.1
41.659915,-0.895516,1107525875,"La Almozara",secondary_street,0.1574,0.8243,0.1644,0.445,0.1451,0.1669,0.1423,0.1878,0.2209,3.9,3.9,3.9,3.8,3.9,4.1
41.655658,-0.89268,1111136705,"Casco Histórico",side_street,0.3943,0.9046,0.5483,0.8696,0.3987,0.4053,0.3946,0.3905,0.4313,6.4,6.4,6.5,6.4,6.4,6.7
41.642938,-0.881485,1115533256,Centro,main_street,0.7082,0.5526,0.6975,0.4685,0.6967,0.6824,0.7275,0.702,0.6108,6.6,6.5,6.4,6.7,6.5,6
41.656218,-0.904204,1115809477,"La Almozara",secondary_street,0.3331,0.9813,0.1701,0.1713,0.3284,0.3363,0.3311,0.3525,0.3616,4.7,4.7,4.7,4.7,4.7,4.7
41.655998,-0.904261,1115809477,"La Almozara",secondary_street,0.3642,0.9818,0.1722,0.2099,0.3575,0.3621,0.3597,0.3768,0.3909,4.8,4.8,4.8,4.8,4.8,4.9
41.63856,-0.897115,1120799364,Universidad,square,0.6347,0.1531,0.3662,0.983,0.6241,0.648,0.6254,0.701,0.7879,4.6,4.6,4.6,4.6,4.8,5.1
41.638374,-0.897283,1120799364,Universidad,square,0.6162,0.1237,0.3652,0.9859,0.605,0.6296,0.6078,0.6826,0.7843,4.4,4.4,4.5,4.4,4.6,5
41.63819,-0.897456,1120799364,Universidad,square,0.5986,0.1237,0.3642,0.9943,0.5856,0.6116,0.5896,0.6628,0.7814,4.4,4.3,4.4,4.3,4.6,5
41.638006,-0.897629,1120799364,Universidad,square,0.5783,0.1237,0.3642,0.9984,0.5646,0.593,0.57,0.6449,0.7794,4.3,4.3,4.4,4.3,4.5,5
41.637822,-0.897802,1120799364,Universidad,square,0.5455,0.1237,0.3629,0.9962,0.5295,0.563,0.5396,0.6203,0.7624,4.2,4.1,4.3,4.2,4.5,4.9
41.637535,-0.897347,1120799373,Universidad,main_street,0.5061,0.8375,0.3629,0.9863,0.4897,0.5287,0.5025,0.5847,0.7412,6.4,6.3,6.5,6.4,6.9,8
41.637568,-0.89705,1120799373,Universidad,main_street,0.5109,0.8325,0.3629,0.9804,0.4955,0.5329,0.5042,0.5859,0.7395,6.4,6.3,6.5,6.4,6.9,7.9
41.637604,-0.896753,1120799373,Universidad,main_street,0.51,0.8315,0.3629,0.9705,0.4976,0.5317,0.5033,0.5806,0.7319,6.4,6.3,6.5,6.3,6.8,7.9
41.637641,-0.896456,1120799373,Universidad,main_street,0.5073,0.8315,0.3652,0.9556,0.496,0.5298,0.5016,0.5752,0.7248,6.3,6.3,6.5,6.3,6.7,7.8
41.637677,-0.896159,1120799373,Universidad,main_street,0.5047,0.8315,0.3658,0.9281,0.4951,0.5261,0.4986,0.5684,0.7165,6.3,6.2,6.4,6.3,6.7,7.7
41.658762,-0.870437,1122775638,"El Rabal",side_street,0.2207,0.2183,0.331,0.4484,0.2226,0.2295,0.2063,0.2261,0.2552,2.8,2.8,2.8,2.8,2.8,3
41.652677,-0.87479,1127371296,"Casco Histórico",side_street,0.8185,0.5432,0.6033,0.4411,0.8016,0.8443,0.806,0.8882,0.9356,6.8,6.7,7,6.8,7.3,7.7
41.652889,-0.875041,1127371297,"Casco Histórico",side_street,0.8406,0.767,0.5961,0.4086,0.8201,0.8669,0.8238,0.9087,0.9449,8,7.9,8.2,7.9,8.4,8.7
41.659702,-0.876541,1136161611,"El Rabal",side_street,0.275,0.3725,0.331,0.3649,0.2646,0.2835,0.2818,0.2952,0.2961,3.4,3.3,3.4,3.4,3.4,3.5
41.659651,-0.876248,1136161611,"El Rabal",side_street,0.29,0.3725,0.3326,0.373,0.2798,0.2966,0.2908,0.3005,0.3002,3.4,3.4,3.4,3.4,3.5,3.5
41.6596,-0.875954,1136161611,"El Rabal",side_street,0.305,0.3725,0.3326,0.4218,0.2959,0.3081,0.303,0.307,0.307,3.5,3.5,3.5,3.5,3.5,3.5
41.649605,-0.879506,1151201271,Centro,side_street,0.9098,0.141,0.8106,0.3477,0.9052,0.9347,0.8984,0.9296,0.9234,6.1,6.1,6.2,6,6.2,6.2
41.649733,-0.879435,1152782449,Centro,side_street,0.9252,0.6208,0.8078,0.3632,0.9161,0.9446,0.9083,0.9375,0.9285,8.5,8.4,8.6,8.4,8.5,8.5
41.637661,-0.868871,1174601787,"San José",main_street,0.1843,0.841,0.4452,0.1539,0.1981,0.1658,0.1894,0.1307,0.1012,4.2,4.3,4.2,4.2,4,3.9
41.648952,-0.904172,1185396133,Delicias,square,0.3365,0.0775,0.8995,0.145,0.3339,0.3397,0.3239,0.3639,0.433,3.6,3.6,3.6,3.6,3.7,3.9
41.648739,-0.904075,1185396133,Delicias,square,0.3392,0.0775,0.8995,0.1802,0.3383,0.3419,0.3241,0.3594,0.4213,3.6,3.6,3.7,3.6,3.7,3.9
41.6553,-0.896886,1204486368,Delicias,side_street,0.2787,0.523,0.9542,0.6446,0.2838,0.3096,0.2689,0.2872,0.3433,5.1,5.1,5.2,5,5.1,5.4
41.655423,-0.896642,1204486368,Delicias,side_street,0.2846,0.6655,0.9542,0.6464,0.2911,0.3139,0.2747,0.2896,0.3465,5.7,5.7,5.8,5.6,5.6,6
41.655242,-0.89708,1204547153,Delicias,side_street,0.2754,0.4667,0.946,0.5899,0.2825,0.307,0.2661,0.2848,0.3407,4.8,4.9,5,4.8,4.9,5.1
41.641378,-0.867366,1225864642,"Las Fuentes",side_street,0.3833,0.3655,0.2311,0.0329,0.3655,0.3666,0.3992,0.3995,0.3735,3.2,3.2,3.2,3.3,3.3,3.2
41.641504,-0.867117,1225864642,"Las Fuentes",side_street,0.3599,0.3655,0.2311,0.0373,0.3438,0.3462,0.3787,0.3741,0.3479,3.2,3.1,3.1,3.2,3.2,3.1
41.64226,-0.865622,1225864642,"Las Fuentes",side_street,0.2547,0.3694,0.23,0.0458,0.2418,0.2405,0.2691,0.2633,0.2082,2.8,2.7,2.8,2.8,2.8,2.7
41.639321,-0.901727,1227739237,Universidad,main_street,0.2708,0.4033,0.3566,0.604,0.2788,0.2818,0.2578,0.2631,0.3238,3.7,3.7,3.7,3.6,3.6,3.8
41.639446,-0.901977,1227739237,Universidad,main_street,0.2561,0.4033,0.3566,0.5855,0.263,0.2614,0.2376,0.239,0.2846,3.6,3.6,3.6,3.5,3.6,3.7
41.653839,-0.883562,1236050786,"Casco Histórico",side_street,0.8759,0.9955,0.6449,0.6251,0.867,0.894,0.865,0.9052,0.9254,9.6,9.6,9.7,9.6,9.7,9.8
41.653985,-0.883791,1236050786,"Casco Histórico",side_street,0.8581,0.9955,0.6391,0.6891,0.8559,0.8807,0.8519,0.891,0.9199,9.6,9.6,9.7,9.6,9.7,9.8
41.653032,-0.884275,1236050787,Centro,side_street,0.8431,0.9539,0.7719,0.7321,0.8457,0.8602,0.8325,0.8619,0.8886,9.7,9.7,9.8,9.7,9.8,9.9
41.652907,-0.884025,1236050787,Centro,side_street,0.8602,0.9539,0.7811,0.7486,0.8625,0.8804,0.8499,0.879,0.9012,9.8,9.8,9.8,9.8,9.9,9.9
41.659287,-0.900983,1236436602,"La Almozara",side_street,0.1019,0.2034,0.1611,0.3046,0.1051,0.1104,0.0863,0.1128,0.1658,1.8,1.8,1.8,1.7,1.8,2.1
41.659084,-0.901113,1236436602,"La Almozara",side_street,0.0937,0.2034,0.1611,0.2671,0.0965,0.1018,0.079,0.1075,0.1576,1.7,1.7,1.7,1.6,1.7,2
41.658167,-0.908718,1282063754,"La Almozara",square,0.0984,0.0252,0.1598,0.5787,0.1026,0.1242,0.0989,0.1081,0.1348,1.4,1.4,1.5,1.4,1.5,1.6
41.657758,-0.908467,1282063754,"La Almozara",square,0.0993,0.025,0.1622,0.5386,0.1088,0.1254,0.0957,0.1005,0.127,1.3,1.4,1.5,1.3,1.3,1.5
41.657553,-0.908342,1282063754,"La Almozara",square,0.1008,0.0256,0.1622,0.4631,0.115,0.1263,0.0954,0.0967,0.1194,1.3,1.3,1.4,1.2,1.2,1.3
41.640881,-0.883415,1288766093,Centro,main_street,0.6858,0.8915,0.6738,0.7551,0.6827,0.6662,0.7052,0.6676,0.5902,8.4,8.4,8.3,8.5,8.3,7.9
41.641008,-0.883663,1288766093,Centro,main_street,0.7124,0.907,0.6753,0.7879,0.7125,0.6966,0.7244,0.6946,0.614,8.7,8.7,8.6,8.8,8.6,8.2
41.639384,-0.880504,1288766094,Centro,main_street,0.5424,0.6321,0.6706,0.2956,0.5618,0.535,0.5317,0.4695,0.3819,5.7,5.8,5.6,5.6,5.3,4.9
41.651996,-0.883827,1288964679,Centro,side_street,0.9131,0.8916,0.7922,0.6056,0.9152,0.9344,0.8977,0.9213,0.9226,9.7,9.7,9.8,9.7,9.8,9.7
41.652173,-0.883643,1288964680,Centro,square,0.9128,0.9264,0.7904,0.6214,0.9141,0.9357,0.8975,0.9227,0.9231,9.8,9.8,9.8,9.8,9.9,9.9
41.652359,-0.883474,1288964680,Centro,square,0.9135,0.9267,0.7884,0.6246,0.9138,0.937,0.8982,0.9248,0.9252,9.8,9.8,9.8,9.8,9.9,9.9
41.649947,-0.884432,1292916982,Centro,side_street,0.9351,0.3375,0.8209,0.8766,0.9421,0.9445,0.9264,0.9217,0.8971,8.1,8.1,8.1,8,8,7.9
41.650084,-0.884671,1292916982,Centro,side_street,0.9241,0.3375,0.8164,0.8618,0.9299,0.9375,0.9146,0.9135,0.8905,7.9,8,8,7.9,7.9,7.8
41.63953,-0.880813,1293811325,Centro,main_street,0.5304,0.3795,0.6711,0.3214,0.5462,0.5168,0.5246,0.4675,0.3772,4.8,4.8,4.7,4.8,4.5,4.2
41.639656,-0.881062,1293811325,Centro,main_street,0.5229,0.8734,0.6715,0.3273,0.5362,0.5065,0.5232,0.4654,0.369,6.6,6.7,6.5,6.6,6.3,5.7
41.639783,-0.881311,1293811325,Centro,main_street,0.526,0.87,0.6715,0.3474,0.5358,0.5064,0.5332,0.4747,0.3681,6.6,6.7,6.5,6.7,6.3,5.7
41.638777,-0.87931,1293811326,Centro,main_street,0.5808,0.9599,0.6691,0.5677,0.5999,0.5784,0.5694,0.5212,0.4511,7.8,7.9,7.8,7.7,7.4,6.9
41.638903,-0.879558,1293811326,Centro,main_street,0.5752,0.9599,0.6696,0.6105,0.5978,0.5733,0.5601,0.5044,0.4305,7.8,8,7.8,7.7,7.3,6.9
41.63903,-0.879807,1293811326,Centro,main_street,0.5725,0.9593,0.6699,0.5083,0.5984,0.5719,0.5564,0.4931,0.4144,7.6,7.8,7.6,7.5,7.1,6.6
41.638133,-0.878046,1293811329,Centro,main_street,0.6108,0.8585,0.6641,0.6834,0.6245,0.6074,0.6148,0.5688,0.4862,7.6,7.7,7.6,7.6,7.4,6.9
41.63826,-0.878294,1293811329,Centro,main_street,0.6012,0.8585,0.6657,0.5927,0.6149,0.5975,0.6022,0.5572,0.4777,7.5,7.5,7.5,7.5,7.1,6.7
41.638387,-0.878543,1293811329,Centro,main_street,0.5957,0.8585,0.6673,0.5697,0.6105,0.5933,0.594,0.5497,0.4757,7.4,7.5,7.4,7.4,7,6.6
41.638514,-0.878791,1293811329,Centro,main_street,0.5914,0.8585,0.6657,0.5608,0.6075,0.5893,0.5879,0.544,0.4751,7.3,7.4,7.3,7.3,7,6.6
41.647169,-0.878689,1294888106,Centro,main_street,0.7575,0.9706,0.7691,0.1364,0.7588,0.7685,0.7487,0.7711,0.8089,8.6,8.6,8.6,8.5,8.7,8.9
41.647263,-0.878416,1294888106,Centro,main_street,0.7436,0.9703,0.7638,0.1355,0.7466,0.7557,0.7329,0.7569,0.799,8.5,8.5,8.5,8.4,8.6,8.9
41.65087,-0.877861,1295798828,Centro,square,0.9569,0.095,0.7884,0.2424,0.9467,0.9577,0.95,0.956,0.9558,6,5.9,6,5.9,5.9,5.9
41.650605,-0.878944,1295798831,Centro,side_street,0.9647,0.1938,0.7998,0.4283,0.9681,0.9647,0.9618,0.9582,0.9548,6.7,6.7,6.7,6.7,6.7,6.7
41.650806,-0.878811,1295798831,Centro,side_street,0.9674,0.108,0.7904,0.4259,0.9709,0.9695,0.9652,0.9628,0.9604,6.3,6.4,6.3,6.3,6.3,6.3
41.651002,-0.878666,1295798831,Centro,side_street,0.9706,0.0542,0.7904,0.4528,0.9729,0.9723,0.9675,0.9671,0.9638,6.2,6.2,6.2,6.1,6.2,6.1
41.651205,-0.878536,1295798831,Centro,side_street,0.973,0.0542,0.7833,0.4802,0.9746,0.9748,0.97,0.9702,0.9661,6.2,6.2,6.2,6.2,6.2,6.2
41.637957,-0.876718,1297394853,Centro,side_street,0.6091,0.4996,0.6629,0.8143,0.6235,0.6067,0.6116,0.5651,0.4863,6.2,6.2,6.2,6.2,5.9,5.5
41.638141,-0.877267,1297394853,Centro,side_street,0.6068,0.4996,0.6632,0.7836,0.6204,0.6047,0.6109,0.5659,0.4867,6.1,6.2,6.1,6.1,5.9,5.4
41.638233,-0.877542,1297394853,Centro,side_street,0.6034,0.4996,0.6636,0.706,0.6167,0.5998,0.6077,0.5615,0.4794,6,6.1,6,6,5.7,5.3
41.64831,-0.902066,1303316502,Delicias,main_street,0.3684,0.5617,0.946,0.2448,0.3698,0.3659,0.3626,0.3727,0.398,5.1,5.2,5.1,5.1,5.2,5.2
41.645494,-0.87826,1304232914,Centro,main_street,0.733,0.6391,0.7073,0.7304,0.7397,0.7455,0.7188,0.7456,0.7911,7.6,7.6,7.7,7.5,7.7,8.1
41.646449,-0.879154,1304232915,Centro,main_street,0.7838,0.7602,0.7562,0.3013,0.7835,0.7908,0.7743,0.794,0.8255,8,8,8,7.9,8.1,8.3
41.646272,-0.878969,1304232915,Centro,main_street,0.7716,0.7564,0.7452,0.366,0.7723,0.7807,0.7606,0.7838,0.8174,7.9,8,8,7.9,8.1,8.3
41.646093,-0.878788,1304232915,Centro,main_street,0.761,0.7578,0.7168,0.4374,0.7623,0.7702,0.7517,0.7752,0.8115,7.9,7.9,8,7.8,8,8.3
41.645907,-0.878618,1304232915,Centro,main_street,0.7508,0.6386,0.7113,0.5259,0.7525,0.7603,0.7412,0.7678,0.805,7.4,7.4,7.5,7.3,7.5,7.8
41.645718,-0.878455,1304232915,Centro,main_street,0.7445,0.6357,0.7113,0.6391,0.7473,0.7547,0.7323,0.7596,0.7992,7.5,7.5,7.6,7.4,7.6,7.9
41.650558,-0.907761,1304822657,Delicias,square,0.4247,0.7941,0.8995,0.1324,0.4261,0.4162,0.4214,0.4231,0.4435,6.1,6.1,6,6.1,6.1,6.2
41.652907,-0.90599,1311865002,Delicias,square,0.4754,0.1479,0.9616,0.1313,0.4818,0.4771,0.4659,0.4641,0.4772,4.3,4.3,4.3,4.3,4.3,4.3
41.652696,-0.905886,1311865002,Delicias,square,0.4756,0.1479,0.971,0.0668,0.4805,0.4764,0.4658,0.4666,0.4849,4.3,4.3,4.3,4.2,4.2,4.3
41.643397,-0.910664,1312477659,Delicias,square,0.6403,0.0026,0.8561,0.1245,0.636,0.628,0.6678,0.6367,0.581,4.3,4.3,4.3,4.4,4.3,4.1
41.643614,-0.910586,1312477659,Delicias,square,0.6344,0.0026,0.8617,0.1208,0.633,0.6208,0.6622,0.6289,0.5564,4.3,4.3,4.2,4.4,4.3,4
41.642966,-0.910819,1312477661,Delicias,square,0.6228,0.0006,0.8561,0.1369,0.6177,0.6164,0.6364,0.6302,0.5972,4.2,4.2,4.2,4.3,4.3,4.1
41.643184,-0.910741,1312477661,Delicias,square,0.6338,0.0006,0.8561,0.1297,0.6319,0.6248,0.6557,0.6355,0.595,4.3,4.3,4.3,4.4,4.3,4.1
41.6413,-0.911328,1313573015,Universidad,main_street,0.4175,0.4523,0.3614,0.2716,0.4011,0.4108,0.4264,0.4592,0.5177,4,4,4,4,4.1,4.3
41.641388,-0.911051,1313573015,Universidad,main_street,0.4295,0.4523,0.3614,0.2886,0.4132,0.425,0.4381,0.4748,0.5325,4,4,4,4.1,4.2,4.4
41.659964,-0.869259,1321923943,"El Rabal",main_street,0.21,0.7917,0.3145,0.4579,0.2003,0.2137,0.2151,0.2525,0.279,4.2,4.2,4.2,4.2,4.3,4.4
41.637032,-0.900331,1331326053,Universidad,side_street,0.3006,0.2042,0.3544,0.9525,0.2901,0.3183,0.2962,0.3399,0.4854,3.6,3.5,3.6,3.5,3.7,4.1
41.63716,-0.900578,1331326053,Universidad,side_street,0.2924,0.1785,0.3544,0.9418,0.2856,0.3095,0.2897,0.3239,0.4572,3.5,3.4,3.5,3.4,3.6,4
41.653514,-0.884354,1337329901,"Casco Histórico",secondary_street,0.8263,0.8812,0.6546,0.6207,0.8246,0.844,0.8183,0.8501,0.882,9,9,9.1,9,9.1,9.3
41.653298,-0.88444,1337329901,"Casco Histórico",secondary_street,0.8272,0.8812,0.6561,0.5865,0.8269,0.8451,0.818,0.8482,0.8799,9,9,9.1,8.9,9.1,9.3
41.652686,-0.884627,1337329902,"Casco Histórico",secondary_street,0.8239,0.9744,0.6606,0.6815,0.8263,0.8406,0.813,0.8382,0.8676,9.4,9.5,9.5,9.4,9.5,9.6
41.650711,-0.886578,1337329903,"Casco Histórico",secondary_street,0.7691,0.9199,0.6623,0.8468,0.7769,0.7801,0.7702,0.7614,0.7739,9.2,9.2,9.2,9.2,9.2,9.2
41.650549,-0.886785,1337329903,"Casco Histórico",secondary_street,0.7629,0.9214,0.6606,0.8868,0.7718,0.7696,0.7654,0.7533,0.7643,9.2,9.2,9.2,9.2,9.2,9.2
41.648921,-0.893733,1345267596,Delicias,main_street,0.5828,0.7082,0.9999,0.6841,0.5789,0.591,0.5849,0.5808,0.5586,7.8,7.8,7.9,7.8,7.8,7.7
41.649005,-0.893692,1345267597,Centro,main_street,0.5691,0.5685,0.6919,0.6889,0.566,0.5806,0.5756,0.5725,0.5565,6.1,6.1,6.2,6.2,6.2,6.1
41.649144,-0.893721,1345267599,Centro,main_street,0.55,0.88,0.691,0.7196,0.5454,0.5601,0.5561,0.553,0.5417,7.5,7.5,7.6,7.5,7.5,7.5
41.650342,-0.893749,1345267604,Centro,main_street,0.3724,0.8171,0.6738,0.6336,0.3585,0.372,0.3888,0.3869,0.3821,6,5.9,5.9,6,6,6
41.650566,-0.89372,1345267604,Delicias,main_street,0.3386,0.8143,0.9962,0.6403,0.3276,0.3434,0.3525,0.3598,0.3597,6.7,6.6,6.7,6.7,6.8,6.8
41.65079,-0.893688,1345267604,Delicias,main_street,0.3094,0.8135,0.995,0.6971,0.292,0.315,0.3185,0.33,0.3386,6.6,6.5,6.6,6.6,6.7,6.8
41.64875,-0.893622,1345267608,Centro,main_street,0.6066,0.5878,0.694,0.6741,0.6053,0.6142,0.609,0.603,0.5757,6.4,6.4,6.4,6.4,6.4,6.2
41.63954,-0.878507,1346154460,Centro,side_street,0.4813,0.3646,0.6697,0.3215,0.4999,0.4706,0.4811,0.4323,0.3693,4.6,4.6,4.5,4.6,4.4,4.1
41.637975,-0.879818,1348830467,"San José",side_street,0.5503,0.9695,0.4947,0.4272,0.5642,0.5458,0.5461,0.5035,0.4272,6.8,6.9,6.8,6.8,6.5,6.1
41.638157,-0.879643,1348830467,"San José",side_street,0.5651,0.9699,0.4947,0.5144,0.5803,0.5657,0.5595,0.5206,0.4487,7,7.2,7,7,6.8,6.3
41.638342,-0.879471,1348830467,"San José",side_street,0.5814,0.9579,0.4909,0.5572,0.5982,0.5798,0.5729,0.5294,0.457,7.2,7.3,7.2,7.1,6.8,6.4
41.638528,-0.879302,1348830467,"San José",side_street,0.5893,0.9583,0.4909,0.5668,0.6074,0.5869,0.58,0.5366,0.4703,7.2,7.4,7.2,7.2,6.9,6.5
41.658881,-0.891575,1350876633,"Casco Histórico",main_street,0.2463,0.3297,0.5394,0.7715,0.2388,0.254,0.247,0.2609,0.2489,3.9,3.8,3.9,3.9,3.9,3.8
41.652524,-0.87909,1354932209,"Casco Histórico",square,0.9952,0.8549,0.6463,0.3629,0.9932,0.9952,0.996,0.9914,0.9862,9.4,9.4,9.4,9.4,9.4,9.4
41.652313,-0.878986,1354932209,"Casco Histórico",square,0.9914,0.8549,0.6449,0.3575,0.9907,0.9921,0.9921,0.9874,0.983,9.4,9.4,9.4,9.4,9.4,9.4
41.639344,-0.886167,1409271873,"San José",main_street,0.6495,0.9293,0.5249,0.877,0.6559,0.6572,0.6612,0.6396,0.6282,8.1,8.2,8.2,8.2,8.1,8.1
41.639561,-0.886247,1409271873,"San José",main_street,0.675,0.9293,0.5282,0.9093,0.6805,0.6815,0.6864,0.6594,0.6463,8.3,8.4,8.4,8.4,8.2,8.2
41.639778,-0.886325,1409271873,"San José",main_street,0.6925,0.9392,0.5336,0.9268,0.6981,0.6976,0.7011,0.6743,0.6546,8.5,8.6,8.5,8.6,8.4,8.4
41.655395,-0.876507,1415438783,"Casco Histórico",square,0.8297,0.2935,0.5812,0.6676,0.7951,0.8609,0.8331,0.9186,0.943,6.1,5.9,6.3,6.1,6.6,6.8
41.656751,-0.882007,1415438789,"Casco Histórico",side_street,0.7534,0.8262,0.5757,0.9603,0.7256,0.7777,0.7545,0.8219,0.8981,8.5,8.4,8.7,8.6,9,9.4
41.655039,-0.904353,1415956338,Delicias,main_street,0.4438,0.6464,0.911,0.3379,0.4476,0.4473,0.4361,0.4476,0.4917,5.9,5.9,5.9,5.9,5.9,6.1
41.654996,-0.904058,1415956338,Delicias,main_street,0.4495,0.6066,0.8995,0.3441,0.45,0.452,0.4418,0.4562,0.5058,5.8,5.8,5.7,5.7,5.8,6
41.654957,-0.903761,1415956338,Delicias,main_street,0.4545,0.6965,0.8891,0.2826,0.4536,0.4576,0.4469,0.4659,0.5192,6,6,6,6,6.1,6.4
41.654916,-0.903465,1415956338,Delicias,main_street,0.46,0.6965,0.8995,0.2754,0.4589,0.4625,0.4527,0.4756,0.5307,6.1,6.1,6.1,6,6.2,6.5
41.654877,-0.903169,1415956338,Delicias,main_street,0.4638,0.6337,0.8699,0.2449,0.4621,0.4664,0.4568,0.4828,0.5386,5.7,5.7,5.7,5.7,5.8,6.1
41.6548,-0.902576,1415956338,Delicias,main_street,0.4674,0.6461,0.8617,0.3406,0.4633,0.4705,0.46,0.4949,0.5582,5.9,5.9,5.9,5.9,6,6.4
41.654767,-0.902319,1418740794,Delicias,main_street,0.4685,0.9647,0.8617,0.3799,0.464,0.4724,0.4606,0.4973,0.5625,7.4,7.4,7.4,7.3,7.6,8.1
41.654727,-0.902023,1418740794,Delicias,main_street,0.4669,0.9634,0.8617,0.4278,0.4631,0.4717,0.4599,0.4966,0.5627,7.5,7.4,7.5,7.4,7.7,8.2
41.654482,-0.900591,1418740796,Delicias,main_street,0.438,0.9418,0.9542,0.1789,0.4363,0.448,0.4291,0.4565,0.5335,7,7,7.1,7,7.1,7.7
41.654694,-0.901779,1418740797,Delicias,main_street,0.465,0.9628,0.8617,0.4601,0.462,0.4707,0.4582,0.4929,0.5618,7.5,7.5,7.6,7.5,7.7,8.2
41.654654,-0.901482,1418740797,Delicias,main_street,0.4599,0.9631,0.8699,0.4336,0.457,0.4674,0.4525,0.4839,0.5558,7.4,7.4,7.5,7.4,7.6,8.2
41.654757,-0.899984,1418740798,"La Almozara",main_street,0.4043,0.9505,0.1756,0.0804,0.4091,0.4132,0.3963,0.4079,0.4724,4.7,4.8,4.8,4.7,4.7,5
41.654687,-0.900269,1418740798,"La Almozara",main_street,0.419,0.9505,0.1756,0.1026,0.4227,0.4302,0.4125,0.43,0.4997,4.8,4.9,4.9,4.8,4.9,5.1
41.659596,-0.902775,1421995353,"La Almozara",secondary_street,0.0892,0.7581,0.1539,0.5187,0.0906,0.0938,0.0852,0.0968,0.1382,3.5,3.6,3.6,3.5,3.6,3.7
41.659789,-0.90262,1421995353,"La Almozara",secondary_street,0.0896,0.7548,0.1539,0.6091,0.0933,0.0937,0.0838,0.0926,0.1371,3.6,3.6,3.6,3.6,3.6,3.7
41.649799,-0.90086,1421995362,Delicias,secondary_street,0.3754,0.6767,0.9741,0.1675,0.3752,0.3763,0.3666,0.3867,0.432,5.6,5.6,5.6,5.5,5.6,5.9
41.650011,-0.900957,1421995362,Delicias,secondary_street,0.3725,0.2122,0.9741,0.1115,0.3718,0.3749,0.3622,0.3868,0.4367,4.1,4.1,4.1,4.1,4.2,4.3
41.650224,-0.901054,1421995362,Delicias,secondary_street,0.3721,0.2122,0.9616,0.0957,0.3725,0.3754,0.3604,0.3837,0.4327,4.1,4.1,4.1,4.1,4.1,4.3
41.650437,-0.90115,1421995362,Delicias,secondary_street,0.3738,0.2122,0.9542,0.0863,0.3734,0.3759,0.3615,0.3864,0.4334,4.1,4.1,4.1,4,4.1,4.3
41.65065,-0.901247,1421995362,Delicias,secondary_street,0.373,0.2122,0.9234,0.0803,0.3728,0.3739,0.3611,0.3821,0.4199,4,4,4,4,4,4.2
41.651076,-0.90144,1421995362,Delicias,secondary_street,0.3773,0.4265,0.9234,0.0779,0.3773,0.3768,0.3642,0.3824,0.4152,4.6,4.6,4.6,4.5,4.6,4.7
41.651289,-0.901537,1421995362,Delicias,secondary_street,0.382,0.4265,0.911,0.0822,0.3837,0.3831,0.3696,0.3872,0.4203,4.6,4.6,4.6,4.5,4.6,4.7
41.651502,-0.901634,1421995362,Delicias,secondary_street,0.3954,0.4265,0.9234,0.0517,0.3967,0.3937,0.3827,0.3957,0.4298,4.6,4.6,4.6,4.6,4.6,4.7
41.651928,-0.901827,1421995362,Delicias,secondary_street,0.4207,0.4265,0.9234,0.117,0.4259,0.4245,0.407,0.4196,0.4659,4.8,4.8,4.8,4.7,4.7,4.9
41.652141,-0.901923,1421995362,Delicias,secondary_street,0.4281,0.4265,0.911,0.1542,0.4302,0.4327,0.4153,0.4283,0.4782,4.8,4.8,4.8,4.8,4.8,5
41.652566,-0.902117,1421995362,Delicias,secondary_street,0.4474,0.4559,0.8995,0.1624,0.4504,0.4546,0.4347,0.4541,0.5148,5,5,5,4.9,5,5.2
41.652779,-0.902213,1421995362,Delicias,secondary_street,0.4642,0.6722,0.8995,0.1492,0.4664,0.4715,0.4517,0.4723,0.5314,5.8,5.9,5.9,5.8,5.8,6.2
41.652992,-0.90231,1421995362,Delicias,secondary_street,0.4798,0.6722,0.8891,0.1786,0.4806,0.486,0.4665,0.4922,0.5489,5.9,5.9,5.9,5.9,6,6.3
41.653205,-0.902407,1421995362,Delicias,secondary_street,0.4935,0.6889,0.8995,0.184,0.4932,0.499,0.4794,0.5112,0.5657,6.1,6.1,6.1,6,6.2,6.5
41.660598,-0.898529,1421995367,"La Almozara",secondary_street,0.1632,0.8333,0.1571,0.241,0.1663,0.1731,0.1327,0.1771,0.2427,3.8,3.8,3.8,3.7,3.8,4
41.660535,-0.89824,1421995367,"La Almozara",secondary_street,0.1562,0.8333,0.1579,0.234,0.1547,0.1651,0.1262,0.1775,0.2446,3.7,3.7,3.8,3.6,3.8,4
41.66047,-0.897952,1421995367,"La Almozara",secondary_street,0.1533,0.8026,0.1579,0.2014,0.1468,0.1644,0.1275,0.1857,0.251,3.6,3.6,3.7,3.5,3.7,3.9
41.660409,-0.897663,1421995367,"La Almozara",secondary_street,0.1543,0.7747,0.1579,0.1799,0.1453,0.1639,0.1307,0.1884,0.2501,3.5,3.5,3.6,3.4,3.6,3.8
41.660711,-0.899087,1421995374,"La Almozara",secondary_street,0.1659,0.805,0.1557,0.4538,0.171,0.1734,0.1362,0.1689,0.2284,3.9,3.9,3.9,3.8,3.9,4
41.660656,-0.898795,1421995374,"La Almozara",secondary_street,0.1635,0.8046,0.1557,0.2978,0.1685,0.1721,0.132,0.1713,0.2342,3.7,3.7,3.8,3.6,3.8,3.9
41.646672,-0.891504,1423020885,Centro,main_street,0.8754,0.8195,0.7205,0.3173,0.8867,0.8679,0.8693,0.8443,0.8142,8.7,8.8,8.7,8.7,8.5,8.4
41.646872,-0.891368,1423020885,Centro,main_street,0.8601,0.8195,0.7186,0.305,0.8725,0.8566,0.8581,0.8304,0.803,8.6,8.7,8.6,8.6,8.4,8.3
41.647096,-0.891212,1423020889,Centro,main_street,0.8443,0.8505,0.7194,0.4074,0.8595,0.841,0.843,0.8123,0.79,8.9,8.9,8.8,8.8,8.6,8.5
41.647295,-0.891072,1423020889,Centro,main_street,0.8284,0.8527,0.7224,0.4454,0.8472,0.8273,0.8272,0.7924,0.7759,8.8,8.9,8.8,8.8,8.6,8.5
41.653146,-0.884846,1423869553,"Casco Histórico",side_street,0.7975,0.744,0.6561,0.5461,0.7986,0.8164,0.7897,0.8153,0.8597,8.1,8.1,8.2,8,8.2,8.5
41.653205,-0.885137,1423869553,"Casco Histórico",side_street,0.7696,0.744,0.6521,0.522,0.7694,0.7911,0.7596,0.7866,0.8371,7.8,7.8,8,7.7,8,8.3
41.653263,-0.885426,1423869553,"Casco Histórico",side_street,0.7417,0.4927,0.6463,0.4918,0.7428,0.7641,0.7306,0.7627,0.8109,6.4,6.4,6.5,6.3,6.5,6.8
41.653094,-0.885586,1423869553,"Casco Histórico",side_street,0.7323,0.5086,0.6478,0.4368,0.7337,0.7564,0.7215,0.7548,0.8033,6.3,6.3,6.4,6.2,6.5,6.8
41.64757,-0.893702,1424560540,Centro,main_street,0.747,0.8628,0.6956,0.656,0.7566,0.7418,0.7496,0.7229,0.7045,8.6,8.6,8.5,8.6,8.4,8.4
41.647192,-0.893683,1424560541,Centro,main_street,0.7817,0.8469,0.6956,0.6694,0.7915,0.7749,0.7824,0.7554,0.7436,8.8,8.8,8.7,8.7,8.6,8.5
41.647416,-0.893712,1424560541,Centro,main_street,0.7613,0.8484,0.6975,0.6632,0.7722,0.7559,0.7619,0.7374,0.7243,8.6,8.7,8.6,8.6,8.5,8.4
41.657563,-0.885978,1424650290,"Casco Histórico",side_street,0.3539,0.484,0.5483,0.077,0.3436,0.3731,0.3537,0.3836,0.4727,4,4,4.1,4,4.1,4.4
41.657581,-0.886278,1424650290,"Casco Histórico",side_street,0.3322,0.484,0.55,0.0618,0.3267,0.3529,0.3342,0.3632,0.4221,3.9,3.9,4,3.9,4,4.2
41.6576,-0.886578,1424650290,"Casco Histórico",side_street,0.315,0.6446,0.5467,0.0947,0.3077,0.3341,0.3174,0.3385,0.3766,4.3,4.3,4.3,4.3,4.4,4.5
41.657626,-0.886876,1424650290,"Casco Histórico",side_street,0.2988,0.48,0.5483,0.0928,0.29,0.317,0.3024,0.3178,0.3486,3.8,3.8,3.9,3.9,3.9,4
41.657666,-0.887172,1424650290,"Casco Histórico",side_street,0.2801,0.476,0.5544,0.0954,0.273,0.2978,0.2849,0.2976,0.3163,3.8,3.8,3.8,3.8,3.8,3.9
41.657384,-0.884467,1424650294,"Casco Histórico",side_street,0.4731,0.5408,0.5563,0.789,0.4607,0.5163,0.4706,0.5444,0.6796,5.3,5.2,5.5,5.3,5.6,6.4
41.657542,-0.88565,1424650294,"Casco Histórico",side_street,0.3749,0.4874,0.55,0.4377,0.3648,0.3947,0.379,0.4067,0.5141,4.4,4.3,4.5,4.4,4.5,4.9
41.649144,-0.882441,1429510333,Centro,side_street,0.9609,0.3241,0.8254,0.6478,0.9672,0.9572,0.9611,0.9449,0.9187,7.8,7.8,7.8,7.8,7.7,7.5
41.644495,-0.881545,1431942874,Centro,side_street,0.8276,0.1099,0.7128,0.1549,0.8266,0.8071,0.8402,0.8112,0.7503,5.1,5.1,5,5.1,5,4.7
41.6443,-0.881396,1431942874,Centro,side_street,0.8095,0.1099,0.7094,0.1868,0.8085,0.7938,0.8204,0.7961,0.7451,5,5,5,5.1,4.9,4.7
41.644105,-0.881246,1431942874,Centro,side_street,0.7927,0.1099,0.7073,0.2253,0.7908,0.776,0.8019,0.7797,0.7345,5,5,4.9,5,4.9,4.7
41.64391,-0.881096,1431942874,Centro,side_street,0.7709,0.1099,0.6999,0.2626,0.7675,0.7542,0.7845,0.7629,0.7202,4.9,4.9,4.9,5,4.9,4.7
41.64352,-0.880797,1431942874,Centro,side_street,0.7176,0.1099,0.693,0.3219,0.7044,0.6983,0.7305,0.7171,0.6614,4.8,4.7,4.7,4.8,4.7,4.5
41.64555,-0.882518,1431942875,Centro,side_street,0.9083,0.1446,0.7539,0.0712,0.9105,0.8864,0.9243,0.8817,0.7852,5.6,5.6,5.5,5.7,5.4,5
41.645366,-0.882344,1431942875,Centro,side_street,0.8937,0.1446,0.7482,0.0834,0.8968,0.8718,0.9036,0.8684,0.7784,5.5,5.5,5.4,5.6,5.4,4.9
41.645182,-0.88217,1431942875,Centro,side_street,0.8836,0.1446,0.7401,0.0793,0.8827,0.8585,0.8925,0.8587,0.776,5.4,5.4,5.3,5.5,5.3,4.9
41.644999,-0.881997,1431942875,Centro,side_street,0.8696,0.1446,0.7312,0.0876,0.8703,0.8482,0.8795,0.8485,0.7722,5.3,5.4,5.2,5.4,5.2,4.9
41.644815,-0.881823,1431942875,Centro,side_street,0.8551,0.1446,0.7247,0.0815,0.8567,0.8359,0.8656,0.8362,0.7638,5.2,5.3,5.2,5.3,5.1,4.8
41.64463,-0.881653,1431942875,Centro,side_street,0.84,0.16,0.7205,0.1376,0.8407,0.8194,0.8508,0.8207,0.7548,5.3,5.3,5.2,5.3,5.2,4.9
41.651175,-0.868275,1431968165,"Casco Histórico",side_street,0.2479,0.2288,0.5384,0.1084,0.2304,0.2588,0.2559,0.2793,0.29,3,2.9,3,3,3.1,3.2
41.651097,-0.867993,1431968165,"Casco Histórico",side_street,0.2274,0.3719,0.5388,0.1254,0.222,0.2391,0.2384,0.2614,0.2633,3.3,3.3,3.4,3.4,3.5,3.5
41.655549,-0.908315,1435969414,Delicias,main_street,0.2452,0.6159,0.8447,0.3977,0.2549,0.26,0.2353,0.2124,0.1776,4.8,4.8,4.8,4.7,4.6,4.5
41.655512,-0.908018,1435969414,Delicias,main_street,0.2636,0.6019,0.8411,0.3759,0.272,0.2804,0.2593,0.2419,0.2072,4.8,4.8,4.8,4.8,4.7,4.5
41.655474,-0.907722,1435969414,Delicias,main_street,0.2785,0.5972,0.8506,0.4449,0.287,0.2947,0.2769,0.2629,0.2349,4.9,4.9,5,4.9,4.8,4.7
41.655436,-0.907425,1435969414,Delicias,main_street,0.3023,0.5972,0.8411,0.4548,0.3106,0.3166,0.2976,0.2882,0.2682,5,5,5,5,4.9,4.8
41.655398,-0.907128,1435969414,Delicias,main_street,0.3218,0.6032,0.8561,0.4262,0.3307,0.3347,0.3183,0.3105,0.3101,5.1,5.1,5.1,5.1,5,5
41.655358,-0.906828,1435969415,Delicias,main_street,0.3385,0.6253,0.8617,0.4084,0.3472,0.3518,0.3369,0.3303,0.3324,5.2,5.3,5.3,5.2,5.2,5.1
41.655316,-0.906532,1435969415,Delicias,main_street,0.356,0.6253,0.8617,0.3683,0.3629,0.364,0.3539,0.3486,0.3503,5.3,5.3,5.3,5.2,5.2,5.2
41.655275,-0.906237,1435969415,Delicias,main_street,0.3705,0.6253,0.8617,0.277,0.3809,0.378,0.3724,0.3628,0.3652,5.2,5.3,5.2,5.2,5.2,5.1
41.655234,-0.905941,1435969415,Delicias,main_street,0.3882,0.6253,0.8699,0.2402,0.3937,0.3916,0.3858,0.3769,0.3837,5.3,5.3,5.3,5.3,5.2,5.2
41.655194,-0.905645,1435969415,Delicias,main_street,0.4012,0.6273,0.8699,0.2145,0.4053,0.4028,0.3971,0.3926,0.4057,5.3,5.4,5.3,5.3,5.3,5.3
41.655155,-0.905348,1435969415,Delicias,main_street,0.4124,0.6273,0.8891,0.2371,0.4173,0.4156,0.4069,0.4049,0.43,5.5,5.5,5.5,5.4,5.4,5.5
41.655076,-0.904756,1435969415,Delicias,main_street,0.4365,0.6477,0.8995,0.2965,0.4408,0.4397,0.4269,0.4343,0.4723,5.8,5.8,5.8,5.8,5.7,5.9
41.653904,-0.90856,1435969417,Delicias,side_street,0.3409,0.3489,0.8796,0.4819,0.3522,0.3471,0.3344,0.3194,0.3077,4.5,4.6,4.6,4.5,4.4,4.4
41.654129,-0.908552,1435969417,Delicias,side_street,0.3217,0.3489,0.8796,0.4583,0.3338,0.3298,0.3139,0.3034,0.2828,4.4,4.5,4.5,4.4,4.4,4.3
41.654651,-0.906991,1435969420,Delicias,side_street,0.3704,0.3467,0.8891,0.3686,0.3852,0.3809,0.3714,0.3547,0.3534,4.5,4.6,4.6,4.6,4.5,4.5
41.654408,-0.905202,1435969421,Delicias,side_street,0.4511,0.6393,0.911,0.2438,0.4587,0.4597,0.4406,0.4467,0.4949,5.8,5.8,5.8,5.8,5.7,6
41.654372,-0.904953,1435969422,Delicias,side_street,0.4611,0.7116,0.911,0.2419,0.4666,0.4692,0.4493,0.4613,0.5155,6.1,6.1,6.2,6,6.1,6.4
41.654337,-0.904656,1435969422,Delicias,side_street,0.472,0.7181,0.911,0.206,0.4753,0.478,0.4596,0.4772,0.5324,6.2,6.2,6.2,6.1,6.2,6.5
41.654303,-0.904357,1435969423,Delicias,side_street,0.4771,0.4346,0.8796,0.2111,0.4798,0.4821,0.4651,0.4856,0.5423,5,5,5,5,5,5.3
41.650164,-0.875635,1443469102,"Casco Histórico",side_street,0.8146,0.149,0.6391,0.7168,0.7948,0.8341,0.8037,0.8858,0.9316,5.7,5.6,5.8,5.6,6,6.3
41.649563,-0.875214,1443469104,"Casco Histórico",side_street,0.7636,0.6848,0.6307,0.7463,0.7412,0.786,0.749,0.8344,0.9132,7.8,7.6,7.9,7.7,8.3,8.8
41.649518,-0.874919,1443469104,"Casco Histórico",side_street,0.7489,0.6848,0.6249,0.7263,0.7263,0.7715,0.7309,0.8183,0.9052,7.6,7.5,7.8,7.5,8.1,8.7
41.647529,-0.884039,1443659560,Centro,main_street,0.9067,0.9639,0.8303,0.932,0.9117,0.9042,0.9187,0.8895,0.8345,10,10,10,10,10,9.9
41.647645,-0.883781,1443659560,Centro,main_street,0.9251,0.9639,0.8316,0.9103,0.9275,0.9244,0.933,0.9036,0.8488,10,10,10,10,10,10
41.654095,-0.871862,1443661080,"Casco Histórico",main_street,0.3636,0.5953,0.5495,0.6094,0.3458,0.3892,0.364,0.409,0.5332,4.8,4.7,4.9,4.8,5,5.5
41.657132,-0.871644,1443898127,"El Rabal",main_street,0.22,0.6363,0.3419,0.372,0.2138,0.2421,0.2125,0.2462,0.2736,3.9,3.8,3.9,3.8,3.9,4
41.657228,-0.871916,1443898127,"El Rabal",main_street,0.2305,0.6363,0.3423,0.3707,0.225,0.2573,0.2294,0.261,0.2927,3.9,3.9,4,3.9,4,4.1
41.653718,-0.884161,1444674255,Centro,secondary_street,0.8393,0.9845,0.7598,0.6591,0.8382,0.856,0.8304,0.8646,0.8964,9.7,9.7,9.8,9.7,9.8,9.9
41.653936,-0.884093,1444674255,Centro,secondary_street,0.8402,0.9856,0.747,0.6898,0.8383,0.8575,0.8315,0.8676,0.9021,9.7,9.7,9.8,9.7,9.8,9.9
41.657242,-0.895392,1446673903,"La Almozara",main_street,0.3029,0.7374,0.1745,0.7483,0.3118,0.3267,0.2934,0.2966,0.3198,4.4,4.4,4.5,4.4,4.4,4.5
41.657017,-0.895393,1446673903,"La Almozara",main_street,0.3178,0.7374,0.1756,0.8207,0.3322,0.3447,0.3077,0.3082,0.3392,4.5,4.6,4.6,4.5,4.5,4.6
41.650205,-0.888583,1452638603,"Casco Histórico",main_street,0.6536,0.9182,0.6174,0.9768,0.66,0.6687,0.6685,0.6535,0.6776,8.5,8.6,8.6,8.6,8.5,8.7
41.650735,-0.889583,1452638605,Centro,main_street,0.4962,0.8956,0.7043,0.922,0.4969,0.514,0.504,0.5034,0.5271,7.6,7.6,7.7,7.6,7.7,7.9
41.655575,-0.896237,1452648155,Delicias,main_street,0.2985,0.9763,0.9542,0.8188,0.3088,0.3286,0.2875,0.3007,0.3601,7.4,7.4,7.6,7.3,7.4,7.8
41.65547,-0.896839,1458390291,Delicias,main_street,0.2788,0.9859,0.9542,0.5986,0.2839,0.3101,0.2694,0.2869,0.343,6.9,6.9,7.1,6.8,6.9,7.3
41.647104,-0.878883,1458590040,Centro,main_street,0.7667,0.9275,0.7719,0.1354,0.7682,0.779,0.7566,0.78,0.8159,8.4,8.5,8.5,8.4,8.5,8.8
41.63858,-0.878921,1458921078,Centro,main_street,0.5888,0.8607,0.6657,0.5605,0.6061,0.5855,0.5825,0.5394,0.4716,7.3,7.4,7.3,7.3,7,6.6
41.638706,-0.87917,1458921078,Centro,main_street,0.5848,0.8683,0.6657,0.5674,0.6036,0.5821,0.5765,0.5305,0.464,7.4,7.5,7.4,7.3,7,6.6
41.640576,-0.895251,1459674149,Universidad,side_street,0.8057,0.5673,0.3911,0.9661,0.8046,0.8007,0.7978,0.8358,0.9018,7,7,7,7,7.2,7.7
41.662069,-0.875702,1459676263,"El Rabal",side_street,0.2014,0.4283,0.3054,0.2542,0.2076,0.1991,0.1939,0.1824,0.1887,3.1,3.1,3.1,3,3,3.1
41.644798,-0.892609,1466480054,Centro,main_street,0.949,0.9303,0.7205,0.973,0.9592,0.936,0.9457,0.9216,0.896,10,9.9,9.9,9.9,9.9,9.9
41.639722,-0.891073,1466779814,Universidad,secondary_street,0.5797,0.3078,0.3961,0.2472,0.5806,0.5885,0.5767,0.5861,0.6242,4.2,4.2,4.2,4.2,4.2,4.3
41.639903,-0.890895,1466779814,Universidad,secondary_street,0.6015,0.3078,0.401,0.3282,0.6019,0.6084,0.5977,0.6109,0.6391,4.3,4.4,4.4,4.3,4.4,4.5
41.63642,-0.872676,1466897808,"San José",side_street,0.2941,0.2773,0.4558,0.0415,0.3054,0.2777,0.3061,0.2446,0.1491,3.1,3.1,3,3.1,2.9,2.6
41.650634,-0.875724,1467098885,"Casco Histórico",side_street,0.8385,0.5432,0.6307,0.6877,0.8156,0.8551,0.829,0.9069,0.9365,7.5,7.3,7.6,7.4,8,8.2
41.650445,-0.875563,1467098885,"Casco Histórico",side_street,0.8238,0.5198,0.6326,0.674,0.8019,0.842,0.8133,0.8951,0.9343,7.3,7.1,7.4,7.2,7.8,8.1
41.650246,-0.875422,1467098885,"Casco Histórico",side_street,0.8081,0.5386,0.637,0.6962,0.7883,0.8277,0.7988,0.8824,0.9309,7.3,7.2,7.5,7.2,7.8,8.2
41.648622,-0.889669,1467160654,Centro,main_street,0.7658,0.7634,0.7177,0.91,0.7807,0.761,0.7708,0.7329,0.7118,8.7,8.8,8.7,8.7,8.5,8.4
41.648126,-0.866743,1470290346,"Las Fuentes",square,0.2436,0.2826,0.2341,0.3988,0.2401,0.2337,0.2391,0.2275,0.1865,2.8,2.8,2.8,2.8,2.8,2.7
41.649574,-0.877078,1470382301,Centro,side_street,0.8129,0.2439,0.7811,0.5564,0.8036,0.8267,0.804,0.8537,0.8953,6.2,6.1,6.3,6.1,6.4,6.7
41.649367,-0.877194,1470382301,Centro,side_street,0.7996,0.2439,0.7811,0.5201,0.7935,0.8108,0.7921,0.8339,0.8776,6.1,6,6.1,6,6.3,6.6
41.649159,-0.877311,1470382301,Centro,side_street,0.7877,0.2439,0.7788,0.471,0.7836,0.7995,0.7798,0.813,0.8616,5.9,5.9,6,5.9,6.1,6.3
41.660844,-0.896825,1474986573,"La Almozara",side_street,0.1289,0.2921,0.1557,0.2995,0.12,0.1379,0.119,0.1687,0.2171,2.3,2.2,2.3,2.2,2.4,2.6
41.6391,-0.879944,1479279947,Centro,main_street,0.5694,0.9591,0.67,0.4737,0.5953,0.5702,0.5536,0.49,0.4127,7.6,7.7,7.6,7.5,7,6.6
41.639226,-0.880193,1479279947,Centro,main_street,0.5567,0.9591,0.6704,0.3852,0.5793,0.5533,0.541,0.476,0.3925,7.3,7.5,7.3,7.2,6.8,6.3
41.662647,-0.905419,1480885236,"La Almozara",side_street,0.0678,0.4252,0.1451,0.4467,0.0673,0.0725,0.0657,0.0787,0.1124,2.5,2.5,2.6,2.5,2.6,2.7
41.642466,-0.895545,1524701167,Universidad,side_street,0.8009,0.254,0.404,0.7655,0.7989,0.7944,0.7971,0.8176,0.8588,5.5,5.5,5.4,5.4,5.5,5.7
41.652151,-0.885091,1527876795,"Casco Histórico",secondary_street,0.8119,0.9637,0.6596,0.4137,0.8151,0.8276,0.8014,0.8217,0.8539,9,9,9.1,8.9,9.1,9.3
41.651582,-0.885686,1527876796,"Casco Histórico",secondary_street,0.7906,0.9597,0.6574,0.3734,0.7942,0.8013,0.7841,0.7913,0.8194,8.8,8.8,8.9,8.7,8.8,9
41.65176,-0.885502,1527876796,"Casco Histórico",secondary_street,0.7951,0.9597,0.6574,0.1769,0.799,0.8065,0.7876,0.8007,0.8301,8.5,8.5,8.5,8.5,8.5,8.7
41.655088,-0.907043,1527959511,Delicias,side_street,0.3488,0.2507,0.8891,0.4487,0.3588,0.359,0.3448,0.333,0.3327,4.3,4.3,4.3,4.3,4.2,4.2
41.654645,-0.90713,1527959511,Delicias,side_street,0.3629,0.8886,0.8891,0.3713,0.3756,0.3696,0.3587,0.3455,0.342,6.4,6.5,6.5,6.4,6.3,6.3
41.654428,-0.907053,1527959511,Delicias,side_street,0.3746,0.8886,0.8995,0.3395,0.3869,0.3817,0.3737,0.3567,0.3512,6.5,6.5,6.5,6.5,6.4,6.3
41.654211,-0.906975,1527959511,Delicias,side_street,0.3841,0.8886,0.8995,0.313,0.3941,0.3878,0.3834,0.365,0.3571,6.5,6.6,6.5,6.5,6.4,6.3
41.655231,-0.90701,1527959520,Delicias,side_street,0.3419,0.2535,0.8617,0.4734,0.3515,0.3525,0.338,0.3274,0.328,4.2,4.3,4.3,4.2,4.2,4.2
41.652124,-0.876961,1528239380,"Casco Histórico",side_street,0.9592,0.6013,0.6174,0.2566,0.9384,0.9601,0.9556,0.9659,0.9692,7.8,7.7,7.8,7.8,7.9,8
41.652327,-0.876832,1528239380,"Casco Histórico",side_street,0.9594,0.6286,0.6153,0.2555,0.9373,0.9607,0.9555,0.9675,0.9716,7.9,7.8,7.9,7.9,8,8.1
41.649443,-0.899134,1531094285,Delicias,main_street,0.4216,0.7891,0.9832,0.2989,0.4216,0.4231,0.4179,0.4255,0.4381,6.5,6.5,6.5,6.5,6.5,6.6
41.637115,-0.902833,1554346736,Universidad,square,0.235,0.0157,0.3507,0.4459,0.24,0.2475,0.2241,0.2292,0.3224,2.4,2.4,2.4,2.4,2.4,2.7
41.638407,-0.902456,1554346736,Universidad,square,0.2476,0.022,0.3544,0.4873,0.2545,0.2575,0.2308,0.2282,0.2947,2.5,2.5,2.5,2.4,2.4,2.7
41.638223,-0.902629,1554346736,Universidad,square,0.2345,0.0232,0.3544,0.4315,0.2435,0.2469,0.2207,0.2164,0.2858,2.4,2.4,2.5,2.4,2.3,2.6
41.637856,-0.902975,1554346736,Universidad,square,0.2333,0.0211,0.3514,0.319,0.2419,0.2449,0.2222,0.2147,0.2884,2.3,2.3,2.3,2.2,2.2,2.5
41.637672,-0.903148,1554346736,Universidad,square,0.2432,0.0211,0.3507,0.2258,0.2499,0.2525,0.2301,0.225,0.3041,2.2,2.2,2.2,2.2,2.2,2.4
41.636752,-0.904012,1554346736,Universidad,square,0.2542,0.019,0.3498,0.1311,0.2654,0.2569,0.2388,0.1993,0.2599,2.1,2.2,2.2,2.1,1.8,2.2
41.636568,-0.904185,1554346736,Universidad,square,0.248,0.019,0.3489,0.0507,0.2619,0.2462,0.2313,0.1796,0.2335,2,2,2,1.9,1.6,1.8
41.656135,-0.879105,1558556329,"Casco Histórico",square,0.8508,0.7533,0.5979,0.4782,0.8118,0.8768,0.8529,0.9381,0.9524,8.2,7.9,8.3,8.2,8.7,8.8
41.64915,-0.895811,1559365881,Delicias,side_street,0.5318,0.7955,0.995,0.4681,0.5315,0.5349,0.5302,0.5178,0.4767,7.6,7.6,7.6,7.5,7.5,7.2
41.646067,-0.8984,1559365882,Delicias,secondary_street,0.5524,0.7178,0.9911,0.2475,0.5657,0.5729,0.5342,0.54,0.5866,6.9,7,7,6.8,6.9,7.1
41.64626,-0.898554,1559365882,Delicias,secondary_street,0.5335,0.726,0.9903,0.2031,0.5476,0.553,0.513,0.5188,0.5596,6.8,6.8,6.9,6.6,6.7,6.9
41.651804,-0.879193,1559930757,"Casco Histórico",side_street,0.9904,0.0924,0.6606,0.4189,0.9929,0.9908,0.9893,0.9823,0.976,6,6,6,6,6,5.9
41.652426,-0.881172,1559933993,Centro,side_street,0.9836,0.5413,0.7853,0.7484,0.9886,0.9842,0.9812,0.9758,0.9705,9,9,9,9,9,8.9
41.652205,-0.881177,1559933993,Centro,side_street,0.985,0.6959,0.7884,0.803,0.9914,0.9859,0.9819,0.975,0.9685,9.6,9.6,9.6,9.6,9.6,9.6
41.651789,-0.881402,1559933993,Centro,side_street,0.9871,0.806,0.8106,0.9002,0.9969,0.9876,0.9833,0.9709,0.9635,9.9,9.9,9.9,9.9,9.9,9.9
41.638241,-0.906017,1560151984,Universidad,secondary_street,0.2537,0.9353,0.3489,0.3505,0.2681,0.2477,0.2486,0.188,0.2301,4.7,4.8,4.7,4.7,4.5,4.6
41.63919,-0.905336,1560151990,Universidad,secondary_street,0.223,0.895,0.3514,0.293,0.2414,0.2209,0.2162,0.1625,0.209,4.5,4.5,4.4,4.4,4.2,4.4
41.649645,-0.875768,1560873566,"Casco Histórico",side_street,0.7896,0.0858,0.6521,0.7846,0.7691,0.8034,0.777,0.8518,0.9172,5.4,5.3,5.5,5.3,5.7,6.1
41.649602,-0.875472,1560873566,"Casco Histórico",side_street,0.778,0.0858,0.6437,0.7653,0.7548,0.7958,0.7623,0.8447,0.9185,5.3,5.2,5.4,5.2,5.6,6
41.649914,-0.8781,1560875564,Centro,side_street,0.8761,0.4031,0.7998,0.26,0.8657,0.8916,0.8621,0.9045,0.9207,6.9,6.8,7,6.8,7.1,7.2
41.638002,-0.893227,1561465684,Universidad,side_street,0.433,0.1646,0.3756,0.0294,0.4333,0.4418,0.4251,0.4559,0.5937,3.1,3.1,3.2,3.1,3.2,3.7
41.650744,-0.895046,1562964530,Delicias,side_street,0.3099,0.3017,0.9916,0.5164,0.291,0.3173,0.32,0.3352,0.3375,4.5,4.5,4.6,4.6,4.6,4.6
41.654811,-0.897862,1562972622,Delicias,main_street,0.2956,0.9665,0.9358,0.2689,0.3034,0.3253,0.2822,0.3077,0.3689,6.4,6.4,6.5,6.3,6.5,6.8
41.644299,-0.871695,1563848531,"San José",side_street,0.629,0.6542,0.5109,0.6317,0.6326,0.6304,0.6252,0.6304,0.6249,6.2,6.2,6.2,6.2,6.3,6.2
41.644486,-0.871529,1563848531,"San José",side_street,0.6198,0.6567,0.5086,0.6608,0.6225,0.6222,0.6128,0.6207,0.618,6.2,6.2,6.2,6.2,6.2,6.2
41.64467,-0.871356,1563848531,"San José",side_street,0.6085,0.6612,0.5086,0.7571,0.6099,0.6102,0.5984,0.6064,0.6085,6.3,6.3,6.3,6.3,6.3,6.3
41.644852,-0.871179,1563848531,"San José",side_street,0.5948,0.6612,0.5086,0.7855,0.5975,0.5986,0.5835,0.5885,0.5967,6.3,6.3,6.3,6.2,6.3,6.3
41.645031,-0.870997,1563848531,"San José",side_street,0.5798,0.6884,0.5047,0.8187,0.5841,0.5832,0.5657,0.57,0.577,6.3,6.4,6.4,6.3,6.3,6.3
41.644217,-0.871343,1563848532,"San José",side_street,0.6179,0.3845,0.5086,0.5947,0.6181,0.6184,0.6139,0.6238,0.621,5.1,5.1,5.1,5.1,5.1,5.1
41.644133,-0.871622,1563848532,"San José",side_street,0.6324,0.4502,0.5086,0.5977,0.6333,0.6327,0.6293,0.6351,0.63,5.4,5.4,5.4,5.4,5.4,5.3
41.644018,-0.87186,1563848533,"San José",side_street,0.6427,0.4705,0.5086,0.5933,0.6409,0.6393,0.6403,0.6419,0.6341,5.5,5.5,5.5,5.5,5.5,5.4
41.644048,-0.871213,1563848534,"San José",side_street,0.616,0.192,0.5035,0.5492,0.6145,0.6162,0.6126,0.6228,0.6184,4.5,4.5,4.5,4.5,4.5,4.5
41.643861,-0.871045,1563848534,"San José",side_street,0.6133,0.192,0.5025,0.4869,0.6083,0.6092,0.6121,0.6222,0.6156,4.4,4.4,4.4,4.4,4.4,4.4
41.643674,-0.870878,1563848534,"San José",side_street,0.608,0.192,0.5025,0.4202,0.6015,0.604,0.6064,0.6181,0.6098,4.3,4.3,4.3,4.3,4.4,4.3
41.643487,-0.870711,1563848534,"San José",side_street,0.605,0.192,0.5011,0.3609,0.5977,0.5996,0.6034,0.614,0.6025,4.3,4.2,4.2,4.2,4.3,4.3
41.6433,-0.870544,1563848534,"San José",side_street,0.5988,0.192,0.5001,0.2988,0.5916,0.5938,0.5981,0.6078,0.5977,4.2,4.2,4.2,4.2,4.2,4.2
41.643113,-0.870377,1563848534,"San José",side_street,0.5913,0.192,0.4989,0.1757,0.5851,0.5868,0.5923,0.6036,0.5989,4.1,4.1,4.1,4.1,4.1,4.1
41.642927,-0.870208,1563848534,"San José",side_street,0.5832,0.2168,0.4965,0.0896,0.5746,0.5803,0.5824,0.5978,0.6006,4,4,4,4,4.1,4.1
41.642741,-0.87004,1563848534,"San José",side_street,0.5736,0.2168,0.4909,0.0732,0.5664,0.5728,0.5735,0.5903,0.602,4,4,4,4,4,4
41.642554,-0.869871,1563848534,"San José",side_street,0.5605,0.2168,0.4833,0.0613,0.5538,0.5618,0.5599,0.58,0.5962,3.9,3.9,3.9,3.9,4,4
41.644048,-0.872222,1563848535,"San José",side_street,0.6504,0.6814,0.5086,0.6203,0.6516,0.646,0.6497,0.6454,0.6368,6.5,6.5,6.4,6.5,6.4,6.4
41.644085,-0.872519,1563848535,"San José",side_street,0.6545,0.6814,0.5109,0.6581,0.6572,0.6492,0.6564,0.648,0.6384,6.5,6.5,6.5,6.5,6.5,6.5
41.644288,-0.871427,1563848537,"San José",square,0.6194,0.0006,0.5086,0.615,0.6203,0.6197,0.6142,0.623,0.6197,4.1,4.1,4.1,4.1,4.1,4
41.639078,-0.888085,1564132205,Universidad,secondary_street,0.5458,0.7537,0.3889,0.708,0.5493,0.5551,0.5557,0.5406,0.5298,6,6,6,6,5.9,5.9
41.638928,-0.888309,1564132205,Universidad,secondary_street,0.5147,0.7537,0.3875,0.6745,0.5199,0.5254,0.5266,0.5116,0.5061,5.8,5.8,5.8,5.8,5.7,5.7
41.638778,-0.888533,1564132205,Universidad,secondary_street,0.4826,0.7537,0.3875,0.636,0.4853,0.4869,0.4949,0.4767,0.4785,5.5,5.6,5.6,5.6,5.5,5.5
41.63864,-0.888771,1564132205,Universidad,secondary_street,0.4494,0.7254,0.3852,0.5537,0.4514,0.4521,0.462,0.4466,0.4464,5.1,5.2,5.2,5.2,5.1,5.1
41.638533,-0.889034,1564132205,Universidad,secondary_street,0.4278,0.7667,0.3862,0.483,0.4289,0.4291,0.4375,0.4227,0.4129,5.1,5.1,5.1,5.2,5.1,5
41.638444,-0.88931,1564132205,Universidad,secondary_street,0.4105,0.7407,0.3889,0.4552,0.4118,0.408,0.4202,0.4047,0.4014,4.9,5,4.9,5,4.9,4.9
41.648019,-0.890976,1564560681,Centro,side_street,0.7836,0.1592,0.7128,0.4972,0.7997,0.7788,0.7818,0.7402,0.7179,5.5,5.5,5.4,5.4,5.2,5.1
41.648134,-0.890718,1564560681,Centro,side_street,0.7858,0.1592,0.7168,0.5643,0.8017,0.7802,0.7839,0.7397,0.7133,5.6,5.7,5.5,5.5,5.3,5.1
41.649535,-0.89097,1564560795,Centro,side_street,0.5886,0.2214,0.6956,0.787,0.5879,0.5958,0.5928,0.5851,0.5731,5,5.1,5.1,5.1,5,4.9
41.649639,-0.891237,1564560795,Centro,side_street,0.5582,0.2214,0.6956,0.7742,0.5565,0.569,0.5639,0.5575,0.5502,4.9,4.9,5,4.9,4.9,4.8
41.649742,-0.891504,1564560795,Centro,side_street,0.5223,0.2214,0.6898,0.7617,0.5175,0.5315,0.5285,0.5276,0.5253,4.7,4.7,4.8,4.8,4.7,4.7
41.649846,-0.891771,1564560795,Centro,side_street,0.4849,0.2214,0.6898,0.7504,0.4785,0.4883,0.4935,0.491,0.4952,4.6,4.6,4.6,4.6,4.6,4.6
41.635275,-0.863726,22661937,"San José",side_street,0.0365,0.2003,0.4437,0.2855,0.0393,0.0362,0.0397,0.0326,0.0287,2.2,2.1,2.2,2.2,2.2,2.1
41.664593,-0.859023,24346521,"El Rabal",main_street,0.0986,0.6466,0.3054,0.7503,0.1032,0.0936,0.1071,0.0958,0.1105,3.7,3.8,3.7,3.8,3.7,3.8
41.648945,-0.863611,24433268,"Las Fuentes",secondary_street,0.2511,0.7246,0.2221,0.582,0.2557,0.2357,0.2424,0.2111,0.1629,4.1,4.1,4.1,4.1,4,3.8
41.648722,-0.863655,24433268,"Las Fuentes",secondary_street,0.2687,0.7271,0.2221,0.569,0.2728,0.2596,0.2664,0.2393,0.1889,4.2,4.2,4.2,4.2,4.1,3.9
41.6485,-0.863699,24433268,"Las Fuentes",secondary_street,0.2889,0.8088,0.2243,0.564,0.2948,0.2784,0.2838,0.2612,0.2135,4.5,4.5,4.4,4.4,4.4,4.2
41.648278,-0.863743,24433268,"Las Fuentes",secondary_street,0.3123,0.8146,0.2243,0.5692,0.3224,0.2988,0.3043,0.2814,0.2463,4.6,4.6,4.5,4.6,4.5,4.3
41.648055,-0.863788,24433268,"Las Fuentes",secondary_street,0.3355,0.7501,0.2243,0.5796,0.3471,0.3204,0.3272,0.3017,0.2681,4.5,4.6,4.4,4.5,4.4,4.3
41.647833,-0.863831,24433268,"Las Fuentes",secondary_street,0.3581,0.7501,0.2243,0.6511,0.373,0.3393,0.3444,0.3143,0.2889,4.7,4.7,4.6,4.6,4.5,4.4
41.64761,-0.863875,24433268,"Las Fuentes",secondary_street,0.3663,0.7501,0.2243,0.6256,0.3841,0.3485,0.3486,0.3168,0.2983,4.7,4.7,4.6,4.6,4.5,4.4
41.647388,-0.86392,24433268,"Las Fuentes",secondary_street,0.3667,0.5926,0.2253,0.6029,0.3862,0.3508,0.344,0.313,0.3074,4.2,4.3,4.2,4.1,4,4
41.647166,-0.863964,24433268,"Las Fuentes",secondary_street,0.3607,0.5926,0.2243,0.5869,0.3827,0.3477,0.3327,0.3071,0.3137,4.2,4.3,4.1,4.1,4,4
41.647577,-0.864667,24433275,"Las Fuentes",side_street,0.3321,0.4382,0.2262,0.5345,0.3496,0.3181,0.3166,0.2859,0.2622,3.7,3.7,3.7,3.6,3.5,3.5
41.647549,-0.864369,24433275,"Las Fuentes",side_street,0.3498,0.4421,0.2262,0.6145,0.3659,0.333,0.3313,0.2995,0.2759,3.8,3.9,3.8,3.8,3.7,3.6
41.647521,-0.86407,24433275,"Las Fuentes",side_street,0.3635,0.4421,0.2262,0.6084,0.3821,0.346,0.3445,0.3116,0.2948,3.9,3.9,3.8,3.8,3.7,3.6
41.647491,-0.863772,24433275,"Las Fuentes",side_street,0.3677,0.2179,0.2202,0.6133,0.3865,0.3516,0.3474,0.3167,0.3079,3.3,3.4,3.2,3.2,3.1,3.1
41.647459,-0.863474,24433275,"Las Fuentes",side_street,0.3608,0.2027,0.2193,0.6073,0.3797,0.3468,0.3365,0.3112,0.3127,3.2,3.3,3.2,3.1,3.1,3.1
41.647329,-0.862283,24433275,"Las Fuentes",side_street,0.3283,0.2027,0.2169,0.4897,0.3532,0.3233,0.2944,0.2769,0.2924,3,3.1,3,2.8,2.8,2.9
41.647296,-0.861986,24433275,"Las Fuentes",side_street,0.314,0.2027,0.2169,0.5008,0.3378,0.3109,0.2848,0.2657,0.2801,2.9,3,2.9,2.8,2.8,2.9
41.647264,-0.861688,24433275,"Las Fuentes",side_street,0.2969,0.2061,0.2169,0.5749,0.3202,0.2958,0.2716,0.2504,0.2607,2.9,3,2.9,2.8,2.8,2.9
41.646102,-0.865187,24433278,"Las Fuentes",side_street,0.2855,0.0742,0.2294,0.4812,0.2982,0.2785,0.2702,0.247,0.2374,2.6,2.6,2.5,2.5,2.4,2.4
41.645446,-0.86316,24433279,"Las Fuentes",side_street,0.3053,0.1819,0.2169,0.4984,0.3241,0.2908,0.2858,0.2562,0.248,2.8,2.9,2.8,2.8,2.7,2.7
41.646561,-0.862971,24433279,"Las Fuentes",side_street,0.3443,0.2135,0.2169,0.5375,0.366,0.3354,0.3102,0.2959,0.327,3.1,3.2,3.1,3,3,3.1
41.648819,-0.861523,24433280,"Las Fuentes",side_street,0.2284,0.3626,0.2221,0.4703,0.2446,0.2268,0.2014,0.167,0.1504,3,3.1,3,2.9,2.8,2.8
41.648854,-0.86182,24433280,"Las Fuentes",side_street,0.2325,0.3626,0.2221,0.489,0.2456,0.2291,0.2096,0.1789,0.1539,3.1,3.1,3.1,3,2.9,2.8
41.648889,-0.862117,24433280,"Las Fuentes",side_street,0.234,0.3626,0.2202,0.4826,0.2452,0.2292,0.2133,0.1863,0.156,3.1,3.1,3,3,2.9,2.8
41.64861,-0.863526,24433281,"Las Fuentes",side_street,0.2794,0.2635,0.2221,0.555,0.2835,0.2688,0.2753,0.2523,0.2021,3,3,3,3,3,2.8
41.648577,-0.863228,24433281,"Las Fuentes",side_street,0.2766,0.2635,0.2221,0.5623,0.2826,0.2681,0.2709,0.2484,0.2027,3,3,3,3,2.9,2.8
41.648447,-0.862037,24433281,"Las Fuentes",side_street,0.2586,0.1655,0.2169,0.5064,0.2667,0.2535,0.2347,0.215,0.1966,2.7,2.7,2.7,2.6,2.5,2.5
41.648416,-0.861739,24433281,"Las Fuentes",side_street,0.2513,0.1655,0.214,0.4672,0.261,0.2446,0.2237,0.2015,0.1863,2.6,2.7,2.6,2.5,2.5,2.4
41.649289,-0.861432,24433282,"Las Fuentes",side_street,0.2042,0.332,0.2221,0.4324,0.22,0.2008,0.1748,0.1334,0.1131,2.8,2.9,2.8,2.7,2.6,2.6
41.64932,-0.86173,24433282,"Las Fuentes",side_street,0.206,0.332,0.2221,0.4624,0.2213,0.2024,0.1783,0.1402,0.1164,2.9,2.9,2.9,2.8,2.7,2.6
41.649953,-0.863261,24433283,"Las Fuentes",side_street,0.1702,0.1422,0.2262,0.4777,0.1806,0.1591,0.16,0.132,0.1114,2.3,2.3,2.2,2.3,2.2,2
41.649762,-0.861474,24433283,"Las Fuentes",side_street,0.1653,0.1371,0.2221,0.3874,0.1857,0.1567,0.1402,0.1018,0.0822,2.1,2.2,2.1,2,1.8,1.6
41.650165,-0.86126,24433284,"Las Fuentes",side_street,0.1153,0.0668,0.2221,0.3518,0.1338,0.1114,0.1078,0.0818,0.0544,1.5,1.6,1.5,1.5,1.3,1.2
41.646872,-0.861158,24433287,"Las Fuentes",side_street,0.265,0.2768,0.214,0.5373,0.2834,0.2626,0.2374,0.2011,0.2164,3,3,3,2.9,2.8,2.9
41.646649,-0.861195,24433287,"Las Fuentes",side_street,0.2678,0.2768,0.214,0.5421,0.2865,0.2648,0.2418,0.2059,0.2251,3,3.1,3,2.9,2.8,2.9
41.648328,-0.858798,24433288,"Las Fuentes",side_street,0.0776,0.3795,0.2193,0.3267,0.0861,0.069,0.0733,0.0507,0.0308,2.5,2.5,2.4,2.5,2.4,2.3
41.649924,-0.860906,24433289,"Las Fuentes",side_street,0.1177,0.2182,0.2221,0.2586,0.1415,0.1139,0.1074,0.0815,0.057,2,2.1,2,2,1.8,1.7
41.646526,-0.86121,24433325,"Las Fuentes",side_street,0.2689,0.3705,0.214,0.5428,0.2882,0.2655,0.2427,0.2063,0.2244,3.3,3.3,3.3,3.2,3.1,3.1
41.634671,-0.861792,24567763,"San José",side_street,0.0605,0.0196,0.4437,0.0497,0.0561,0.0687,0.07,0.0804,0.0879,1.2,1.2,1.3,1.3,1.3,1.4
41.634489,-0.861615,24567763,"Las Fuentes",side_street,0.067,0.0199,0.2117,0.0396,0.0605,0.0773,0.0763,0.0892,0.0995,0.8,0.8,0.9,0.8,0.9,0.9
41.659408,-0.864624,27100785,"El Rabal",side_street,0.114,0.1769,0.2822,0.1676,0.1148,0.1085,0.1289,0.1115,0.1098,1.9,1.9,1.8,2,1.9,1.8
41.659215,-0.864469,27100785,"El Rabal",side_street,0.1073,0.1538,0.2928,0.107,0.1049,0.1009,0.121,0.1001,0.0957,1.7,1.7,1.6,1.8,1.6,1.6
41.660643,-0.864193,27100788,"El Rabal",side_street,0.1796,0.7812,0.2928,0.6775,0.1731,0.1826,0.1803,0.2024,0.227,4.2,4.2,4.2,4.2,4.3,4.4
41.660533,-0.864455,27100788,"El Rabal",side_street,0.1738,0.7812,0.2928,0.6333,0.1679,0.1751,0.1757,0.1915,0.2065,4.2,4.2,4.2,4.2,4.2,4.3
41.666489,-0.825082,28248275,"Santa Isabel",main_street,0.1466,0.7408,0.1231,0.2118,0.1099,0.147,0.1672,0.1994,0.1788,3.4,3.2,3.4,3.4,3.6,3.5
41.6664,-0.824477,28248276,"Santa Isabel",main_street,0.1235,0.6344,0.1231,0.3236,0.0964,0.123,0.1441,0.1772,0.1665,3.1,3,3.1,3.2,3.3,3.3
41.666571,-0.824284,28248276,"Santa Isabel",main_street,0.1328,0.318,0.1231,0.4029,0.1019,0.1348,0.1542,0.1923,0.1849,2.4,2.3,2.4,2.5,2.6,2.6
41.66666,-0.824009,28248276,"Santa Isabel",main_street,0.1276,0.2838,0.1231,0.4682,0.0993,0.1278,0.1481,0.1843,0.1771,2.3,2.2,2.3,2.4,2.5,2.5
41.657282,-0.858692,33800331,"El Rabal",secondary_street,0.1874,0.6295,0.3145,0.4524,0.1864,0.1668,0.2029,0.1601,0.0765,3.8,3.8,3.7,3.8,3.7,3.4
41.657484,-0.858823,33800331,"El Rabal",secondary_street,0.1795,0.6425,0.3054,0.3957,0.1792,0.1569,0.1952,0.1495,0.0709,3.7,3.7,3.6,3.8,3.6,3.3
41.659087,-0.862017,33800333,"El Rabal",side_street,0.1128,0.4756,0.2928,0.2785,0.1097,0.1032,0.1367,0.1051,0.0804,2.9,2.9,2.8,3,2.9,2.8
41.659252,-0.86222,33800333,"El Rabal",side_street,0.1187,0.4722,0.2988,0.2624,0.118,0.1102,0.1425,0.1124,0.0869,2.9,2.9,2.9,3,2.9,2.8
41.660666,-0.862444,33800334,"El Rabal",secondary_street,0.1863,0.7371,0.2928,0.4586,0.1819,0.188,0.1928,0.1943,0.1721,4,4,4,4,4,3.9
41.66258,-0.863591,33800335,"El Rabal",side_street,0.172,0.4772,0.2822,0.9022,0.1549,0.1788,0.1662,0.2311,0.3085,3.7,3.6,3.7,3.6,3.8,4.1
41.662385,-0.863442,33800335,"El Rabal",side_street,0.1774,0.4772,0.2822,0.8958,0.1632,0.1844,0.1726,0.2384,0.3115,3.7,3.6,3.7,3.7,3.9,4.1
41.66219,-0.863293,33800335,"El Rabal",side_street,0.1769,0.4772,0.2822,0.8608,0.1635,0.1833,0.1733,0.2332,0.2955,3.6,3.6,3.7,3.6,3.8,4
41.661409,-0.862696,33800335,"El Rabal",side_street,0.1819,0.503,0.2928,0.6077,0.1761,0.1829,0.1839,0.2031,0.2097,3.5,3.5,3.5,3.5,3.6,3.6
41.661213,-0.862546,33800335,"El Rabal",side_street,0.1851,0.4208,0.2928,0.609,0.1795,0.1843,0.1897,0.1986,0.1926,3.3,3.3,3.3,3.3,3.4,3.4
41.661018,-0.862397,33800335,"El Rabal",side_street,0.1834,0.4208,0.2928,0.5852,0.1779,0.1836,0.1906,0.196,0.1789,3.3,3.3,3.3,3.3,3.3,3.3
41.660823,-0.862248,33800335,"El Rabal",side_street,0.1779,0.4208,0.2928,0.5141,0.1733,0.1781,0.1841,0.1851,0.1644,3.2,3.2,3.2,3.2,3.2,3.2
41.661171,-0.859514,33800339,"El Rabal",secondary_street,0.1646,0.5459,0.2822,0.5611,0.1639,0.1402,0.1809,0.1413,0.0969,3.5,3.5,3.4,3.6,3.4,3.3
41.658075,-0.858022,33800346,"El Rabal",side_street,0.1788,0.4063,0.3145,0.33,0.1803,0.1547,0.1946,0.143,0.0599,3,3,2.9,3.1,2.9,2.7
41.657953,-0.857784,33800346,"El Rabal",side_street,0.183,0.3629,0.3145,0.2486,0.1861,0.161,0.1969,0.1436,0.0575,2.8,2.9,2.8,2.9,2.8,2.4
41.655455,-0.858638,33800349,"El Rabal",side_street,0.109,0.2776,0.3054,0.2938,0.1046,0.1008,0.1251,0.0985,0.0485,2.4,2.4,2.4,2.5,2.4,2.2
41.655427,-0.85834,33800349,"El Rabal",side_street,0.1148,0.2776,0.3145,0.2872,0.1146,0.1063,0.1326,0.1036,0.0521,2.5,2.4,2.4,2.5,2.4,2.2
41.655399,-0.858041,33800349,"El Rabal",side_street,0.1149,0.2776,0.3145,0.2877,0.1153,0.1061,0.1323,0.102,0.052,2.5,2.4,2.4,2.5,2.4,2.2
41.655371,-0.857743,33800349,"El Rabal",side_street,0.1109,0.2677,0.327,0.2247,0.1116,0.1012,0.1285,0.0965,0.0449,2.4,2.4,2.3,2.5,2.3,2.1
41.653906,-0.857602,33800350,"El Rabal",side_street,0.0709,0.2958,0.3228,0.2192,0.0746,0.0753,0.0725,0.0574,0.0232,2.3,2.3,2.3,2.3,2.3,2
41.653701,-0.857726,33800350,"El Rabal",side_street,0.068,0.2931,0.3228,0.2066,0.0729,0.0752,0.0684,0.055,0.0233,2.3,2.3,2.3,2.3,2.2,2
41.653493,-0.857841,33800350,"El Rabal",side_street,0.0673,0.2711,0.3228,0.1922,0.0724,0.0756,0.0659,0.053,0.024,2.2,2.2,2.2,2.2,2.2,1.9
41.653292,-0.857974,33800350,"El Rabal",side_street,0.0612,0.2711,0.3145,0.1779,0.0697,0.0712,0.0605,0.0456,0.0181,2.1,2.1,2.1,2.1,2,1.8
41.655255,-0.857709,33800353,"El Rabal",square,0.107,0.1452,0.327,0.2705,0.1047,0.0982,0.1224,0.0924,0.0431,2,1.9,1.9,2.1,1.9,1.6
41.655038,-0.857787,33800353,"El Rabal",square,0.0962,0.1452,0.327,0.312,0.0974,0.093,0.1102,0.0848,0.0373,2,2,1.9,2.1,1.9,1.6
41.665598,-0.856306,33800357,"El Rabal",side_street,0.0691,0.4652,0.2988,0.5671,0.0609,0.0586,0.0876,0.0808,0.0636,2.9,2.9,2.9,3,3,3
41.665397,-0.856169,33800357,"El Rabal",side_street,0.0711,0.4575,0.2988,0.5284,0.0626,0.0601,0.0906,0.0822,0.0612,2.9,2.9,2.9,3,3,2.9
41.665198,-0.85603,33800357,"El Rabal",side_street,0.0698,0.4575,0.2928,0.4706,0.0616,0.0585,0.0903,0.0798,0.0541,2.9,2.8,2.8,2.9,2.9,2.8
41.665705,-0.855708,33800359,"El Rabal",side_street,0.0643,0.1661,0.2988,0.4105,0.0557,0.0548,0.0841,0.0748,0.044,1.9,1.9,1.9,2.1,2,1.8
41.665902,-0.855853,33800359,"El Rabal",side_street,0.0622,0.1954,0.2988,0.4251,0.0541,0.053,0.0794,0.0726,0.0438,2.1,2,2,2.2,2.2,1.9
41.664477,-0.859707,33800382,"El Rabal",side_street,0.1107,0.5076,0.3054,0.7722,0.1143,0.1054,0.1135,0.1138,0.1319,3.4,3.5,3.4,3.4,3.5,3.5
41.664687,-0.859814,33800382,"El Rabal",side_street,0.0972,0.4842,0.3054,0.7261,0.0981,0.0954,0.102,0.105,0.1258,3.3,3.3,3.3,3.3,3.3,3.4
41.661564,-0.858744,37885256,"El Rabal",secondary_street,0.1504,0.4322,0.2822,0.6075,0.148,0.1183,0.1738,0.1276,0.082,3.2,3.2,3.1,3.3,3.1,3
41.661771,-0.858857,37885256,"El Rabal",secondary_street,0.1374,0.3669,0.2822,0.6824,0.1361,0.1116,0.1682,0.122,0.0835,3,3,2.9,3.1,3,2.9
41.650099,-0.824478,42388675,"Distrito Rural",side_street,0.0057,0.0188,0.0037,0.1827,0.0089,0.0035,0.0065,0.0011,0.0014,0.6,0.6,0.6,0.6,0.5,0.5
41.666541,-0.831823,42388693,"Santa Isabel",side_street,0.1977,0.0976,0.1231,0.4062,0.187,0.185,0.21,0.221,0.1525,1.9,1.8,1.8,2,2.1,1.6
41.666763,-0.831773,42388693,"Santa Isabel",side_street,0.2169,0.0976,0.1231,0.4659,0.2036,0.2048,0.2339,0.2524,0.1857,2.1,2,2,2.2,2.3,1.9
41.666984,-0.831718,42388693,"Santa Isabel",side_street,0.2281,0.1665,0.1231,0.5001,0.214,0.2165,0.2524,0.2687,0.2123,2.4,2.3,2.4,2.5,2.6,2.3
41.666986,-0.832464,42388703,"Santa Isabel",side_street,0.2032,0.0881,0.1341,0.4778,0.1929,0.1925,0.2178,0.2288,0.1574,2,1.9,1.9,2.1,2.2,1.7
41.64218,-0.865564,48087890,"Las Fuentes",side_street,0.2501,0.4399,0.2294,0.0482,0.2367,0.2352,0.2657,0.2592,0.1974,2.9,2.9,2.9,3,3,2.8
41.642396,-0.865643,48087890,"Las Fuentes",side_street,0.2538,0.5602,0.2306,0.0411,0.2407,0.2395,0.2668,0.2627,0.2118,3.3,3.3,3.3,3.4,3.4,3.2
41.661242,-0.862748,48528051,"El Rabal",side_street,0.1833,0.2749,0.2928,0.5995,0.1769,0.1847,0.1875,0.2038,0.2052,2.9,2.9,2.9,2.9,3,3
41.66375,-0.861388,48528060,"El Rabal",side_street,0.136,0.6012,0.2988,0.7458,0.1306,0.1416,0.1338,0.1641,0.2022,3.7,3.7,3.8,3.7,3.8,3.9
41.663148,-0.861442,48528063,"El Rabal",side_street,0.1532,0.052,0.2822,0.7783,0.1432,0.1521,0.1487,0.1752,0.2117,2.4,2.3,2.4,2.4,2.5,2.6
41.663256,-0.861178,48528063,"El Rabal",side_street,0.1611,0.1108,0.2822,0.815,0.1543,0.1588,0.1566,0.1829,0.2217,2.6,2.6,2.6,2.6,2.7,2.8
41.648532,-0.866214,48920862,"Las Fuentes",side_street,0.2459,0.351,0.2318,0.3848,0.2449,0.2333,0.2428,0.2219,0.1741,3,3,3,3,2.9,2.8
41.662825,-0.864012,49277026,"El Rabal",side_street,0.1564,0.3347,0.2822,0.8987,0.1287,0.1645,0.1432,0.2189,0.3043,3.2,3.1,3.3,3.1,3.4,3.7
41.663765,-0.864112,49277027,"El Rabal",side_street,0.0943,0.201,0.2822,0.6655,0.0801,0.1049,0.0913,0.1581,0.2431,2.5,2.4,2.5,2.5,2.7,3
41.663912,-0.864339,49277027,"El Rabal",side_street,0.0852,0.201,0.2822,0.6193,0.0709,0.0947,0.0783,0.1481,0.2321,2.4,2.3,2.4,2.4,2.6,2.9
41.66406,-0.864567,49277027,"El Rabal",side_street,0.0777,0.201,0.2822,0.4775,0.0659,0.0866,0.0708,0.1368,0.214,2.2,2.1,2.2,2.2,2.4,2.7
41.645223,-0.863199,49277059,"Las Fuentes",side_street,0.2896,0.1622,0.2169,0.4563,0.3058,0.2794,0.2767,0.2429,0.2219,2.7,2.8,2.7,2.7,2.6,2.5
41.645,-0.863239,49277059,"Las Fuentes",side_street,0.2722,0.1525,0.2193,0.3831,0.2862,0.262,0.2613,0.2176,0.1928,2.6,2.7,2.6,2.6,2.4,2.3
41.645433,-0.865302,49277061,"Las Fuentes",side_street,0.2867,0.0996,0.2286,0.4168,0.3016,0.2793,0.2695,0.2422,0.2288,2.6,2.6,2.5,2.5,2.4,2.3
41.64521,-0.865345,49277061,"Las Fuentes",side_street,0.2811,0.0996,0.2294,0.3297,0.2944,0.2735,0.2637,0.2352,0.2147,2.5,2.5,2.4,2.4,2.3,2.2
41.644567,-0.862201,49709523,"Las Fuentes",secondary_street,0.2322,0.3836,0.2169,0.3925,0.2534,0.2226,0.2128,0.1546,0.1519,3,3.1,3,2.9,2.8,2.8
41.64479,-0.862161,49709523,"Las Fuentes",secondary_street,0.2518,0.3836,0.2169,0.4319,0.2651,0.2377,0.2302,0.1839,0.1778,3.1,3.2,3.1,3.1,2.9,2.9
41.645013,-0.86212,49709523,"Las Fuentes",secondary_street,0.263,0.3836,0.214,0.4829,0.2764,0.2544,0.2456,0.2046,0.1977,3.2,3.3,3.2,3.2,3,3
41.664654,-0.859071,65644194,"El Rabal",main_street,0.0982,0.6915,0.3054,0.7469,0.1009,0.0934,0.1068,0.0974,0.1135,3.9,3.9,3.8,3.9,3.8,3.9
41.666493,-0.822453,67255409,"Santa Isabel",side_street,0.0759,0.5359,0.1231,0.2677,0.0643,0.0715,0.0917,0.1008,0.0903,2.7,2.6,2.6,2.7,2.7,2.7
41.666276,-0.822532,67255409,"Santa Isabel",side_street,0.0756,0.5359,0.1231,0.2506,0.0644,0.0729,0.0907,0.1002,0.0902,2.6,2.6,2.6,2.7,2.7,2.7
41.666059,-0.822612,67255409,"Santa Isabel",side_street,0.0712,0.5359,0.1231,0.2178,0.0615,0.0684,0.0835,0.0909,0.0841,2.6,2.6,2.6,2.6,2.7,2.7
41.661597,-0.864053,79800400,"El Rabal",side_street,0.1846,0.2516,0.2822,0.8211,0.1711,0.1914,0.1812,0.2349,0.2817,3,2.9,3,3,3.2,3.4
41.661487,-0.864315,79800400,"El Rabal",side_street,0.1888,0.2516,0.2822,0.8221,0.1748,0.1947,0.1858,0.2378,0.2832,3,2.9,3,3,3.2,3.4
41.646895,-0.866043,79825347,"Las Fuentes",side_street,0.2627,0.5028,0.2318,0.3961,0.2699,0.2581,0.2501,0.2271,0.2032,3.5,3.5,3.5,3.5,3.4,3.3
41.646672,-0.866078,79825347,"Las Fuentes",side_street,0.262,0.5028,0.2325,0.3724,0.2695,0.2576,0.2477,0.2294,0.2093,3.5,3.5,3.5,3.4,3.4,3.3
41.645781,-0.86624,79825347,"Las Fuentes",side_street,0.2672,0.5755,0.2325,0.2993,0.2743,0.2616,0.2547,0.24,0.2199,3.6,3.7,3.6,3.6,3.5,3.5
41.657119,-0.857142,79871905,"El Rabal",secondary_street,0.1928,0.3968,0.3145,0.1266,0.199,0.1733,0.2046,0.1416,0.0547,2.9,2.9,2.8,2.9,2.7,2.4
41.657126,-0.857443,79871905,"El Rabal",secondary_street,0.2055,0.4007,0.3145,0.2161,0.2066,0.1901,0.2234,0.1666,0.0718,3,3,2.9,3.1,2.9,2.6
41.657133,-0.857744,79871905,"El Rabal",secondary_street,0.2086,0.4007,0.3145,0.2876,0.2093,0.1962,0.2282,0.1809,0.0837,3.1,3.1,3,3.1,3,2.7
41.657139,-0.858044,79871905,"El Rabal",secondary_street,0.2082,0.4007,0.3145,0.333,0.2065,0.1954,0.2288,0.1865,0.0854,3.1,3.1,3.1,3.2,3.1,2.7
41.657146,-0.858345,79871905,"El Rabal",secondary_street,0.2018,0.4007,0.3145,0.341,0.2,0.1837,0.22,0.1761,0.0817,3.1,3.1,3,3.2,3,2.7
41.659776,-0.860273,79871921,"El Rabal",side_street,0.1841,0.1533,0.2822,0.4908,0.1812,0.1649,0.2042,0.1642,0.1092,2.5,2.5,2.4,2.6,2.4,2.2
41.660001,-0.860254,79871921,"El Rabal",side_street,0.1902,0.1533,0.2822,0.4863,0.1856,0.1726,0.2069,0.1716,0.1201,2.5,2.5,2.5,2.6,2.5,2.2
41.660225,-0.860235,79871921,"El Rabal",side_street,0.1901,0.1533,0.2822,0.5168,0.1863,0.1727,0.2059,0.1697,0.1205,2.6,2.5,2.5,2.6,2.5,2.3
41.640433,-0.866527,80064919,"Las Fuentes",side_street,0.2633,0.0679,0.2286,0.0509,0.2531,0.2564,0.2819,0.2794,0.2353,2,1.9,1.9,2.1,2.1,1.7
41.640549,-0.866268,80064919,"Las Fuentes",side_street,0.2504,0.0679,0.2278,0.063,0.236,0.2376,0.267,0.2636,0.2101,1.9,1.8,1.8,2,2,1.6
41.635225,-0.86402,80665506,"San José",main_street,0.0343,0.1812,0.4437,0.3454,0.0389,0.0343,0.0383,0.0305,0.0288,2.2,2.1,2.2,2.2,2.2,2.1
41.666598,-0.827051,99722055,"Santa Isabel",side_street,0.1767,0.3933,0.1231,0.1205,0.1552,0.1716,0.1891,0.2114,0.1603,2.5,2.4,2.5,2.6,2.6,2.4
41.658956,-0.83642,131225449,"Distrito Rural",main_street,0.002,0.0843,0.0037,0.0993,0.0047,0.0014,0.002,0.0006,0.0057,0.6,0.6,0.6,0.6,0.6,0.6
41.658734,-0.836472,131225449,"Distrito Rural",main_street,0.0017,0.0843,0.0037,0.1399,0.0037,0.0016,0.0017,0.0018,0.0078,0.6,0.6,0.6,0.6,0.6,0.6
41.650162,-0.824902,131225449,"Distrito Rural",main_street,0.0045,0.0254,0.0037,0.1928,0.0079,0.0027,0.0059,0.0013,0.0016,0.6,0.6,0.6,0.6,0.6,0.6
41.650046,-0.824644,131225449,"Distrito Rural",main_street,0.0061,0.0254,0.0037,0.1596,0.0088,0.0037,0.0068,0.0014,0.0013,0.6,0.6,0.6,0.6,0.5,0.5
41.64993,-0.824387,131225449,"Distrito Rural",main_street,0.0059,0.0216,0.0037,0.172,0.0092,0.0038,0.0066,0.001,0.0011,0.6,0.6,0.6,0.6,0.5,0.5
41.649348,-0.823099,131225449,"Distrito Rural",main_street,0.0116,0.0216,0.0037,0.1964,0.0157,0.0098,0.0113,0.0042,0.0059,0.6,0.6,0.6,0.6,0.6,0.6
41.649232,-0.822841,131225449,"Distrito Rural",main_street,0.0144,0.0216,0.0037,0.2315,0.0171,0.0122,0.0131,0.0062,0.0105,0.6,0.6,0.6,0.6,0.6,0.6
41.649116,-0.822583,131225449,"Distrito Rural",main_street,0.0127,0.0209,0.0037,0.2082,0.0165,0.0105,0.0114,0.0045,0.0089,0.6,0.6,0.6,0.6,0.6,0.6
41.666517,-0.824465,136491731,"Santa Isabel",side_street,0.1323,0.4813,0.1231,0.3534,0.1013,0.1341,0.1543,0.1912,0.1799,2.7,2.7,2.8,2.8,3,2.9
41.658573,-0.836358,138561673,"Distrito Rural",side_street,0.0016,0.0348,0.0037,0.1644,0.0033,0.0013,0.0016,0.0016,0.0081,0.6,0.6,0.6,0.6,0.6,0.6
41.649488,-0.822574,138570367,"Distrito Rural",side_street,0.0155,0.0186,0.0037,0.1822,0.0204,0.0126,0.0146,0.0034,0.0062,0.6,0.6,0.6,0.6,0.5,0.5
41.649292,-0.822722,138570367,"Distrito Rural",side_street,0.0153,0.0186,0.0037,0.199,0.0182,0.0131,0.0141,0.0061,0.0107,0.6,0.6,0.6,0.6,0.6,0.6
41.64911,-0.822862,138570372,"Distrito Rural",side_street,0.012,0.0175,0.0037,0.1979,0.0158,0.01,0.0112,0.0051,0.0079,0.6,0.6,0.6,0.6,0.6,0.6
41.649225,-0.822492,138570420,"Distrito Rural",side_street,0.014,0.0127,0.0037,0.2045,0.0177,0.0114,0.0123,0.0041,0.0086,0.6,0.6,0.6,0.6,0.6,0.6
41.666788,-0.828525,142693535,"Santa Isabel",side_street,0.1921,0.0927,0.1341,0.2812,0.1805,0.1839,0.1993,0.2082,0.1501,1.7,1.6,1.6,1.8,1.8,1.5
41.63437,-0.861681,142781481,"San José",side_street,0.0637,0.0145,0.4437,0.0394,0.0582,0.0739,0.0724,0.0869,0.1006,1.2,1.2,1.3,1.2,1.3,1.4
41.634215,-0.8619,142781481,"San José",side_street,0.0568,0.0145,0.4437,0.0435,0.0512,0.0635,0.0623,0.076,0.0906,1.2,1.1,1.2,1.2,1.2,1.3
41.636582,-0.860616,142892713,"Las Fuentes",side_street,0.0567,0.0281,0.2117,0.0037,0.057,0.0541,0.0667,0.0448,0.0123,0.8,0.8,0.8,0.8,0.8,0.7
41.636758,-0.86043,142892713,"Las Fuentes",side_street,0.0543,0.0281,0.2117,0.0037,0.0553,0.0509,0.064,0.04,0.0098,0.8,0.8,0.8,0.8,0.7,0.7
41.646541,-0.861365,157521428,"Las Fuentes",side_street,0.2783,0.2147,0.2169,0.5237,0.2985,0.2766,0.2523,0.2224,0.2473,2.9,2.9,2.8,2.8,2.7,2.8
41.646569,-0.861664,157521428,"Las Fuentes",side_street,0.2962,0.2147,0.2169,0.6049,0.3207,0.2921,0.2712,0.2482,0.2685,3,3.1,3,2.9,2.8,2.9
41.646598,-0.861968,157521430,"Las Fuentes",side_street,0.3135,0.2966,0.2169,0.6155,0.3368,0.3084,0.2845,0.2665,0.2951,3.3,3.4,3.3,3.2,3.1,3.2
41.646628,-0.862266,157521430,"Las Fuentes",side_street,0.3266,0.2966,0.2169,0.5837,0.3509,0.3212,0.2938,0.2798,0.3126,3.3,3.4,3.3,3.2,3.2,3.3
41.646658,-0.862564,157521430,"Las Fuentes",side_street,0.3361,0.2966,0.2169,0.5748,0.3598,0.3303,0.3038,0.2884,0.3252,3.4,3.4,3.3,3.2,3.2,3.3
41.646687,-0.862862,157521430,"Las Fuentes",side_street,0.345,0.2966,0.2169,0.5334,0.3666,0.3371,0.3108,0.2973,0.3293,3.4,3.4,3.3,3.2,3.2,3.3
41.646718,-0.86316,157521430,"Las Fuentes",side_street,0.3485,0.438,0.2193,0.5189,0.3701,0.339,0.3146,0.301,0.3352,3.7,3.8,3.7,3.6,3.6,3.7
41.646749,-0.863458,157521430,"Las Fuentes",side_street,0.3516,0.438,0.2193,0.5049,0.3738,0.3421,0.3178,0.3055,0.3359,3.7,3.8,3.7,3.6,3.6,3.7
41.64678,-0.863756,157521430,"Las Fuentes",side_street,0.3506,0.438,0.2202,0.4941,0.3713,0.3396,0.3184,0.3036,0.3279,3.7,3.8,3.7,3.6,3.5,3.6
41.64477,-0.859705,207734682,"Las Fuentes",square,0.1119,0.1485,0.2126,0.2578,0.1673,0.1056,0.0872,0.0452,0.0536,1.7,2,1.6,1.6,1.3,1.4
41.645355,-0.86163,230155410,"Las Fuentes",square,0.266,0.0053,0.214,0.5404,0.2832,0.2595,0.2446,0.2017,0.198,2.3,2.4,2.3,2.2,2,1.9
41.645578,-0.861589,230155410,"Las Fuentes",square,0.2733,0.0053,0.214,0.5718,0.2927,0.2664,0.2538,0.211,0.2092,2.4,2.4,2.3,2.3,2.1,2
41.645801,-0.861549,230155410,"Las Fuentes",square,0.2778,0.0053,0.2169,0.5782,0.298,0.2711,0.2564,0.2142,0.2168,2.4,2.5,2.4,2.3,2.2,2.1
41.645279,-0.86086,230155411,"Las Fuentes",square,0.2288,0.039,0.2126,0.4036,0.2554,0.2236,0.1967,0.1379,0.149,2.1,2.2,2,1.9,1.6,1.6
41.645501,-0.860818,230155411,"Las Fuentes",square,0.2352,0.039,0.2126,0.4268,0.2593,0.2275,0.202,0.1434,0.1531,2.1,2.3,2.1,2,1.6,1.7
41.664385,-0.865901,282856299,"El Rabal",side_street,0.0547,0.1579,0.2928,0.4341,0.0483,0.0554,0.0529,0.0774,0.118,1.9,1.8,1.9,1.9,2,2.2
41.663939,-0.864896,282857228,"El Rabal",side_street,0.075,0.6764,0.2822,0.5659,0.065,0.0835,0.0704,0.1309,0.1984,3.5,3.5,3.6,3.5,3.7,3.9
41.664102,-0.864689,282857228,"El Rabal",side_street,0.0724,0.6764,0.2822,0.5028,0.0629,0.0804,0.0671,0.1289,0.1991,3.5,3.4,3.5,3.5,3.7,3.9
41.661808,-0.865297,292868961,"El Rabal",main_street,0.1895,0.9654,0.2822,0.8903,0.1704,0.196,0.1863,0.2499,0.3132,5,4.9,5,4.9,5.2,5.5
41.648368,-0.858638,329495112,"Las Fuentes",side_street,0.0707,0.4245,0.2202,0.2558,0.0763,0.0642,0.0687,0.0473,0.0271,2.5,2.5,2.5,2.5,2.4,2.3
41.648145,-0.858679,329495112,"Las Fuentes",side_street,0.0755,0.3392,0.2193,0.2657,0.0844,0.0673,0.0719,0.0496,0.0294,2.3,2.3,2.2,2.3,2.2,2
41.645878,-0.861597,329495113,"Las Fuentes",main_street,0.2825,0.2651,0.2169,0.6149,0.3036,0.2761,0.2603,0.2209,0.2257,3.1,3.2,3.1,3,2.9,2.9
41.645906,-0.861896,329495113,"Las Fuentes",main_street,0.298,0.2858,0.2169,0.647,0.3219,0.288,0.276,0.2445,0.2503,3.3,3.3,3.2,3.2,3.1,3.1
41.645964,-0.862492,329495113,"Las Fuentes",main_street,0.3248,0.2835,0.2169,0.6499,0.3481,0.3133,0.2951,0.2705,0.2808,3.3,3.4,3.3,3.2,3.1,3.2
41.645994,-0.86279,329495113,"Las Fuentes",main_street,0.3313,0.2835,0.2169,0.5847,0.3573,0.3218,0.2992,0.2757,0.2891,3.3,3.4,3.3,3.2,3.1,3.2
41.645212,-0.861932,329495151,"Las Fuentes",main_street,0.2715,0.2822,0.214,0.5281,0.2879,0.2638,0.2549,0.2144,0.2075,3,3.1,3,2.9,2.8,2.8
41.645184,-0.861633,329495151,"Las Fuentes",main_street,0.2609,0.2443,0.214,0.4713,0.2761,0.2523,0.2386,0.1945,0.1874,2.8,2.9,2.8,2.8,2.6,2.6
41.645123,-0.861037,329495151,"Las Fuentes",main_street,0.2302,0.193,0.2126,0.3903,0.2558,0.2244,0.1997,0.1419,0.1509,2.6,2.6,2.5,2.5,2.2,2.3
41.645093,-0.860739,329495151,"Las Fuentes",main_street,0.2196,0.1782,0.2126,0.3738,0.2442,0.2133,0.1815,0.1186,0.13,2.5,2.6,2.4,2.3,2,2
41.645033,-0.860142,329495151,"Las Fuentes",main_street,0.1856,0.1645,0.2126,0.354,0.2178,0.1796,0.1357,0.0765,0.09,2.3,2.4,2.2,2,1.7,1.7
41.645002,-0.859844,329495151,"Las Fuentes",main_street,0.1475,0.2109,0.2126,0.3478,0.194,0.1395,0.1061,0.0603,0.0742,2.2,2.4,2.2,2,1.8,1.8
41.644972,-0.859546,329495151,"Las Fuentes",main_street,0.1097,0.1113,0.2126,0.3389,0.1637,0.1029,0.0842,0.0445,0.055,1.6,1.9,1.6,1.5,1.2,1.3
41.645337,-0.862061,329495152,"Las Fuentes",secondary_street,0.2841,0.4627,0.214,0.5606,0.3026,0.2747,0.2678,0.2298,0.2213,3.6,3.7,3.6,3.5,3.4,3.4
41.64556,-0.862019,329495152,"Las Fuentes",secondary_street,0.2923,0.4627,0.214,0.641,0.3125,0.2832,0.2744,0.2388,0.235,3.7,3.7,3.7,3.6,3.5,3.5
41.645783,-0.861976,329495152,"Las Fuentes",secondary_street,0.2999,0.4627,0.2169,0.6601,0.3225,0.2886,0.2784,0.2469,0.2497,3.7,3.8,3.7,3.7,3.6,3.6
41.64645,-0.861845,329495152,"Las Fuentes",secondary_street,0.3077,0.5112,0.2169,0.6174,0.3306,0.3014,0.2801,0.2583,0.2805,3.8,3.9,3.8,3.8,3.7,3.7
41.646672,-0.861802,329495152,"Las Fuentes",secondary_street,0.3064,0.5705,0.2169,0.6109,0.3296,0.3019,0.278,0.2585,0.2814,4,4,4,3.9,3.8,3.9
41.646895,-0.861757,329495152,"Las Fuentes",secondary_street,0.3062,0.5674,0.2169,0.5798,0.3286,0.3023,0.2778,0.2589,0.276,3.9,4,3.9,3.9,3.8,3.8
41.647117,-0.861712,329495152,"Las Fuentes",secondary_street,0.3048,0.5695,0.2169,0.6068,0.3277,0.3016,0.277,0.2557,0.2687,4,4,3.9,3.9,3.8,3.8
41.647339,-0.861664,329495152,"Las Fuentes",secondary_street,0.2921,0.6514,0.2169,0.5302,0.3129,0.2891,0.2674,0.2451,0.2555,4,4.1,4,4,3.9,3.9
41.648896,-0.861356,329495152,"Las Fuentes",secondary_street,0.2227,0.5979,0.2221,0.4887,0.2378,0.2207,0.1933,0.1559,0.1437,3.7,3.7,3.7,3.6,3.5,3.4
41.649118,-0.861313,329495152,"Las Fuentes",secondary_street,0.2117,0.5979,0.2221,0.4556,0.2284,0.2096,0.1795,0.1376,0.1222,3.6,3.7,3.6,3.5,3.4,3.3
41.637272,-0.859001,337371403,"Las Fuentes",side_street,0.0226,0.0232,0.2109,0.0037,0.027,0.0228,0.0302,0.013,0.0008,0.7,0.7,0.7,0.7,0.7,0.6
41.637082,-0.858841,337371403,"Las Fuentes",side_street,0.0218,0.0232,0.2109,0.0037,0.0252,0.0226,0.0295,0.0146,0.001,0.7,0.7,0.7,0.7,0.7,0.6
41.636723,-0.85988,337371405,"Las Fuentes",side_street,0.053,0.0223,0.2117,0.0037,0.0538,0.0499,0.0626,0.0389,0.0069,0.8,0.8,0.8,0.8,0.7,0.7
41.650088,-0.863388,369746591,"Las Fuentes",secondary_street,0.16,0.5974,0.2269,0.473,0.169,0.146,0.1484,0.1238,0.1019,3.5,3.5,3.4,3.4,3.3,3.3
41.649865,-0.86343,369746591,"Las Fuentes",secondary_street,0.1751,0.6463,0.2269,0.5082,0.1865,0.1656,0.1669,0.1367,0.1189,3.7,3.7,3.6,3.6,3.5,3.5
41.649642,-0.863471,369746591,"Las Fuentes",secondary_street,0.1912,0.6497,0.2262,0.5349,0.1995,0.1817,0.1754,0.1471,0.1261,3.7,3.8,3.7,3.7,3.6,3.6
41.646202,-0.864918,369746594,"Las Fuentes",main_street,0.2982,0.379,0.2272,0.5423,0.3139,0.2882,0.28,0.2586,0.2558,3.4,3.5,3.4,3.4,3.3,3.3
41.64623,-0.865216,369746594,"Las Fuentes",main_street,0.2891,0.4026,0.2294,0.4751,0.3041,0.2821,0.273,0.2503,0.2432,3.4,3.5,3.4,3.3,3.3,3.2
41.645351,-0.864316,369746597,"Las Fuentes",secondary_street,0.2856,0.4453,0.2253,0.4613,0.3,0.2769,0.2719,0.2417,0.223,3.5,3.5,3.5,3.4,3.3,3.3
41.645128,-0.864356,369746597,"Las Fuentes",secondary_street,0.2805,0.4372,0.2253,0.3479,0.2938,0.2701,0.2679,0.2312,0.2036,3.3,3.4,3.3,3.3,3.2,3.1
41.644906,-0.864402,369746597,"Las Fuentes",secondary_street,0.2691,0.4372,0.2253,0.302,0.2824,0.2592,0.2568,0.2128,0.1798,3.3,3.3,3.2,3.2,3.1,3
41.666679,-0.826296,371899698,"Santa Isabel",main_street,0.1782,0.8749,0.1231,0.1543,0.1497,0.1764,0.1911,0.2277,0.1943,3.8,3.7,3.8,3.8,3.9,3.8
41.666716,-0.826593,371899698,"Santa Isabel",main_street,0.1858,0.8744,0.1231,0.1482,0.162,0.183,0.1964,0.2354,0.2003,3.8,3.7,3.8,3.8,3.9,3.8
41.666752,-0.82689,371899698,"Santa Isabel",main_street,0.1899,0.8744,0.1231,0.1184,0.1675,0.1841,0.2008,0.2323,0.1853,3.8,3.7,3.8,3.8,3.9,3.7
41.66679,-0.827187,371899698,"Santa Isabel",main_street,0.188,0.9156,0.1341,0.1307,0.1683,0.1824,0.199,0.224,0.1697,3.9,3.8,3.9,3.9,4,3.8
41.666826,-0.827484,371899698,"Santa Isabel",main_street,0.1873,0.9148,0.1341,0.1198,0.1693,0.1815,0.1983,0.2182,0.1588,3.9,3.8,3.9,3.9,4,3.8
41.666862,-0.827781,371899698,"Santa Isabel",main_street,0.1881,0.92,0.1341,0.1477,0.1714,0.1813,0.1981,0.2135,0.1529,3.9,3.9,3.9,4,4,3.8
41.6669,-0.828078,371899698,"Santa Isabel",main_street,0.1923,0.9196,0.1341,0.1536,0.1782,0.1834,0.2025,0.2121,0.1499,3.9,3.9,3.9,4,4,3.8
41.666907,-0.828378,371899698,"Santa Isabel",main_street,0.1956,0.8741,0.1341,0.2517,0.1849,0.1898,0.2068,0.2155,0.1526,3.9,3.9,3.9,4,4,3.8
41.666891,-0.828678,371899698,"Santa Isabel",main_street,0.1974,0.8592,0.1341,0.327,0.1891,0.194,0.2086,0.2179,0.157,4,3.9,3.9,4,4,3.8
41.666837,-0.829578,371899698,"Santa Isabel",main_street,0.2195,0.8195,0.1341,0.4255,0.2062,0.2125,0.2337,0.253,0.2012,4,4,4,4,4.1,3.9
41.666819,-0.829878,371899698,"Santa Isabel",main_street,0.2243,0.8207,0.1341,0.3876,0.2117,0.2158,0.2453,0.2622,0.2034,4,4,4,4.1,4.1,3.9
41.666803,-0.830178,371899698,"Santa Isabel",main_street,0.2289,0.8232,0.1231,0.3594,0.2158,0.2202,0.2528,0.267,0.206,4,3.9,3.9,4,4.1,3.9
41.666804,-0.830479,371899698,"Santa Isabel",main_street,0.2294,0.8423,0.1231,0.3451,0.2164,0.2188,0.2548,0.266,0.1952,4,4,4,4.1,4.1,3.9
41.666846,-0.830774,371899698,"Santa Isabel",main_street,0.2337,0.8438,0.1231,0.3844,0.2186,0.2206,0.2582,0.2685,0.1963,4.1,4,4,4.1,4.2,3.9
41.666892,-0.831069,371899698,"Santa Isabel",main_street,0.2326,0.8453,0.1231,0.4026,0.2182,0.22,0.2576,0.2694,0.1997,4.1,4,4,4.1,4.2,3.9
41.666935,-0.831364,371899698,"Santa Isabel",main_street,0.2323,0.7123,0.1231,0.4375,0.2174,0.2203,0.2571,0.2712,0.2076,3.8,3.7,3.8,3.9,3.9,3.7
41.66698,-0.831659,371899698,"Santa Isabel",main_street,0.2285,0.7148,0.1231,0.4886,0.2141,0.2169,0.2535,0.2692,0.2121,3.8,3.8,3.8,3.9,3.9,3.7
41.667023,-0.831954,371899698,"Santa Isabel",main_street,0.2257,0.7906,0.1231,0.5293,0.211,0.2141,0.2496,0.2651,0.2055,4,4,4,4.1,4.1,3.9
41.667068,-0.832249,371899698,"Santa Isabel",main_street,0.2171,0.7906,0.1231,0.5233,0.2038,0.2044,0.2359,0.2514,0.1805,4,4,3.9,4,4.1,3.9
41.667113,-0.832544,371899698,"Santa Isabel",main_street,0.2035,0.8014,0.1341,0.4282,0.193,0.1928,0.2183,0.2281,0.1562,3.9,3.9,3.9,4,4,3.7
41.667158,-0.832839,371899698,"Santa Isabel",main_street,0.1919,0.8014,0.1341,0.3772,0.1783,0.1774,0.2024,0.2079,0.1423,3.8,3.8,3.8,3.9,3.9,3.7
41.667201,-0.833135,371899698,"Santa Isabel",main_street,0.1781,0.8156,0.1341,0.3002,0.1666,0.1621,0.1912,0.1909,0.1248,3.8,3.7,3.7,3.8,3.8,3.6
41.667243,-0.83343,371899698,"Santa Isabel",main_street,0.1637,0.8221,0.1341,0.3245,0.1454,0.1449,0.1764,0.1661,0.1077,3.8,3.7,3.7,3.8,3.8,3.6
41.667286,-0.833726,371899698,"Santa Isabel",main_street,0.1403,0.8221,0.1341,0.3226,0.1241,0.1217,0.1666,0.1475,0.0912,3.7,3.6,3.6,3.8,3.7,3.5
41.666413,-0.825036,371899703,"Santa Isabel",main_street,0.1367,0.6851,0.1231,0.213,0.1034,0.1374,0.158,0.1922,0.1703,3.2,3,3.2,3.3,3.4,3.3
41.666493,-0.824928,371899704,"Santa Isabel",main_street,0.1451,0.9186,0.1231,0.2452,0.1087,0.1463,0.1661,0.1981,0.1809,3.9,3.7,3.9,3.9,4,3.9
41.666647,-0.824434,371899705,"Santa Isabel",main_street,0.1434,0.8973,0.1231,0.3857,0.1075,0.1458,0.1629,0.2003,0.1942,3.9,3.8,3.9,4,4.1,4
41.666549,-0.824704,371899705,"Santa Isabel",main_street,0.145,0.9122,0.1231,0.3003,0.1085,0.1466,0.1649,0.1997,0.1868,3.9,3.8,3.9,3.9,4,4
41.634355,-0.861481,389591547,"Las Fuentes",side_street,0.0694,0.0203,0.2117,0.0339,0.0623,0.0818,0.0796,0.0953,0.1094,0.8,0.8,0.9,0.9,0.9,0.9
41.634174,-0.861302,389591547,"San José",side_street,0.0688,0.0203,0.4437,0.028,0.0619,0.0817,0.0779,0.0961,0.1136,1.2,1.2,1.3,1.3,1.4,1.5
41.649607,-0.861217,446991472,"Las Fuentes",secondary_street,0.1707,0.5048,0.2221,0.3926,0.1923,0.1627,0.142,0.1022,0.0845,3.2,3.2,3.1,3,2.9,2.9
41.649829,-0.861174,446991472,"Las Fuentes",secondary_street,0.1461,0.4967,0.2221,0.3021,0.1707,0.1401,0.1244,0.0907,0.0724,2.9,3,2.9,2.9,2.8,2.7
41.650052,-0.86113,446991472,"Las Fuentes",secondary_street,0.1186,0.4758,0.2221,0.3467,0.1417,0.1148,0.1092,0.0828,0.0555,2.8,2.9,2.8,2.8,2.8,2.7
41.650274,-0.861087,446991472,"Las Fuentes",secondary_street,0.1043,0.4753,0.2221,0.3201,0.1177,0.1025,0.101,0.0766,0.049,2.8,2.8,2.8,2.8,2.7,2.6
41.662357,-0.86445,450237966,"El Rabal",main_street,0.1728,0.5933,0.2822,0.895,0.1556,0.1803,0.1679,0.2322,0.3106,3.9,3.9,3.9,3.9,4.1,4.4
41.662471,-0.864191,450237966,"El Rabal",main_street,0.1711,0.5839,0.2822,0.9049,0.1536,0.1798,0.1651,0.2326,0.3139,3.9,3.9,3.9,3.9,4.1,4.3
41.660995,-0.860866,450237967,"El Rabal",secondary_street,0.1629,0.9209,0.2928,0.5216,0.1618,0.1474,0.1743,0.1468,0.1204,4.4,4.4,4.3,4.4,4.3,4.3
41.661056,-0.860577,450237967,"El Rabal",secondary_street,0.1641,0.9209,0.2928,0.5308,0.1624,0.1468,0.1758,0.1474,0.1174,4.4,4.4,4.4,4.5,4.3,4.3
41.661118,-0.860287,450237967,"El Rabal",secondary_street,0.1639,0.9209,0.2928,0.4837,0.1625,0.1444,0.1765,0.1453,0.1121,4.4,4.4,4.3,4.4,4.3,4.2
41.661242,-0.859709,450237967,"El Rabal",secondary_street,0.1627,0.9224,0.2822,0.5326,0.1617,0.1385,0.1779,0.1409,0.1001,4.4,4.4,4.3,4.5,4.3,4.2
41.662525,-0.864144,450843822,"El Rabal",main_street,0.17,0.5451,0.2822,0.9045,0.1515,0.1791,0.1638,0.233,0.3161,3.8,3.8,3.8,3.8,4,4.3
41.662462,-0.864434,450843822,"El Rabal",main_street,0.1683,0.5571,0.2822,0.9076,0.1487,0.1772,0.1612,0.2284,0.3095,3.8,3.8,3.9,3.8,4,4.3
41.661487,-0.858559,450843823,"El Rabal",secondary_street,0.1453,0.8762,0.2822,0.5603,0.1425,0.115,0.1727,0.1246,0.0787,4.2,4.2,4.1,4.3,4.2,4
41.66161,-0.85798,450843823,"El Rabal",secondary_street,0.116,0.8762,0.2822,0.4129,0.114,0.0965,0.1491,0.0998,0.0516,4,4,4,4.1,4,3.8
41.661672,-0.857691,450843823,"El Rabal",secondary_street,0.1005,0.8762,0.2822,0.3123,0.0978,0.0844,0.1304,0.0865,0.0396,3.9,3.9,3.9,4,3.9,3.7
41.656692,-0.858623,450843824,"El Rabal",secondary_street,0.1757,0.3415,0.3145,0.3204,0.1755,0.1539,0.1909,0.1461,0.0681,2.8,2.8,2.8,2.9,2.8,2.5
41.656917,-0.858607,450843824,"El Rabal",secondary_street,0.1857,0.3415,0.3145,0.3616,0.1853,0.1652,0.2,0.1566,0.0745,2.9,2.9,2.8,2.9,2.8,2.5
41.657141,-0.85862,450843824,"El Rabal",secondary_street,0.1905,0.3964,0.3145,0.4098,0.1895,0.1699,0.2045,0.1615,0.0769,3.1,3.1,3,3.2,3,2.8
41.661367,-0.859661,450843826,"El Rabal",secondary_street,0.161,0.8396,0.2822,0.5707,0.1587,0.133,0.1755,0.1375,0.0978,4.2,4.2,4.1,4.3,4.1,4
41.666488,-0.827373,459082146,"Santa Isabel",side_street,0.167,0.0636,0.1341,0.1002,0.1403,0.1576,0.1781,0.1939,0.1441,1.2,1.1,1.2,1.2,1.3,1.1
41.666447,-0.827077,459082146,"Santa Isabel",side_street,0.1645,0.0791,0.1231,0.1163,0.1344,0.1559,0.1767,0.1946,0.1477,1.3,1.1,1.2,1.3,1.4,1.2
41.661319,-0.858829,466067113,"El Rabal",secondary_street,0.1588,0.4969,0.2822,0.6213,0.1553,0.1246,0.1775,0.1321,0.0862,3.4,3.4,3.3,3.5,3.3,3.2
41.642336,-0.865468,467005655,"Las Fuentes",side_street,0.246,0.3385,0.2294,0.0441,0.2328,0.2319,0.2595,0.2533,0.1921,2.7,2.7,2.7,2.7,2.7,2.5
41.642458,-0.865215,467005655,"Las Fuentes",side_street,0.2282,0.3385,0.2286,0.0421,0.2261,0.2199,0.2438,0.236,0.1802,2.7,2.6,2.6,2.7,2.7,2.5
41.642566,-0.864955,467005655,"Las Fuentes",side_street,0.2186,0.3331,0.2278,0.0403,0.2185,0.21,0.2253,0.2101,0.1649,2.6,2.6,2.6,2.6,2.6,2.4
41.661299,-0.859443,485964347,"El Rabal",secondary_street,0.1638,0.823,0.2822,0.575,0.1627,0.1375,0.1786,0.1403,0.0961,4.2,4.2,4.1,4.2,4.1,3.9
41.661359,-0.859153,485964347,"El Rabal",secondary_street,0.1634,0.823,0.2822,0.6249,0.161,0.1334,0.1791,0.1405,0.0945,4.2,4.2,4.1,4.3,4.1,4
41.66142,-0.858863,485964347,"El Rabal",secondary_street,0.158,0.8211,0.2822,0.6238,0.1546,0.1235,0.1761,0.1316,0.0848,4.2,4.2,4.1,4.3,4.1,3.9
41.662733,-0.863535,485964575,"El Rabal",main_street,0.1678,0.6653,0.2822,0.8833,0.1473,0.175,0.1593,0.2256,0.3017,4.1,4,4.1,4,4.3,4.5
41.662843,-0.863272,485964575,"El Rabal",main_street,0.1665,0.6521,0.2822,0.8704,0.1488,0.1723,0.1584,0.2188,0.287,4,4,4,4,4.2,4.4
41.662953,-0.86301,485964575,"El Rabal",main_street,0.1605,0.6521,0.2822,0.8373,0.1398,0.1624,0.1507,0.2075,0.2699,4,3.9,4,3.9,4.1,4.3
41.663063,-0.862748,485964575,"El Rabal",main_street,0.1547,0.6521,0.2822,0.7811,0.1351,0.1556,0.1464,0.1954,0.2514,3.9,3.9,3.9,3.9,4,4.2
41.663174,-0.862485,485964575,"El Rabal",main_street,0.142,0.6521,0.2822,0.7887,0.128,0.1482,0.1379,0.183,0.2347,3.9,3.8,3.9,3.9,4,4.2
41.663614,-0.861436,485964575,"El Rabal",main_street,0.1402,0.6642,0.2928,0.7378,0.132,0.1464,0.1368,0.1693,0.2114,3.9,3.9,3.9,3.9,3.9,4.1
41.660913,-0.864058,485964576,"El Rabal",main_street,0.1871,0.7783,0.2822,0.7241,0.1788,0.1915,0.1881,0.2168,0.2476,4.3,4.2,4.3,4.3,4.4,4.5
41.661107,-0.86421,485964576,"El Rabal",main_street,0.1887,0.7783,0.2822,0.7578,0.1765,0.1933,0.1885,0.2267,0.2602,4.3,4.3,4.3,4.3,4.4,4.5
41.661301,-0.864363,485964576,"El Rabal",main_street,0.1865,0.7783,0.2822,0.7959,0.1744,0.1923,0.1846,0.2318,0.2713,4.3,4.3,4.3,4.3,4.5,4.6
41.661495,-0.864514,485964576,"El Rabal",main_street,0.1885,0.8476,0.2822,0.832,0.1741,0.1956,0.1849,0.2408,0.2934,4.6,4.5,4.6,4.6,4.7,4.9
41.66169,-0.864663,485964576,"El Rabal",main_street,0.1877,0.8476,0.2822,0.8625,0.1727,0.1963,0.182,0.2467,0.3113,4.6,4.6,4.6,4.6,4.8,5
41.661885,-0.864815,485964576,"El Rabal",main_street,0.1861,0.8516,0.2822,0.881,0.1699,0.1949,0.1808,0.2477,0.3157,4.6,4.6,4.6,4.6,4.8,5.1
41.666688,-0.830368,542650620,"Santa Isabel",side_street,0.2246,0.1979,0.1231,0.3407,0.2109,0.2144,0.2479,0.2619,0.1909,2.3,2.3,2.3,2.4,2.5,2.2
41.666467,-0.830424,542650620,"Santa Isabel",side_street,0.2058,0.1979,0.1231,0.3112,0.1962,0.1987,0.2205,0.2325,0.1612,2.2,2.2,2.2,2.3,2.3,2
41.655875,-0.86323,543744398,"El Rabal",side_street,0.064,0.0276,0.327,0.3793,0.0543,0.0555,0.0889,0.0749,0.0355,1.4,1.3,1.3,1.5,1.5,1.2
41.648224,-0.858896,546688772,"Las Fuentes",square,0.0817,0.1971,0.2193,0.2737,0.0912,0.0736,0.0759,0.0544,0.0339,1.8,1.8,1.7,1.7,1.6,1.5
41.659143,-0.857353,550334951,"El Rabal",side_street,0.1198,0.2952,0.2928,0.2518,0.1164,0.0995,0.1504,0.1073,0.0565,2.5,2.4,2.4,2.6,2.4,2.2
41.659132,-0.857053,550334951,"El Rabal",side_street,0.1078,0.2952,0.2928,0.2007,0.1029,0.0916,0.1319,0.0957,0.0503,2.4,2.3,2.3,2.5,2.3,2.1
41.649997,-0.860678,556314989,"Las Fuentes",square,0.1016,0.0386,0.2221,0.207,0.1174,0.1001,0.0955,0.0721,0.0454,1.1,1.2,1.1,1.1,1,0.9
41.645528,-0.865132,579349856,"Las Fuentes",main_street,0.2882,0.343,0.2286,0.4616,0.3033,0.2802,0.2715,0.2456,0.2329,3.2,3.3,3.2,3.1,3.1,3
41.645497,-0.864834,579349856,"Las Fuentes",main_street,0.2859,0.343,0.2278,0.4832,0.3009,0.2783,0.2692,0.2415,0.2332,3.2,3.3,3.2,3.2,3.1,3.1
41.645466,-0.864536,579349856,"Las Fuentes",main_street,0.2883,0.343,0.2262,0.4866,0.304,0.2798,0.2726,0.2441,0.2313,3.2,3.3,3.2,3.2,3.1,3
41.645399,-0.863853,579349858,"Las Fuentes",main_street,0.2948,0.3787,0.2221,0.4654,0.3098,0.2841,0.2814,0.2527,0.2346,3.3,3.4,3.3,3.3,3.2,3.1
41.64537,-0.863554,579349858,"Las Fuentes",main_street,0.3024,0.3787,0.2202,0.4678,0.3201,0.2883,0.286,0.2569,0.241,3.4,3.4,3.3,3.3,3.2,3.2
41.645342,-0.863256,579349858,"Las Fuentes",main_street,0.3002,0.37,0.2169,0.4764,0.318,0.2865,0.2831,0.2528,0.2377,3.3,3.4,3.3,3.3,3.2,3.1
41.645285,-0.862659,579349858,"Las Fuentes",main_street,0.2903,0.3546,0.2169,0.4932,0.3092,0.2811,0.2756,0.2395,0.224,3.3,3.3,3.2,3.2,3.1,3
41.645256,-0.86236,579349858,"Las Fuentes",main_street,0.2858,0.3546,0.214,0.5342,0.3038,0.2767,0.2704,0.2328,0.2206,3.3,3.3,3.3,3.2,3.1,3.1
41.642978,-0.864751,579545517,"Las Fuentes",secondary_street,0.2083,0.3072,0.2272,0.0564,0.2148,0.2014,0.2052,0.1792,0.1549,2.5,2.5,2.5,2.5,2.4,2.3
41.642755,-0.86479,579545517,"Las Fuentes",secondary_street,0.2101,0.3057,0.2278,0.0386,0.2135,0.2028,0.2123,0.1938,0.1581,2.5,2.5,2.5,2.5,2.4,2.3
41.642532,-0.86483,579545517,"Las Fuentes",secondary_street,0.2104,0.2856,0.2278,0.0424,0.2113,0.2027,0.2164,0.1969,0.1545,2.5,2.4,2.4,2.5,2.4,2.2
41.64545,-0.866302,579658903,"Las Fuentes",side_street,0.2706,0.5511,0.2341,0.2746,0.2776,0.2646,0.2609,0.2452,0.2134,3.6,3.6,3.5,3.5,3.5,3.4
41.657005,-0.857109,587326568,"El Rabal",square,0.1918,0.1367,0.3145,0.13,0.1976,0.1694,0.2017,0.1386,0.0524,2.2,2.2,2,2.2,1.9,1.4
41.647408,-0.864642,621691272,"Las Fuentes",square,0.3359,0.0522,0.2262,0.5591,0.3566,0.3236,0.3173,0.2865,0.2701,2.7,2.8,2.7,2.7,2.6,2.5
41.647185,-0.864683,621691272,"Las Fuentes",square,0.338,0.0522,0.2262,0.551,0.3615,0.3256,0.3137,0.2818,0.2715,2.7,2.8,2.7,2.6,2.5,2.5
41.655719,-0.857841,624766977,"El Rabal",square,0.1279,0.0753,0.3145,0.1658,0.1313,0.1126,0.1531,0.1104,0.0482,1.6,1.6,1.5,1.8,1.5,1.2
41.655943,-0.857827,624766977,"El Rabal",square,0.1415,0.0753,0.3054,0.1299,0.1444,0.1204,0.1652,0.1172,0.0495,1.6,1.6,1.5,1.8,1.5,1.1
41.653478,-0.857425,636087493,"El Rabal",side_street,0.0601,0.1303,0.3228,0.1765,0.0663,0.0657,0.0611,0.048,0.0216,1.5,1.5,1.5,1.5,1.4,1.3
41.646697,-0.864056,672283902,"Las Fuentes",secondary_street,0.3399,0.4276,0.2243,0.4905,0.3609,0.3313,0.3112,0.2947,0.3214,3.7,3.7,3.6,3.6,3.5,3.6
41.646475,-0.8641,672283902,"Las Fuentes",secondary_street,0.3296,0.4276,0.2221,0.4717,0.3506,0.3219,0.3021,0.2858,0.3103,3.6,3.7,3.6,3.5,3.4,3.6
41.646824,-0.864183,672283905,"Las Fuentes",side_street,0.3445,0.4775,0.2243,0.549,0.365,0.3337,0.3149,0.2955,0.314,3.8,3.9,3.8,3.7,3.7,3.7
41.646974,-0.865674,672283905,"Las Fuentes",side_street,0.2774,0.5011,0.2318,0.4849,0.2875,0.272,0.266,0.2434,0.2247,3.6,3.7,3.6,3.6,3.5,3.5
41.646999,-0.865973,672283905,"Las Fuentes",side_street,0.2647,0.5126,0.2318,0.4285,0.2719,0.2602,0.252,0.2321,0.2077,3.6,3.6,3.5,3.5,3.5,3.4
41.653626,-0.857731,680768781,"El Rabal",side_street,0.0666,0.3094,0.3228,0.2028,0.0718,0.0743,0.066,0.0524,0.0239,2.3,2.3,2.3,2.3,2.3,2.1
41.653526,-0.857462,680768781,"El Rabal",side_street,0.0623,0.2985,0.3228,0.1755,0.0678,0.0674,0.0635,0.0499,0.0223,2.2,2.2,2.2,2.2,2.2,2
41.640279,-0.866578,688508521,"Las Fuentes",main_street,0.2581,0.5473,0.2286,0.0427,0.2462,0.2496,0.275,0.273,0.2261,3.3,3.2,3.3,3.3,3.4,3.2
41.640088,-0.86642,688508521,"San José",main_street,0.2347,0.5473,0.4457,0.0366,0.2289,0.2265,0.2511,0.2428,0.182,3.6,3.6,3.6,3.7,3.6,3.4
41.660831,-0.865838,689622113,"El Rabal",secondary_street,0.1758,0.5651,0.2988,0.661,0.1638,0.1762,0.1798,0.207,0.2256,3.7,3.7,3.7,3.7,3.8,3.8
41.660943,-0.865577,689622113,"El Rabal",secondary_street,0.1783,0.2229,0.2988,0.7446,0.1669,0.1805,0.181,0.2134,0.2435,2.9,2.8,2.9,2.9,3,3.1
41.661355,-0.862481,694060198,"El Rabal",side_street,0.1789,0.1858,0.2928,0.6111,0.173,0.1795,0.1817,0.1963,0.1947,2.7,2.7,2.7,2.7,2.8,2.8
41.661787,-0.864905,694060204,"El Rabal",main_street,0.1889,0.9316,0.2822,0.8783,0.1718,0.1967,0.1827,0.249,0.3167,4.8,4.8,4.9,4.8,5.1,5.4
41.661595,-0.864748,694060204,"El Rabal",main_street,0.1906,0.9305,0.2822,0.8543,0.1747,0.1976,0.1861,0.2479,0.3094,4.8,4.8,4.8,4.8,5,5.3
41.661403,-0.864591,694060204,"El Rabal",main_street,0.1898,0.9305,0.2822,0.8228,0.175,0.1957,0.1871,0.2397,0.2886,4.8,4.7,4.8,4.8,5,5.1
41.661207,-0.864442,694060204,"El Rabal",main_street,0.1875,0.9139,0.2822,0.7842,0.1762,0.1932,0.1864,0.2299,0.2692,4.7,4.7,4.7,4.7,4.8,5
41.661011,-0.864296,694060204,"El Rabal",main_street,0.1884,0.9139,0.2822,0.7435,0.1772,0.1921,0.1887,0.2246,0.2596,4.7,4.6,4.7,4.7,4.8,4.9
41.660814,-0.86415,694060204,"El Rabal",main_street,0.1849,0.9139,0.2822,0.7072,0.1764,0.1878,0.1865,0.2131,0.2428,4.6,4.6,4.6,4.6,4.7,4.8
41.663237,-0.86107,694060209,"El Rabal",secondary_street,0.1603,0.6605,0.2822,0.8225,0.154,0.1572,0.1559,0.1788,0.2166,4,4,4,4,4,4.1
41.663433,-0.861218,694060209,"El Rabal",secondary_street,0.1617,0.6685,0.2822,0.8016,0.1555,0.16,0.1563,0.1847,0.2243,4,4,4,4,4.1,4.2
41.663629,-0.861365,694060209,"El Rabal",secondary_street,0.1432,0.6751,0.2928,0.7726,0.1348,0.149,0.1392,0.1714,0.2131,3.9,3.9,4,3.9,4,4.1
41.659985,-0.858931,694060213,"El Rabal",secondary_street,0.195,0.7944,0.2822,0.5941,0.1911,0.1728,0.2219,0.175,0.1027,4.2,4.2,4.2,4.3,4.2,3.9
41.660209,-0.858913,694060213,"El Rabal",secondary_street,0.193,0.7944,0.2822,0.527,0.1897,0.1703,0.2171,0.1692,0.101,4.2,4.2,4.1,4.2,4.1,3.9
41.664199,-0.864553,694355264,"El Rabal",side_street,0.0668,0.76,0.2822,0.3885,0.0575,0.0717,0.0612,0.1157,0.1796,3.6,3.6,3.6,3.6,3.8,3.9
41.664184,-0.864765,694355266,"El Rabal",side_street,0.0681,0.5264,0.2822,0.511,0.0588,0.0735,0.0632,0.1184,0.1791,3,3,3.1,3,3.2,3.5
41.664426,-0.859521,844031834,"El Rabal",main_street,0.1129,0.9044,0.3054,0.7934,0.1191,0.1068,0.1169,0.1131,0.1303,4.5,4.5,4.4,4.5,4.4,4.5
41.664535,-0.859257,844031834,"El Rabal",main_street,0.1071,0.9044,0.3054,0.7818,0.1114,0.0993,0.1116,0.1044,0.1227,4.4,4.4,4.4,4.4,4.4,4.5
41.664204,-0.860046,844031835,"El Rabal",main_street,0.1208,0.8542,0.3145,0.7294,0.1269,0.1156,0.123,0.1237,0.1376,4.3,4.3,4.3,4.3,4.3,4.3
41.664316,-0.859784,844031835,"El Rabal",main_street,0.1163,0.8542,0.3054,0.7865,0.1235,0.1105,0.1196,0.1177,0.1334,4.3,4.3,4.3,4.3,4.3,4.4
41.663695,-0.861243,844031836,"El Rabal",main_street,0.1531,0.7704,0.2988,0.7913,0.1446,0.1538,0.1463,0.1767,0.2179,4.2,4.2,4.2,4.2,4.3,4.4
41.663807,-0.860981,844031836,"El Rabal",main_street,0.1597,0.7653,0.3054,0.8119,0.1562,0.1583,0.1529,0.1751,0.2111,4.3,4.3,4.3,4.2,4.3,4.4
41.663918,-0.86072,844031836,"El Rabal",main_street,0.1521,0.7653,0.3054,0.8113,0.1539,0.1519,0.147,0.1607,0.1827,4.2,4.2,4.2,4.2,4.3,4.3
41.664029,-0.860458,844031836,"El Rabal",main_street,0.1364,0.7653,0.3145,0.7681,0.1413,0.1398,0.1361,0.1433,0.1586,4.2,4.2,4.2,4.2,4.2,4.2
41.662605,-0.863864,844031837,"El Rabal",main_street,0.1668,0.8392,0.2822,0.9104,0.1439,0.1757,0.1579,0.2304,0.3116,4.5,4.5,4.6,4.5,4.7,5
41.665972,-0.855722,844542318,"El Rabal",main_street,0.0611,0.5001,0.2988,0.4139,0.0527,0.052,0.0797,0.0731,0.0425,2.9,2.9,2.9,3,3,2.9
41.666301,-0.854934,844542318,"El Rabal",main_street,0.063,0.5001,0.2928,0.3994,0.0521,0.0533,0.0856,0.0786,0.0468,2.9,2.8,2.8,2.9,3,2.9
41.665631,-0.856531,844542323,"El Rabal",main_street,0.0683,0.5822,0.2988,0.6033,0.0611,0.0584,0.0859,0.0789,0.0667,3.3,3.3,3.3,3.4,3.4,3.3
41.666168,-0.85433,1058291074,"El Rabal",side_street,0.0618,0.0626,0.2724,0.4206,0.051,0.0523,0.0844,0.078,0.0445,1.4,1.4,1.4,1.6,1.5,1.3
41.648437,-0.866174,1111112947,"Las Fuentes",side_street,0.2496,0.6304,0.2318,0.3807,0.25,0.236,0.2462,0.2243,0.1751,3.8,3.8,3.7,3.8,3.7,3.5
41.648404,-0.865876,1111112947,"Las Fuentes",side_street,0.2555,0.6304,0.2306,0.4046,0.2582,0.2411,0.2514,0.2231,0.1699,3.8,3.8,3.8,3.8,3.7,3.6
41.64837,-0.865579,1111112947,"Las Fuentes",side_street,0.2614,0.6304,0.2272,0.4291,0.2663,0.2508,0.2592,0.2285,0.175,3.8,3.9,3.8,3.8,3.7,3.6
41.648203,-0.864091,1111112947,"Las Fuentes",side_street,0.318,0.6138,0.2243,0.5732,0.3294,0.3029,0.3105,0.2828,0.2418,4.1,4.1,4,4.1,3.9,3.8
41.648172,-0.863793,1111112947,"Las Fuentes",side_street,0.3249,0.6213,0.2243,0.5752,0.3352,0.3089,0.3163,0.2917,0.2578,4.1,4.2,4.1,4.1,4,3.9
41.648141,-0.863495,1111112947,"Las Fuentes",side_street,0.3257,0.3189,0.2221,0.5588,0.3382,0.3112,0.3136,0.2908,0.2605,3.4,3.4,3.3,3.3,3.2,3.2
41.648109,-0.863197,1111112947,"Las Fuentes",side_street,0.3194,0.3189,0.2221,0.5649,0.333,0.3072,0.305,0.2832,0.2588,3.4,3.4,3.3,3.3,3.2,3.2
41.661312,-0.865795,1348526256,"El Rabal",square,0.1904,0.0006,0.2928,0.8151,0.1738,0.193,0.1921,0.2369,0.2698,2.4,2.3,2.4,2.4,2.6,2.7
41.661116,-0.865647,1348526256,"El Rabal",square,0.1854,0.0006,0.2988,0.7709,0.1709,0.187,0.1895,0.227,0.2583,2.4,2.3,2.4,2.4,2.5,2.7
41.661607,-0.86622,1433095176,"El Rabal",main_street,0.1822,0.9895,0.2988,0.829,0.1665,0.1863,0.1844,0.2319,0.267,5,4.9,5,5,5.2,5.3
41.661717,-0.865958,1433095176,"El Rabal",main_street,0.1839,0.9895,0.2928,0.8645,0.1682,0.1892,0.1851,0.2373,0.2798,5,4.9,5,5,5.2,5.4
41.677316,-0.952229,616659400,"Distrito Rural",side_street,0.0808,0.0302,0.0088,0.0037,0.0667,0.0851,0.0749,0.1393,0.1775,0.6,0.6,0.7,0.6,0.7,0.8
41.677126,-0.952392,616659400,"Distrito Rural",side_street,0.0899,0.0384,0.0088,0.0037,0.0725,0.0945,0.0883,0.1539,0.199,0.7,0.6,0.7,0.7,0.8,0.9
41.67618,-0.953203,616659400,"Distrito Rural",side_street,0.0944,0.0577,0.0088,0.0037,0.0779,0.0957,0.0945,0.1487,0.1679,0.7,0.7,0.7,0.7,0.8,0.8
41.675175,-0.953292,616659402,"Distrito Rural",side_street,0.0564,0.0838,0.0088,0.0384,0.0497,0.0536,0.057,0.0782,0.0917,0.7,0.7,0.7,0.7,0.7,0.7
41.675486,-0.953615,690554010,"Distrito Rural",side_street,0.0697,0.1331,0.0088,0.016,0.0613,0.0659,0.0701,0.0999,0.1118,0.8,0.8,0.8,0.8,0.9,0.9
41.675363,-0.953363,690554010,"Distrito Rural",side_street,0.0613,0.1331,0.0088,0.0179,0.0547,0.0599,0.0625,0.0895,0.1067,0.7,0.7,0.7,0.8,0.8,0.8
41.674395,-0.951333,690554010,"Distrito Rural",side_street,0.0228,0.1637,0.0037,0.2,0.0209,0.0222,0.0232,0.0288,0.0302,0.8,0.8,0.8,0.8,0.8,0.8
41.675898,-0.952675,1246725926,"Distrito Rural",side_street,0.0729,0.08,0.0088,0.0037,0.0635,0.0718,0.0714,0.1149,0.1368,0.7,0.7,0.7,0.7,0.8,0.8
41.675399,-0.953874,1246725930,"Distrito Rural",side_street,0.0664,0.0917,0.0088,0.0359,0.0591,0.063,0.0676,0.0912,0.0975,0.7,0.7,0.7,0.7,0.8,0.8
41.67613,-0.886824,23011972,"Actur-Rey Fernando",side_street,0.2085,0.4723,0.1909,0.2767,0.2079,0.2113,0.2056,0.2347,0.2644,3,3,3,3,3.1,3.3
41.667281,-0.893284,23070498,"Actur-Rey Fernando",side_street,0.2094,0.3215,0.1918,0.0249,0.2263,0.2168,0.2004,0.168,0.2056,2.5,2.5,2.5,2.4,2.3,2.4
41.667381,-0.893014,23070498,"Actur-Rey Fernando",side_street,0.2205,0.323,0.1944,0.0189,0.2305,0.2296,0.2124,0.2041,0.2571,2.5,2.5,2.5,2.5,2.4,2.7
41.66748,-0.892744,23070498,"Actur-Rey Fernando",side_street,0.2346,0.323,0.1944,0.0153,0.2381,0.2472,0.2292,0.2494,0.3255,2.6,2.6,2.6,2.5,2.6,2.9
41.667778,-0.891934,23070498,"Actur-Rey Fernando",side_street,0.2812,0.3438,0.197,0.1581,0.2708,0.2976,0.2788,0.3272,0.4539,2.9,2.8,2.9,2.8,3.1,3.5
41.667877,-0.891664,23070498,"Actur-Rey Fernando",side_street,0.3007,0.3674,0.1993,0.1889,0.2852,0.3171,0.2937,0.359,0.5044,3,2.9,3.1,3,3.2,3.7
41.667977,-0.891394,23070498,"Actur-Rey Fernando",side_street,0.3231,0.3674,0.1993,0.3359,0.3071,0.3388,0.3153,0.385,0.5425,3.3,3.2,3.3,3.2,3.5,4
41.668275,-0.890584,23070498,"Actur-Rey Fernando",side_street,0.4059,0.3674,0.2017,0.5919,0.3896,0.4207,0.3999,0.4781,0.6495,3.8,3.7,3.8,3.8,4,4.5
41.668374,-0.890314,23070498,"Actur-Rey Fernando",side_street,0.4276,0.3674,0.2017,0.6624,0.4121,0.444,0.4226,0.5144,0.6789,3.9,3.8,3.9,3.9,4.1,4.7
41.67253,-0.890027,24412158,"Actur-Rey Fernando",main_street,0.3276,0.3512,0.197,0.5462,0.3109,0.3356,0.3273,0.3796,0.471,3.4,3.3,3.4,3.4,3.6,3.9
41.676075,-0.890778,24576931,"Actur-Rey Fernando",side_street,0.2216,0.5772,0.1892,0.9394,0.2209,0.2312,0.2158,0.2643,0.3645,3.9,3.9,4,3.9,4,4.4
41.678179,-0.89371,24576936,"Actur-Rey Fernando",side_street,0.0483,0.2995,0.1878,0.0659,0.0577,0.0534,0.0331,0.029,0.0642,1.6,1.6,1.6,1.5,1.5,1.7
41.678087,-0.893535,24576938,"Actur-Rey Fernando",side_street,0.0534,0.4644,0.1882,0.0811,0.0632,0.0577,0.0377,0.035,0.0748,2.3,2.4,2.3,2.3,2.3,2.4
41.676185,-0.895849,24576986,"Actur-Rey Fernando",side_street,0.0363,0.3476,0.1892,0.0304,0.0493,0.0479,0.0264,0.0178,0.0204,1.7,1.8,1.8,1.7,1.6,1.6
41.67641,-0.895846,24576986,"Actur-Rey Fernando",side_street,0.0375,0.3344,0.1892,0.0273,0.0506,0.0483,0.028,0.0182,0.0195,1.6,1.7,1.7,1.6,1.5,1.5
41.674058,-0.891304,24577258,"Actur-Rey Fernando",side_street,0.224,0.6285,0.1952,0.7807,0.2244,0.2394,0.2154,0.2681,0.3573,3.9,4,4,3.9,4.1,4.4
41.672399,-0.893551,24627103,"Actur-Rey Fernando",main_street,0.0965,0.3944,0.2094,0.0524,0.0996,0.1099,0.0923,0.1107,0.1408,2.3,2.3,2.3,2.3,2.4,2.4
41.669131,-0.888808,26675886,"Actur-Rey Fernando",side_street,0.528,0.4536,0.2051,0.8984,0.5045,0.5514,0.5172,0.615,0.7467,4.6,4.6,4.7,4.6,5,5.6
41.668991,-0.889044,26675886,"Actur-Rey Fernando",side_street,0.5218,0.4536,0.2051,0.9238,0.4994,0.5478,0.5106,0.6084,0.7459,4.7,4.6,4.7,4.6,5,5.6
41.668852,-0.889281,26675886,"Actur-Rey Fernando",side_street,0.5059,0.4517,0.207,0.9193,0.4852,0.5372,0.4983,0.5951,0.7393,4.6,4.5,4.7,4.6,4.9,5.6
41.672673,-0.883977,30410399,"Actur-Rey Fernando",side_street,0.2564,0.458,0.1944,0.1471,0.2657,0.2428,0.2636,0.2001,0.1434,3.1,3.1,3,3.1,2.9,2.7
41.672448,-0.883977,30410399,"Actur-Rey Fernando",side_street,0.2726,0.4436,0.1944,0.1249,0.2869,0.2637,0.2835,0.2185,0.1511,3.1,3.1,3,3.1,2.9,2.7
41.674493,-0.87694,39343275,"El Rabal",side_street,0.1429,0.4717,0.2822,0.4747,0.1372,0.1367,0.1521,0.1497,0.1276,3.1,3.1,3.1,3.2,3.2,3.1
41.686973,-0.870974,39352455,"Actur-Rey Fernando",main_street,0.1687,0.5391,0.1829,0.9518,0.1798,0.1637,0.1673,0.1759,0.3297,3.7,3.7,3.7,3.7,3.7,4.2
41.686752,-0.870947,39352455,"Actur-Rey Fernando",main_street,0.1436,0.5619,0.1829,0.9308,0.1628,0.1422,0.1408,0.1492,0.2901,3.6,3.7,3.6,3.6,3.6,4.1
41.686706,-0.876098,39352488,"Actur-Rey Fernando",side_street,0.1348,0.2627,0.1829,0.5041,0.143,0.1238,0.1371,0.144,0.2158,2.5,2.5,2.4,2.5,2.5,2.7
41.686684,-0.875798,39352488,"Actur-Rey Fernando",side_street,0.1399,0.265,0.1829,0.4055,0.1463,0.127,0.1419,0.1482,0.2109,2.4,2.4,2.3,2.4,2.4,2.7
41.686763,-0.871081,39352490,"Actur-Rey Fernando",side_street,0.147,0.4678,0.1829,0.9274,0.1651,0.1447,0.144,0.1501,0.2876,3.4,3.5,3.4,3.4,3.4,3.8
41.68674,-0.871377,39352490,"Actur-Rey Fernando",side_street,0.1333,0.452,0.1829,0.8991,0.1557,0.1304,0.1345,0.1382,0.2617,3.3,3.4,3.3,3.3,3.3,3.7
41.688154,-0.875214,39352557,"Actur-Rey Fernando",side_street,0.1205,0.1945,0.1829,0.0678,0.1302,0.1075,0.1252,0.1197,0.1495,1.6,1.6,1.5,1.6,1.6,1.7
41.688156,-0.874914,39352557,"Actur-Rey Fernando",side_street,0.1211,0.1787,0.1829,0.0582,0.1328,0.107,0.1261,0.1132,0.1444,1.5,1.6,1.4,1.5,1.5,1.6
41.688148,-0.874613,39352557,"Actur-Rey Fernando",side_street,0.1176,0.1787,0.1829,0.05,0.1331,0.1044,0.1232,0.1033,0.1344,1.5,1.5,1.4,1.5,1.4,1.5
41.688002,-0.875664,39352564,"Actur-Rey Fernando",side_street,0.1237,0.3491,0.1829,0.3296,0.1316,0.1109,0.128,0.1283,0.1648,2.5,2.5,2.4,2.5,2.5,2.6
41.687777,-0.875665,39352564,"Actur-Rey Fernando",side_street,0.1388,0.3518,0.1829,0.3523,0.1467,0.1251,0.1399,0.1427,0.1922,2.6,2.6,2.5,2.6,2.6,2.8
41.687552,-0.875666,39352564,"Actur-Rey Fernando",side_street,0.1495,0.3518,0.1829,0.3748,0.1569,0.1378,0.1467,0.154,0.2188,2.6,2.7,2.6,2.6,2.6,2.9
41.687327,-0.875668,39352564,"Actur-Rey Fernando",side_street,0.1553,0.4151,0.1829,0.3615,0.1591,0.1426,0.1492,0.161,0.234,2.8,2.8,2.7,2.7,2.8,3.1
41.687102,-0.875668,39352564,"Actur-Rey Fernando",side_street,0.157,0.4151,0.1829,0.3847,0.1598,0.145,0.1514,0.1624,0.2394,2.8,2.8,2.8,2.8,2.8,3.1
41.671912,-0.871558,39373757,"El Rabal",side_street,0.1139,0.2374,0.2737,0.3348,0.1653,0.1124,0.0798,0.0526,0.0715,2.3,2.5,2.3,2.2,2,2.1
41.675975,-0.868922,39373857,"El Rabal",side_street,0.1336,0.0449,0.3385,0.434,0.13,0.1646,0.1268,0.1627,0.1844,2,1.9,2.1,2,2.2,2.2
41.679114,-0.865045,39373876,"El Rabal",side_street,0.0146,0.1167,0.3326,0.0164,0.0155,0.0155,0.0154,0.0068,0.0004,1.1,1.1,1.1,1.1,1,1
41.676479,-0.866326,39373891,"El Rabal",side_street,0.1286,0.0587,0.3417,0.1481,0.1686,0.1779,0.1143,0.0837,0.0318,1.6,1.8,1.9,1.5,1.3,1.1
41.676552,-0.866611,39373891,"El Rabal",side_street,0.1535,0.0587,0.3416,0.1938,0.181,0.1935,0.1317,0.0981,0.0479,1.8,1.9,2,1.7,1.5,1.2
41.676624,-0.866896,39373891,"El Rabal",side_street,0.1655,0.0587,0.3411,0.2583,0.1881,0.2003,0.1471,0.1156,0.0707,2,2.1,2.2,1.9,1.7,1.4
41.676696,-0.867181,39373891,"El Rabal",side_street,0.1759,0.0587,0.3411,0.3269,0.1964,0.2085,0.1608,0.1302,0.0883,2.1,2.2,2.3,2,1.9,1.6
41.676769,-0.867466,39373891,"El Rabal",side_street,0.1785,0.0587,0.3411,0.438,0.1946,0.2089,0.169,0.1444,0.1074,2.3,2.3,2.4,2.2,2.2,1.8
41.676841,-0.867751,39373891,"El Rabal",side_street,0.1761,0.0587,0.3411,0.5182,0.1867,0.2041,0.1696,0.159,0.1324,2.3,2.4,2.5,2.3,2.3,2.2
41.678235,-0.866807,39373903,"El Rabal",side_street,0.0644,0.0155,0.3374,0.2312,0.067,0.0714,0.0677,0.0608,0.0291,1.2,1.2,1.2,1.2,1.2,1
41.678165,-0.866521,39373903,"El Rabal",side_street,0.0606,0.0155,0.3385,0.1861,0.0649,0.0671,0.0642,0.0523,0.0208,1.1,1.1,1.1,1.1,1.1,1
41.692705,-0.862428,42406387,"Distrito Rural",secondary_street,0.015,0.0616,0.0037,0.0037,0.0112,0.0148,0.0158,0.0243,0.0266,0.6,0.5,0.6,0.5,0.6,0.6
41.693127,-0.864698,42406387,"Distrito Rural",secondary_street,0.0078,0.0998,0.0037,0.0037,0.0045,0.0081,0.0079,0.0127,0.0187,0.6,0.6,0.6,0.6,0.6,0.6
41.693213,-0.864976,42406387,"Distrito Rural",secondary_street,0.0076,0.0931,0.0037,0.0037,0.0044,0.0079,0.0078,0.0129,0.0205,0.6,0.6,0.6,0.6,0.6,0.6
41.682776,-0.870923,48394080,"Actur-Rey Fernando",main_street,0.0239,0.2046,0.1829,0.1081,0.0345,0.023,0.0228,0.0177,0.0249,1.1,1.2,1.2,1.1,1.1,1.2
41.683001,-0.870914,48394080,"Actur-Rey Fernando",main_street,0.0222,0.2046,0.1829,0.1169,0.0278,0.022,0.0202,0.0188,0.0281,1.2,1.2,1.2,1.1,1.1,1.2
41.683451,-0.870895,48394080,"Actur-Rey Fernando",main_street,0.0249,0.2046,0.1829,0.1785,0.0321,0.0249,0.0225,0.0242,0.0554,1.3,1.3,1.2,1.2,1.2,1.4
41.683675,-0.870888,48394080,"Actur-Rey Fernando",main_street,0.0236,0.1617,0.1829,0.2133,0.029,0.0244,0.0218,0.024,0.0577,1.1,1.1,1.1,1.1,1.1,1.3
41.676979,-0.871223,48394081,"El Rabal",main_street,0.1444,0.5008,0.3228,0.7533,0.1208,0.1443,0.1581,0.1803,0.1682,3.6,3.5,3.6,3.6,3.7,3.6
41.676755,-0.871231,48394081,"El Rabal",main_street,0.1494,0.4948,0.3228,0.713,0.1252,0.1487,0.162,0.1849,0.1694,3.5,3.4,3.5,3.6,3.6,3.6
41.67653,-0.871239,48394081,"El Rabal",main_street,0.1563,0.4948,0.3228,0.6466,0.1309,0.1523,0.1634,0.185,0.1713,3.5,3.4,3.5,3.5,3.6,3.6
41.676305,-0.871247,48394081,"El Rabal",main_street,0.1512,0.493,0.3228,0.5784,0.1295,0.1528,0.157,0.1826,0.1764,3.4,3.3,3.4,3.4,3.5,3.5
41.67608,-0.871254,48394081,"El Rabal",main_street,0.148,0.4911,0.3228,0.5177,0.1275,0.1526,0.154,0.1822,0.1837,3.3,3.3,3.4,3.4,3.5,3.5
41.675856,-0.87126,48394081,"El Rabal",main_street,0.1427,0.4911,0.3228,0.4611,0.1248,0.1515,0.1454,0.1791,0.1906,3.3,3.2,3.3,3.3,3.4,3.5
41.675631,-0.871266,48394081,"El Rabal",main_street,0.1381,0.4911,0.3228,0.4409,0.1218,0.1497,0.1393,0.1747,0.1914,3.2,3.2,3.3,3.2,3.4,3.5
41.677639,-0.871781,48394084,"El Rabal",main_street,0.1406,0.4986,0.3228,0.7345,0.1204,0.1345,0.1545,0.1743,0.1726,3.5,3.5,3.5,3.6,3.6,3.6
41.677671,-0.872079,48394084,"El Rabal",main_street,0.1327,0.4633,0.3228,0.7223,0.1145,0.1262,0.1485,0.1685,0.1696,3.4,3.3,3.4,3.4,3.5,3.5
41.674415,-0.877068,48394085,"El Rabal",main_street,0.1511,0.4213,0.2822,0.4637,0.144,0.1427,0.1574,0.1555,0.131,3,3,3,3,3.1,3
41.674637,-0.877022,48394085,"El Rabal",main_street,0.1384,0.6433,0.2822,0.5025,0.1326,0.1307,0.145,0.1477,0.1283,3.6,3.6,3.6,3.7,3.7,3.6
41.674856,-0.876951,48394085,"El Rabal",main_street,0.1269,0.6385,0.2822,0.5188,0.1246,0.1222,0.1337,0.1385,0.1252,3.6,3.6,3.6,3.6,3.6,3.6
41.672919,-0.87701,48394086,"El Rabal",main_street,0.1538,0.2822,0.2928,0.4275,0.1533,0.1408,0.1655,0.1422,0.1032,2.7,2.7,2.7,2.7,2.7,2.5
41.673257,-0.877231,48394089,"El Rabal",main_street,0.1509,0.3209,0.2928,0.4669,0.145,0.1389,0.1645,0.1498,0.1157,2.8,2.8,2.8,2.8,2.8,2.7
41.673065,-0.877785,48394091,"El Rabal",main_street,0.1393,0.5613,0.2988,0.5315,0.1385,0.1282,0.1546,0.1392,0.1107,3.5,3.5,3.4,3.5,3.5,3.4
41.673068,-0.878086,48394091,"El Rabal",main_street,0.1313,0.5465,0.2988,0.5447,0.136,0.1221,0.1473,0.1297,0.1037,3.4,3.4,3.4,3.5,3.4,3.3
41.677562,-0.870823,48394092,"El Rabal",main_street,0.1352,0.273,0.3145,0.7356,0.1186,0.1369,0.1502,0.1658,0.1556,2.9,2.8,2.9,2.9,3,3
41.67768,-0.871426,48394093,"El Rabal",main_street,0.1379,0.2744,0.3228,0.7706,0.1184,0.1344,0.1523,0.1721,0.168,2.9,2.9,2.9,3,3.1,3.1
41.67756,-0.870896,48394095,"El Rabal",main_street,0.1337,0.3885,0.3228,0.7408,0.1163,0.1337,0.1495,0.1663,0.1572,3.2,3.1,3.2,3.3,3.3,3.3
41.672755,-0.877165,48394225,"El Rabal",main_street,0.1491,0.2029,0.2988,0.4334,0.1507,0.1371,0.1624,0.1391,0.1003,2.5,2.5,2.4,2.5,2.5,2.3
41.677594,-0.871481,49074662,"El Rabal",main_street,0.1413,0.368,0.3228,0.7804,0.1217,0.1386,0.1549,0.1731,0.1689,3.2,3.1,3.2,3.3,3.3,3.3
41.672254,-0.871824,49359819,"El Rabal",side_street,0.1245,0.0338,0.2928,0.4293,0.1737,0.1232,0.091,0.0611,0.0755,1.7,2,1.7,1.6,1.4,1.5
41.672142,-0.871789,49359820,"El Rabal",side_street,0.1231,0.0387,0.2822,0.3783,0.1717,0.1215,0.0895,0.0588,0.0749,1.6,1.9,1.6,1.5,1.3,1.4
41.672845,-0.872925,49359822,"El Rabal",side_street,0.1201,0.2473,0.2822,0.5512,0.1471,0.1157,0.1029,0.0861,0.0979,2.6,2.7,2.6,2.5,2.5,2.5
41.672639,-0.8729,49359823,"El Rabal",side_street,0.121,0.2884,0.2822,0.5044,0.1526,0.1173,0.1005,0.0845,0.0993,2.6,2.7,2.6,2.6,2.5,2.6
41.682769,-0.871043,49359916,"Actur-Rey Fernando",square,0.0246,0.1652,0.1829,0.105,0.0355,0.0235,0.0233,0.0184,0.0257,1,1.1,1,1,1,1
41.682774,-0.871344,49359916,"Actur-Rey Fernando",square,0.0253,0.1395,0.1829,0.0984,0.0375,0.0237,0.0237,0.0171,0.0244,1,1,1,1,0.9,0.9
41.686797,-0.874851,49359926,"Actur-Rey Fernando",side_street,0.1316,0.4505,0.1829,0.0331,0.1416,0.1194,0.1369,0.135,0.174,2.5,2.6,2.5,2.6,2.5,2.7
41.686811,-0.875151,49359926,"Actur-Rey Fernando",side_street,0.1443,0.3551,0.1829,0.2335,0.1523,0.1302,0.1461,0.1473,0.194,2.5,2.5,2.4,2.5,2.5,2.7
41.684042,-0.867357,49359937,"Actur-Rey Fernando",side_street,0.0095,0.2371,0.1829,0.3858,0.0106,0.0099,0.0085,0.0144,0.0375,1.6,1.6,1.6,1.6,1.6,1.7
41.684159,-0.867614,49359937,"Actur-Rey Fernando",side_street,0.0137,0.2415,0.1829,0.3954,0.0147,0.0161,0.0105,0.0219,0.0622,1.6,1.6,1.6,1.6,1.7,1.8
41.671866,-0.892491,54230641,"Actur-Rey Fernando",side_street,0.2113,0.6687,0.203,0.2352,0.2094,0.2219,0.1986,0.2545,0.3187,3.6,3.6,3.6,3.5,3.7,3.9
41.671664,-0.892359,54230641,"Actur-Rey Fernando",side_street,0.226,0.6687,0.203,0.2489,0.2223,0.2356,0.2196,0.276,0.3417,3.6,3.6,3.7,3.6,3.8,4
41.671465,-0.892311,54230643,"Actur-Rey Fernando",side_street,0.2353,0.2329,0.2017,0.251,0.2268,0.2443,0.2285,0.2826,0.3492,2.5,2.5,2.6,2.5,2.7,2.9
41.678057,-0.887206,55082729,"Actur-Rey Fernando",side_street,0.1138,0.0557,0.1874,0.2605,0.104,0.1177,0.1095,0.1583,0.2357,1.3,1.2,1.3,1.2,1.5,1.9
41.675963,-0.88928,55313610,"Actur-Rey Fernando",side_street,0.2679,0.5006,0.1918,0.936,0.2622,0.28,0.2729,0.3074,0.3944,3.9,3.9,3.9,3.9,4,4.3
41.675905,-0.886826,55545789,"Actur-Rey Fernando",side_street,0.2188,0.4134,0.1918,0.2776,0.215,0.2189,0.2172,0.2487,0.2763,2.9,2.9,2.9,2.9,3.1,3.2
41.67568,-0.88683,55545789,"Actur-Rey Fernando",side_street,0.2234,0.4134,0.1924,0.2761,0.2224,0.2256,0.2263,0.2571,0.2838,2.9,2.9,2.9,2.9,3.1,3.2
41.673936,-0.884625,56466165,"Actur-Rey Fernando",side_street,0.2356,0.0646,0.1933,0.1344,0.2366,0.2281,0.2404,0.2216,0.1781,1.8,1.8,1.7,1.8,1.7,1.5
41.668969,-0.888326,77880679,"Actur-Rey Fernando",side_street,0.5247,0.4928,0.2051,0.8963,0.5057,0.5462,0.5182,0.5996,0.726,4.7,4.7,4.8,4.7,5,5.6
41.669228,-0.876792,78418965,"El Rabal",side_street,0.0971,0.1481,0.2822,0.2425,0.0986,0.0977,0.1056,0.1059,0.1331,1.8,1.7,1.7,1.8,1.8,1.9
41.686787,-0.875331,79637813,"Actur-Rey Fernando",side_street,0.1464,0.404,0.1829,0.2743,0.1538,0.1327,0.1468,0.1505,0.2042,2.7,2.7,2.6,2.7,2.7,2.9
41.686924,-0.875537,79637813,"Actur-Rey Fernando",side_street,0.1529,0.6434,0.1829,0.3252,0.1579,0.1409,0.1499,0.1588,0.2246,3.3,3.4,3.3,3.3,3.4,3.6
41.686819,-0.87578,79637813,"Actur-Rey Fernando",side_street,0.1471,0.1516,0.1829,0.398,0.1542,0.1354,0.146,0.1549,0.2263,2,2,1.9,2,2.1,2.4
41.686999,-0.8754,79638078,"Actur-Rey Fernando",side_street,0.1546,0.2322,0.1829,0.2831,0.1588,0.141,0.1512,0.1577,0.2198,2.2,2.2,2.1,2.2,2.3,2.5
41.687224,-0.875395,79638078,"Actur-Rey Fernando",side_street,0.1572,0.2114,0.1829,0.3038,0.1611,0.1433,0.1522,0.1594,0.2248,2.2,2.2,2.1,2.2,2.2,2.4
41.687448,-0.87539,79638078,"Actur-Rey Fernando",side_street,0.1545,0.2114,0.1829,0.3218,0.1596,0.1412,0.1497,0.1552,0.2175,2.2,2.2,2.1,2.2,2.2,2.4
41.687898,-0.87538,79638078,"Actur-Rey Fernando",side_street,0.1343,0.2114,0.1829,0.2832,0.1447,0.1213,0.1381,0.1361,0.1745,2,2,1.9,2.1,2.1,2.2
41.670749,-0.876654,79955968,"El Rabal",side_street,0.1552,0.4835,0.2988,0.3662,0.1687,0.1502,0.1597,0.1239,0.108,3.2,3.2,3.1,3.2,3.1,3
41.672709,-0.875396,79955970,"El Rabal",side_street,0.1334,0.1388,0.2822,0.4289,0.1412,0.1259,0.1416,0.1231,0.0986,2.2,2.2,2.2,2.2,2.2,2
41.672485,-0.875406,79955970,"El Rabal",side_street,0.1378,0.1388,0.2822,0.3814,0.146,0.1297,0.1434,0.1249,0.1033,2.2,2.2,2.1,2.2,2.1,1.9
41.67226,-0.875417,79955970,"El Rabal",side_street,0.1358,0.1388,0.2822,0.3402,0.149,0.129,0.1413,0.1189,0.0968,2.1,2.1,2,2.1,2,1.8
41.683592,-0.870954,79988585,"Actur-Rey Fernando",main_street,0.0243,0.0924,0.1829,0.1953,0.0305,0.0247,0.0223,0.0246,0.0578,0.9,0.9,0.9,0.9,0.9,1
41.683671,-0.871157,79988586,"Actur-Rey Fernando",side_street,0.0257,0.1986,0.1829,0.1976,0.0325,0.0264,0.0235,0.0257,0.0591,1.3,1.3,1.2,1.2,1.2,1.4
41.68368,-0.871457,79988586,"Actur-Rey Fernando",side_street,0.028,0.1986,0.1829,0.1793,0.0359,0.0277,0.0261,0.025,0.0546,1.2,1.3,1.2,1.2,1.2,1.4
41.672924,-0.878375,80574355,"El Rabal",side_street,0.1156,0.5059,0.3054,0.4891,0.1238,0.1078,0.1302,0.1063,0.088,3.2,3.2,3.2,3.3,3.2,3.1
41.673401,-0.884211,80716027,"Actur-Rey Fernando",side_street,0.2299,0.5377,0.1924,0.1781,0.2384,0.2231,0.2362,0.1971,0.1473,3.2,3.2,3.2,3.2,3.1,3
41.670855,-0.876816,83010089,"El Rabal",main_street,0.1526,0.4846,0.2988,0.3971,0.1676,0.1488,0.1621,0.1245,0.1063,3.2,3.2,3.2,3.2,3.1,3
41.671079,-0.87684,83010089,"El Rabal",main_street,0.1601,0.4778,0.2988,0.4165,0.1726,0.1533,0.1675,0.1261,0.1039,3.2,3.2,3.2,3.2,3.1,3
41.671303,-0.876864,83010089,"El Rabal",main_street,0.1577,0.475,0.2988,0.3758,0.1697,0.1507,0.1642,0.1222,0.0953,3.2,3.2,3.1,3.2,3,3
41.670458,-0.891041,84799330,"Actur-Rey Fernando",side_street,0.3963,0.5663,0.207,0.7032,0.3768,0.3975,0.3943,0.4585,0.6136,4.3,4.2,4.3,4.3,4.5,5.1
41.670359,-0.891311,84799330,"Actur-Rey Fernando",side_street,0.3778,0.5663,0.2051,0.675,0.3564,0.38,0.3775,0.4365,0.5848,4.2,4.1,4.2,4.2,4.4,4.9
41.67026,-0.891581,84799330,"Actur-Rey Fernando",side_street,0.3537,0.5663,0.203,0.6241,0.3351,0.357,0.3496,0.4118,0.5485,4.1,4,4.1,4.1,4.3,4.7
41.683555,-0.87101,100870114,"Actur-Rey Fernando",main_street,0.026,0.3732,0.1829,0.1875,0.0334,0.0269,0.0243,0.026,0.0589,2,2,1.9,2,2,2.2
41.68333,-0.871018,100870114,"Actur-Rey Fernando",main_street,0.0263,0.3732,0.1829,0.1343,0.0348,0.0261,0.024,0.0239,0.0533,1.9,1.9,1.9,1.9,1.9,2
41.683106,-0.871027,100870114,"Actur-Rey Fernando",main_street,0.0215,0.3732,0.1829,0.1191,0.0259,0.0218,0.0195,0.0189,0.0305,1.8,1.9,1.8,1.8,1.8,1.8
41.682881,-0.871035,100870114,"Actur-Rey Fernando",main_street,0.024,0.3732,0.1829,0.1078,0.0339,0.0233,0.0226,0.0191,0.0278,1.8,1.9,1.8,1.8,1.8,1.8
41.678388,-0.871173,100870114,"El Rabal",main_street,0.1023,0.2853,0.3145,0.6293,0.0914,0.0988,0.1124,0.1304,0.135,2.7,2.7,2.7,2.7,2.8,2.8
41.670825,-0.886531,116335799,"Actur-Rey Fernando",side_street,0.4546,0.18,0.2082,0.1598,0.4597,0.4555,0.4586,0.4575,0.5028,3.1,3.1,3.1,3.1,3.1,3.3
41.667686,-0.886274,116377791,"Actur-Rey Fernando",side_street,0.4804,0.5073,0.1993,0.9446,0.476,0.4857,0.4883,0.5096,0.5849,4.7,4.7,4.7,4.7,4.7,5
41.670834,-0.884384,116377792,"Actur-Rey Fernando",side_street,0.4234,0.1061,0.203,0.027,0.4378,0.4045,0.4334,0.3696,0.3164,2.7,2.7,2.6,2.7,2.5,2.3
41.670843,-0.886595,116377806,"Actur-Rey Fernando",side_street,0.4551,0.0437,0.2082,0.1642,0.4596,0.4573,0.4587,0.4607,0.5095,2.7,2.7,2.7,2.7,2.8,2.9
41.670767,-0.886253,116377815,"Actur-Rey Fernando",side_street,0.4512,0.2875,0.2051,0.1408,0.4569,0.4463,0.4562,0.446,0.4733,3.3,3.3,3.3,3.3,3.3,3.4
41.67077,-0.886546,116377820,"Actur-Rey Fernando",side_street,0.4572,0.0979,0.2082,0.1615,0.4624,0.4594,0.4607,0.461,0.5089,2.8,2.9,2.9,2.8,2.9,3.1
41.670915,-0.884573,116377822,"Actur-Rey Fernando",side_street,0.4211,0.0346,0.203,0.0295,0.4347,0.4022,0.4306,0.3718,0.3265,2.5,2.5,2.4,2.5,2.3,2
41.670918,-0.884874,116377822,"Actur-Rey Fernando",side_street,0.4241,0.0346,0.203,0.0302,0.435,0.4079,0.4327,0.3806,0.3443,2.5,2.5,2.4,2.5,2.3,2.2
41.670879,-0.88574,116377822,"Actur-Rey Fernando",side_street,0.4344,0.0139,0.2051,0.0848,0.4425,0.4271,0.4414,0.4153,0.4028,2.5,2.6,2.5,2.6,2.5,2.4
41.667631,-0.886241,116377826,"Actur-Rey Fernando",side_street,0.4763,0.0674,0.1993,0.9435,0.4712,0.4816,0.4849,0.5042,0.5796,3.5,3.5,3.5,3.6,3.6,3.9
41.667676,-0.886966,116377828,"Actur-Rey Fernando",side_street,0.4839,0.4642,0.1993,0.9692,0.4743,0.497,0.4877,0.5326,0.6317,4.6,4.6,4.6,4.6,4.7,5.1
41.670758,-0.884406,116377841,"Actur-Rey Fernando",side_street,0.4271,0.0888,0.2017,0.0252,0.4432,0.4091,0.437,0.3735,0.318,2.6,2.7,2.6,2.7,2.4,2.2
41.670247,-0.88402,116377846,"Actur-Rey Fernando",side_street,0.4259,0.2488,0.197,0.0037,0.4402,0.4023,0.4412,0.3691,0.2674,3,3,2.9,3,2.8,2.4
41.670472,-0.884018,116377846,"Actur-Rey Fernando",side_street,0.4262,0.2488,0.1993,0.0099,0.4423,0.4043,0.4391,0.3667,0.2729,3,3,2.9,3,2.8,2.5
41.670697,-0.884017,116377846,"Actur-Rey Fernando",side_street,0.4196,0.2328,0.1993,0.0212,0.437,0.3982,0.432,0.3587,0.2776,2.9,3,2.9,3,2.8,2.5
41.67218,-0.890706,116377889,"Actur-Rey Fernando",main_street,0.3161,0.7592,0.201,0.447,0.2997,0.3266,0.3122,0.3711,0.4654,4.3,4.2,4.3,4.3,4.5,4.8
41.686676,-0.875179,116825269,"Actur-Rey Fernando",side_street,0.1398,0.48,0.1829,0.2394,0.1457,0.1256,0.1429,0.1447,0.1892,2.8,2.8,2.7,2.8,2.8,3
41.686685,-0.874878,116825269,"Actur-Rey Fernando",side_street,0.1287,0.472,0.1829,0.0343,0.1369,0.1162,0.135,0.133,0.171,2.6,2.6,2.5,2.6,2.6,2.7
41.686823,-0.87592,116825270,"Actur-Rey Fernando",side_street,0.1439,0.4001,0.1829,0.4412,0.1516,0.1326,0.1439,0.1526,0.2265,2.8,2.8,2.7,2.7,2.8,3.1
41.666928,-0.886361,121410665,"Actur-Rey Fernando",main_street,0.42,0.762,0.1993,0.9784,0.4172,0.4241,0.4258,0.4438,0.5397,5.2,5.2,5.2,5.2,5.3,5.8
41.667105,-0.886547,121410665,"Actur-Rey Fernando",main_street,0.4481,0.762,0.1993,0.9791,0.4438,0.457,0.4534,0.4792,0.5936,5.3,5.3,5.4,5.4,5.5,6.1
41.667282,-0.886733,121410665,"Actur-Rey Fernando",main_street,0.4679,0.762,0.1993,0.9785,0.463,0.4788,0.4705,0.51,0.6208,5.4,5.4,5.5,5.5,5.6,6.3
41.667459,-0.886918,121410665,"Actur-Rey Fernando",main_street,0.4777,0.7617,0.1993,0.9765,0.4706,0.4905,0.4812,0.525,0.6297,5.5,5.5,5.6,5.5,5.7,6.3
41.667637,-0.887102,121410665,"Actur-Rey Fernando",main_street,0.485,0.5096,0.1993,0.9682,0.4756,0.4996,0.4886,0.5346,0.6401,4.7,4.7,4.7,4.7,4.9,5.3
41.668173,-0.88765,121410665,"Actur-Rey Fernando",main_street,0.5008,0.759,0.2017,0.9503,0.485,0.5237,0.5021,0.562,0.6704,5.6,5.5,5.7,5.6,5.9,6.5
41.675995,-0.889384,121436743,"Actur-Rey Fernando",main_street,0.2653,0.5798,0.1918,0.9404,0.259,0.2771,0.2696,0.3053,0.3937,4.1,4.1,4.1,4.1,4.2,4.5
41.67622,-0.889384,121436743,"Actur-Rey Fernando",main_street,0.2595,0.7924,0.19,0.9422,0.2523,0.2682,0.2598,0.2986,0.3899,4.6,4.6,4.6,4.6,4.7,5.1
41.677569,-0.889369,121436743,"Actur-Rey Fernando",main_street,0.2161,0.789,0.1886,0.8999,0.2099,0.2217,0.2083,0.2773,0.4088,4.4,4.4,4.4,4.4,4.6,5.1
41.675119,-0.870647,135863242,"El Rabal",side_street,0.1142,0.2252,0.3228,0.369,0.108,0.1255,0.1091,0.1398,0.1637,2.4,2.4,2.5,2.4,2.5,2.6
41.675211,-0.870922,135863242,"El Rabal",side_street,0.1241,0.2252,0.3228,0.4332,0.117,0.1388,0.1193,0.1511,0.172,2.5,2.5,2.6,2.5,2.6,2.7
41.674469,-0.877102,136491728,"El Rabal",side_street,0.1536,0.5307,0.2822,0.4736,0.1466,0.1456,0.1583,0.1569,0.1341,3.4,3.3,3.3,3.4,3.4,3.3
41.668851,-0.8855,139852756,"Actur-Rey Fernando",side_street,0.4821,0.0554,0.1993,0.5497,0.4819,0.4723,0.4977,0.473,0.4579,3.2,3.2,3.1,3.2,3.1,3.1
41.668852,-0.885199,139852756,"Actur-Rey Fernando",side_street,0.4733,0.0271,0.1993,0.2497,0.475,0.4607,0.4931,0.46,0.4079,2.8,2.8,2.8,2.8,2.8,2.6
41.690766,-0.896176,164926360,"Distrito Rural",secondary_street,0.0064,0.3378,0.0037,0.5451,0.0051,0.0078,0.0042,0.0123,0.0472,1.7,1.7,1.7,1.7,1.7,1.9
41.69057,-0.89603,164926360,"Distrito Rural",secondary_street,0.0072,0.4452,0.0037,0.5065,0.0057,0.0088,0.0048,0.0161,0.0513,2.1,2.1,2.1,2.1,2.2,2.3
41.69035,-0.895967,164926360,"Distrito Rural",secondary_street,0.0042,0.4739,0.0037,0.4178,0.0031,0.0064,0.0033,0.0096,0.0404,2.1,2,2.1,2.1,2.2,2.3
41.692839,-0.866723,165718546,"Distrito Rural",secondary_street,0.0071,0.039,0.0037,0.0233,0.0038,0.0061,0.0076,0.0088,0.0133,0.5,0.5,0.5,0.5,0.5,0.5
41.692669,-0.866526,165718546,"Distrito Rural",secondary_street,0.0055,0.0408,0.0037,0.0178,0.003,0.0055,0.0064,0.0086,0.0141,0.5,0.5,0.5,0.5,0.5,0.5
41.690633,-0.895901,173540891,"Distrito Rural",side_street,0.0068,0.267,0.0037,0.5018,0.0055,0.0086,0.0045,0.0155,0.051,1.3,1.3,1.3,1.3,1.4,1.6
41.690753,-0.895647,173540891,"Distrito Rural",side_street,0.0038,0.1003,0.0037,0.4204,0.0028,0.0059,0.003,0.0092,0.0372,0.8,0.8,0.8,0.8,0.8,0.9
41.690797,-0.895826,173540902,"Distrito Rural",side_street,0.0049,0.1928,0.0037,0.4862,0.0035,0.0069,0.0037,0.0105,0.0434,1.1,1,1.1,1,1.1,1.2
41.688268,-0.874913,173845618,"Actur-Rey Fernando",side_street,0.1146,0.2486,0.1829,0.0592,0.1261,0.1015,0.1197,0.1047,0.1343,1.7,1.8,1.6,1.8,1.7,1.8
41.688493,-0.874906,173845618,"Actur-Rey Fernando",side_street,0.1022,0.1396,0.1829,0.0603,0.1108,0.091,0.109,0.0897,0.1128,1.2,1.3,1.2,1.3,1.2,1.3
41.688718,-0.874897,173845618,"Actur-Rey Fernando",side_street,0.0897,0.1326,0.1829,0.0622,0.0961,0.0776,0.0961,0.0767,0.094,1.1,1.2,1.1,1.2,1.1,1.2
41.688044,-0.87492,173845631,"Actur-Rey Fernando",side_street,0.1261,0.1962,0.1829,0.0578,0.1393,0.1119,0.1316,0.1221,0.1514,1.6,1.6,1.5,1.6,1.6,1.7
41.687819,-0.874928,173845631,"Actur-Rey Fernando",side_street,0.135,0.1962,0.1829,0.0579,0.1501,0.1208,0.1385,0.131,0.1669,1.6,1.7,1.6,1.7,1.6,1.8
41.672493,-0.872784,187116542,"El Rabal",side_street,0.1204,0.2181,0.2822,0.4726,0.1566,0.1174,0.0968,0.0793,0.0955,2.4,2.6,2.4,2.3,2.3,2.3
41.674669,-0.872047,193032909,"El Rabal",side_street,0.1234,0.2901,0.327,0.2942,0.1231,0.1261,0.1234,0.128,0.1224,2.6,2.6,2.6,2.6,2.6,2.5
41.674894,-0.872043,193032909,"El Rabal",side_street,0.1272,0.2901,0.327,0.3221,0.1242,0.1311,0.131,0.1371,0.1323,2.6,2.6,2.6,2.6,2.6,2.6
41.675525,-0.871573,193032911,"El Rabal",side_street,0.1324,0.1526,0.3228,0.4197,0.1179,0.1419,0.1389,0.1672,0.1743,2.3,2.2,2.3,2.3,2.4,2.5
41.675519,-0.871272,193032911,"El Rabal",side_street,0.131,0.1562,0.3228,0.4562,0.1176,0.1434,0.1348,0.1675,0.185,2.3,2.3,2.4,2.4,2.5,2.5
41.675208,-0.870543,195038798,"El Rabal",side_street,0.1157,0.0349,0.327,0.3375,0.1091,0.1289,0.1108,0.1441,0.1707,1.6,1.6,1.7,1.6,1.8,1.9
41.675934,-0.876429,206641639,"El Rabal",main_street,0.0837,0.5796,0.2822,0.2309,0.0808,0.0801,0.0896,0.0873,0.093,3,3,3,3,3,3.1
41.687419,-0.875818,231085548,"Actur-Rey Fernando",side_street,0.1488,0.1163,0.1829,0.4203,0.156,0.1391,0.1456,0.1562,0.2294,1.9,1.9,1.8,1.9,2,2.3
41.690451,-0.895837,234814487,"Distrito Rural",side_street,0.0052,0.1265,0.0037,0.4329,0.0041,0.0076,0.004,0.0114,0.0458,0.9,0.9,0.9,0.9,0.9,1
41.672165,-0.871359,246312853,"El Rabal",secondary_street,0.1108,0.2841,0.2822,0.3437,0.1593,0.1091,0.0787,0.0521,0.0671,2.5,2.6,2.5,2.3,2.3,2.3
41.672353,-0.871245,246312854,"El Rabal",main_street,0.1057,0.226,0.3145,0.3549,0.1505,0.1037,0.0753,0.0488,0.0606,2.3,2.5,2.3,2.2,2.1,2.2
41.675724,-0.871111,246312854,"El Rabal",main_street,0.141,0.6025,0.3228,0.4281,0.1245,0.1518,0.1417,0.1782,0.1981,3.5,3.5,3.6,3.5,3.7,3.7
41.675949,-0.871101,246312854,"El Rabal",main_street,0.1473,0.6025,0.3228,0.4758,0.1273,0.1542,0.1488,0.184,0.1949,3.6,3.5,3.6,3.6,3.7,3.7
41.676174,-0.871091,246312854,"El Rabal",main_street,0.1523,0.6025,0.3228,0.5329,0.1307,0.1552,0.1555,0.1858,0.1864,3.7,3.6,3.7,3.7,3.8,3.7
41.676398,-0.871081,246312854,"El Rabal",main_street,0.1579,0.6025,0.3228,0.5967,0.133,0.1562,0.1614,0.1875,0.1793,3.7,3.7,3.7,3.7,3.8,3.8
41.676623,-0.871071,246312854,"El Rabal",main_street,0.1549,0.6025,0.3228,0.6912,0.129,0.1529,0.1644,0.1877,0.173,3.8,3.7,3.8,3.8,3.9,3.8
41.676848,-0.87106,246312854,"El Rabal",main_street,0.1514,0.6025,0.3228,0.7336,0.1268,0.1508,0.1631,0.1861,0.1716,3.8,3.7,3.8,3.9,3.9,3.9
41.669899,-0.889169,292481843,"Actur-Rey Fernando",main_street,0.5261,0.6215,0.2099,0.8864,0.4989,0.5486,0.5131,0.6241,0.7606,5.1,5,5.2,5.1,5.6,6.4
41.670112,-0.889264,292481843,"Actur-Rey Fernando",main_street,0.5103,0.6189,0.2099,0.858,0.4829,0.5345,0.501,0.6116,0.7506,5,4.9,5.1,5,5.5,6.2
41.670774,-0.889427,292481843,"Actur-Rey Fernando",main_street,0.4529,0.6179,0.2103,0.7198,0.4296,0.4652,0.448,0.5473,0.6938,4.7,4.6,4.7,4.7,5,5.7
41.671448,-0.889434,292481843,"Actur-Rey Fernando",main_street,0.4209,0.6334,0.2099,0.6365,0.4021,0.4276,0.4213,0.4972,0.6272,4.5,4.4,4.5,4.5,4.8,5.3
41.667971,-0.88886,295400254,"Actur-Rey Fernando",main_street,0.4781,0.4862,0.2017,0.9291,0.4644,0.5088,0.4744,0.5512,0.6874,4.6,4.5,4.7,4.6,4.8,5.4
41.672521,-0.890235,325795577,"Actur-Rey Fernando",main_street,0.32,0.355,0.197,0.562,0.3031,0.3284,0.3171,0.3725,0.4607,3.4,3.3,3.4,3.4,3.6,3.9
41.686747,-0.870783,354340453,"Actur-Rey Fernando",main_street,0.1372,0.2411,0.1829,0.9302,0.1583,0.136,0.1351,0.1449,0.2863,2.7,2.8,2.8,2.7,2.8,3.3
41.686972,-0.870773,354340453,"Actur-Rey Fernando",main_street,0.1642,0.1844,0.1829,0.9524,0.1758,0.1587,0.1586,0.169,0.3282,2.7,2.7,2.7,2.7,2.8,3.3
41.687945,-0.875518,369741818,"Actur-Rey Fernando",square,0.129,0.0418,0.1829,0.3061,0.1386,0.1163,0.1343,0.1328,0.1714,1.3,1.4,1.2,1.3,1.3,1.5
41.68772,-0.875526,369741818,"Actur-Rey Fernando",square,0.143,0.0418,0.1829,0.3284,0.1521,0.1293,0.1436,0.1458,0.1969,1.4,1.5,1.3,1.4,1.4,1.7
41.687495,-0.875533,369741818,"Actur-Rey Fernando",square,0.1525,0.0418,0.1829,0.3508,0.1586,0.1403,0.1482,0.1556,0.2196,1.5,1.5,1.4,1.5,1.5,1.8
41.687271,-0.87554,369741818,"Actur-Rey Fernando",square,0.1569,0.0418,0.1829,0.3362,0.1607,0.1437,0.1515,0.1612,0.2315,1.5,1.5,1.4,1.5,1.5,1.9
41.683681,-0.871006,369848655,"Actur-Rey Fernando",main_street,0.0254,0.4336,0.1829,0.2086,0.0314,0.0259,0.023,0.0254,0.0588,2.2,2.2,2.2,2.2,2.3,2.4
41.67762,-0.871329,369850826,"El Rabal",main_street,0.1376,0.5114,0.3228,0.7685,0.1183,0.1347,0.1526,0.1711,0.1656,3.6,3.5,3.6,3.6,3.7,3.7
41.674459,-0.877194,369852365,"El Rabal",main_street,0.1583,0.4781,0.2822,0.4693,0.1504,0.1484,0.1618,0.1603,0.1355,3.2,3.2,3.2,3.2,3.2,3.2
41.674236,-0.877229,369852365,"El Rabal",main_street,0.1573,0.4698,0.2822,0.4382,0.1484,0.1461,0.1637,0.1586,0.1263,3.2,3.1,3.1,3.2,3.2,3.1
41.674011,-0.877238,369852365,"El Rabal",main_street,0.1576,0.4698,0.2822,0.4161,0.1482,0.1439,0.1665,0.157,0.1211,3.1,3.1,3.1,3.2,3.1,3
41.673787,-0.877227,369852365,"El Rabal",main_street,0.1566,0.4657,0.2822,0.4022,0.1458,0.1425,0.1653,0.1567,0.1218,3.1,3.1,3.1,3.1,3.1,3
41.673562,-0.877208,369852365,"El Rabal",main_street,0.1591,0.4657,0.2822,0.4337,0.1512,0.1467,0.1686,0.1587,0.1234,3.2,3.1,3.1,3.2,3.2,3
41.673645,-0.886849,379477153,"Actur-Rey Fernando",side_street,0.2932,0.3992,0.1952,0.2521,0.2801,0.2928,0.2988,0.3212,0.3388,3.1,3.1,3.1,3.1,3.2,3.3
41.670133,-0.883282,381385911,"Actur-Rey Fernando",side_street,0.3906,0.2106,0.1952,0.0037,0.4069,0.358,0.4081,0.314,0.1584,2.8,2.8,2.7,2.8,2.5,1.7
41.670134,-0.883583,381385911,"Actur-Rey Fernando",side_street,0.409,0.2106,0.1959,0.0037,0.4244,0.3795,0.4252,0.3403,0.2005,2.8,2.9,2.7,2.9,2.6,2
41.670135,-0.883884,381385911,"Actur-Rey Fernando",side_street,0.421,0.2106,0.197,0.0037,0.434,0.3958,0.4367,0.3624,0.2467,2.9,2.9,2.8,2.9,2.7,2.3
41.670136,-0.884185,381385911,"Actur-Rey Fernando",side_street,0.4329,0.3174,0.197,0.0037,0.4466,0.4112,0.4483,0.379,0.2793,3.2,3.2,3.1,3.3,3,2.7
41.670144,-0.885088,381385911,"Actur-Rey Fernando",side_street,0.4549,0.3244,0.2017,0.0037,0.4676,0.4389,0.4679,0.4217,0.3683,3.3,3.4,3.3,3.4,3.2,3
41.670146,-0.885389,381385911,"Actur-Rey Fernando",side_street,0.4623,0.3244,0.2017,0.0478,0.4726,0.4494,0.4739,0.4346,0.4007,3.4,3.4,3.4,3.4,3.3,3.2
41.670149,-0.88569,381385911,"Actur-Rey Fernando",side_street,0.4681,0.3244,0.2017,0.0602,0.4772,0.4586,0.4791,0.4454,0.4374,3.4,3.4,3.4,3.4,3.3,3.3
41.669954,-0.886513,381385911,"Actur-Rey Fernando",side_street,0.4876,0.5201,0.207,0.3294,0.4887,0.4853,0.4938,0.4953,0.5411,4.2,4.2,4.2,4.2,4.2,4.3
41.669818,-0.886753,381385911,"Actur-Rey Fernando",side_street,0.4958,0.5201,0.207,0.4351,0.4959,0.4973,0.5008,0.5151,0.575,4.3,4.3,4.3,4.3,4.3,4.6
41.669682,-0.886993,381385911,"Actur-Rey Fernando",side_street,0.5037,0.6939,0.2051,0.6019,0.5033,0.5099,0.5052,0.5325,0.6119,5,5,5,5,5,5.4
41.669544,-0.887231,381385911,"Actur-Rey Fernando",side_street,0.5117,0.6939,0.2051,0.6735,0.5093,0.5229,0.5123,0.5466,0.6336,5.1,5.1,5.1,5.1,5.2,5.6
41.669407,-0.88747,381385911,"Actur-Rey Fernando",side_street,0.5189,0.6939,0.2051,0.7322,0.5129,0.5334,0.5177,0.5625,0.6593,5.2,5.1,5.2,5.1,5.4,5.9
41.66927,-0.887708,381385911,"Actur-Rey Fernando",side_street,0.5222,0.6939,0.2051,0.8366,0.5096,0.5387,0.5189,0.5779,0.6916,5.3,5.2,5.4,5.3,5.6,6.2
41.669133,-0.887947,381385911,"Actur-Rey Fernando",side_street,0.5264,0.6939,0.2051,0.8687,0.5102,0.5445,0.5211,0.5893,0.7114,5.3,5.3,5.4,5.3,5.7,6.3
41.675451,-0.870549,400184647,"El Rabal",side_street,0.1232,0.0274,0.3228,0.3872,0.1131,0.1399,0.12,0.1608,0.1884,1.7,1.6,1.8,1.7,2,2.1
41.676308,-0.868899,429058897,"El Rabal",secondary_street,0.155,0.2545,0.3351,0.5269,0.1437,0.1775,0.1466,0.1769,0.1882,2.8,2.7,2.8,2.7,2.8,2.9
41.676099,-0.869011,429058897,"El Rabal",secondary_street,0.1389,0.2472,0.3351,0.4665,0.1299,0.1678,0.1328,0.1703,0.193,2.7,2.6,2.7,2.6,2.8,2.8
41.67589,-0.86912,429058897,"El Rabal",secondary_street,0.1326,0.2203,0.3351,0.4087,0.1262,0.1615,0.1255,0.1668,0.1987,2.5,2.5,2.6,2.5,2.6,2.8
41.67568,-0.869229,429058897,"El Rabal",secondary_street,0.1259,0.2203,0.3351,0.3607,0.119,0.1549,0.1176,0.1632,0.2,2.4,2.4,2.6,2.4,2.6,2.7
41.675471,-0.869338,429058897,"El Rabal",secondary_street,0.1132,0.2203,0.3326,0.2342,0.1044,0.1381,0.1075,0.148,0.1806,2.3,2.2,2.4,2.3,2.4,2.5
41.675261,-0.869446,429058897,"El Rabal",secondary_street,0.1029,0.2203,0.331,0.2039,0.0972,0.1184,0.0981,0.1327,0.1615,2.2,2.1,2.2,2.2,2.3,2.4
41.668857,-0.888346,437972071,"Actur-Rey Fernando",main_street,0.5204,0.3893,0.2051,0.9166,0.502,0.544,0.515,0.5945,0.7233,4.5,4.4,4.5,4.4,4.7,5.2
41.669036,-0.888528,437972071,"Actur-Rey Fernando",main_street,0.5274,0.7198,0.2051,0.9097,0.5066,0.5503,0.5187,0.6068,0.736,5.5,5.4,5.6,5.5,5.9,6.7
41.672888,-0.877149,440917247,"El Rabal",main_street,0.1484,0.239,0.2928,0.4433,0.1485,0.1361,0.1611,0.1408,0.1029,2.6,2.6,2.5,2.6,2.6,2.4
41.672664,-0.877125,440917247,"El Rabal",main_street,0.1485,0.3342,0.2988,0.4221,0.1514,0.1368,0.1625,0.1369,0.0974,2.8,2.8,2.8,2.8,2.8,2.7
41.672439,-0.877108,440917247,"El Rabal",main_street,0.1423,0.3342,0.2988,0.405,0.1477,0.1316,0.1572,0.1299,0.0923,2.7,2.8,2.7,2.8,2.7,2.6
41.671318,-0.876996,440917247,"El Rabal",main_street,0.1474,0.3162,0.2988,0.3715,0.1655,0.1436,0.1601,0.1187,0.091,2.7,2.7,2.7,2.7,2.6,2.5
41.67087,-0.876949,440917247,"El Rabal",main_street,0.1449,0.3162,0.2988,0.4021,0.1622,0.1417,0.1591,0.1215,0.1013,2.7,2.8,2.7,2.7,2.7,2.6
41.672633,-0.87263,441612688,"El Rabal",side_street,0.1238,0.3765,0.2822,0.512,0.1615,0.1218,0.0988,0.0797,0.0951,2.8,3,2.8,2.8,2.7,2.8
41.672749,-0.872777,441612689,"El Rabal",side_street,0.1228,0.3255,0.2822,0.5383,0.1564,0.1201,0.1018,0.0847,0.0991,2.7,2.8,2.8,2.7,2.6,2.7
41.686597,-0.875683,455375921,"Actur-Rey Fernando",side_street,0.1347,0.2514,0.1829,0.3711,0.1401,0.1228,0.1386,0.1443,0.1995,2.3,2.3,2.2,2.3,2.3,2.5
41.686607,-0.875407,455375921,"Actur-Rey Fernando",side_street,0.1382,0.2541,0.1829,0.2923,0.1423,0.1248,0.1415,0.1454,0.1938,2.2,2.2,2.2,2.3,2.3,2.4
41.674342,-0.873486,455558647,"El Rabal",side_street,0.1155,0.5889,0.3145,0.331,0.1098,0.1121,0.1203,0.1265,0.1159,3.3,3.3,3.3,3.3,3.4,3.3
41.674348,-0.873787,455558647,"El Rabal",side_street,0.1121,0.5906,0.2822,0.3722,0.1039,0.1084,0.1157,0.1258,0.1196,3.3,3.2,3.3,3.3,3.3,3.3
41.674357,-0.874087,455558647,"El Rabal",side_street,0.1125,0.5906,0.2822,0.3773,0.1059,0.108,0.1174,0.1232,0.1156,3.3,3.2,3.3,3.3,3.3,3.3
41.671142,-0.871281,456184649,"El Rabal",main_street,0.0767,0.1181,0.2822,0.2614,0.102,0.0765,0.0524,0.0276,0.0478,1.5,1.7,1.6,1.4,1.2,1.4
41.671367,-0.871275,456184649,"El Rabal",main_street,0.0889,0.1181,0.2822,0.2665,0.1263,0.0913,0.0592,0.0339,0.056,1.6,1.8,1.6,1.5,1.3,1.5
41.671592,-0.871269,456184649,"El Rabal",main_street,0.0957,0.1181,0.2822,0.2784,0.1389,0.0974,0.0643,0.0403,0.0625,1.7,1.9,1.7,1.5,1.4,1.5
41.672041,-0.871256,456184649,"El Rabal",main_street,0.1027,0.1181,0.2822,0.3163,0.1481,0.1022,0.0718,0.0464,0.0611,1.8,2,1.8,1.6,1.5,1.5
41.673928,-0.884582,457092445,"Actur-Rey Fernando",side_street,0.2306,0.2557,0.1933,0.1333,0.2335,0.225,0.2366,0.2172,0.1738,2.5,2.5,2.4,2.5,2.4,2.2
41.669522,-0.876687,495888628,"El Rabal",main_street,0.1066,0.2861,0.2737,0.2044,0.1073,0.1064,0.1115,0.1135,0.1388,2.3,2.3,2.3,2.3,2.3,2.4
41.669746,-0.876709,495888628,"El Rabal",main_street,0.1135,0.2861,0.2737,0.2185,0.1193,0.114,0.1194,0.1204,0.1416,2.3,2.3,2.3,2.4,2.4,2.4
41.66997,-0.87673,495888628,"El Rabal",main_street,0.1193,0.2861,0.2928,0.2445,0.1292,0.1196,0.1287,0.1207,0.134,2.4,2.4,2.4,2.5,2.4,2.5
41.670643,-0.876794,495888628,"El Rabal",main_street,0.1467,0.2861,0.2988,0.4088,0.1644,0.1451,0.1573,0.1225,0.1088,2.7,2.7,2.7,2.7,2.6,2.5
41.676035,-0.891067,553323291,"Actur-Rey Fernando",side_street,0.2096,0.8225,0.19,0.9255,0.2104,0.2191,0.1979,0.2486,0.3493,4.5,4.5,4.5,4.4,4.6,5
41.675992,-0.890777,553323292,"Actur-Rey Fernando",side_street,0.2229,0.5838,0.19,0.9409,0.2236,0.2325,0.2175,0.2672,0.368,4,4,4,3.9,4.1,4.4
41.687399,-0.874944,555770485,"Actur-Rey Fernando",side_street,0.1457,0.2,0.1829,0.0283,0.1584,0.1313,0.1453,0.1415,0.1905,1.7,1.7,1.6,1.7,1.6,1.9
41.68695,-0.87496,555770485,"Actur-Rey Fernando",side_street,0.1425,0.2,0.1829,0.0355,0.1531,0.1275,0.1444,0.1417,0.1873,1.7,1.7,1.6,1.7,1.6,1.9
41.674397,-0.886319,574102279,"Actur-Rey Fernando",square,0.2566,0.0042,0.1944,0.2123,0.2479,0.2547,0.2617,0.279,0.2882,1.8,1.7,1.7,1.8,1.9,1.9
41.67469,-0.885335,574102280,"Actur-Rey Fernando",square,0.2138,0.0026,0.1924,0.0526,0.2166,0.2111,0.2141,0.2118,0.187,1.3,1.3,1.3,1.3,1.3,1.2
41.674267,-0.88538,574102281,"Actur-Rey Fernando",square,0.2398,0.0026,0.1933,0.0849,0.2357,0.2323,0.2451,0.2424,0.2028,1.5,1.5,1.4,1.5,1.5,1.3
41.674269,-0.885079,574102281,"Actur-Rey Fernando",square,0.2367,0.0026,0.1933,0.0879,0.2337,0.2298,0.2422,0.235,0.1911,1.5,1.5,1.4,1.5,1.5,1.2
41.674134,-0.885069,574102281,"Actur-Rey Fernando",square,0.2429,0.0026,0.1933,0.1029,0.2398,0.2335,0.2484,0.2386,0.1923,1.5,1.5,1.5,1.6,1.5,1.3
41.673138,-0.887322,618790484,"Actur-Rey Fernando",main_street,0.3274,0.6649,0.197,0.261,0.3154,0.3265,0.3325,0.3635,0.3951,4,3.9,3.9,4,4,4.1
41.673136,-0.887623,618790484,"Actur-Rey Fernando",main_street,0.333,0.6706,0.1959,0.3081,0.3212,0.3318,0.339,0.3697,0.4033,4,4,4,4,4.1,4.2
41.673136,-0.887924,618790484,"Actur-Rey Fernando",main_street,0.3351,0.6706,0.1959,0.3277,0.3229,0.3358,0.3421,0.3776,0.4228,4,4,4,4.1,4.2,4.3
41.673142,-0.888225,618790484,"Actur-Rey Fernando",main_street,0.3328,0.787,0.1956,0.5068,0.3157,0.3331,0.3385,0.3783,0.4329,4.5,4.4,4.5,4.5,4.6,4.8
41.676083,-0.889281,626023556,"Actur-Rey Fernando",side_street,0.2637,0.448,0.1918,0.9367,0.2569,0.2744,0.2675,0.3033,0.3906,3.8,3.7,3.8,3.8,3.9,4.1
41.676032,-0.888996,626023558,"Actur-Rey Fernando",side_street,0.2655,0.7094,0.1909,0.9213,0.2598,0.2774,0.2698,0.3046,0.3851,4.4,4.4,4.4,4.4,4.5,4.8
41.676024,-0.887792,626023558,"Actur-Rey Fernando",side_street,0.2439,0.7094,0.19,0.7452,0.2322,0.2459,0.2432,0.2785,0.3341,4.2,4.1,4.2,4.2,4.3,4.5
41.676022,-0.887491,626023558,"Actur-Rey Fernando",side_street,0.2349,0.7094,0.19,0.5109,0.2285,0.2366,0.237,0.2708,0.3207,4,3.9,4,4,4,4.2
41.67602,-0.88719,626023558,"Actur-Rey Fernando",side_street,0.2253,0.7094,0.1909,0.3611,0.2234,0.2271,0.2272,0.26,0.2969,3.8,3.8,3.8,3.8,3.9,4
41.676018,-0.886889,626023558,"Actur-Rey Fernando",side_street,0.2159,0.7045,0.1909,0.2891,0.2133,0.2159,0.2152,0.246,0.2723,3.7,3.7,3.7,3.7,3.8,3.9
41.676016,-0.886588,626023558,"Actur-Rey Fernando",side_street,0.2053,0.385,0.1909,0.2296,0.2049,0.2065,0.2007,0.2264,0.2562,2.8,2.8,2.8,2.7,2.8,3
41.676014,-0.886287,626023558,"Actur-Rey Fernando",side_street,0.1932,0.385,0.1909,0.1466,0.1959,0.195,0.1856,0.2027,0.2241,2.7,2.7,2.7,2.6,2.7,2.8
41.677978,-0.887156,630654118,"Actur-Rey Fernando",side_street,0.119,0.3619,0.1874,0.148,0.1121,0.1244,0.1139,0.1622,0.2383,2.3,2.3,2.4,2.3,2.5,2.8
41.670815,-0.884433,652110466,"Actur-Rey Fernando",side_street,0.425,0.0314,0.203,0.0266,0.4401,0.406,0.4346,0.3715,0.3208,2.5,2.5,2.4,2.5,2.3,2
41.670636,-0.886148,656970496,"Actur-Rey Fernando",side_street,0.4558,0.3443,0.2051,0.1321,0.4641,0.4511,0.4628,0.4469,0.4675,3.5,3.5,3.5,3.5,3.5,3.6
41.670412,-0.886149,656970496,"Actur-Rey Fernando",side_street,0.4671,0.3443,0.2051,0.1371,0.4723,0.462,0.474,0.4573,0.4859,3.5,3.6,3.5,3.6,3.5,3.6
41.670932,-0.886703,656970497,"Actur-Rey Fernando",side_street,0.4538,0.0596,0.2082,0.1709,0.456,0.4575,0.4565,0.4623,0.5172,2.8,2.8,2.8,2.8,2.8,3
41.670937,-0.887004,656970497,"Actur-Rey Fernando",side_street,0.4593,0.0596,0.2082,0.1628,0.4603,0.4669,0.4593,0.4782,0.5456,2.8,2.8,2.8,2.8,2.8,3.1
41.670942,-0.887305,656970497,"Actur-Rey Fernando",side_street,0.4635,0.0596,0.2082,0.1925,0.4613,0.4743,0.4616,0.4959,0.579,2.8,2.8,2.8,2.8,2.9,3.2
41.670947,-0.887606,656970497,"Actur-Rey Fernando",side_street,0.4652,0.0596,0.2082,0.3698,0.4601,0.477,0.4624,0.5119,0.6077,2.9,2.9,3,2.9,3.1,3.5
41.670776,-0.887041,656970497,"Actur-Rey Fernando",side_street,0.4657,0.0614,0.2082,0.1748,0.4658,0.4737,0.4661,0.4871,0.5581,2.8,2.8,2.8,2.8,2.9,3.2
41.670772,-0.88674,656970497,"Actur-Rey Fernando",side_street,0.4614,0.0614,0.2082,0.1464,0.4645,0.4647,0.4633,0.4703,0.5266,2.8,2.8,2.8,2.8,2.8,3
41.667697,-0.887095,663810818,"Actur-Rey Fernando",side_street,0.486,0.4388,0.1993,0.9671,0.4767,0.5008,0.4895,0.5362,0.6396,4.5,4.5,4.6,4.5,4.6,5
41.667681,-0.88652,663810820,"Actur-Rey Fernando",side_street,0.4823,0.6658,0.1993,0.9642,0.4747,0.4895,0.489,0.5218,0.6105,5.1,5.1,5.2,5.2,5.3,5.8
41.667691,-0.88547,663810822,"Actur-Rey Fernando",side_street,0.4535,0.4671,0.197,0.8612,0.4528,0.4498,0.4657,0.4529,0.452,4.4,4.4,4.3,4.4,4.3,4.3
41.667692,-0.885771,663810822,"Actur-Rey Fernando",side_street,0.4664,0.4671,0.197,0.8975,0.4652,0.4665,0.477,0.474,0.5065,4.4,4.4,4.4,4.5,4.5,4.6
41.667693,-0.886072,663810822,"Actur-Rey Fernando",side_street,0.4768,0.4794,0.197,0.9288,0.4739,0.4812,0.4864,0.4987,0.5557,4.5,4.6,4.6,4.6,4.6,4.8
41.674025,-0.884743,669304324,"Actur-Rey Fernando",side_street,0.2362,0.0715,0.1933,0.121,0.2363,0.2288,0.2414,0.2251,0.18,1.8,1.8,1.7,1.9,1.7,1.5
41.673877,-0.88719,669304325,"Actur-Rey Fernando",side_street,0.2908,0.1246,0.1952,0.2744,0.276,0.2935,0.2956,0.3286,0.3622,2.5,2.4,2.5,2.5,2.6,2.7
41.675219,-0.887428,669304327,"Actur-Rey Fernando",side_street,0.2596,0.0336,0.1933,0.5629,0.2497,0.2644,0.2629,0.2975,0.352,2.3,2.3,2.4,2.4,2.5,2.7
41.676226,-0.89067,669310405,"Actur-Rey Fernando",main_street,0.2209,0.8895,0.1892,0.9439,0.2191,0.2294,0.214,0.2644,0.3672,4.7,4.7,4.8,4.7,4.9,5.3
41.676042,-0.890664,669310406,"Actur-Rey Fernando",main_street,0.2263,0.6994,0.19,0.9449,0.2248,0.235,0.2227,0.2716,0.3724,4.2,4.2,4.3,4.2,4.4,4.7
41.675818,-0.89066,669310406,"Actur-Rey Fernando",main_street,0.2339,0.8938,0.1909,0.948,0.2294,0.2435,0.2304,0.2795,0.3823,4.8,4.8,4.8,4.8,5,5.4
41.675593,-0.890664,669310406,"Actur-Rey Fernando",main_street,0.2456,0.8938,0.1933,0.9542,0.2346,0.2531,0.2402,0.2866,0.3941,4.9,4.8,4.9,4.8,5,5.5
41.670342,-0.890677,669310411,"Actur-Rey Fernando",main_street,0.4248,0.6074,0.2094,0.7832,0.4077,0.4343,0.4211,0.5064,0.6608,4.6,4.6,4.6,4.6,4.9,5.6
41.670121,-0.890621,669310411,"Actur-Rey Fernando",main_street,0.4389,0.6056,0.2082,0.8205,0.421,0.4483,0.4339,0.5301,0.6939,4.7,4.6,4.7,4.7,5,5.8
41.669902,-0.890549,669310411,"Actur-Rey Fernando",main_street,0.4594,0.6002,0.2082,0.867,0.4388,0.4741,0.4528,0.5537,0.7213,4.8,4.7,4.8,4.7,5.1,6
41.669688,-0.890456,669310411,"Actur-Rey Fernando",main_street,0.4712,0.6001,0.2094,0.8899,0.4495,0.4863,0.463,0.5687,0.7354,4.8,4.8,4.9,4.8,5.2,6.1
41.669479,-0.890347,669310411,"Actur-Rey Fernando",main_street,0.4784,0.6008,0.2082,0.8836,0.4579,0.4967,0.4682,0.5753,0.7386,4.9,4.8,4.9,4.8,5.3,6.1
41.669215,-0.890174,669310412,"Actur-Rey Fernando",main_street,0.4812,0.6062,0.2051,0.8646,0.4606,0.502,0.4698,0.5796,0.7398,4.9,4.8,4.9,4.8,5.3,6.1
41.669026,-0.89001,669310412,"Actur-Rey Fernando",main_street,0.4816,0.6077,0.2051,0.8515,0.4611,0.5055,0.471,0.5786,0.7374,4.9,4.8,5,4.8,5.3,6.1
41.667273,-0.888091,669310414,"Actur-Rey Fernando",main_street,0.4487,0.3527,0.1993,0.9577,0.4382,0.471,0.4508,0.5066,0.6303,4.1,4.1,4.2,4.1,4.3,4.7
41.67798,-0.887689,669316381,"Actur-Rey Fernando",side_street,0.1417,0.4471,0.1878,0.4288,0.131,0.1516,0.1324,0.1911,0.2781,2.9,2.8,2.9,2.8,3.1,3.4
41.677979,-0.887388,669316381,"Actur-Rey Fernando",side_street,0.1295,0.4471,0.1874,0.3111,0.1215,0.1415,0.1235,0.1786,0.2646,2.7,2.7,2.8,2.7,2.9,3.2
41.688171,-0.875947,675318045,"Actur-Rey Fernando",side_street,0.1053,0.3509,0.1829,0.3657,0.1071,0.0958,0.1098,0.1092,0.1487,2.5,2.5,2.4,2.5,2.5,2.6
41.676024,-0.876519,675657597,"El Rabal",main_street,0.082,0.4208,0.2822,0.2175,0.08,0.0789,0.0886,0.0859,0.0914,2.6,2.6,2.6,2.6,2.6,2.7
41.67582,-0.876646,675657597,"El Rabal",main_street,0.0859,0.4285,0.2822,0.2499,0.0841,0.0845,0.0909,0.0899,0.0962,2.7,2.7,2.7,2.7,2.7,2.7
41.677693,-0.87247,675657598,"El Rabal",main_street,0.1255,0.4479,0.3228,0.6902,0.107,0.117,0.1422,0.1617,0.162,3.3,3.2,3.3,3.4,3.4,3.5
41.677695,-0.872771,675657598,"El Rabal",main_street,0.1172,0.4235,0.3145,0.6492,0.0998,0.1095,0.1331,0.1538,0.1569,3.1,3.1,3.1,3.2,3.3,3.3
41.669933,-0.892476,676862335,"Actur-Rey Fernando",side_street,0.2663,0.3146,0.2051,0.3354,0.2566,0.2757,0.2681,0.3135,0.4056,2.9,2.9,2.9,2.9,3.1,3.4
41.671657,-0.889418,676862338,"Actur-Rey Fernando",main_street,0.4118,0.6415,0.2099,0.5488,0.3919,0.4129,0.412,0.477,0.6064,4.4,4.4,4.4,4.4,4.6,5.1
41.671882,-0.889415,676862338,"Actur-Rey Fernando",main_street,0.4021,0.6415,0.2094,0.523,0.3816,0.3995,0.4038,0.4587,0.5743,4.4,4.3,4.3,4.4,4.6,5
41.672107,-0.88941,676862338,"Actur-Rey Fernando",main_street,0.3886,0.649,0.207,0.4753,0.3639,0.3867,0.3908,0.4421,0.548,4.3,4.2,4.3,4.3,4.5,4.8
41.672331,-0.889409,676862338,"Actur-Rey Fernando",main_street,0.3703,0.6651,0.203,0.3433,0.3501,0.3683,0.3772,0.4237,0.5194,4.2,4.1,4.2,4.2,4.3,4.6
41.672556,-0.889411,676862338,"Actur-Rey Fernando",main_street,0.3556,0.6817,0.1993,0.486,0.3348,0.3554,0.3561,0.4077,0.4993,4.3,4.2,4.3,4.3,4.4,4.7
41.668283,-0.887742,676862339,"Actur-Rey Fernando",main_street,0.5042,0.7044,0.2017,0.9445,0.4881,0.5285,0.5044,0.5678,0.6802,5.4,5.3,5.5,5.4,5.7,6.3
41.678086,-0.893585,677708847,"Actur-Rey Fernando",side_street,0.052,0.0863,0.1882,0.0769,0.0612,0.0564,0.0365,0.0336,0.0717,0.9,0.9,0.9,0.9,0.9,1
41.672621,-0.876986,680222954,"El Rabal",main_street,0.149,0.5075,0.2928,0.4064,0.1522,0.1365,0.1627,0.1364,0.096,3.2,3.2,3.2,3.3,3.2,3.1
41.674817,-0.877095,691970233,"El Rabal",main_street,0.1331,0.6316,0.2822,0.5243,0.1314,0.1287,0.1406,0.1439,0.1282,3.6,3.6,3.6,3.6,3.6,3.6
41.674598,-0.877159,691970233,"El Rabal",main_street,0.1447,0.6388,0.2822,0.4939,0.1378,0.1376,0.1518,0.1528,0.1326,3.6,3.6,3.6,3.7,3.6,3.6
41.674991,-0.877035,691970234,"El Rabal",main_street,0.1242,0.6246,0.2822,0.4997,0.1225,0.121,0.1306,0.1352,0.1237,3.5,3.5,3.5,3.5,3.6,3.5
41.672941,-0.87819,691970235,"El Rabal",main_street,0.1244,0.5958,0.3054,0.4952,0.1324,0.1149,0.1396,0.1167,0.092,3.5,3.5,3.5,3.5,3.5,3.4
41.672506,-0.876973,691970238,"El Rabal",main_street,0.1458,0.4983,0.2988,0.3991,0.1511,0.1338,0.1598,0.1324,0.0938,3.2,3.2,3.2,3.3,3.2,3
41.668912,-0.876626,691970241,"El Rabal",main_street,0.0868,0.307,0.2822,0.3074,0.0855,0.0862,0.0927,0.0951,0.1235,2.4,2.4,2.4,2.4,2.4,2.5
41.669136,-0.876651,691970241,"El Rabal",main_street,0.093,0.307,0.2822,0.2476,0.0943,0.0943,0.0995,0.1016,0.1289,2.4,2.4,2.4,2.4,2.4,2.5
41.668658,-0.876596,691970242,"El Rabal",main_street,0.079,0.3099,0.2822,0.3544,0.0783,0.077,0.0858,0.0854,0.1162,2.4,2.4,2.4,2.4,2.4,2.5
41.668723,-0.876741,691970243,"El Rabal",main_street,0.0821,0.3208,0.2822,0.3404,0.0827,0.081,0.089,0.0875,0.1193,2.4,2.4,2.5,2.5,2.5,2.6
41.670573,-0.876919,691970244,"El Rabal",main_street,0.1409,0.3285,0.2928,0.3786,0.159,0.1393,0.1552,0.1211,0.1085,2.7,2.7,2.7,2.7,2.7,2.6
41.670348,-0.876899,691970244,"El Rabal",main_street,0.1302,0.3285,0.2928,0.2777,0.1478,0.1286,0.1449,0.1166,0.1115,2.6,2.7,2.6,2.7,2.6,2.5
41.6699,-0.876858,691970244,"El Rabal",main_street,0.1174,0.3285,0.2988,0.2359,0.1278,0.1169,0.1265,0.1159,0.1306,2.5,2.6,2.5,2.6,2.5,2.6
41.669675,-0.876838,691970244,"El Rabal",main_street,0.1133,0.3285,0.2928,0.2141,0.1203,0.1132,0.1201,0.1174,0.1381,2.5,2.5,2.5,2.5,2.5,2.6
41.669227,-0.876797,691970244,"El Rabal",main_street,0.0974,0.3166,0.2822,0.2427,0.0988,0.0979,0.1057,0.106,0.1333,2.4,2.4,2.4,2.4,2.4,2.5
41.669003,-0.876771,691970244,"El Rabal",main_street,0.0913,0.3166,0.2822,0.2592,0.092,0.0919,0.0974,0.0996,0.1273,2.4,2.4,2.4,2.4,2.4,2.5
41.677169,-0.868564,694357670,"El Rabal",secondary_street,0.1692,0.3159,0.327,0.6748,0.1656,0.1916,0.1704,0.1856,0.169,3.1,3,3.2,3.1,3.1,3.1
41.677386,-0.868487,694357670,"El Rabal",secondary_street,0.1615,0.3159,0.327,0.6693,0.1529,0.1823,0.1622,0.1758,0.1597,3,3,3.1,3,3.1,3.1
41.677604,-0.868411,694357670,"El Rabal",secondary_street,0.1395,0.3159,0.327,0.6439,0.1311,0.1662,0.1451,0.1573,0.1456,2.9,2.9,3,2.9,3,3
41.683032,-0.867149,807429253,"Actur-Rey Fernando",secondary_street,0.0081,0.195,0.1829,0.2114,0.0071,0.0085,0.0069,0.01,0.0267,1.2,1.2,1.2,1.2,1.2,1.3
41.683239,-0.86703,807429253,"Actur-Rey Fernando",secondary_street,0.0088,0.195,0.1829,0.2709,0.0081,0.0089,0.0071,0.0116,0.0328,1.2,1.2,1.2,1.2,1.2,1.4
41.670008,-0.875524,852502686,"El Rabal",side_street,0.1116,0.236,0.2822,0.1935,0.1166,0.1083,0.1152,0.107,0.115,2.1,2.1,2.1,2.2,2.2,2.2
41.669783,-0.875533,852502686,"El Rabal",side_street,0.1046,0.236,0.2737,0.1851,0.1057,0.1027,0.1087,0.1039,0.1203,2.1,2,2,2.1,2.1,2.2
41.669558,-0.875543,852502686,"El Rabal",side_street,0.0916,0.236,0.2737,0.1805,0.0931,0.0912,0.0967,0.0947,0.1145,2,2,2,2,2.1,2.1
41.674335,-0.889398,1112789378,"Actur-Rey Fernando",main_street,0.3012,0.8283,0.1952,0.9016,0.2849,0.3075,0.3031,0.351,0.458,4.8,4.8,4.9,4.8,5,5.5
41.668756,-0.88904,1279473035,"Actur-Rey Fernando",square,0.5089,0.016,0.2051,0.9135,0.4891,0.5393,0.5018,0.5936,0.7335,3.5,3.4,3.6,3.5,3.8,4.2
41.668837,-0.888892,1279473036,"Actur-Rey Fernando",square,0.516,0.0169,0.2051,0.9155,0.4962,0.5442,0.5073,0.6013,0.7363,3.5,3.5,3.6,3.5,3.8,4.2
41.668665,-0.888753,1279473036,"Actur-Rey Fernando",square,0.5092,0.0246,0.2051,0.9224,0.49,0.539,0.5034,0.5889,0.725,3.5,3.5,3.6,3.5,3.8,4.2
41.668796,-0.888946,1279473036,"Actur-Rey Fernando",square,0.5134,0.0169,0.2051,0.9145,0.4934,0.542,0.5045,0.5975,0.7349,3.5,3.4,3.6,3.5,3.8,4.2
41.675504,-0.889391,1352294904,"Actur-Rey Fernando",main_street,0.2872,0.8179,0.1933,0.9486,0.2752,0.2964,0.2891,0.3287,0.435,4.8,4.7,4.8,4.8,4.9,5.4
41.675729,-0.889387,1352294904,"Actur-Rey Fernando",main_street,0.2781,0.8179,0.1924,0.9438,0.2696,0.2869,0.2828,0.3173,0.4104,4.7,4.7,4.8,4.8,4.9,5.3
41.674639,-0.889397,1352294905,"Actur-Rey Fernando",main_street,0.3088,0.8186,0.1959,0.9551,0.2934,0.3161,0.3086,0.3608,0.4928,4.9,4.8,4.9,4.9,5.1,5.8
41.674864,-0.889396,1352294905,"Actur-Rey Fernando",main_street,0.3109,0.8186,0.1944,0.9638,0.2973,0.3191,0.3115,0.3631,0.5027,4.9,4.9,4.9,4.9,5.1,5.8
41.690307,-0.826071,24376582,"Distrito Rural",main_street,0.0123,0.0809,0.0037,0.3458,0.0109,0.0153,0.011,0.0263,0.063,0.7,0.7,0.7,0.7,0.8,0.8
41.690491,-0.825898,24376582,"Distrito Rural",main_street,0.0143,0.0819,0.0037,0.3542,0.0116,0.0165,0.0127,0.0284,0.0685,0.7,0.7,0.7,0.7,0.8,0.9
41.690854,-0.825543,24376582,"Distrito Rural",main_street,0.0136,0.0845,0.0037,0.3776,0.0114,0.016,0.0124,0.0269,0.0601,0.8,0.8,0.8,0.8,0.8,0.9
41.691035,-0.825364,24376582,"Distrito Rural",main_street,0.0126,0.0868,0.0037,0.432,0.011,0.0151,0.0117,0.0253,0.0594,0.8,0.8,0.8,0.8,0.8,0.9
41.691215,-0.825183,24376582,"Distrito Rural",main_street,0.0098,0.0868,0.0037,0.4532,0.0095,0.0116,0.0096,0.0218,0.0475,0.8,0.8,0.8,0.8,0.8,0.9
41.666696,-0.824024,28248277,"Santa Isabel",main_street,0.1296,0.7215,0.1231,0.4763,0.1003,0.1306,0.1519,0.1874,0.1815,3.5,3.4,3.5,3.6,3.7,3.7
41.678817,-0.864782,39373889,"El Rabal",side_street,0.0164,0.0184,0.3393,0.0085,0.0163,0.0168,0.0155,0.0073,0.0006,0.8,0.8,0.8,0.8,0.8,0.8
41.667566,-0.853549,39503248,"El Rabal",side_street,0.0345,0.1362,0.2715,0.2316,0.0246,0.0326,0.0396,0.0577,0.0753,1.3,1.3,1.3,1.3,1.5,1.5
41.667367,-0.853408,39503248,"El Rabal",side_street,0.0383,0.1362,0.2715,0.2582,0.0264,0.0355,0.043,0.0642,0.0821,1.4,1.3,1.4,1.4,1.5,1.6
41.66717,-0.853264,39503248,"El Rabal",side_street,0.0382,0.1549,0.2715,0.2675,0.0269,0.0345,0.044,0.0623,0.0757,1.5,1.4,1.4,1.5,1.6,1.7
41.670628,-0.860563,42126192,"El Rabal",secondary_street,0.1441,0.3434,0.3442,0.4963,0.188,0.2034,0.1097,0.0855,0.0697,2.9,3.1,3.2,2.8,2.8,2.7
41.670705,-0.858565,42159923,"El Rabal",side_street,0.0497,0.0712,0.3427,0.1296,0.0562,0.0633,0.0382,0.038,0.0391,1.2,1.2,1.3,1.1,1.1,1.2
41.670909,-0.85844,42159923,"El Rabal",side_street,0.0449,0.0712,0.3442,0.1037,0.0526,0.0594,0.0346,0.0352,0.0397,1.2,1.2,1.2,1.1,1.1,1.1
41.671318,-0.858188,42159923,"El Rabal",side_street,0.0341,0.0712,0.3442,0.0701,0.0431,0.049,0.0239,0.0259,0.0325,1.1,1.1,1.1,1,1,1.1
41.671522,-0.858063,42159923,"El Rabal",side_street,0.0301,0.0712,0.3442,0.0567,0.0401,0.0445,0.0201,0.0233,0.0285,1,1.1,1.1,1,1,1
41.670646,-0.858436,42159958,"El Rabal",side_street,0.0455,0.0622,0.3427,0.1139,0.0529,0.0589,0.0358,0.0348,0.0353,1.1,1.2,1.2,1.1,1.1,1.1
41.667021,-0.828188,42388682,"Santa Isabel",side_street,0.1959,0.5424,0.1341,0.1693,0.1841,0.1899,0.2072,0.2195,0.1566,3,2.9,3,3,3.1,2.9
41.667246,-0.828167,42388682,"Santa Isabel",side_street,0.1952,0.5283,0.1341,0.1501,0.184,0.1894,0.2066,0.2183,0.1583,2.9,2.9,2.9,2.9,3,2.8
41.667469,-0.828136,42388682,"Santa Isabel",side_street,0.1947,0.524,0.1341,0.1246,0.1833,0.1875,0.2058,0.2171,0.1601,2.9,2.8,2.9,2.9,3,2.8
41.667687,-0.828068,42388682,"Santa Isabel",side_street,0.1914,0.3953,0.1341,0.0944,0.1771,0.1822,0.1998,0.2103,0.1587,2.6,2.5,2.5,2.6,2.6,2.4
41.669362,-0.833718,42388684,"Santa Isabel",side_street,0.0991,0.7633,0.1341,0.0264,0.0927,0.0878,0.1237,0.0993,0.0465,3.1,3.1,3.1,3.2,3.1,3
41.669168,-0.833869,42388684,"Santa Isabel",side_street,0.1063,0.6598,0.1341,0.0488,0.0969,0.0927,0.1313,0.103,0.0469,2.9,2.8,2.8,2.9,2.9,2.7
41.668707,-0.833678,42388685,"Santa Isabel",side_street,0.1371,0.7855,0.1341,0.1099,0.1259,0.1166,0.1683,0.1323,0.0684,3.4,3.3,3.3,3.5,3.4,3.2
41.668901,-0.833526,42388685,"Santa Isabel",side_street,0.1285,0.7855,0.1341,0.0671,0.1187,0.1108,0.1594,0.1285,0.0676,3.3,3.3,3.3,3.4,3.3,3.1
41.670069,-0.832624,42388685,"Santa Isabel",side_street,0.1114,0.6214,0.1341,0.0037,0.1067,0.094,0.1336,0.0991,0.0574,2.8,2.7,2.7,2.8,2.7,2.6
41.670264,-0.832474,42388685,"Santa Isabel",side_street,0.1081,0.6241,0.1341,0.0185,0.1043,0.0914,0.1276,0.0945,0.0564,2.8,2.7,2.7,2.8,2.8,2.6
41.670457,-0.832318,42388685,"Santa Isabel",side_street,0.0975,0.7801,0.1341,0.0572,0.0984,0.0848,0.114,0.0858,0.0553,3.2,3.2,3.1,3.2,3.1,3
41.667003,-0.831042,42388686,"Santa Isabel",side_street,0.239,0.4917,0.1231,0.4025,0.221,0.2229,0.2634,0.274,0.2066,3.2,3.1,3.1,3.3,3.3,3.1
41.667223,-0.830977,42388686,"Santa Isabel",side_street,0.2424,0.4917,0.1231,0.3888,0.2237,0.2257,0.2665,0.2767,0.2144,3.2,3.1,3.1,3.3,3.3,3.1
41.667377,-0.831118,42388686,"Santa Isabel",side_street,0.2397,0.5479,0.1231,0.3824,0.2229,0.2241,0.2641,0.2749,0.2155,3.3,3.3,3.3,3.4,3.5,3.3
41.668299,-0.824239,42388690,"Santa Isabel",side_street,0.1502,0.2431,0.1231,0.2571,0.1135,0.1453,0.1692,0.2004,0.1839,2,1.8,2,2.2,2.3,2.2
41.668392,-0.824512,42388690,"Santa Isabel",side_street,0.1621,0.2431,0.1231,0.2275,0.1237,0.1546,0.174,0.2106,0.1954,2.1,1.8,2,2.1,2.3,2.2
41.668486,-0.824786,42388690,"Santa Isabel",side_street,0.1666,0.2059,0.1231,0.1962,0.1304,0.1594,0.1776,0.213,0.1946,1.9,1.7,1.8,2,2.2,2
41.671065,-0.828005,42388691,"Santa Isabel",side_street,0.089,0.4459,0.1231,0.1834,0.0834,0.0815,0.0985,0.101,0.1068,2.4,2.3,2.3,2.4,2.4,2.4
41.670858,-0.828124,42388691,"Santa Isabel",side_street,0.0978,0.4459,0.1231,0.1608,0.0936,0.0902,0.1105,0.1119,0.1104,2.4,2.4,2.4,2.4,2.4,2.4
41.667288,-0.826946,42388695,"Santa Isabel",side_street,0.2038,0.4648,0.1341,0.1105,0.1837,0.2012,0.2212,0.2548,0.2181,2.8,2.7,2.8,2.8,2.9,2.8
41.667074,-0.827037,42388695,"Santa Isabel",side_street,0.199,0.4648,0.1341,0.1214,0.1789,0.1984,0.2148,0.248,0.2038,2.7,2.7,2.8,2.8,2.9,2.8
41.666859,-0.827128,42388695,"Santa Isabel",side_street,0.1916,0.4648,0.1341,0.1276,0.1696,0.1854,0.2015,0.2301,0.1759,2.7,2.7,2.7,2.8,2.9,2.7
41.671687,-0.829826,42388700,"Santa Isabel",side_street,0.0888,0.199,0.1231,0.2554,0.0885,0.0793,0.0969,0.0888,0.0999,1.5,1.5,1.4,1.6,1.5,1.6
41.691015,-0.863312,42406390,"Distrito Rural",side_street,0.0122,0.0592,0.0037,0.0037,0.0107,0.0129,0.0148,0.0222,0.0228,0.5,0.5,0.5,0.5,0.6,0.6
41.69114,-0.863477,42406390,"Distrito Rural",side_street,0.0109,0.0547,0.0037,0.0037,0.0102,0.0117,0.014,0.0212,0.0196,0.5,0.5,0.5,0.5,0.5,0.5
41.689412,-0.863002,42406392,"Distrito Rural",side_street,0.003,0.0219,0.0037,0.0037,0.0016,0.0028,0.0041,0.0064,0.0096,0.5,0.5,0.5,0.5,0.5,0.5
41.684197,-0.854556,42464947,"Actur-Rey Fernando",side_street,0.0007,0.0292,0.1784,0.0144,0.0011,0.0007,0,0,0.0028,0.7,0.7,0.7,0.7,0.6,0.6
41.683989,-0.85467,42464947,"Actur-Rey Fernando",side_street,0.0006,0.0292,0.1784,0.0137,0.001,0.0006,0.0001,0.0001,0.0034,0.7,0.7,0.7,0.7,0.6,0.6
41.68467,-0.827613,42464956,"Distrito Rural",side_street,0.0018,0.0269,0.0037,0.2374,0.004,0.0017,0.0018,0.002,0.0085,0.6,0.6,0.6,0.6,0.6,0.6
41.684573,-0.827342,42464956,"Distrito Rural",side_street,0.0027,0.0269,0.0037,0.183,0.0058,0.0025,0.0027,0.0024,0.009,0.6,0.6,0.6,0.6,0.6,0.6
41.684476,-0.82707,42464956,"Distrito Rural",side_street,0.0025,0.0269,0.0037,0.1432,0.0065,0.0018,0.0025,0.0003,0.0049,0.5,0.6,0.5,0.5,0.5,0.5
41.666908,-0.830349,67255425,"Santa Isabel",side_street,0.2376,0.2795,0.1231,0.3509,0.2202,0.223,0.2607,0.2719,0.2048,2.6,2.6,2.6,2.7,2.7,2.5
41.667123,-0.830263,67255425,"Santa Isabel",side_street,0.2378,0.2791,0.1231,0.3461,0.2219,0.2234,0.2616,0.2709,0.2062,2.6,2.6,2.6,2.7,2.7,2.5
41.66968,-0.838859,78342665,"Santa Isabel",main_street,0.0609,0.7623,0.1231,0.6683,0.0656,0.067,0.056,0.0738,0.1317,3.5,3.6,3.5,3.5,3.6,3.7
41.669843,-0.839047,78342667,"Santa Isabel",main_street,0.0599,0.122,0.1231,0.6631,0.0625,0.0654,0.0551,0.0772,0.1417,1.6,1.6,1.6,1.6,1.7,2
41.670325,-0.839002,78342704,"Santa Isabel",side_street,0.0447,0.6679,0.1231,0.6432,0.0466,0.0489,0.038,0.0555,0.0998,3.2,3.2,3.2,3.2,3.2,3.4
41.670358,-0.839299,78342704,"Santa Isabel",side_street,0.0434,0.6538,0.1231,0.6063,0.0454,0.0482,0.0375,0.0553,0.0984,3.1,3.1,3.1,3.1,3.2,3.3
41.669976,-0.860894,79714766,"El Rabal",side_street,0.1227,0.228,0.3442,0.3202,0.1721,0.1871,0.0998,0.0728,0.0414,2.4,2.6,2.7,2.4,2.3,2
41.669239,-0.860325,82897599,"El Rabal",main_street,0.0917,0.555,0.3427,0.2581,0.1272,0.143,0.0743,0.0505,0.0189,3.1,3.2,3.3,3,3,2.9
41.669028,-0.860221,82897599,"El Rabal",main_street,0.0824,0.555,0.3419,0.1908,0.1078,0.1198,0.0674,0.0455,0.0151,3,3.1,3.2,2.9,2.9,2.8
41.668908,-0.83862,99202402,"Distrito Rural",side_street,0.0575,0.2277,0.0077,0.5088,0.0639,0.0582,0.0523,0.0503,0.0878,1.5,1.5,1.5,1.5,1.5,1.6
41.66722,-0.831608,99253876,"Santa Isabel",side_street,0.2357,0.4349,0.1231,0.4594,0.2188,0.222,0.2586,0.2747,0.2223,3.1,3,3,3.2,3.2,3.1
41.667007,-0.831697,99253876,"Santa Isabel",side_street,0.2295,0.47,0.1231,0.4966,0.2152,0.2176,0.2541,0.2698,0.2148,3.2,3.1,3.2,3.3,3.4,3.2
41.667854,-0.831308,99256573,"Santa Isabel",side_street,0.2213,0.6313,0.1231,0.2979,0.21,0.2103,0.2425,0.2511,0.186,3.4,3.4,3.4,3.5,3.5,3.3
41.668064,-0.831204,99256573,"Santa Isabel",side_street,0.2185,0.5854,0.1231,0.2483,0.2075,0.2069,0.2369,0.2443,0.1858,3.2,3.2,3.2,3.3,3.3,3.1
41.669098,-0.830612,99256573,"Santa Isabel",side_street,0.1943,0.4981,0.1231,0.0633,0.197,0.18,0.1988,0.1745,0.1488,2.8,2.8,2.7,2.8,2.7,2.6
41.669305,-0.830494,99256573,"Santa Isabel",side_street,0.1897,0.4981,0.1231,0.0726,0.1943,0.1741,0.1925,0.1631,0.1461,2.7,2.8,2.7,2.7,2.7,2.6
41.669511,-0.830374,99256573,"Santa Isabel",side_street,0.1813,0.4703,0.1231,0.0236,0.1901,0.1638,0.1854,0.1491,0.1327,2.6,2.7,2.6,2.6,2.5,2.4
41.669329,-0.834222,99269193,"Santa Isabel",side_street,0.0878,0.2082,0.1341,0.042,0.0811,0.0767,0.107,0.0863,0.0417,1.3,1.3,1.2,1.4,1.2,1.1
41.669217,-0.833962,99269193,"Santa Isabel",side_street,0.1003,0.2165,0.1341,0.0298,0.0941,0.0893,0.1246,0.0992,0.0459,1.4,1.3,1.3,1.5,1.4,1.1
41.668078,-0.831367,99269193,"Santa Isabel",side_street,0.2165,0.1436,0.1231,0.2511,0.2055,0.2045,0.2346,0.2418,0.1803,2,1.9,1.9,2.1,2.2,1.7
41.6707,-0.828051,99346266,"Santa Isabel",side_street,0.1091,0.3259,0.1231,0.131,0.1001,0.0984,0.1198,0.1248,0.1215,2,1.9,1.9,2.1,2.1,2
41.670608,-0.827777,99346266,"Santa Isabel",side_street,0.1118,0.3202,0.1231,0.0981,0.1006,0.102,0.1241,0.1317,0.1268,1.9,1.8,1.8,2,2.1,2
41.670249,-0.826673,99346266,"Santa Isabel",side_street,0.1252,0.3248,0.1139,0.0893,0.1064,0.1122,0.148,0.1507,0.1245,2,1.9,1.9,2.1,2.2,1.9
41.670156,-0.826399,99346266,"Santa Isabel",side_street,0.1303,0.246,0.1231,0.0875,0.1111,0.1153,0.155,0.1564,0.1255,1.7,1.6,1.6,1.9,1.9,1.7
41.670062,-0.826125,99346266,"Santa Isabel",side_street,0.1309,0.246,0.1231,0.0892,0.1109,0.116,0.1562,0.1591,0.1244,1.7,1.6,1.6,1.9,1.9,1.6
41.669972,-0.825849,99346266,"Santa Isabel",side_street,0.1292,0.2427,0.1231,0.0933,0.106,0.1145,0.1569,0.1598,0.1225,1.7,1.6,1.6,1.9,1.9,1.6
41.669883,-0.825573,99346266,"Santa Isabel",side_street,0.1239,0.2427,0.1231,0.0601,0.0999,0.1097,0.1535,0.1553,0.117,1.6,1.5,1.5,1.8,1.8,1.6
41.66761,-0.828256,99467218,"Santa Isabel",side_street,0.1938,0.4446,0.1341,0.1186,0.1829,0.1851,0.2041,0.212,0.1579,2.7,2.7,2.7,2.7,2.8,2.6
41.667549,-0.827967,99467218,"Santa Isabel",side_street,0.1926,0.2894,0.1341,0.0991,0.1791,0.1849,0.2038,0.2158,0.1607,2.3,2.2,2.2,2.3,2.4,2.1
41.667464,-0.827376,99467218,"Santa Isabel",side_street,0.1969,0.2894,0.1341,0.0926,0.1808,0.1959,0.2113,0.2362,0.1847,2.3,2.2,2.3,2.3,2.4,2.2
41.667421,-0.82708,99467218,"Santa Isabel",side_street,0.2024,0.2894,0.1341,0.1083,0.1834,0.2005,0.2198,0.2517,0.2073,2.3,2.2,2.3,2.4,2.5,2.3
41.667332,-0.82649,99467218,"Santa Isabel",side_street,0.2076,0.5108,0.1231,0.1413,0.1854,0.2082,0.2271,0.2691,0.2537,2.9,2.8,2.9,2.9,3.1,3.1
41.667287,-0.826195,99467218,"Santa Isabel",side_street,0.2106,0.5108,0.1231,0.1504,0.1875,0.211,0.2306,0.2733,0.2616,2.9,2.8,2.9,3,3.2,3.1
41.666965,-0.829321,100006086,"Santa Isabel",side_street,0.2144,0.2332,0.1341,0.4405,0.2046,0.2093,0.2287,0.2458,0.1902,2.5,2.5,2.5,2.6,2.6,2.4
41.669516,-0.830535,100010510,"Santa Isabel",side_street,0.1812,0.7121,0.1231,0.0216,0.1887,0.1642,0.1853,0.1508,0.1362,3.2,3.3,3.2,3.3,3.1,3.1
41.670194,-0.832097,100010510,"Santa Isabel",side_street,0.1189,0.7049,0.1341,0.01,0.1239,0.0996,0.1401,0.1009,0.0722,3,3,2.9,3.1,3,2.9
41.670308,-0.832356,100010510,"Santa Isabel",side_street,0.1095,0.7117,0.1341,0.0196,0.1077,0.0926,0.1286,0.0948,0.0598,3,3,2.9,3.1,3,2.9
41.67042,-0.832617,100010510,"Santa Isabel",side_street,0.0923,0.5284,0.1341,0.0565,0.091,0.0774,0.1088,0.0824,0.0471,2.5,2.5,2.5,2.6,2.5,2.3
41.667995,-0.825423,100011461,"Santa Isabel",side_street,0.2036,0.2552,0.1231,0.1605,0.1786,0.2011,0.221,0.2641,0.2533,2.2,2.1,2.2,2.3,2.5,2.4
41.667908,-0.825146,100011461,"Santa Isabel",side_street,0.2034,0.2552,0.1231,0.1963,0.1781,0.2018,0.2185,0.2668,0.2653,2.3,2.1,2.3,2.3,2.5,2.5
41.667822,-0.824868,100011461,"Santa Isabel",side_street,0.1991,0.2552,0.1231,0.2439,0.1735,0.1995,0.2118,0.2646,0.2689,2.3,2.2,2.3,2.4,2.6,2.6
41.667735,-0.82459,100011461,"Santa Isabel",side_street,0.1911,0.2552,0.1231,0.2889,0.1597,0.1904,0.198,0.2579,0.2678,2.3,2.2,2.3,2.4,2.6,2.6
41.667648,-0.824313,100011461,"Santa Isabel",side_street,0.1737,0.2552,0.1231,0.3419,0.1345,0.1724,0.1822,0.2357,0.2412,2.3,2.1,2.3,2.3,2.5,2.5
41.667944,-0.82564,100011761,"Santa Isabel",side_street,0.2077,0.2976,0.1231,0.173,0.1851,0.2066,0.2277,0.2701,0.2581,2.4,2.3,2.4,2.5,2.6,2.6
41.667733,-0.825744,100011761,"Santa Isabel",side_street,0.2166,0.2976,0.1231,0.1156,0.1935,0.2142,0.239,0.2807,0.2695,2.4,2.3,2.4,2.5,2.6,2.6
41.667299,-0.833017,100027571,"Santa Isabel",side_street,0.1853,0.131,0.1341,0.3065,0.1734,0.1718,0.1966,0.199,0.1358,1.9,1.8,1.8,2,2,1.6
41.66752,-0.832959,100027571,"Santa Isabel",side_street,0.187,0.0909,0.1341,0.2841,0.1754,0.1737,0.1994,0.1979,0.1304,1.7,1.6,1.6,1.7,1.7,1.4
41.67199,-0.831496,102223601,"Santa Isabel",side_street,0.0692,0.5587,0.1139,0.3705,0.0677,0.0636,0.0715,0.0776,0.103,2.7,2.7,2.7,2.7,2.8,2.9
41.672197,-0.831377,102223601,"Santa Isabel",side_street,0.0661,0.5587,0.1139,0.4002,0.0657,0.062,0.0683,0.0755,0.1061,2.7,2.7,2.7,2.7,2.8,2.9
41.66901,-0.838444,131225441,"Santa Isabel",side_street,0.0578,0.3115,0.1231,0.5365,0.0637,0.0598,0.054,0.057,0.0913,2.2,2.2,2.2,2.2,2.2,2.3
41.669046,-0.838506,131225442,"Distrito Rural",side_street,0.0577,0.3023,0.0077,0.5417,0.0642,0.0605,0.0536,0.0568,0.0926,1.9,1.9,1.8,1.8,1.9,2
41.66871,-0.838499,131225443,"Santa Isabel",side_street,0.0538,0.2924,0.1231,0.4671,0.0596,0.054,0.0472,0.0432,0.0776,2,2,2,2,2,2.1
41.670353,-0.845819,135616889,"El Rabal",side_street,0.0417,0.1313,0.2724,0.3912,0.0417,0.0339,0.0483,0.0365,0.0309,1.6,1.6,1.5,1.6,1.5,1.5
41.668774,-0.844998,135616909,"El Rabal",side_street,0.0866,0.1075,0.2724,0.1463,0.0917,0.0769,0.092,0.0769,0.1036,1.4,1.4,1.3,1.4,1.3,1.5
41.668577,-0.844852,135616909,"El Rabal",side_street,0.092,0.1075,0.2724,0.1097,0.0995,0.0834,0.0971,0.0783,0.1046,1.3,1.4,1.3,1.4,1.2,1.4
41.668462,-0.844593,135616911,"El Rabal",side_street,0.0996,0.0226,0.2724,0.0861,0.1167,0.0904,0.1066,0.0784,0.1054,1.1,1.1,1,1.1,1,1.1
41.668575,-0.844333,135616911,"El Rabal",side_street,0.1169,0.0226,0.2724,0.0609,0.1427,0.104,0.1186,0.0876,0.1217,1.1,1.2,1.1,1.1,1,1.1
41.668687,-0.844072,135616911,"El Rabal",side_street,0.12,0.0226,0.2724,0.0584,0.1492,0.1066,0.1215,0.0885,0.1228,1.1,1.3,1.1,1.1,1,1.1
41.674036,-0.863262,135616915,"El Rabal",side_street,0.1183,0.1783,0.346,0.0175,0.1986,0.2055,0.0748,0.0226,0.0001,1.9,2.3,2.3,1.6,1.3,1.2
41.667422,-0.860233,135746958,"El Rabal",side_street,0.0407,0.7893,0.3385,0.0133,0.0468,0.0472,0.0362,0.0277,0.0161,3.3,3.4,3.4,3.3,3.3,3.2
41.690799,-0.863502,165952927,"Distrito Rural",secondary_street,0.0103,0.1187,0.0037,0.0037,0.0096,0.0109,0.0134,0.0204,0.0168,0.6,0.6,0.6,0.6,0.6,0.6
41.690831,-0.863465,165952928,"Distrito Rural",secondary_street,0.0106,0.0473,0.0037,0.0037,0.01,0.0112,0.0138,0.0206,0.0179,0.5,0.5,0.5,0.5,0.5,0.5
41.669083,-0.830984,226295960,"Santa Isabel",side_street,0.1915,0.1302,0.1231,0.0647,0.1922,0.1755,0.1962,0.1727,0.1451,1.5,1.5,1.4,1.6,1.4,1.3
41.669276,-0.83083,226295960,"Santa Isabel",side_street,0.1891,0.1555,0.1231,0.0365,0.1925,0.1738,0.193,0.1665,0.1458,1.6,1.6,1.5,1.6,1.5,1.3
41.669469,-0.830675,226295960,"Santa Isabel",side_street,0.182,0.1555,0.1231,0.0516,0.1892,0.1666,0.1873,0.1542,0.1372,1.5,1.6,1.5,1.6,1.4,1.3
41.668721,-0.837776,229822988,"Santa Isabel",side_street,0.044,0.342,0.1231,0.4951,0.0486,0.0455,0.04,0.0406,0.0637,2.2,2.2,2.2,2.2,2.2,2.3
41.668562,-0.838305,229822989,"Santa Isabel",square,0.05,0.0357,0.1231,0.4432,0.0548,0.0492,0.0441,0.0393,0.0633,1,1,1,1,0.9,1
41.668415,-0.838078,229822989,"Santa Isabel",square,0.0411,0.0357,0.1231,0.4115,0.0469,0.0406,0.0372,0.0324,0.0502,0.9,0.9,0.9,0.9,0.9,0.9
41.668386,-0.824132,229823812,"Santa Isabel",square,0.1355,0.0798,0.1231,0.2575,0.1037,0.1303,0.1577,0.1892,0.17,1.3,1.1,1.2,1.4,1.6,1.5
41.668577,-0.824694,229823813,"Santa Isabel",square,0.159,0.0926,0.1231,0.2022,0.1207,0.1501,0.1723,0.2012,0.1792,1.4,1.2,1.3,1.4,1.6,1.5
41.669879,-0.832597,234133537,"Santa Isabel",side_street,0.1173,0.0312,0.1341,0.0037,0.1156,0.0985,0.1426,0.1071,0.0657,0.9,0.9,0.8,0.9,0.8,0.7
41.669196,-0.83104,234133537,"Santa Isabel",side_street,0.186,0.1251,0.1231,0.0259,0.1888,0.1704,0.1919,0.1649,0.1398,1.4,1.4,1.3,1.4,1.3,1.2
41.669084,-0.830779,234133537,"Santa Isabel",side_street,0.1936,0.1001,0.1231,0.0644,0.196,0.1793,0.1984,0.1764,0.1485,1.4,1.4,1.3,1.4,1.3,1.2
41.670651,-0.828244,367000603,"Santa Isabel",side_street,0.1074,0.2771,0.1231,0.1337,0.1002,0.0971,0.1179,0.1196,0.1163,1.8,1.7,1.7,1.8,1.9,1.8
41.690789,-0.863217,431068454,"Distrito Rural",secondary_street,0.0102,0.1775,0.0037,0.0037,0.0098,0.0107,0.013,0.0201,0.0178,0.7,0.7,0.7,0.7,0.7,0.7
41.690936,-0.863182,431068455,"Distrito Rural",secondary_street,0.0112,0.1806,0.0037,0.0037,0.0105,0.0123,0.0144,0.0215,0.0206,0.7,0.7,0.7,0.7,0.7,0.7
41.69115,-0.863096,431068455,"Distrito Rural",secondary_street,0.011,0.1504,0.0037,0.0037,0.0103,0.0119,0.0143,0.0211,0.0188,0.7,0.7,0.7,0.7,0.7,0.7
41.671168,-0.827725,449112226,"Santa Isabel",side_street,0.0871,0.1726,0.1139,0.1586,0.0782,0.0783,0.0953,0.1006,0.1059,1.2,1.2,1.2,1.3,1.3,1.3
41.671072,-0.827452,449112226,"Santa Isabel",side_street,0.0921,0.1726,0.1139,0.1187,0.0828,0.0863,0.1027,0.1148,0.1173,1.2,1.2,1.2,1.3,1.3,1.3
41.670976,-0.82718,449112226,"Santa Isabel",side_street,0.0936,0.1726,0.1139,0.1167,0.0837,0.0876,0.1064,0.1208,0.1186,1.2,1.2,1.2,1.3,1.4,1.3
41.670884,-0.826906,449112226,"Santa Isabel",side_street,0.0961,0.1576,0.1139,0.0934,0.0848,0.0896,0.1094,0.1251,0.1172,1.1,1.1,1.1,1.2,1.3,1.3
41.670791,-0.826632,449112226,"Santa Isabel",side_street,0.0999,0.1576,0.1139,0.1047,0.0871,0.0933,0.1146,0.1314,0.1179,1.2,1.1,1.1,1.2,1.3,1.3
41.670699,-0.826357,449112226,"Santa Isabel",side_street,0.1054,0.1576,0.1139,0.0992,0.0896,0.0955,0.122,0.1326,0.1116,1.2,1.1,1.2,1.3,1.3,1.2
41.670523,-0.825803,449112226,"Santa Isabel",side_street,0.1075,0.1528,0.1139,0.101,0.09,0.0951,0.1295,0.1341,0.0996,1.2,1.1,1.1,1.3,1.3,1.2
41.670444,-0.825521,449112226,"Santa Isabel",side_street,0.1036,0.1523,0.1231,0.1128,0.0876,0.0921,0.1259,0.1295,0.0924,1.2,1.1,1.2,1.3,1.3,1.2
41.670365,-0.825239,449112226,"Santa Isabel",side_street,0.0985,0.1523,0.1231,0.0763,0.0831,0.0888,0.1222,0.1275,0.0899,1.1,1.1,1.1,1.2,1.2,1.1
41.670289,-0.824956,449112226,"Santa Isabel",side_street,0.0941,0.156,0.1231,0.1003,0.0767,0.0847,0.1155,0.1234,0.089,1.2,1.1,1.1,1.3,1.3,1.1
41.672681,-0.862049,465361578,"El Rabal",main_street,0.1594,0.5182,0.3456,0.2075,0.2128,0.2239,0.0991,0.0449,0.0055,3.2,3.4,3.4,3,2.8,2.7
41.692355,-0.862404,465971053,"Distrito Rural",secondary_street,0.0151,0.0579,0.0037,0.0037,0.0113,0.015,0.0157,0.0244,0.0274,0.5,0.5,0.5,0.5,0.6,0.6
41.666692,-0.824286,467785386,"Santa Isabel",side_street,0.1426,0.5025,0.1231,0.4302,0.1066,0.144,0.1605,0.1987,0.1957,2.9,2.8,2.9,2.9,3.1,3.1
41.692584,-0.862315,480473910,"Distrito Rural",secondary_street,0.0158,0.0568,0.0037,0.0037,0.0117,0.0158,0.0164,0.0256,0.0284,0.5,0.5,0.5,0.5,0.6,0.6
41.669763,-0.838468,481117525,"Santa Isabel",side_street,0.0572,0.219,0.1231,0.6434,0.0589,0.0609,0.0507,0.0663,0.1129,2,1.9,2,2,2.1,2.3
41.669898,-0.838709,481117525,"Santa Isabel",side_street,0.0571,0.219,0.1231,0.6474,0.0584,0.0613,0.0492,0.068,0.1221,2,2,2,1.9,2.1,2.3
41.669632,-0.838944,510879465,"Santa Isabel",main_street,0.0632,0.8708,0.1231,0.6672,0.0671,0.0691,0.0574,0.0756,0.1364,3.8,3.8,3.8,3.8,3.8,4
41.671064,-0.860527,610274844,"El Rabal",side_street,0.1412,0.09,0.3442,0.4286,0.1898,0.2039,0.1059,0.0803,0.0632,2.2,2.4,2.5,2,1.9,1.7
41.671506,-0.861209,610274844,"El Rabal",side_street,0.1754,0.1077,0.3442,0.2753,0.2175,0.234,0.1207,0.0745,0.0336,2.2,2.4,2.5,2,1.7,1.5
41.668589,-0.833707,617629079,"Santa Isabel",side_street,0.1401,0.4601,0.1341,0.1279,0.1285,0.1197,0.1699,0.1333,0.0646,2.6,2.5,2.5,2.7,2.6,2.3
41.6687,-0.833969,617629079,"Santa Isabel",side_street,0.1213,0.3991,0.1341,0.109,0.1105,0.1053,0.1525,0.1201,0.0519,2.3,2.3,2.2,2.4,2.3,1.9
41.672173,-0.831088,619559949,"Santa Isabel",square,0.077,0.04,0.1139,0.3679,0.0731,0.0711,0.0807,0.0886,0.121,1,1,1,1,1,1.2
41.672083,-0.830812,619559949,"Santa Isabel",square,0.0882,0.04,0.1139,0.3344,0.0849,0.0831,0.0943,0.1023,0.1321,1,1,1,1,1.1,1.2
41.671992,-0.830537,619559949,"Santa Isabel",square,0.0948,0.04,0.1231,0.3105,0.0921,0.0883,0.1026,0.1077,0.1286,1,1,1,1,1.1,1.2
41.671902,-0.830261,619559949,"Santa Isabel",square,0.0955,0.04,0.1231,0.2274,0.0945,0.0879,0.105,0.1025,0.1197,1,0.9,0.9,1,1,1
41.671811,-0.829986,619559949,"Santa Isabel",square,0.0919,0.04,0.1231,0.2417,0.0909,0.0832,0.1006,0.0938,0.1064,1,0.9,0.9,1,1,1
41.669966,-0.860922,620321018,"El Rabal",side_street,0.1225,0.1357,0.3442,0.3136,0.1724,0.1874,0.0996,0.0724,0.041,2.1,2.3,2.4,2,1.9,1.7
41.669517,-0.823221,669593242,"Santa Isabel",side_street,0.0736,0.3599,0.1231,0.2643,0.0647,0.0664,0.0888,0.0944,0.0934,2.1,2,2,2.2,2.3,2.2
41.669308,-0.823332,669593242,"Santa Isabel",side_street,0.0811,0.3599,0.1231,0.3082,0.0692,0.0738,0.0947,0.1064,0.1023,2.2,2.1,2.2,2.3,2.3,2.3
41.669084,-0.838145,669667656,"Santa Isabel",main_street,0.0548,0.9716,0.1231,0.5553,0.0581,0.056,0.0482,0.0527,0.0885,3.9,3.9,3.9,3.9,3.9,4
41.669692,-0.860549,679053268,"El Rabal",main_street,0.1085,0.4149,0.3427,0.3399,0.1567,0.1687,0.0912,0.0659,0.0329,2.8,3,3.1,2.8,2.8,2.6
41.670793,-0.86032,679053269,"El Rabal",secondary_street,0.1268,0.182,0.3442,0.5105,0.1757,0.1945,0.0999,0.0806,0.0687,2.5,2.7,2.7,2.4,2.3,2.3
41.670716,-0.860602,679053269,"El Rabal",secondary_street,0.1501,0.1974,0.3442,0.498,0.1918,0.207,0.1109,0.0866,0.0733,2.6,2.7,2.8,2.5,2.4,2.3
41.670678,-0.860899,679053269,"El Rabal",secondary_street,0.1656,0.2704,0.3442,0.4279,0.2012,0.2185,0.1208,0.0896,0.0694,2.8,2.9,2.9,2.6,2.5,2.4
41.671076,-0.827223,693908329,"Santa Isabel",side_street,0.09,0.127,0.1139,0.0941,0.0787,0.0839,0.1009,0.1133,0.1148,1,1,1,1.1,1.1,1.1
41.671171,-0.827496,693908329,"Santa Isabel",side_street,0.0865,0.1398,0.1139,0.132,0.0766,0.078,0.0948,0.1019,0.1057,1.1,1,1.1,1.1,1.1,1.2
41.6704,-0.825046,693908330,"Santa Isabel",side_street,0.0909,0.1216,0.1231,0.0903,0.0742,0.0806,0.1114,0.1179,0.0871,1,1,1,1.1,1.1,1
41.670475,-0.82533,693908330,"Santa Isabel",side_street,0.0953,0.1216,0.1231,0.092,0.0791,0.0855,0.1159,0.1217,0.0872,1,1,1,1.1,1.2,1
41.670555,-0.825611,693908330,"Santa Isabel",side_street,0.0981,0.1148,0.1139,0.1068,0.0847,0.089,0.1184,0.1255,0.0916,1,1,1,1.1,1.1,1
41.670638,-0.825891,693908330,"Santa Isabel",side_street,0.0989,0.1148,0.1139,0.0998,0.0863,0.09,0.1183,0.1266,0.0972,1,1,1,1.1,1.1,1
41.670811,-0.826446,693908330,"Santa Isabel",side_street,0.0977,0.116,0.1139,0.1009,0.0856,0.0909,0.1131,0.1272,0.1101,1,1,1,1.1,1.1,1.1
41.670905,-0.82672,693908330,"Santa Isabel",side_street,0.0938,0.116,0.1139,0.0868,0.0814,0.0871,0.1081,0.1228,0.1119,1,1,1,1.1,1.1,1.1
41.670998,-0.826994,693908330,"Santa Isabel",side_street,0.0912,0.116,0.1139,0.1013,0.0794,0.0852,0.1032,0.1163,0.1125,1,1,1,1,1.1,1.1
41.67008,-0.860977,694355268,"El Rabal",side_street,0.1297,0.3169,0.3442,0.3178,0.1793,0.1971,0.1053,0.0762,0.0456,2.7,2.8,2.9,2.6,2.5,2.4
41.668834,-0.844871,694361490,"El Rabal",side_street,0.0914,0.0311,0.2724,0.1444,0.0971,0.0841,0.0958,0.0835,0.1132,1.1,1.1,1.1,1.1,1.1,1.2
41.668943,-0.844608,694361490,"El Rabal",side_street,0.0992,0.0244,0.2724,0.1362,0.1068,0.0931,0.1051,0.0921,0.129,1.1,1.2,1.1,1.1,1.1,1.3
41.669052,-0.844344,694361490,"El Rabal",side_street,0.1049,0.0244,0.2724,0.1228,0.116,0.096,0.1077,0.092,0.1297,1.1,1.2,1.1,1.1,1.1,1.2
41.67223,-0.830562,694361795,"Santa Isabel",side_street,0.0869,0.4833,0.1139,0.3266,0.0839,0.0787,0.0933,0.094,0.1181,2.6,2.6,2.6,2.6,2.6,2.7
41.672109,-0.830309,694361795,"Santa Isabel",side_street,0.0906,0.473,0.1139,0.2688,0.0888,0.0828,0.0975,0.0962,0.1153,2.5,2.5,2.5,2.6,2.5,2.6
41.671994,-0.83005,694361795,"Santa Isabel",side_street,0.0902,0.4667,0.1231,0.2366,0.089,0.0811,0.0977,0.091,0.106,2.5,2.5,2.5,2.5,2.5,2.5
41.669492,-0.838741,807775030,"Santa Isabel",main_street,0.0615,0.976,0.1231,0.629,0.0674,0.0677,0.0567,0.0694,0.12,4,4,4,4,4,4.2
41.66991,-0.838914,807775035,"Santa Isabel",main_street,0.0585,0.2839,0.1231,0.6615,0.0595,0.0629,0.0519,0.0722,0.1299,2.2,2.2,2.2,2.2,2.3,2.5
41.669945,-0.838784,807775038,"Santa Isabel",main_street,0.057,0.7275,0.1231,0.6563,0.0578,0.0612,0.0493,0.069,0.1231,3.4,3.4,3.4,3.4,3.5,3.6
41.67142,-0.837066,807775040,"Santa Isabel",main_street,0.0129,0.9129,0.1231,0.195,0.0151,0.0133,0.0129,0.0095,0.0116,3.3,3.3,3.4,3.3,3.3,3.4
41.67156,-0.83683,807775040,"Santa Isabel",main_street,0.0099,0.9129,0.1231,0.1888,0.013,0.0095,0.0106,0.0079,0.0064,3.3,3.3,3.3,3.3,3.3,3.3
41.669792,-0.838954,807775041,"Santa Isabel",main_street,0.0602,0.3648,0.1231,0.6567,0.0636,0.0656,0.0555,0.0759,0.1375,2.5,2.5,2.5,2.5,2.5,2.8
41.669752,-0.839119,807775042,"Santa Isabel",main_street,0.0653,0.8365,0.1231,0.657,0.0681,0.0702,0.0586,0.079,0.1439,3.7,3.7,3.8,3.7,3.8,3.9
41.670004,-0.839491,807775044,"Distrito Rural",main_street,0.0584,0.8415,0.0077,0.6268,0.0598,0.0622,0.0521,0.0714,0.1309,3.5,3.5,3.5,3.5,3.5,3.7
41.669853,-0.839268,807775044,"Distrito Rural",main_street,0.0633,0.8415,0.0077,0.6498,0.066,0.0681,0.0577,0.08,0.1457,3.5,3.5,3.5,3.5,3.6,3.8
41.66792,-0.824446,1394825766,"Santa Isabel",side_street,0.1752,0.5263,0.1231,0.2804,0.1379,0.174,0.1843,0.2367,0.2408,2.9,2.8,2.9,3,3.2,3.2
41.668551,-0.833761,1414102405,"Santa Isabel",side_street,0.1405,0.6603,0.1341,0.134,0.1286,0.1203,0.1702,0.1336,0.0643,3.1,3,3,3.2,3.1,2.8
41.667442,-0.830587,1433094120,"Santa Isabel",square,0.2371,0.1662,0.1231,0.3026,0.2217,0.2222,0.2605,0.2675,0.2029,2.2,2.1,2.2,2.3,2.4,2.1
41.667406,-0.830796,1433094120,"Santa Isabel",square,0.2414,0.1861,0.1231,0.3559,0.2239,0.2251,0.2658,0.2743,0.213,2.4,2.3,2.3,2.5,2.5,2.3
41.66853,-0.833572,1467542616,"Santa Isabel",side_street,0.1456,0.4295,0.1341,0.1379,0.1317,0.1241,0.1717,0.1396,0.0714,2.5,2.5,2.5,2.6,2.5,2.2
