{"type":"FeatureCollection","features":[{"type":"Feature","properties":{"name":"Centro","population":52000,"area_km2":1.72,"boundary_area_km2":1.807,"student":9.3,"tourist":9.3,"office":10.0,"transport":10.0,"competition_density":125.6,"centre":[41.646238,-0.883496],"radius_m":740},"geometry":{"type":"MultiPolygon","coordinates":[[[[-0.886483,41.639914],[-0.88641,41.639922],[-0.886314,41.639935],[-0.886236,41.639948],[-0.886098,41.639986],[-0.884752,41.640503],[-0.884604,41.640581],[-0.884275,41.640776],[-0.884051,41.640928],[-0.883852,41.641048],[-0.883499,41.640866],[-0.883436,41.640834],[-0.88341,41.64082],[-0.883192,41.640709],[-0.883151,41.640687],[-0.882902,41.64056],[-0.882876,41.640546],[-0.882639,41.640425],[-0.882613,41.640412],[-0.882406,41.640305],[-0.882371,41.640287],[-0.88234,41.640271],[-0.882175,41.640187],[-0.882137,41.640167],[-0.882053,41.640122],[-0.881548,41.639864],[-0.881302,41.639737],[-0.880792,41.639479],[-0.880501,41.639327],[-0.8793,41.638711],[-0.879095,41.638608],[-0.879069,41.638595],[-0.879001,41.638562],[-0.877263,41.637667],[-0.877195,41.637632],[-0.877071,41.637567],[-0.876967,41.637514],[-0.876924,41.637548],[-0.876722,41.637699],[-0.87665,41.637751],[-0.876485,41.637877],[-0.876144,41.638141],[-0.875753,41.63845],[-0.87573,41.638468],[-0.8757,41.638492],[-0.875606,41.638567],[-0.8754,41.638728],[-0.875327,41.638786],[-0.875292,41.638813],[-0.875256,41.638842],[-0.87515,41.638927],[-0.874124,41.639738],[-0.873887,41.639991],[-0.873769,41.640197],[-0.874441,41.640884],[-0.877131,41.644357],[-0.877529,41.644845],[-0.877283,41.644966],[-0.876499,41.645346],[-0.875635,41.645736],[-0.874854,41.646096],[-0.873957,41.646517],[-0.873138,41.64688],[-0.873049,41.646922],[-0.873076,41.646946],[-0.873118,41.64698],[-0.873156,41.647008],[-0.873202,41.647038],[-0.873246,41.647064],[-0.874215,41.647547],[-0.874674,41.647775],[-0.874906,41.647888],[-0.875194,41.648033],[-0.875261,41.648072],[-0.875286,41.648094],[-0.875335,41.64815],[-0.875463,41.648338],[-0.87557,41.648506],[-0.875628,41.648596],[-0.875647,41.648628],[-0.87578,41.648851],[-0.875799,41.648883],[-0.875819,41.648916],[-0.875958,41.649149],[-0.876032,41.649289],[-0.876078,41.649381],[-0.876097,41.649429],[-0.876111,41.649483],[-0.876122,41.649633],[-0.876083,41.649927],[-0.876089,41.649999],[-0.8761,41.65005],[-0.87612,41.650095],[-0.876136,41.650127],[-0.876152,41.650171],[-0.876162,41.650217],[-0.876195,41.650452],[-0.876224,41.65051],[-0.876272,41.650548],[-0.876309,41.650578],[-0.876353,41.650602],[-0.87643,41.650632],[-0.876528,41.65067],[-0.876593,41.650689],[-0.876745,41.650739],[-0.877013,41.650825],[-0.877097,41.650854],[-0.877362,41.650948],[-0.877452,41.65098],[-0.877711,41.651063],[-0.877798,41.651092],[-0.877983,41.651154],[-0.878468,41.651316],[-0.878788,41.651424],[-0.879142,41.651543],[-0.879293,41.651599],[-0.879382,41.651636],[-0.879588,41.65172],[-0.879625,41.651735],[-0.879723,41.651775],[-0.87982,41.651812],[-0.880092,41.651937],[-0.880237,41.652003],[-0.880291,41.652021],[-0.881259,41.652606],[-0.882757,41.653329],[-0.88303,41.653478],[-0.883691,41.65388],[-0.883888,41.653999],[-0.883925,41.654001],[-0.884101,41.65401],[-0.884153,41.65389],[-0.884449,41.653138],[-0.884498,41.653018],[-0.884566,41.652843],[-0.884604,41.652744],[-0.88463,41.652678],[-0.884672,41.6526],[-0.884714,41.65253],[-0.884739,41.652497],[-0.884773,41.652451],[-0.884804,41.652415],[-0.884829,41.652386],[-0.884864,41.652352],[-0.885008,41.652226],[-0.88505,41.652189],[-0.885076,41.652165],[-0.885103,41.65214],[-0.885185,41.652064],[-0.885246,41.652006],[-0.885494,41.651767],[-0.885779,41.651494],[-0.885871,41.651405],[-0.885999,41.651285],[-0.886032,41.651252],[-0.886056,41.651225],[-0.886087,41.651182],[-0.88614,41.651097],[-0.886189,41.651034],[-0.886225,41.650984],[-0.886337,41.650853],[-0.886381,41.650805],[-0.886429,41.650763],[-0.886656,41.650579],[-0.88692,41.650375],[-0.887297,41.650072],[-0.887468,41.649947],[-0.887723,41.649739],[-0.887777,41.649774],[-0.887811,41.649795],[-0.887891,41.649839],[-0.887944,41.64987],[-0.888159,41.649983],[-0.888205,41.650007],[-0.888241,41.650026],[-0.888322,41.650068],[-0.88846,41.650141],[-0.888697,41.650265],[-0.888764,41.650301],[-0.888839,41.65034],[-0.888937,41.650393],[-0.888978,41.650415],[-0.889168,41.650515],[-0.889373,41.650624],[-0.889461,41.65067],[-0.889627,41.650759],[-0.889886,41.650896],[-0.890089,41.651004],[-0.890375,41.651157],[-0.890489,41.651217],[-0.890697,41.651327],[-0.890796,41.651391],[-0.890844,41.651425],[-0.890874,41.651447],[-0.890936,41.651498],[-0.891004,41.651559],[-0.891051,41.651605],[-0.891107,41.651666],[-0.89116,41.651727],[-0.891396,41.651998],[-0.891425,41.652032],[-0.891454,41.652065],[-0.89148,41.652097],[-0.891605,41.65224],[-0.891778,41.652439],[-0.891801,41.652466],[-0.892188,41.652911],[-0.892439,41.653199],[-0.892679,41.653443],[-0.893149,41.653916],[-0.893366,41.654296],[-0.893412,41.654386],[-0.893455,41.65449],[-0.893408,41.654322],[-0.893304,41.65386],[-0.893338,41.653558],[-0.893343,41.65352],[-0.893348,41.653484],[-0.89337,41.653332],[-0.893425,41.65297],[-0.893469,41.652689],[-0.893523,41.652295],[-0.893535,41.652214],[-0.893496,41.652041],[-0.893661,41.65096],[-0.893754,41.650337],[-0.893789,41.649939],[-0.893774,41.649534],[-0.893748,41.649337],[-0.893692,41.64892],[-0.893677,41.648754],[-0.893751,41.648538],[-0.893804,41.648352],[-0.893814,41.647949],[-0.893792,41.647604],[-0.893777,41.647386],[-0.893684,41.646764],[-0.893635,41.64647],[-0.893476,41.645922],[-0.89328,41.645555],[-0.892931,41.645055],[-0.892753,41.644841],[-0.892364,41.644541],[-0.891875,41.64419],[-0.891619,41.644039],[-0.891334,41.643885],[-0.891019,41.643746],[-0.890698,41.643623],[-0.889803,41.643367],[-0.889554,41.643295],[-0.886863,41.642521],[-0.886414,41.642344],[-0.886187,41.642242],[-0.886193,41.642191],[-0.886202,41.642124],[-0.886205,41.642106],[-0.886212,41.642054],[-0.886218,41.642014],[-0.886222,41.641993],[-0.886327,41.641301],[-0.886354,41.641118],[-0.886497,41.640195],[-0.886508,41.640097],[-0.886512,41.64005],[-0.886511,41.640022],[-0.886506,41.63999],[-0.886501,41.639973],[-0.886488,41.639932],[-0.886483,41.639914]]]]}},{"type":"Feature","properties":{"name":"Universidad","population":50000,"area_km2":2.52,"boundary_area_km2":3.065,"student":10.0,"tourist":8.6,"office":8.6,"transport":8.6,"competition_density":50.0,"centre":[41.638177,-0.898027],"radius_m":896},"geometry":{"type":"MultiPolygon","coordinates":[[[[-0.893792,41.647604],[-0.893777,41.647386],[-0.893684,41.646764],[-0.893635,41.64647],[-0.893476,41.645922],[-0.89328,41.645555],[-0.892931,41.645055],[-0.892753,41.644841],[-0.892364,41.644541],[-0.891875,41.64419],[-0.891619,41.644039],[-0.891334,41.643885],[-0.891019,41.643746],[-0.890698,41.643623],[-0.889803,41.643367],[-0.889554,41.643295],[-0.886863,41.642521],[-0.886414,41.642344],[-0.886187,41.642242],[-0.886193,41.642191],[-0.886202,41.642124],[-0.886205,41.642106],[-0.886212,41.642054],[-0.886218,41.642014],[-0.886222,41.641993],[-0.886327,41.641301],[-0.886354,41.641118],[-0.886497,41.640195],[-0.886508,41.640097],[-0.886512,41.64005],[-0.886511,41.640022],[-0.886506,41.63999],[-0.886501,41.639973],[-0.886488,41.639932],[-0.886483,41.639914],[-0.886463,41.639851],[-0.886453,41.63982],[-0.886446,41.639798],[-0.886421,41.639727],[-0.886235,41.639213],[-0.886185,41.639077],[-0.886148,41.639016],[-0.886113,41.638974],[-0.886077,41.638947],[-0.885892,41.638879],[-0.885262,41.638602],[-0.884668,41.638336],[-0.884605,41.6383],[-0.884535,41.638248],[-0.884487,41.638201],[-0.884446,41.63815],[-0.884418,41.638104],[-0.884395,41.638054],[-0.884375,41.637981],[-0.88437,41.637907],[-0.884379,41.637799],[-0.884393,41.637673],[-0.884415,41.637511],[-0.88452,41.636778],[-0.884523,41.636756],[-0.884525,41.636736],[-0.884534,41.636673],[-0.884575,41.636375],[-0.884613,41.63609],[-0.884682,41.635581],[-0.88473,41.635228],[-0.884747,41.635096],[-0.884816,41.634552],[-0.884845,41.634324],[-0.884857,41.634231],[-0.884874,41.634102],[-0.884883,41.634034],[-0.884891,41.633982],[-0.884905,41.633882],[-0.884919,41.633788],[-0.884939,41.633659],[-0.884953,41.633562],[-0.884985,41.633366],[-0.884989,41.633344],[-0.885012,41.633222],[-0.886322,41.633386],[-0.886423,41.633396],[-0.888611,41.633617],[-0.889899,41.633737],[-0.890294,41.633753],[-0.890692,41.633708],[-0.890961,41.633637],[-0.891233,41.63351],[-0.891406,41.633397],[-0.891538,41.633292],[-0.89159,41.633154],[-0.891589,41.633038],[-0.891473,41.632216],[-0.891459,41.632034],[-0.891456,41.631951],[-0.891465,41.631864],[-0.891485,41.63178],[-0.891567,41.631524],[-0.89202,41.630254],[-0.892079,41.630131],[-0.892143,41.630033],[-0.892226,41.629938],[-0.89235,41.629826],[-0.892512,41.629746],[-0.892634,41.629708],[-0.893553,41.629641],[-0.895189,41.62956],[-0.895707,41.629516],[-0.896161,41.629345],[-0.896328,41.62924],[-0.896625,41.629031],[-0.897383,41.628501],[-0.897555,41.628346],[-0.897619,41.628279],[-0.897645,41.628306],[-0.897802,41.628463],[-0.89793,41.628569],[-0.898039,41.628652],[-0.898208,41.628758],[-0.89868,41.629027],[-0.901577,41.630542],[-0.904188,41.631767],[-0.904421,41.6319],[-0.904624,41.632079],[-0.904898,41.632337],[-0.90505,41.632464],[-0.90519,41.632533],[-0.905823,41.632674],[-0.906378,41.632842],[-0.90661,41.63294],[-0.90822,41.633674],[-0.90958,41.634299],[-0.910924,41.63492],[-0.911044,41.634977],[-0.91136,41.635145],[-0.911661,41.635344],[-0.911982,41.635588],[-0.91232,41.63592],[-0.91246,41.636079],[-0.912618,41.636279],[-0.912715,41.636432],[-0.912832,41.636632],[-0.912928,41.636836],[-0.913038,41.637089],[-0.91448,41.640367],[-0.91383,41.64056],[-0.90975,41.64187],[-0.906355,41.642964],[-0.905471,41.643249],[-0.899996,41.64502],[-0.899761,41.645184],[-0.899017,41.645493],[-0.898319,41.645771],[-0.898202,41.645817],[-0.898069,41.645872],[-0.897448,41.646129],[-0.897161,41.646245],[-0.896724,41.646421],[-0.896625,41.646461],[-0.89628,41.6466],[-0.895983,41.646714],[-0.895278,41.646996],[-0.895082,41.647072],[-0.895018,41.647096],[-0.89478,41.64719],[-0.894532,41.647292],[-0.894444,41.647328],[-0.894172,41.647436],[-0.894121,41.647457],[-0.893911,41.647545],[-0.893802,41.647599],[-0.893792,41.647604]]]]}},{"type":"Feature","properties":{"name":"San José","population":65000,"area_km2":1.88,"boundary_area_km2":3.616,"student":6.4,"tourist":2.1,"office":7.1,"transport":6.4,"competition_density":56.9,"centre":[41.636745,-0.874372],"radius_m":774},"geometry":{"type":"MultiPolygon","coordinates":[[[[-0.868143,41.617289],[-0.868141,41.617289],[-0.867926,41.617521],[-0.867526,41.617931],[-0.866657,41.618676],[-0.866373,41.61891],[-0.865905,41.619213],[-0.865408,41.619528],[-0.864914,41.619804],[-0.864244,41.620143],[-0.863705,41.620368],[-0.863178,41.620573],[-0.862382,41.62083],[-0.860644,41.621311],[-0.859797,41.621535],[-0.85909,41.621754],[-0.858758,41.621873],[-0.858026,41.622097],[-0.857221,41.622391],[-0.855952,41.622927],[-0.85522,41.623252],[-0.855047,41.623328],[-0.855822,41.623932],[-0.859083,41.626464],[-0.861715,41.62851],[-0.863528,41.630049],[-0.862728,41.629689],[-0.862566,41.62961],[-0.862326,41.629506],[-0.862118,41.629427],[-0.861909,41.629353],[-0.861669,41.629285],[-0.861471,41.629235],[-0.861214,41.629183],[-0.861048,41.629154],[-0.860823,41.629124],[-0.860588,41.6291],[-0.860352,41.62909],[-0.860168,41.629083],[-0.859905,41.62909],[-0.859663,41.629105],[-0.859435,41.629125],[-0.859235,41.629153],[-0.858986,41.629196],[-0.858748,41.629249],[-0.858547,41.6293],[-0.858323,41.62937],[-0.858048,41.629468],[-0.857786,41.629577],[-0.857572,41.629674],[-0.85731,41.6298],[-0.85706,41.629937],[-0.85685,41.630071],[-0.856716,41.630166],[-0.856632,41.630232],[-0.856449,41.630395],[-0.856449,41.630395],[-0.856549,41.630459],[-0.857197,41.630851],[-0.857385,41.630975],[-0.857621,41.631134],[-0.858181,41.63152],[-0.859789,41.632669],[-0.860319,41.633194],[-0.860322,41.633205],[-0.860329,41.633215],[-0.860357,41.633245],[-0.860424,41.633307],[-0.860827,41.633688],[-0.861206,41.634077],[-0.861504,41.634378],[-0.86157,41.634446],[-0.861639,41.634512],[-0.861886,41.634769],[-0.862023,41.634919],[-0.862107,41.635013],[-0.862131,41.635037],[-0.862197,41.635098],[-0.862236,41.635123],[-0.862459,41.635339],[-0.862603,41.635477],[-0.8629,41.635762],[-0.862924,41.635788],[-0.863283,41.636158],[-0.863346,41.636223],[-0.863634,41.636517],[-0.863782,41.636668],[-0.864301,41.637322],[-0.864628,41.637762],[-0.864739,41.637913],[-0.86493,41.638163],[-0.864996,41.638255],[-0.865124,41.638438],[-0.865508,41.638957],[-0.865536,41.638995],[-0.865672,41.639173],[-0.866129,41.63974],[-0.866194,41.639826],[-0.866386,41.640046],[-0.866604,41.640311],[-0.866656,41.640376],[-0.866909,41.640673],[-0.86703,41.640805],[-0.867093,41.640868],[-0.867281,41.641077],[-0.867443,41.641257],[-0.867491,41.641315],[-0.86752,41.641349],[-0.867822,41.641694],[-0.868033,41.641932],[-0.8681,41.642006],[-0.868489,41.642435],[-0.868661,41.642632],[-0.868708,41.642681],[-0.868798,41.642781],[-0.868905,41.642911],[-0.869132,41.643155],[-0.869313,41.643346],[-0.869555,41.643623],[-0.869623,41.643696],[-0.870245,41.644352],[-0.87039,41.6445],[-0.870477,41.644585],[-0.870972,41.645051],[-0.871077,41.64515],[-0.871193,41.645249],[-0.872042,41.645983],[-0.872212,41.646124],[-0.872281,41.646201],[-0.872378,41.646297],[-0.872434,41.646349],[-0.872904,41.646787],[-0.872953,41.646834],[-0.872989,41.646867],[-0.873049,41.646922],[-0.873138,41.64688],[-0.873957,41.646517],[-0.874854,41.646096],[-0.875635,41.645736],[-0.876499,41.645346],[-0.877283,41.644966],[-0.877529,41.644845],[-0.877131,41.644357],[-0.874441,41.640884],[-0.873769,41.640197],[-0.873887,41.639991],[-0.874124,41.639738],[-0.87515,41.638927],[-0.875256,41.638842],[-0.875292,41.638813],[-0.875327,41.638786],[-0.8754,41.638728],[-0.875606,41.638567],[-0.8757,41.638492],[-0.87573,41.638468],[-0.875753,41.63845],[-0.876144,41.638141],[-0.876485,41.637877],[-0.87665,41.637751],[-0.876722,41.637699],[-0.876924,41.637548],[-0.876967,41.637514],[-0.877071,41.637567],[-0.877195,41.637632],[-0.877263,41.637667],[-0.879001,41.638562],[-0.879069,41.638595],[-0.879095,41.638608],[-0.8793,41.638711],[-0.880501,41.639327],[-0.880792,41.639479],[-0.881302,41.639737],[-0.881548,41.639864],[-0.882053,41.640122],[-0.882137,41.640167],[-0.882175,41.640187],[-0.88234,41.640271],[-0.882371,41.640287],[-0.882406,41.640305],[-0.882613,41.640412],[-0.882639,41.640425],[-0.882876,41.640546],[-0.882902,41.64056],[-0.883151,41.640687],[-0.883192,41.640709],[-0.88341,41.64082],[-0.883436,41.640834],[-0.883499,41.640866],[-0.883852,41.641048],[-0.884051,41.640928],[-0.884275,41.640776],[-0.884604,41.640581],[-0.884752,41.640503],[-0.886098,41.639986],[-0.886236,41.639948],[-0.886314,41.639935],[-0.88641,41.639922],[-0.886483,41.639914],[-0.886463,41.639851],[-0.886453,41.63982],[-0.886446,41.639798],[-0.886421,41.639727],[-0.886235,41.639213],[-0.886185,41.639077],[-0.886148,41.639016],[-0.886113,41.638974],[-0.886077,41.638947],[-0.885892,41.638879],[-0.885262,41.638602],[-0.884668,41.638336],[-0.884605,41.6383],[-0.884535,41.638248],[-0.884487,41.638201],[-0.884446,41.63815],[-0.884418,41.638104],[-0.884395,41.638054],[-0.884375,41.637981],[-0.88437,41.637907],[-0.884379,41.637799],[-0.884393,41.637673],[-0.884415,41.637511],[-0.88452,41.636778],[-0.884523,41.636756],[-0.884525,41.636736],[-0.884534,41.636673],[-0.884575,41.636375],[-0.884613,41.63609],[-0.884682,41.635581],[-0.88473,41.635228],[-0.884747,41.635096],[-0.884816,41.634552],[-0.884845,41.634324],[-0.884857,41.634231],[-0.884874,41.634102],[-0.884883,41.634034],[-0.884891,41.633982],[-0.884905,41.633882],[-0.884919,41.633788],[-0.884939,41.633659],[-0.884953,41.633562],[-0.884985,41.633366],[-0.884989,41.633344],[-0.885012,41.633222],[-0.884404,41.633149],[-0.882286,41.632896],[-0.881893,41.632834],[-0.88183,41.632813],[-0.881781,41.632791],[-0.881738,41.632763],[-0.881692,41.63272],[-0.88166,41.632669],[-0.881644,41.632635],[-0.881631,41.632588],[-0.88162,41.632442],[-0.881587,41.632087],[-0.881538,41.631714],[-0.881466,41.631368],[-0.881381,41.631124],[-0.881242,41.630868],[-0.881113,41.630678],[-0.880942,41.630483],[-0.880763,41.630337],[-0.880607,41.630244],[-0.879752,41.629792],[-0.879313,41.629549],[-0.879202,41.629502],[-0.87908,41.629476],[-0.87896,41.629468],[-0.878842,41.629484],[-0.878729,41.629507],[-0.878647,41.629528],[-0.877264,41.630065],[-0.876527,41.630431],[-0.875935,41.630704],[-0.875792,41.630729],[-0.875538,41.630731],[-0.875244,41.630647],[-0.875041,41.630566],[-0.87471,41.630438],[-0.874235,41.63031],[-0.873853,41.630202],[-0.873641,41.630119],[-0.873552,41.630056],[-0.873468,41.62996],[-0.873407,41.629849],[-0.873312,41.629622],[-0.87307,41.628854],[-0.872868,41.628554],[-0.872353,41.628227],[-0.872181,41.628053],[-0.872008,41.627604],[-0.871697,41.626802],[-0.871387,41.626588],[-0.871333,41.626526],[-0.871239,41.626395],[-0.871221,41.626257],[-0.871267,41.626053],[-0.871564,41.625245],[-0.871682,41.625],[-0.871788,41.624829],[-0.872067,41.624696],[-0.872254,41.624675],[-0.87294,41.624491],[-0.873056,41.624447],[-0.873163,41.624383],[-0.873259,41.624302],[-0.873317,41.624234],[-0.873359,41.62417],[-0.873395,41.624072],[-0.873421,41.623977],[-0.873426,41.623906],[-0.873414,41.623845],[-0.873388,41.623759],[-0.873346,41.623649],[-0.873275,41.623557],[-0.873092,41.623342],[-0.872705,41.622883],[-0.872552,41.622701],[-0.872409,41.622547],[-0.872319,41.622473],[-0.872171,41.622381],[-0.87199,41.62229],[-0.871786,41.622228],[-0.871394,41.622136],[-0.870706,41.621955],[-0.870483,41.621763],[-0.869598,41.62104],[-0.869493,41.620949],[-0.869428,41.620863],[-0.869371,41.620764],[-0.869343,41.620679],[-0.869326,41.62058],[-0.869343,41.620477],[-0.869409,41.620331],[-0.869505,41.620184],[-0.869608,41.620064],[-0.870068,41.61964],[-0.87049,41.619251],[-0.870715,41.619017],[-0.870801,41.618898],[-0.870864,41.618764],[-0.870896,41.618659],[-0.870899,41.618524],[-0.870845,41.61838],[-0.870737,41.618251],[-0.87023,41.617917],[-0.869585,41.617583],[-0.869115,41.617415],[-0.868143,41.617289]]]]}},{"type":"Feature","properties":{"name":"Delicias","population":105000,"area_km2":2.8,"boundary_area_km2":2.899,"student":7.1,"tourist":5.0,"office":7.9,"transport":5.7,"competition_density":59.6,"centre":[41.6501,-0.907311],"radius_m":944},"geometry":{"type":"MultiPolygon","coordinates":[[[[-0.91448,41.640367],[-0.91383,41.64056],[-0.90975,41.64187],[-0.906355,41.642964],[-0.905471,41.643249],[-0.899996,41.64502],[-0.899761,41.645184],[-0.899017,41.645493],[-0.898319,41.645771],[-0.898202,41.645817],[-0.898069,41.645872],[-0.897448,41.646129],[-0.897161,41.646245],[-0.896724,41.646421],[-0.896625,41.646461],[-0.89628,41.6466],[-0.895983,41.646714],[-0.895278,41.646996],[-0.895082,41.647072],[-0.895018,41.647096],[-0.89478,41.64719],[-0.894532,41.647292],[-0.894444,41.647328],[-0.894172,41.647436],[-0.894121,41.647457],[-0.893911,41.647545],[-0.893802,41.647599],[-0.893792,41.647604],[-0.893814,41.647949],[-0.893804,41.648352],[-0.893751,41.648538],[-0.893677,41.648754],[-0.893692,41.64892],[-0.893748,41.649337],[-0.893774,41.649534],[-0.893789,41.649939],[-0.893754,41.650337],[-0.893661,41.65096],[-0.893496,41.652041],[-0.893535,41.652214],[-0.893523,41.652295],[-0.893469,41.652689],[-0.893425,41.65297],[-0.89337,41.653332],[-0.893348,41.653484],[-0.893343,41.65352],[-0.893338,41.653558],[-0.893304,41.65386],[-0.893408,41.654322],[-0.893455,41.65449],[-0.893573,41.654873],[-0.893676,41.655407],[-0.893715,41.655809],[-0.893703,41.655977],[-0.893696,41.656104],[-0.893811,41.65605],[-0.893931,41.656002],[-0.894063,41.655958],[-0.894353,41.655905],[-0.894886,41.655835],[-0.895167,41.655802],[-0.895324,41.655778],[-0.895783,41.655708],[-0.896487,41.655594],[-0.897188,41.655458],[-0.897941,41.655284],[-0.898751,41.655021],[-0.900375,41.654599],[-0.900502,41.654573],[-0.900673,41.654593],[-0.901026,41.654651],[-0.902421,41.654838],[-0.905891,41.655294],[-0.908172,41.65561],[-0.909894,41.655932],[-0.910915,41.656239],[-0.91392,41.657253],[-0.91563,41.657767],[-0.917291,41.658244],[-0.918836,41.658644],[-0.919269,41.658731],[-0.919752,41.658745],[-0.920471,41.65866],[-0.921295,41.658533],[-0.921533,41.658502],[-0.921734,41.658499],[-0.921736,41.658251],[-0.921707,41.657957],[-0.921588,41.657522],[-0.921502,41.657287],[-0.91977,41.652915],[-0.919019,41.651025],[-0.918881,41.6508],[-0.918514,41.649944],[-0.918447,41.649264],[-0.91817,41.648768],[-0.917344,41.646998],[-0.916041,41.643995],[-0.91448,41.640367]]]]}},{"type":"Feature","properties":{"name":"La Almozara","population":25000,"area_km2":1.84,"boundary_area_km2":5.667,"student":3.6,"tourist":6.4,"office":5.7,"transport":5.0,"competition_density":20.7,"centre":[41.660342,-0.909105],"radius_m":765},"geometry":{"type":"MultiPolygon","coordinates":[[[[-0.902799,41.666858],[-0.901999,41.667052],[-0.901355,41.66714],[-0.90056,41.667172],[-0.899985,41.667114],[-0.898578,41.666869],[-0.897342,41.666472],[-0.896471,41.666213],[-0.895344,41.665744],[-0.894393,41.665124],[-0.89138,41.662217],[-0.890337,41.661334],[-0.891845,41.659795],[-0.892147,41.6595],[-0.892491,41.658893],[-0.892704,41.658564],[-0.892782,41.658346],[-0.89279,41.65833],[-0.892878,41.658166],[-0.892919,41.658088],[-0.892947,41.658009],[-0.893119,41.657735],[-0.893209,41.657564],[-0.893253,41.657479],[-0.893362,41.657296],[-0.893462,41.657085],[-0.89348,41.657037],[-0.893496,41.656993],[-0.893516,41.656917],[-0.893544,41.656802],[-0.893578,41.656647],[-0.893589,41.656607],[-0.893696,41.656104],[-0.893811,41.65605],[-0.893931,41.656002],[-0.894063,41.655958],[-0.894353,41.655905],[-0.894886,41.655835],[-0.895167,41.655802],[-0.895324,41.655778],[-0.895783,41.655708],[-0.896487,41.655594],[-0.897188,41.655458],[-0.897941,41.655284],[-0.898751,41.655021],[-0.900375,41.654599],[-0.900502,41.654573],[-0.900673,41.654593],[-0.901026,41.654651],[-0.902421,41.654838],[-0.905891,41.655294],[-0.908172,41.65561],[-0.909894,41.655932],[-0.910915,41.656239],[-0.91392,41.657253],[-0.91563,41.657767],[-0.917291,41.658244],[-0.918836,41.658644],[-0.919269,41.658731],[-0.919752,41.658745],[-0.920471,41.65866],[-0.921295,41.658533],[-0.921533,41.658502],[-0.921734,41.658499],[-0.921869,41.658497],[-0.92209,41.658504],[-0.92243,41.658549],[-0.922783,41.658641],[-0.923523,41.658991],[-0.924469,41.659509],[-0.924516,41.659534],[-0.925957,41.660468],[-0.92751,41.661464],[-0.928818,41.662313],[-0.929305,41.662569],[-0.931459,41.663473],[-0.93297,41.664142],[-0.935719,41.66553],[-0.937392,41.666391],[-0.935515,41.668208],[-0.933588,41.670087],[-0.931344,41.672311],[-0.929189,41.674189],[-0.928598,41.674771],[-0.928314,41.675049],[-0.92799,41.675364],[-0.926908,41.676414],[-0.926244,41.676987],[-0.926021,41.677173],[-0.925661,41.677468],[-0.924779,41.678118],[-0.924086,41.678601],[-0.923332,41.679068],[-0.921718,41.68013],[-0.921306,41.68032],[-0.919163,41.680959],[-0.917494,41.681349],[-0.914921,41.681694],[-0.913088,41.681793],[-0.911765,41.681771],[-0.909604,41.681617],[-0.90598,41.681182],[-0.902284,41.680755],[-0.900421,41.68054],[-0.900713,41.67943],[-0.901746,41.677805],[-0.903082,41.676348],[-0.904048,41.67569],[-0.905307,41.675383],[-0.907349,41.674575],[-0.90938,41.673967],[-0.911304,41.673512],[-0.91344,41.673009],[-0.915622,41.672545],[-0.91641,41.672255],[-0.917042,41.672013],[-0.918086,41.671353],[-0.91982,41.670253],[-0.920586,41.669435],[-0.921242,41.668535],[-0.921419,41.667544],[-0.921298,41.666641],[-0.92093,41.665891],[-0.920236,41.665171],[-0.919355,41.664838],[-0.918532,41.664587],[-0.916981,41.66437],[-0.913082,41.664467],[-0.910663,41.664874],[-0.908847,41.665331],[-0.907571,41.665666],[-0.906719,41.665948],[-0.905781,41.666252],[-0.902799,41.666858]]]]}},{"type":"Feature","properties":{"name":"Casco Histórico","population":46000,"area_km2":1.72,"boundary_area_km2":1.983,"student":5.0,"tourist":10.0,"office":9.3,"transport":7.9,"competition_density":104.7,"centre":[41.6536,-0.879073],"radius_m":740},"geometry":{"type":"MultiPolygon","coordinates":[[[[-0.862289,41.652884],[-0.864197,41.650042],[-0.864346,41.64984],[-0.864575,41.649617],[-0.864867,41.649405],[-0.865162,41.649238],[-0.865454,41.649106],[-0.865755,41.649008],[-0.866953,41.648715],[-0.869101,41.648198],[-0.871043,41.647643],[-0.871973,41.647356],[-0.872262,41.64725],[-0.873049,41.646922],[-0.873076,41.646946],[-0.873118,41.64698],[-0.873156,41.647008],[-0.873202,41.647038],[-0.873246,41.647064],[-0.874215,41.647547],[-0.874674,41.647775],[-0.874906,41.647888],[-0.875194,41.648033],[-0.875261,41.648072],[-0.875286,41.648094],[-0.875335,41.64815],[-0.875463,41.648338],[-0.87557,41.648506],[-0.875628,41.648596],[-0.875647,41.648628],[-0.87578,41.648851],[-0.875799,41.648883],[-0.875819,41.648916],[-0.875958,41.649149],[-0.876032,41.649289],[-0.876078,41.649381],[-0.876097,41.649429],[-0.876111,41.649483],[-0.876122,41.649633],[-0.876083,41.649927],[-0.876089,41.649999],[-0.8761,41.65005],[-0.87612,41.650095],[-0.876136,41.650127],[-0.876152,41.650171],[-0.876162,41.650217],[-0.876195,41.650452],[-0.876224,41.65051],[-0.876272,41.650548],[-0.876309,41.650578],[-0.876353,41.650602],[-0.87643,41.650632],[-0.876528,41.65067],[-0.876593,41.650689],[-0.876745,41.650739],[-0.877013,41.650825],[-0.877097,41.650854],[-0.877362,41.650948],[-0.877452,41.65098],[-0.877711,41.651063],[-0.877798,41.651092],[-0.877983,41.651154],[-0.878468,41.651316],[-0.878788,41.651424],[-0.879142,41.651543],[-0.879293,41.651599],[-0.879382,41.651636],[-0.879588,41.65172],[-0.879625,41.651735],[-0.879723,41.651775],[-0.87982,41.651812],[-0.880092,41.651937],[-0.880237,41.652003],[-0.880291,41.652021],[-0.881259,41.652606],[-0.882757,41.653329],[-0.88303,41.653478],[-0.883691,41.65388],[-0.883888,41.653999],[-0.883925,41.654001],[-0.884101,41.65401],[-0.884153,41.65389],[-0.884449,41.653138],[-0.884498,41.653018],[-0.884566,41.652843],[-0.884604,41.652744],[-0.88463,41.652678],[-0.884672,41.6526],[-0.884714,41.65253],[-0.884739,41.652497],[-0.884773,41.652451],[-0.884804,41.652415],[-0.884829,41.652386],[-0.884864,41.652352],[-0.885008,41.652226],[-0.88505,41.652189],[-0.885076,41.652165],[-0.885103,41.65214],[-0.885185,41.652064],[-0.885246,41.652006],[-0.885494,41.651767],[-0.885779,41.651494],[-0.885871,41.651405],[-0.885999,41.651285],[-0.886032,41.651252],[-0.886056,41.651225],[-0.886087,41.651182],[-0.88614,41.651097],[-0.886189,41.651034],[-0.886225,41.650984],[-0.886337,41.650853],[-0.886381,41.650805],[-0.886429,41.650763],[-0.886656,41.650579],[-0.88692,41.650375],[-0.887297,41.650072],[-0.887468,41.649947],[-0.887723,41.649739],[-0.887777,41.649774],[-0.887811,41.649795],[-0.887891,41.649839],[-0.887944,41.64987],[-0.888159,41.649983],[-0.888205,41.650007],[-0.888241,41.650026],[-0.888322,41.650068],[-0.88846,41.650141],[-0.888697,41.650265],[-0.888764,41.650301],[-0.888839,41.65034],[-0.888937,41.650393],[-0.888978,41.650415],[-0.889168,41.650515],[-0.889373,41.650624],[-0.889461,41.65067],[-0.889627,41.650759],[-0.889886,41.650896],[-0.890089,41.651004],[-0.890375,41.651157],[-0.890489,41.651217],[-0.890697,41.651327],[-0.890796,41.651391],[-0.890844,41.651425],[-0.890874,41.651447],[-0.890936,41.651498],[-0.891004,41.651559],[-0.891051,41.651605],[-0.891107,41.651666],[-0.89116,41.651727],[-0.891396,41.651998],[-0.891425,41.652032],[-0.891454,41.652065],[-0.89148,41.652097],[-0.891605,41.65224],[-0.891778,41.652439],[-0.891801,41.652466],[-0.892188,41.652911],[-0.892439,41.653199],[-0.892679,41.653443],[-0.893149,41.653916],[-0.893366,41.654296],[-0.893412,41.654386],[-0.893455,41.65449],[-0.893573,41.654873],[-0.893676,41.655407],[-0.893715,41.655809],[-0.893703,41.655977],[-0.893696,41.656104],[-0.893589,41.656607],[-0.893578,41.656647],[-0.893544,41.656802],[-0.893516,41.656917],[-0.893496,41.656993],[-0.89348,41.657037],[-0.893462,41.657085],[-0.893362,41.657296],[-0.893253,41.657479],[-0.893209,41.657564],[-0.893119,41.657735],[-0.892947,41.658009],[-0.892919,41.658088],[-0.892878,41.658166],[-0.89279,41.65833],[-0.892782,41.658346],[-0.892704,41.658564],[-0.892491,41.658893],[-0.892147,41.6595],[-0.891845,41.659795],[-0.890337,41.661334],[-0.889941,41.660999],[-0.889261,41.66058],[-0.887877,41.659852],[-0.885546,41.658832],[-0.882882,41.658493],[-0.881527,41.658375],[-0.879891,41.658237],[-0.877706,41.658013],[-0.876195,41.657601],[-0.874798,41.657158],[-0.87315,41.656479],[-0.871506,41.655931],[-0.868592,41.654754],[-0.864518,41.653618],[-0.862531,41.652965],[-0.862289,41.652884]]]]}},{"type":"Feature","properties":{"name":"Casablanca","population":27000,"area_km2":1.04,"boundary_area_km2":7.299,"student":7.9,"tourist":4.3,"office":2.1,"transport":9.3,"competition_density":2.9,"centre":[41.630123,-0.914797],"radius_m":575},"geometry":{"type":"MultiPolygon","coordinates":[[[[-0.904401,41.621684],[-0.90437,41.621782],[-0.904235,41.62175],[-0.904009,41.621764],[-0.903846,41.621774],[-0.903338,41.622011],[-0.902171,41.622767],[-0.901763,41.62303],[-0.901288,41.623605],[-0.900837,41.624286],[-0.90032,41.624929],[-0.898887,41.626151],[-0.898374,41.626599],[-0.898168,41.62689],[-0.897991,41.627259],[-0.897784,41.627903],[-0.897726,41.628135],[-0.89769,41.628196],[-0.897619,41.628279],[-0.897645,41.628306],[-0.897802,41.628463],[-0.89793,41.628569],[-0.898039,41.628652],[-0.898208,41.628758],[-0.89868,41.629027],[-0.901577,41.630542],[-0.904188,41.631767],[-0.904421,41.6319],[-0.904624,41.632079],[-0.904898,41.632337],[-0.90505,41.632464],[-0.90519,41.632533],[-0.905823,41.632674],[-0.906378,41.632842],[-0.90661,41.63294],[-0.90822,41.633674],[-0.90958,41.634299],[-0.910924,41.63492],[-0.911044,41.634977],[-0.91136,41.635145],[-0.911661,41.635344],[-0.911982,41.635588],[-0.91232,41.63592],[-0.91246,41.636079],[-0.912618,41.636279],[-0.912715,41.636432],[-0.912832,41.636632],[-0.912928,41.636836],[-0.913038,41.637089],[-0.91448,41.640367],[-0.915048,41.640069],[-0.915539,41.639977],[-0.916395,41.639793],[-0.917097,41.639632],[-0.917614,41.63952],[-0.918046,41.639424],[-0.918516,41.639314],[-0.918743,41.639262],[-0.9193,41.639081],[-0.919534,41.63899],[-0.919978,41.638808],[-0.920382,41.638621],[-0.920615,41.638495],[-0.921,41.638282],[-0.921422,41.63801],[-0.921771,41.637754],[-0.922051,41.637526],[-0.922368,41.637241],[-0.922631,41.636981],[-0.922811,41.636789],[-0.922946,41.636618],[-0.923154,41.636353],[-0.923379,41.635997],[-0.923544,41.635712],[-0.923744,41.63528],[-0.923869,41.634966],[-0.923943,41.634727],[-0.924046,41.634326],[-0.92412,41.633954],[-0.924199,41.633427],[-0.924245,41.633096],[-0.924277,41.632758],[-0.924313,41.632318],[-0.92433,41.632096],[-0.924344,41.631869],[-0.924343,41.631649],[-0.924328,41.631403],[-0.924293,41.631159],[-0.924236,41.6309],[-0.924169,41.630683],[-0.924038,41.630359],[-0.923845,41.629981],[-0.923599,41.629621],[-0.923333,41.629306],[-0.923116,41.62908],[-0.922561,41.628527],[-0.922219,41.628193],[-0.921987,41.627995],[-0.921766,41.627814],[-0.921528,41.627644],[-0.921289,41.627489],[-0.921066,41.627363],[-0.920814,41.627225],[-0.919528,41.626527],[-0.91775,41.625559],[-0.916132,41.624678],[-0.914995,41.624058],[-0.914646,41.623867],[-0.913544,41.623265],[-0.913162,41.623034],[-0.912668,41.622783],[-0.912924,41.622542],[-0.913593,41.621966],[-0.914305,41.621413],[-0.915352,41.620598],[-0.916387,41.619715],[-0.917491,41.618699],[-0.918515,41.61772],[-0.919264,41.616933],[-0.919562,41.616581],[-0.920565,41.615442],[-0.922258,41.613856],[-0.92271,41.613476],[-0.92324,41.613109],[-0.923853,41.612755],[-0.925058,41.612072],[-0.925299,41.611948],[-0.925459,41.611865],[-0.925812,41.611657],[-0.926214,41.611765],[-0.92705,41.611923],[-0.927876,41.612106],[-0.92874,41.612246],[-0.929346,41.612285],[-0.93002,41.612267],[-0.93055,41.612202],[-0.931089,41.612096],[-0.931706,41.611906],[-0.931972,41.611802],[-0.93221,41.611697],[-0.932414,41.611592],[-0.932676,41.611438],[-0.932988,41.611239],[-0.93328,41.611031],[-0.933482,41.610846],[-0.933624,41.610686],[-0.933817,41.610462],[-0.933976,41.610249],[-0.934098,41.610069],[-0.934594,41.609579],[-0.934977,41.608361],[-0.935777,41.605791],[-0.936243,41.604324],[-0.936376,41.603856],[-0.937078,41.601952],[-0.937809,41.600594],[-0.938276,41.59983],[-0.938505,41.599483],[-0.938538,41.599427],[-0.939475,41.599823],[-0.939666,41.599907],[-0.93999,41.600061],[-0.94025,41.600196],[-0.940358,41.600277],[-0.940422,41.600338],[-0.940461,41.600364],[-0.940518,41.600385],[-0.940571,41.600396],[-0.940656,41.600397],[-0.941201,41.600357],[-0.941266,41.600361],[-0.941395,41.600378],[-0.941504,41.600413],[-0.941616,41.600464],[-0.941729,41.600534],[-0.942023,41.600725],[-0.942179,41.600823],[-0.942375,41.600935],[-0.942445,41.600965],[-0.942525,41.600999],[-0.942651,41.601056],[-0.942703,41.601074],[-0.94278,41.601089],[-0.942881,41.601086],[-0.943138,41.601012],[-0.943421,41.601025],[-0.944249,41.601503],[-0.944314,41.601541],[-0.944488,41.601499],[-0.944678,41.601299],[-0.94498,41.600874],[-0.945463,41.600605],[-0.945854,41.600159],[-0.946135,41.59976],[-0.946499,41.599434],[-0.946993,41.598935],[-0.947564,41.598562],[-0.947865,41.598429],[-0.94589,41.597268],[-0.944286,41.596349],[-0.945243,41.595424],[-0.94541,41.595544],[-0.945699,41.595735],[-0.946381,41.596063],[-0.946836,41.596271],[-0.94721,41.596402],[-0.947672,41.596526],[-0.947927,41.596601],[-0.948086,41.59666],[-0.948177,41.596718],[-0.94877,41.597186],[-0.949015,41.597359],[-0.949136,41.59742],[-0.949383,41.597517],[-0.950833,41.597959],[-0.951488,41.59818],[-0.953751,41.595939],[-0.953612,41.595907],[-0.953452,41.595778],[-0.95336,41.595614],[-0.953147,41.595604],[-0.952437,41.595108],[-0.951931,41.594772],[-0.951415,41.594383],[-0.950917,41.593835],[-0.948702,41.592544],[-0.948448,41.592452],[-0.948083,41.592208],[-0.94819,41.592114],[-0.94842,41.591916],[-0.950244,41.590316],[-0.950529,41.590299],[-0.950791,41.590257],[-0.951049,41.590158],[-0.951454,41.590109],[-0.951753,41.590223],[-0.952238,41.590357],[-0.952729,41.590426],[-0.953084,41.59046],[-0.953308,41.590505],[-0.953665,41.590602],[-0.953798,41.590632],[-0.9546,41.590353],[-0.954086,41.589755],[-0.954345,41.58913],[-0.953842,41.588687],[-0.953405,41.588399],[-0.953235,41.588242],[-0.952821,41.588035],[-0.951894,41.587555],[-0.952274,41.587213],[-0.952637,41.586915],[-0.953196,41.586419],[-0.954052,41.585522],[-0.954566,41.584912],[-0.955903,41.583101],[-0.957656,41.580722],[-0.958806,41.579082],[-0.960094,41.57727],[-0.960738,41.576166],[-0.961268,41.574886],[-0.961798,41.573117],[-0.962295,41.571811],[-0.962475,41.571366],[-0.963266,41.569841],[-0.964179,41.568414],[-0.965443,41.566864],[-0.969242,41.562686],[-0.970814,41.560976],[-0.971114,41.560652],[-0.971488,41.560253],[-0.971991,41.559794],[-0.972446,41.559395],[-0.97326,41.55875],[-0.9739,41.558335],[-0.974832,41.557784],[-0.975494,41.557438],[-0.976371,41.557047],[-0.977004,41.556807],[-0.978029,41.556452],[-0.979294,41.556117],[-0.979719,41.556029],[-0.980563,41.555865],[-0.981488,41.555727],[-0.982457,41.555588],[-0.983486,41.555444],[-0.98427,41.5553],[-0.984951,41.555148],[-0.985391,41.555037],[-0.986194,41.554802],[-0.98666,41.554655],[-0.986846,41.554592],[-0.987577,41.554319],[-0.988627,41.553856],[-0.989708,41.553275],[-0.99014,41.55302],[-0.990942,41.552488],[-0.985576,41.549981],[-0.982085,41.548373],[-0.982174,41.547845],[-0.981432,41.548156],[-0.977586,41.550394],[-0.976935,41.550878],[-0.976537,41.551339],[-0.975285,41.55349],[-0.975003,41.553974],[-0.973053,41.557321],[-0.972415,41.558166],[-0.970337,41.560209],[-0.968847,41.561831],[-0.96656,41.564016],[-0.964458,41.566419],[-0.962929,41.568518],[-0.962008,41.570339],[-0.960727,41.574081],[-0.960407,41.574714],[-0.960045,41.575149],[-0.957752,41.577908],[-0.956056,41.578027],[-0.955518,41.578108],[-0.955258,41.578008],[-0.955102,41.577979],[-0.954849,41.577934],[-0.953561,41.577788],[-0.952068,41.57761],[-0.95195,41.577614],[-0.951793,41.577634],[-0.952265,41.57714],[-0.953164,41.5762],[-0.953391,41.575963],[-0.951616,41.575301],[-0.95125,41.575642],[-0.949761,41.577122],[-0.94894,41.577873],[-0.949027,41.577874],[-0.949044,41.578024],[-0.949142,41.577982],[-0.949368,41.577987],[-0.949442,41.578005],[-0.949537,41.578056],[-0.949745,41.578187],[-0.949915,41.578259],[-0.950058,41.578288],[-0.950111,41.578293],[-0.950189,41.578316],[-0.950382,41.578307],[-0.950644,41.578249],[-0.950733,41.57821],[-0.950795,41.578173],[-0.950907,41.578077],[-0.950968,41.577964],[-0.951106,41.577884],[-0.951813,41.577792],[-0.95193,41.577913],[-0.952059,41.578075],[-0.952369,41.577986],[-0.952752,41.577921],[-0.953037,41.577904],[-0.953485,41.577993],[-0.953733,41.578077],[-0.954133,41.578225],[-0.954403,41.578349],[-0.95466,41.578484],[-0.954659,41.578532],[-0.954589,41.578595],[-0.954648,41.578616],[-0.955463,41.578963],[-0.955665,41.579058],[-0.95591,41.579164],[-0.956164,41.579273],[-0.956426,41.579536],[-0.954989,41.581454],[-0.953337,41.583226],[-0.950934,41.58602],[-0.943959,41.59212],[-0.941789,41.594017],[-0.940209,41.595429],[-0.938009,41.597464],[-0.937759,41.597781],[-0.937723,41.597867],[-0.937513,41.599092],[-0.937109,41.600472],[-0.936918,41.600828],[-0.931622,41.606027],[-0.931024,41.606597],[-0.929768,41.607813],[-0.929044,41.6085],[-0.92806,41.609413],[-0.927749,41.609268],[-0.927664,41.609046],[-0.927597,41.608723],[-0.927467,41.608559],[-0.927146,41.608051],[-0.927123,41.608025],[-0.927162,41.607706],[-0.927087,41.607602],[-0.926955,41.607338],[-0.926974,41.607225],[-0.927237,41.606941],[-0.927279,41.606767],[-0.927276,41.606665],[-0.927315,41.606495],[-0.927088,41.606435],[-0.926845,41.60638],[-0.926728,41.606336],[-0.926622,41.606208],[-0.926413,41.606024],[-0.926331,41.605892],[-0.926278,41.605753],[-0.92612,41.605164],[-0.926534,41.604345],[-0.927032,41.604507],[-0.927018,41.604679],[-0.927407,41.604943],[-0.927596,41.604892],[-0.927687,41.605069],[-0.927948,41.605189],[-0.928358,41.605379],[-0.928697,41.60531],[-0.928853,41.605207],[-0.929637,41.604301],[-0.929343,41.604212],[-0.929584,41.603786],[-0.929709,41.603728],[-0.929843,41.603666],[-0.929928,41.603667],[-0.930414,41.603218],[-0.930495,41.603277],[-0.930678,41.603242],[-0.930721,41.603264],[-0.930751,41.603233],[-0.930881,41.603233],[-0.930964,41.603214],[-0.931058,41.603123],[-0.931226,41.602927],[-0.931206,41.602915],[-0.9313,41.602806],[-0.931296,41.602717],[-0.931283,41.602626],[-0.931267,41.602562],[-0.931209,41.602482],[-0.931029,41.602314],[-0.931071,41.602258],[-0.930636,41.602053],[-0.930557,41.602122],[-0.930422,41.602284],[-0.930341,41.602296],[-0.930112,41.601861],[-0.930114,41.601788],[-0.930126,41.601712],[-0.93015,41.601638],[-0.930192,41.601591],[-0.930249,41.601568],[-0.930324,41.601574],[-0.930394,41.601591],[-0.930512,41.601577],[-0.93058,41.60159],[-0.930844,41.601538],[-0.931484,41.601335],[-0.93188,41.60123],[-0.931998,41.601218],[-0.932095,41.601169],[-0.932312,41.601033],[-0.932531,41.600906],[-0.932636,41.60089],[-0.932922,41.600838],[-0.933339,41.600661],[-0.933573,41.60063],[-0.933842,41.600638],[-0.933886,41.600651],[-0.933898,41.600594],[-0.934397,41.600266],[-0.934808,41.599876],[-0.934846,41.599521],[-0.934888,41.599378],[-0.934946,41.599141],[-0.935043,41.598515],[-0.93504,41.59843],[-0.93507,41.598235],[-0.935122,41.598063],[-0.935008,41.598042],[-0.934878,41.59814],[-0.934726,41.598407],[-0.934531,41.59867],[-0.934374,41.598933],[-0.934212,41.599316],[-0.934113,41.599654],[-0.93398,41.599807],[-0.93383,41.599935],[-0.93358,41.599998],[-0.933361,41.599911],[-0.932988,41.599751],[-0.932716,41.599677],[-0.932453,41.599685],[-0.932353,41.59973],[-0.932054,41.599806],[-0.930739,41.599907],[-0.930213,41.599985],[-0.929956,41.600086],[-0.929382,41.600463],[-0.928967,41.60084],[-0.928806,41.601076],[-0.928692,41.601205],[-0.928329,41.601382],[-0.927865,41.601563],[-0.927215,41.601872],[-0.927322,41.60203],[-0.927489,41.602173],[-0.927718,41.60237],[-0.928213,41.602839],[-0.928615,41.603174],[-0.928876,41.603531],[-0.928931,41.603735],[-0.928843,41.60394],[-0.928539,41.604428],[-0.928048,41.604572],[-0.927481,41.604778],[-0.927184,41.604706],[-0.927228,41.60457],[-0.927272,41.604475],[-0.927139,41.604323],[-0.927102,41.6043],[-0.926671,41.604149],[-0.926372,41.603619],[-0.926325,41.603457],[-0.926466,41.603328],[-0.926769,41.603514],[-0.927084,41.60373],[-0.927577,41.603442],[-0.927609,41.603444],[-0.927632,41.603367],[-0.927538,41.603292],[-0.927225,41.602823],[-0.927189,41.602637],[-0.927133,41.602534],[-0.926711,41.602216],[-0.926576,41.6021],[-0.926497,41.601982],[-0.926467,41.601991],[-0.926273,41.601849],[-0.925695,41.60161],[-0.925029,41.601308],[-0.924406,41.600899],[-0.923685,41.601405],[-0.922983,41.60206],[-0.922773,41.602612],[-0.922713,41.602683],[-0.922711,41.602719],[-0.922594,41.603399],[-0.92242,41.60365],[-0.922213,41.603951],[-0.92193,41.604356],[-0.921855,41.604463],[-0.920986,41.605662],[-0.920564,41.606105],[-0.920447,41.606193],[-0.920297,41.606318],[-0.920218,41.606381],[-0.920108,41.606489],[-0.920004,41.606605],[-0.919873,41.60675],[-0.9197,41.60695],[-0.919471,41.607215],[-0.919348,41.607328],[-0.919095,41.607498],[-0.91895,41.607548],[-0.918722,41.607628],[-0.91856,41.607738],[-0.918457,41.607846],[-0.918371,41.607935],[-0.918247,41.608083],[-0.917864,41.608375],[-0.917459,41.608676],[-0.916657,41.609294],[-0.916381,41.609534],[-0.915884,41.609922],[-0.915557,41.610105],[-0.915312,41.610232],[-0.915107,41.610378],[-0.914952,41.610511],[-0.91483,41.610648],[-0.914645,41.610962],[-0.914497,41.611089],[-0.914201,41.611279],[-0.913928,41.611475],[-0.913683,41.611599],[-0.913566,41.611658],[-0.913449,41.611735],[-0.913239,41.611859],[-0.913015,41.611962],[-0.9128,41.612028],[-0.91263,41.612053],[-0.912301,41.612012],[-0.911902,41.611939],[-0.91185,41.611937],[-0.911787,41.611944],[-0.911719,41.611962],[-0.911665,41.611986],[-0.911623,41.612013],[-0.911583,41.612045],[-0.911559,41.612072],[-0.911543,41.612106],[-0.911535,41.612149],[-0.911536,41.612195],[-0.911544,41.612237],[-0.91156,41.61228],[-0.911616,41.612333],[-0.911721,41.612421],[-0.911899,41.612561],[-0.911996,41.612665],[-0.912044,41.612735],[-0.912063,41.612823],[-0.912065,41.612913],[-0.912039,41.612984],[-0.911967,41.613077],[-0.911853,41.613168],[-0.911502,41.613404],[-0.911178,41.61362],[-0.910986,41.613786],[-0.910774,41.613913],[-0.910611,41.613994],[-0.910472,41.614076],[-0.910395,41.614134],[-0.910325,41.614197],[-0.91026,41.614259],[-0.910094,41.614406],[-0.909961,41.614527],[-0.909733,41.614636],[-0.90948,41.614774],[-0.909397,41.614877],[-0.909263,41.615027],[-0.909124,41.615144],[-0.908989,41.615277],[-0.908888,41.615423],[-0.908757,41.615655],[-0.908637,41.615735],[-0.908458,41.615822],[-0.908314,41.615909],[-0.908276,41.615933],[-0.908038,41.616085],[-0.907767,41.616272],[-0.90744,41.616588],[-0.907299,41.616673],[-0.90703,41.616719],[-0.906779,41.616732],[-0.906617,41.616698],[-0.906134,41.616541],[-0.906037,41.616529],[-0.905999,41.616529],[-0.905885,41.616527],[-0.905815,41.616522],[-0.905706,41.616558],[-0.905608,41.616599],[-0.905512,41.616705],[-0.905483,41.616857],[-0.90548,41.616963],[-0.905547,41.617268],[-0.905597,41.617494],[-0.905649,41.61773],[-0.905712,41.617906],[-0.90576,41.618037],[-0.90586,41.61823],[-0.906044,41.61847],[-0.906259,41.618629],[-0.90646,41.618769],[-0.906572,41.618908],[-0.906586,41.619138],[-0.906544,41.619346],[-0.906461,41.619596],[-0.906519,41.619959],[-0.906159,41.620211],[-0.905857,41.620425],[-0.905697,41.62056],[-0.905557,41.620643],[-0.905295,41.620751],[-0.904998,41.62082],[-0.9048,41.620888],[-0.904737,41.62091],[-0.904658,41.620932],[-0.904599,41.620954],[-0.904516,41.62099],[-0.904524,41.621023],[-0.90452,41.621072],[-0.904514,41.62113],[-0.90451,41.621202],[-0.904514,41.621275],[-0.904504,41.621344],[-0.90447,41.621466],[-0.904444,41.621547],[-0.904422,41.621622],[-0.904401,41.621684]]]]}},{"type":"Feature","properties":{"name":"Actur-Rey Fernando","population":58000,"area_km2":3.64,"boundary_area_km2":9.649,"student":8.6,"tourist":7.9,"office":6.4,"transport":7.1,"competition_density":15.9,"centre":[41.678084,-0.883663],"radius_m":1076},"geometry":{"type":"MultiPolygon","coordinates":[[[[-0.901818,41.68642],[-0.901185,41.685966],[-0.90069,41.684995],[-0.900476,41.684314],[-0.900042,41.682298],[-0.900224,41.681288],[-0.900421,41.68054],[-0.900713,41.67943],[-0.901746,41.677805],[-0.903082,41.676348],[-0.904048,41.67569],[-0.905307,41.675383],[-0.907349,41.674575],[-0.90938,41.673967],[-0.911304,41.673512],[-0.91344,41.673009],[-0.915622,41.672545],[-0.91641,41.672255],[-0.917042,41.672013],[-0.918086,41.671353],[-0.91982,41.670253],[-0.920586,41.669435],[-0.921242,41.668535],[-0.921419,41.667544],[-0.921298,41.666641],[-0.92093,41.665891],[-0.920236,41.665171],[-0.919355,41.664838],[-0.918532,41.664587],[-0.916981,41.66437],[-0.913082,41.664467],[-0.910663,41.664874],[-0.908847,41.665331],[-0.907571,41.665666],[-0.906719,41.665948],[-0.905781,41.666252],[-0.902799,41.666858],[-0.901999,41.667052],[-0.901355,41.66714],[-0.90056,41.667172],[-0.899985,41.667114],[-0.898578,41.666869],[-0.897342,41.666472],[-0.896471,41.666213],[-0.895344,41.665744],[-0.894393,41.665124],[-0.89138,41.662217],[-0.890337,41.661334],[-0.889941,41.660999],[-0.889261,41.66058],[-0.887877,41.659852],[-0.885546,41.658832],[-0.882882,41.658493],[-0.881527,41.658375],[-0.881317,41.659705],[-0.881242,41.66011],[-0.881236,41.660147],[-0.881182,41.660456],[-0.881004,41.661768],[-0.880428,41.66534],[-0.880359,41.665746],[-0.880207,41.666668],[-0.880138,41.667385],[-0.880127,41.667575],[-0.880115,41.66821],[-0.880172,41.66917],[-0.880324,41.670708],[-0.880474,41.672231],[-0.880511,41.672628],[-0.880582,41.673406],[-0.880613,41.673921],[-0.880616,41.674111],[-0.880582,41.674552],[-0.88053,41.674899],[-0.880404,41.67545],[-0.88025,41.675934],[-0.880075,41.676348],[-0.879755,41.676926],[-0.879376,41.677545],[-0.878733,41.6784],[-0.877747,41.679832],[-0.874161,41.679797],[-0.872116,41.679783],[-0.871504,41.679778],[-0.870737,41.679781],[-0.867475,41.679746],[-0.865391,41.679738],[-0.862914,41.679724],[-0.862143,41.679711],[-0.861256,41.679689],[-0.860324,41.679654],[-0.859042,41.679563],[-0.857393,41.679385],[-0.856784,41.67931],[-0.853952,41.678845],[-0.853678,41.678787],[-0.85364,41.678874],[-0.853589,41.679028],[-0.853551,41.67916],[-0.853516,41.679308],[-0.853481,41.679468],[-0.853468,41.679539],[-0.852911,41.682469],[-0.852884,41.682584],[-0.852854,41.682698],[-0.852816,41.682814],[-0.852601,41.683263],[-0.85231,41.683786],[-0.851925,41.68448],[-0.851734,41.684803],[-0.851611,41.685031],[-0.851009,41.686168],[-0.850615,41.686804],[-0.850464,41.686986],[-0.850341,41.687108],[-0.850204,41.68723],[-0.850047,41.68735],[-0.84985,41.687511],[-0.849795,41.68754],[-0.849593,41.68758],[-0.849109,41.687795],[-0.849024,41.687839],[-0.848966,41.687875],[-0.847617,41.688639],[-0.846671,41.689083],[-0.846251,41.689295],[-0.846309,41.689382],[-0.846403,41.68945],[-0.847032,41.689689],[-0.847073,41.689831],[-0.847221,41.689913],[-0.84726,41.689898],[-0.847317,41.68984],[-0.84755,41.689932],[-0.848182,41.690331],[-0.848208,41.690406],[-0.848127,41.690508],[-0.856475,41.69323],[-0.859114,41.687576],[-0.859199,41.687615],[-0.860587,41.688179],[-0.860674,41.688267],[-0.860793,41.688255],[-0.860861,41.688228],[-0.861047,41.688437],[-0.861402,41.688609],[-0.861665,41.688167],[-0.861749,41.688202],[-0.862113,41.688563],[-0.862393,41.688654],[-0.862429,41.688783],[-0.86292,41.688935],[-0.862993,41.688966],[-0.863061,41.689009],[-0.863453,41.689392],[-0.863604,41.689385],[-0.863797,41.68928],[-0.863898,41.689222],[-0.863993,41.689166],[-0.864039,41.689224],[-0.864055,41.689269],[-0.86406,41.689313],[-0.864053,41.689371],[-0.863995,41.689608],[-0.863975,41.689706],[-0.863961,41.689808],[-0.863966,41.689908],[-0.863987,41.69002],[-0.864046,41.690198],[-0.864105,41.690339],[-0.864322,41.690467],[-0.864557,41.690604],[-0.864722,41.690676],[-0.864826,41.690717],[-0.865011,41.690838],[-0.865264,41.690959],[-0.865349,41.690979],[-0.865422,41.69103],[-0.865503,41.691145],[-0.865552,41.691249],[-0.865607,41.691367],[-0.865634,41.691455],[-0.865643,41.691509],[-0.865701,41.691559],[-0.865837,41.691579],[-0.865995,41.691583],[-0.866148,41.69163],[-0.866243,41.691664],[-0.866324,41.691613],[-0.866369,41.691502],[-0.866442,41.691394],[-0.866532,41.691256],[-0.866654,41.691229],[-0.866902,41.691182],[-0.867055,41.691161],[-0.867236,41.691114],[-0.867394,41.691057],[-0.867538,41.690979],[-0.867678,41.690922],[-0.867786,41.690912],[-0.868003,41.691017],[-0.868143,41.691114],[-0.868287,41.691306],[-0.868341,41.691377],[-0.868414,41.691421],[-0.86854,41.691465],[-0.868675,41.691525],[-0.868757,41.691566],[-0.86882,41.691637],[-0.868865,41.691714],[-0.868896,41.691852],[-0.868928,41.691933],[-0.869023,41.691987],[-0.86914,41.692017],[-0.869217,41.692071],[-0.869402,41.692653],[-0.869258,41.692685],[-0.869128,41.692762],[-0.869049,41.692902],[-0.869061,41.693087],[-0.869234,41.693331],[-0.869445,41.693528],[-0.869676,41.693658],[-0.869884,41.693776],[-0.870111,41.693806],[-0.870189,41.693817],[-0.870238,41.693599],[-0.870331,41.693111],[-0.870362,41.693093],[-0.870396,41.692866],[-0.870595,41.691984],[-0.870624,41.691968],[-0.870646,41.691752],[-0.870672,41.691679],[-0.870932,41.691692],[-0.871725,41.691802],[-0.871846,41.691872],[-0.872988,41.692531],[-0.873188,41.692378],[-0.873314,41.692079],[-0.873471,41.691945],[-0.874603,41.691698],[-0.874904,41.69162],[-0.8754,41.691395],[-0.876563,41.690866],[-0.876759,41.690798],[-0.877025,41.690768],[-0.877423,41.690703],[-0.878001,41.690609],[-0.87979,41.690528],[-0.880452,41.690352],[-0.881092,41.690251],[-0.881641,41.690085],[-0.882307,41.689958],[-0.882686,41.689913],[-0.883113,41.689916],[-0.883653,41.689984],[-0.884036,41.690082],[-0.884602,41.690371],[-0.884951,41.690472],[-0.885613,41.690567],[-0.885913,41.690583],[-0.886262,41.690534],[-0.886911,41.690284],[-0.887231,41.690214],[-0.88742,41.690173],[-0.887986,41.690066],[-0.888679,41.689968],[-0.889245,41.68989],[-0.889424,41.689844],[-0.889468,41.689765],[-0.889572,41.68953],[-0.88964,41.688943],[-0.889731,41.688668],[-0.88995,41.688165],[-0.890148,41.687935],[-0.890179,41.68787],[-0.890215,41.687795],[-0.890131,41.687706],[-0.890204,41.687518],[-0.890453,41.687524],[-0.890582,41.687556],[-0.890698,41.687606],[-0.891278,41.687755],[-0.891613,41.687888],[-0.892057,41.688018],[-0.89227,41.688118],[-0.892406,41.688166],[-0.8926,41.688268],[-0.892687,41.688325],[-0.892742,41.688383],[-0.892802,41.688453],[-0.892852,41.688551],[-0.892867,41.688603],[-0.892871,41.688629],[-0.892909,41.68863],[-0.893018,41.688624],[-0.89308,41.688604],[-0.89315,41.688564],[-0.893229,41.688516],[-0.893296,41.68849],[-0.893433,41.688448],[-0.893518,41.688425],[-0.893565,41.688418],[-0.893667,41.688423],[-0.893799,41.688425],[-0.893935,41.688409],[-0.894014,41.688397],[-0.89423,41.688532],[-0.894421,41.688681],[-0.895001,41.688241],[-0.895285,41.687841],[-0.89533,41.687429],[-0.895544,41.68725],[-0.895902,41.687076],[-0.896524,41.686733],[-0.897185,41.686849],[-0.897291,41.686826],[-0.897521,41.686807],[-0.897765,41.686831],[-0.898018,41.686869],[-0.898545,41.686915],[-0.898608,41.686908],[-0.898932,41.686862],[-0.899141,41.686818],[-0.899404,41.686768],[-0.90018,41.686811],[-0.900513,41.68687],[-0.900658,41.686864],[-0.901091,41.686833],[-0.901818,41.68642]]]]}},{"type":"Feature","properties":{"name":"Las Fuentes","population":43000,"area_km2":1.56,"boundary_area_km2":6.269,"student":5.7,"tourist":2.9,"office":2.9,"transport":2.1,"competition_density":9.0,"centre":[41.64329,-0.862149],"radius_m":705},"geometry":{"type":"MultiPolygon","coordinates":[[[[-0.846699,41.62583],[-0.846341,41.625467],[-0.846109,41.625324],[-0.845968,41.625232],[-0.845175,41.624912],[-0.845031,41.624867],[-0.844571,41.624601],[-0.844431,41.624505],[-0.843799,41.624188],[-0.843466,41.624039],[-0.842917,41.62383],[-0.842745,41.623721],[-0.842661,41.623627],[-0.841582,41.623216],[-0.840481,41.623216],[-0.840674,41.624087],[-0.840671,41.62518],[-0.840973,41.627369],[-0.840862,41.629699],[-0.840317,41.632164],[-0.839728,41.633793],[-0.838791,41.634512],[-0.838067,41.635319],[-0.83729,41.636471],[-0.836752,41.637473],[-0.8362,41.638364],[-0.835546,41.63944],[-0.834947,41.640282],[-0.834221,41.641221],[-0.833911,41.64214],[-0.833847,41.642759],[-0.834099,41.643743],[-0.83489,41.644844],[-0.835927,41.646213],[-0.837405,41.647441],[-0.839088,41.648309],[-0.840547,41.648622],[-0.84272,41.648703],[-0.844347,41.648792],[-0.846244,41.649091],[-0.847477,41.649382],[-0.849709,41.649699],[-0.851554,41.650349],[-0.854867,41.651114],[-0.858587,41.651848],[-0.860113,41.652149],[-0.862289,41.652884],[-0.864197,41.650042],[-0.864346,41.64984],[-0.864575,41.649617],[-0.864867,41.649405],[-0.865162,41.649238],[-0.865454,41.649106],[-0.865755,41.649008],[-0.866953,41.648715],[-0.869101,41.648198],[-0.871043,41.647643],[-0.871973,41.647356],[-0.872262,41.64725],[-0.873049,41.646922],[-0.872989,41.646867],[-0.872953,41.646834],[-0.872904,41.646787],[-0.872434,41.646349],[-0.872378,41.646297],[-0.872281,41.646201],[-0.872212,41.646124],[-0.872042,41.645983],[-0.871193,41.645249],[-0.871077,41.64515],[-0.870972,41.645051],[-0.870477,41.644585],[-0.87039,41.6445],[-0.870245,41.644352],[-0.869623,41.643696],[-0.869555,41.643623],[-0.869313,41.643346],[-0.869132,41.643155],[-0.868905,41.642911],[-0.868798,41.642781],[-0.868708,41.642681],[-0.868661,41.642632],[-0.868489,41.642435],[-0.8681,41.642006],[-0.868033,41.641932],[-0.867822,41.641694],[-0.86752,41.641349],[-0.867491,41.641315],[-0.867443,41.641257],[-0.867281,41.641077],[-0.867093,41.640868],[-0.86703,41.640805],[-0.866909,41.640673],[-0.866656,41.640376],[-0.866604,41.640311],[-0.866386,41.640046],[-0.866194,41.639826],[-0.866129,41.63974],[-0.865672,41.639173],[-0.865536,41.638995],[-0.865508,41.638957],[-0.865124,41.638438],[-0.864996,41.638255],[-0.86493,41.638163],[-0.864739,41.637913],[-0.864628,41.637762],[-0.864301,41.637322],[-0.863782,41.636668],[-0.863634,41.636517],[-0.863346,41.636223],[-0.863283,41.636158],[-0.862924,41.635788],[-0.8629,41.635762],[-0.862603,41.635477],[-0.862459,41.635339],[-0.862236,41.635123],[-0.862197,41.635098],[-0.862131,41.635037],[-0.862107,41.635013],[-0.862023,41.634919],[-0.861886,41.634769],[-0.861639,41.634512],[-0.86157,41.634446],[-0.861504,41.634378],[-0.861206,41.634077],[-0.860827,41.633688],[-0.860424,41.633307],[-0.860357,41.633245],[-0.860329,41.633215],[-0.860322,41.633205],[-0.860319,41.633194],[-0.859789,41.632669],[-0.858181,41.63152],[-0.857621,41.631134],[-0.857385,41.630975],[-0.857197,41.630851],[-0.856549,41.630459],[-0.856449,41.630395],[-0.856449,41.630395],[-0.856632,41.630232],[-0.856716,41.630166],[-0.85685,41.630071],[-0.85706,41.629937],[-0.85731,41.6298],[-0.857572,41.629674],[-0.857786,41.629577],[-0.858048,41.629468],[-0.858323,41.62937],[-0.858547,41.6293],[-0.858748,41.629249],[-0.858986,41.629196],[-0.859235,41.629153],[-0.859435,41.629125],[-0.859663,41.629105],[-0.859905,41.62909],[-0.860168,41.629083],[-0.860352,41.62909],[-0.860588,41.6291],[-0.860823,41.629124],[-0.861048,41.629154],[-0.861214,41.629183],[-0.861471,41.629235],[-0.861669,41.629285],[-0.861909,41.629353],[-0.862118,41.629427],[-0.862326,41.629506],[-0.862566,41.62961],[-0.862728,41.629689],[-0.863528,41.630049],[-0.861715,41.62851],[-0.859083,41.626464],[-0.855822,41.623932],[-0.855047,41.623328],[-0.854936,41.623242],[-0.853177,41.624011],[-0.852731,41.624177],[-0.851418,41.624576],[-0.848972,41.625221],[-0.847802,41.62553],[-0.846699,41.62583]]]]}},{"type":"Feature","properties":{"name":"Oliver-Valdefierro","population":31000,"area_km2":2.6,"boundary_area_km2":3.563,"student":4.3,"tourist":1.4,"office":3.6,"transport":0.0,"competition_density":6.9,"centre":[41.644858,-0.926833],"radius_m":910},"geometry":{"type":"MultiPolygon","coordinates":[[[[-0.921734,41.658499],[-0.921736,41.658251],[-0.921707,41.657957],[-0.921588,41.657522],[-0.921502,41.657287],[-0.91977,41.652915],[-0.919019,41.651025],[-0.918881,41.6508],[-0.918514,41.649944],[-0.918447,41.649264],[-0.91817,41.648768],[-0.917344,41.646998],[-0.916041,41.643995],[-0.91448,41.640367],[-0.915048,41.640069],[-0.915539,41.639977],[-0.916395,41.639793],[-0.917097,41.639632],[-0.917614,41.63952],[-0.918046,41.639424],[-0.918516,41.639314],[-0.918743,41.639262],[-0.9193,41.639081],[-0.919534,41.63899],[-0.919978,41.638808],[-0.920382,41.638621],[-0.920615,41.638495],[-0.921,41.638282],[-0.921422,41.63801],[-0.921771,41.637754],[-0.922051,41.637526],[-0.922368,41.637241],[-0.922631,41.636981],[-0.922811,41.636789],[-0.922946,41.636618],[-0.923154,41.636353],[-0.923379,41.635997],[-0.923544,41.635712],[-0.923744,41.63528],[-0.923915,41.635198],[-0.924388,41.635088],[-0.925197,41.634906],[-0.925944,41.63484],[-0.928937,41.634963],[-0.93172,41.633989],[-0.932009,41.633911],[-0.932289,41.633943],[-0.932735,41.634052],[-0.933196,41.634247],[-0.934458,41.635487],[-0.936235,41.636421],[-0.937338,41.636995],[-0.938393,41.637599],[-0.938606,41.63784],[-0.93961,41.638712],[-0.939952,41.638962],[-0.941284,41.639826],[-0.942658,41.640646],[-0.943276,41.640846],[-0.94398,41.640939],[-0.946776,41.641068],[-0.9473,41.641029],[-0.946159,41.641439],[-0.945391,41.64153],[-0.944722,41.641637],[-0.944315,41.641737],[-0.940683,41.642911],[-0.936058,41.644414],[-0.935754,41.644513],[-0.93546,41.644611],[-0.934961,41.644761],[-0.934755,41.644813],[-0.934449,41.644866],[-0.934343,41.644883],[-0.934465,41.64535],[-0.934518,41.645703],[-0.934539,41.645816],[-0.934682,41.647352],[-0.93502,41.650963],[-0.934472,41.650983],[-0.933771,41.651023],[-0.933433,41.651043],[-0.93326,41.651073],[-0.933094,41.651103],[-0.933142,41.651225],[-0.933193,41.651344],[-0.933814,41.652586],[-0.93385,41.65266],[-0.933722,41.652697],[-0.933329,41.652811],[-0.933051,41.652889],[-0.9329,41.652931],[-0.93287,41.652946],[-0.932844,41.65297],[-0.93283,41.652997],[-0.932826,41.653033],[-0.932849,41.653236],[-0.932898,41.653638],[-0.932964,41.654236],[-0.932969,41.654277],[-0.934012,41.654214],[-0.934346,41.654169],[-0.934363,41.654293],[-0.934368,41.654386],[-0.934367,41.654445],[-0.934366,41.654463],[-0.934356,41.654737],[-0.934341,41.655027],[-0.93431,41.655255],[-0.9343,41.655335],[-0.934286,41.655413],[-0.93426,41.655558],[-0.934208,41.655732],[-0.934091,41.656126],[-0.934036,41.656312],[-0.933981,41.656439],[-0.93392,41.656582],[-0.933895,41.65662],[-0.933839,41.656728],[-0.933786,41.656859],[-0.933477,41.656826],[-0.933367,41.656808],[-0.931746,41.656589],[-0.93177,41.656509],[-0.931884,41.656131],[-0.931913,41.656069],[-0.93193,41.656023],[-0.931944,41.655978],[-0.931951,41.655946],[-0.931957,41.655918],[-0.931961,41.655866],[-0.931961,41.655828],[-0.931946,41.655814],[-0.931926,41.655802],[-0.9319,41.655789],[-0.931871,41.655777],[-0.931842,41.655768],[-0.931819,41.655762],[-0.930959,41.655579],[-0.931005,41.655369],[-0.931098,41.655229],[-0.931068,41.655027],[-0.931043,41.654899],[-0.931038,41.654788],[-0.93099,41.654694],[-0.930925,41.654655],[-0.930625,41.654623],[-0.930575,41.654632],[-0.930344,41.654701],[-0.930149,41.654638],[-0.930072,41.654544],[-0.929934,41.654419],[-0.929812,41.654382],[-0.92959,41.654341],[-0.928692,41.654222],[-0.928684,41.654238],[-0.928665,41.654254],[-0.928116,41.654543],[-0.928051,41.654713],[-0.926833,41.654629],[-0.92553,41.655115],[-0.924851,41.655195],[-0.924786,41.655201],[-0.924755,41.655203],[-0.924673,41.655204],[-0.924714,41.655842],[-0.924718,41.655901],[-0.924732,41.656313],[-0.924736,41.656377],[-0.924777,41.656904],[-0.924802,41.657226],[-0.924815,41.657484],[-0.924852,41.658241],[-0.924871,41.658606],[-0.924873,41.658663],[-0.924875,41.658722],[-0.924876,41.658748],[-0.924875,41.65879],[-0.924867,41.658829],[-0.924851,41.658886],[-0.924823,41.658957],[-0.92479,41.659018],[-0.924752,41.65908],[-0.924723,41.659125],[-0.924648,41.659253],[-0.924617,41.659303],[-0.924585,41.659353],[-0.924469,41.659509],[-0.923523,41.658991],[-0.922783,41.658641],[-0.92243,41.658549],[-0.92209,41.658504],[-0.921869,41.658497],[-0.921734,41.658499]]]]}},{"type":"Feature","properties":{"name":"Torrero-La Paz","population":40000,"area_km2":2.72,"boundary_area_km2":111.289,"student":2.9,"tourist":7.1,"office":5.0,"transport":4.3,"competition_density":23.2,"centre":[41.620497,-0.88281],"radius_m":930},"geometry":{"type":"MultiPolygon","coordinates":[[[[-0.885012,41.633222],[-0.884404,41.633149],[-0.882286,41.632896],[-0.881893,41.632834],[-0.88183,41.632813],[-0.881781,41.632791],[-0.881738,41.632763],[-0.881692,41.63272],[-0.88166,41.632669],[-0.881644,41.632635],[-0.881631,41.632588],[-0.88162,41.632442],[-0.881587,41.632087],[-0.881538,41.631714],[-0.881466,41.631368],[-0.881381,41.631124],[-0.881242,41.630868],[-0.881113,41.630678],[-0.880942,41.630483],[-0.880763,41.630337],[-0.880607,41.630244],[-0.879752,41.629792],[-0.879313,41.629549],[-0.879202,41.629502],[-0.87908,41.629476],[-0.87896,41.629468],[-0.878842,41.629484],[-0.878729,41.629507],[-0.878647,41.629528],[-0.877264,41.630065],[-0.876527,41.630431],[-0.875935,41.630704],[-0.875792,41.630729],[-0.875538,41.630731],[-0.875244,41.630647],[-0.875041,41.630566],[-0.87471,41.630438],[-0.874235,41.63031],[-0.873853,41.630202],[-0.873641,41.630119],[-0.873552,41.630056],[-0.873468,41.62996],[-0.873407,41.629849],[-0.873312,41.629622],[-0.87307,41.628854],[-0.872868,41.628554],[-0.872353,41.628227],[-0.872181,41.628053],[-0.872008,41.627604],[-0.871697,41.626802],[-0.871387,41.626588],[-0.871333,41.626526],[-0.871239,41.626395],[-0.871221,41.626257],[-0.871267,41.626053],[-0.871564,41.625245],[-0.871682,41.625],[-0.871788,41.624829],[-0.872067,41.624696],[-0.872254,41.624675],[-0.87294,41.624491],[-0.873056,41.624447],[-0.873163,41.624383],[-0.873259,41.624302],[-0.873317,41.624234],[-0.873359,41.62417],[-0.873395,41.624072],[-0.873421,41.623977],[-0.873426,41.623906],[-0.873414,41.623845],[-0.873388,41.623759],[-0.873346,41.623649],[-0.873275,41.623557],[-0.873092,41.623342],[-0.872705,41.622883],[-0.872552,41.622701],[-0.872409,41.622547],[-0.872319,41.622473],[-0.872171,41.622381],[-0.87199,41.62229],[-0.871786,41.622228],[-0.871394,41.622136],[-0.870706,41.621955],[-0.870483,41.621763],[-0.869598,41.62104],[-0.869493,41.620949],[-0.869428,41.620863],[-0.869371,41.620764],[-0.869343,41.620679],[-0.869326,41.62058],[-0.869343,41.620477],[-0.869409,41.620331],[-0.869505,41.620184],[-0.869608,41.620064],[-0.870068,41.61964],[-0.87049,41.619251],[-0.870715,41.619017],[-0.870801,41.618898],[-0.870864,41.618764],[-0.870896,41.618659],[-0.870899,41.618524],[-0.870845,41.61838],[-0.870737,41.618251],[-0.87023,41.617917],[-0.869585,41.617583],[-0.869115,41.617415],[-0.868143,41.617289],[-0.866777,41.617137],[-0.865069,41.616928],[-0.864432,41.616869],[-0.863488,41.616781],[-0.862469,41.61664],[-0.862311,41.616596],[-0.862187,41.616512],[-0.861995,41.616315],[-0.861859,41.616039],[-0.861601,41.615416],[-0.861269,41.614667],[-0.860897,41.613811],[-0.860697,41.613471],[-0.860506,41.61318],[-0.86019,41.612862],[-0.859929,41.612642],[-0.859791,41.612548],[-0.859605,41.612452],[-0.859272,41.612341],[-0.858783,41.612237],[-0.858225,41.612089],[-0.857763,41.611903],[-0.857586,41.611813],[-0.857454,41.611735],[-0.85741,41.611708],[-0.857003,41.611422],[-0.856646,41.611174],[-0.856444,41.611091],[-0.856186,41.611056],[-0.855842,41.610982],[-0.855423,41.610911],[-0.855021,41.610843],[-0.854529,41.610743],[-0.854055,41.610665],[-0.853983,41.610649],[-0.853889,41.610629],[-0.853816,41.610621],[-0.853747,41.610637],[-0.853651,41.610678],[-0.853087,41.611025],[-0.852295,41.611513],[-0.852168,41.611586],[-0.852024,41.611616],[-0.851925,41.611604],[-0.851255,41.611338],[-0.851169,41.611248],[-0.851036,41.610941],[-0.85095,41.610845],[-0.850847,41.61079],[-0.850402,41.610687],[-0.850225,41.610711],[-0.849644,41.610836],[-0.849426,41.610855],[-0.848538,41.610729],[-0.848357,41.610666],[-0.848079,41.610506],[-0.847045,41.609843],[-0.846896,41.609792],[-0.845941,41.609669],[-0.845793,41.609621],[-0.844929,41.608989],[-0.844869,41.608899],[-0.844552,41.607931],[-0.844541,41.607704],[-0.844577,41.607451],[-0.844615,41.607176],[-0.844841,41.606562],[-0.844941,41.606315],[-0.845031,41.606005],[-0.845058,41.605423],[-0.845019,41.605202],[-0.84487,41.605051],[-0.844434,41.604864],[-0.844036,41.604679],[-0.843741,41.60444],[-0.840576,41.60308],[-0.840368,41.603029],[-0.840067,41.602998],[-0.839862,41.602935],[-0.838078,41.60218],[-0.836073,41.601336],[-0.835025,41.600891],[-0.833772,41.600356],[-0.833866,41.600264],[-0.834034,41.600134],[-0.834163,41.600036],[-0.834307,41.599943],[-0.834528,41.599835],[-0.834801,41.599735],[-0.835096,41.599629],[-0.835385,41.59948],[-0.835503,41.59943],[-0.835724,41.599269],[-0.83584,41.599018],[-0.835882,41.598927],[-0.835953,41.598654],[-0.835956,41.598459],[-0.835932,41.598184],[-0.83579,41.597486],[-0.835732,41.597126],[-0.835714,41.596951],[-0.835729,41.596723],[-0.835774,41.596501],[-0.836058,41.595605],[-0.83615,41.595276],[-0.836232,41.594863],[-0.836229,41.594584],[-0.83619,41.594325],[-0.836045,41.593975],[-0.835908,41.593745],[-0.835785,41.593588],[-0.835553,41.59335],[-0.835404,41.593241],[-0.835056,41.593015],[-0.834581,41.592799],[-0.833795,41.592551],[-0.833337,41.59238],[-0.832974,41.592199],[-0.832556,41.591889],[-0.832133,41.591442],[-0.832004,41.591269],[-0.831237,41.589934],[-0.830774,41.589126],[-0.829699,41.587265],[-0.828898,41.585854],[-0.82837,41.584916],[-0.827053,41.582612],[-0.826873,41.582278],[-0.826786,41.582112],[-0.826624,41.581754],[-0.826516,41.581322],[-0.826427,41.580838],[-0.826416,41.580335],[-0.826451,41.579626],[-0.826523,41.578705],[-0.826516,41.578272],[-0.82646,41.577893],[-0.826346,41.57745],[-0.826195,41.577077],[-0.825989,41.576722],[-0.825791,41.576438],[-0.825522,41.576125],[-0.825247,41.575865],[-0.825038,41.575686],[-0.824878,41.575566],[-0.824646,41.575406],[-0.824497,41.575308],[-0.824287,41.575176],[-0.824041,41.575023],[-0.823326,41.574583],[-0.822725,41.574207],[-0.822565,41.574098],[-0.822398,41.573976],[-0.822235,41.573848],[-0.822104,41.573735],[-0.821986,41.573625],[-0.821873,41.573511],[-0.821744,41.573372],[-0.821575,41.573168],[-0.821407,41.572934],[-0.821264,41.5727],[-0.821145,41.572467],[-0.821074,41.5723],[-0.821019,41.572154],[-0.820976,41.572029],[-0.820942,41.5719],[-0.820906,41.571754],[-0.820882,41.571626],[-0.820869,41.571533],[-0.820859,41.57143],[-0.820852,41.571369],[-0.820846,41.571264],[-0.820844,41.571168],[-0.820844,41.571099],[-0.820846,41.571022],[-0.820853,41.5709],[-0.820861,41.570776],[-0.820887,41.570521],[-0.820926,41.570185],[-0.820943,41.570042],[-0.820995,41.569583],[-0.821125,41.568978],[-0.821453,41.567456],[-0.822091,41.565341],[-0.822165,41.565007],[-0.822177,41.564867],[-0.822179,41.564737],[-0.822159,41.564624],[-0.822141,41.564568],[-0.822072,41.564378],[-0.822041,41.564303],[-0.821932,41.56412],[-0.821754,41.56393],[-0.821522,41.563705],[-0.820909,41.563137],[-0.820638,41.562882],[-0.820027,41.562151],[-0.819403,41.561329],[-0.816453,41.55827],[-0.8156,41.556688],[-0.814725,41.551984],[-0.81405,41.55049],[-0.813942,41.549968],[-0.813963,41.549744],[-0.814,41.54935],[-0.814671,41.547654],[-0.814833,41.547337],[-0.815552,41.546652],[-0.816571,41.545537],[-0.819915,41.542091],[-0.820622,41.541362],[-0.820715,41.541259],[-0.820845,41.541091],[-0.820975,41.540903],[-0.821063,41.540738],[-0.821146,41.540582],[-0.821316,41.540147],[-0.821366,41.539743],[-0.821374,41.539554],[-0.821367,41.539328],[-0.821348,41.539172],[-0.821327,41.539049],[-0.821299,41.538943],[-0.821225,41.538722],[-0.821146,41.538528],[-0.820969,41.538204],[-0.820657,41.537718],[-0.819714,41.536338],[-0.819631,41.536174],[-0.819581,41.536026],[-0.819568,41.535855],[-0.819604,41.534815],[-0.819635,41.534593],[-0.819725,41.534379],[-0.819844,41.53422],[-0.820044,41.534037],[-0.820385,41.533836],[-0.821408,41.53331],[-0.822433,41.532862],[-0.823373,41.532491],[-0.823657,41.532418],[-0.82393,41.532388],[-0.824547,41.532383],[-0.825192,41.53238],[-0.825705,41.532404],[-0.826537,41.532519],[-0.827187,41.532594],[-0.827578,41.532615],[-0.827968,41.532604],[-0.827999,41.532601],[-0.82852,41.532551],[-0.828893,41.532497],[-0.82934,41.532402],[-0.829745,41.532282],[-0.831163,41.531844],[-0.832011,41.53149],[-0.832626,41.531067],[-0.833052,41.530563],[-0.833347,41.529995],[-0.833918,41.528648],[-0.83459,41.52702],[-0.834888,41.526017],[-0.835124,41.524777],[-0.835338,41.523779],[-0.835902,41.522408],[-0.836594,41.521249],[-0.83812,41.5193],[-0.838759,41.51847],[-0.839181,41.517926],[-0.841327,41.515157],[-0.841991,41.514377],[-0.843305,41.513218],[-0.844416,41.51389],[-0.84507,41.514324],[-0.845174,41.514388],[-0.845457,41.514602],[-0.847155,41.515314],[-0.849106,41.516194],[-0.850057,41.516285],[-0.850727,41.516325],[-0.852194,41.515884],[-0.852541,41.515827],[-0.852659,41.515823],[-0.852838,41.515849],[-0.853928,41.516041],[-0.854472,41.516152],[-0.854795,41.516269],[-0.855097,41.516397],[-0.855362,41.51648],[-0.855864,41.516652],[-0.857011,41.517051],[-0.857123,41.517078],[-0.857227,41.517102],[-0.857662,41.51714],[-0.858003,41.517213],[-0.858513,41.517355],[-0.858774,41.517413],[-0.859044,41.51747],[-0.859339,41.517568],[-0.859826,41.517779],[-0.859927,41.517809],[-0.860039,41.517851],[-0.860107,41.518048],[-0.86027,41.517836],[-0.86028,41.517648],[-0.860244,41.517605],[-0.860258,41.517569],[-0.860223,41.517418],[-0.860393,41.517189],[-0.860875,41.516231],[-0.861035,41.516317],[-0.861201,41.516375],[-0.86137,41.516428],[-0.861562,41.51646],[-0.861765,41.5165],[-0.861988,41.516565],[-0.862272,41.516599],[-0.862608,41.516618],[-0.862798,41.516655],[-0.862994,41.516651],[-0.86314,41.516674],[-0.863315,41.516694],[-0.863465,41.516698],[-0.863697,41.516695],[-0.8639,41.516719],[-0.864024,41.516724],[-0.864186,41.516667],[-0.864339,41.516626],[-0.86489,41.516371],[-0.865125,41.516468],[-0.865239,41.516562],[-0.865305,41.516598],[-0.865733,41.516578],[-0.866016,41.516624],[-0.866298,41.516663],[-0.866482,41.516667],[-0.866737,41.516676],[-0.867095,41.516734],[-0.867426,41.516743],[-0.867348,41.516357],[-0.867239,41.515956],[-0.867168,41.516063],[-0.867062,41.516149],[-0.866952,41.516163],[-0.866853,41.516089],[-0.866598,41.515991],[-0.866309,41.515864],[-0.86605,41.51567],[-0.86574,41.515625],[-0.865607,41.515677],[-0.865433,41.515745],[-0.865346,41.515735],[-0.865229,41.515606],[-0.864857,41.515493],[-0.86468,41.515262],[-0.865353,41.515009],[-0.865783,41.514907],[-0.86599,41.514837],[-0.866252,41.514821],[-0.866573,41.514866],[-0.866998,41.514772],[-0.867499,41.514658],[-0.867641,41.514552],[-0.867853,41.514376],[-0.868098,41.514242],[-0.868463,41.514119],[-0.868719,41.514152],[-0.86958,41.514344],[-0.869825,41.514266],[-0.870038,41.514087],[-0.870016,41.514017],[-0.869934,41.513883],[-0.869956,41.513789],[-0.870032,41.513777],[-0.870157,41.513801],[-0.870751,41.514099],[-0.870975,41.514164],[-0.87116,41.51416],[-0.871759,41.514058],[-0.872538,41.514197],[-0.87269,41.514148],[-0.872838,41.514054],[-0.873366,41.51394],[-0.87366,41.513956],[-0.874216,41.514066],[-0.87457,41.514124],[-0.875278,41.514315],[-0.876013,41.514336],[-0.876231,41.514421],[-0.876346,41.514429],[-0.876613,41.514364],[-0.87755,41.514589],[-0.878269,41.51485],[-0.879053,41.515306],[-0.87926,41.515302],[-0.879521,41.515355],[-0.879712,41.515359],[-0.879968,41.515315],[-0.880262,41.515355],[-0.88036,41.515347],[-0.880442,41.515294],[-0.880693,41.515029],[-0.880916,41.514972],[-0.881292,41.514829],[-0.881733,41.514821],[-0.882632,41.514642],[-0.882806,41.514646],[-0.883245,41.514684],[-0.88373,41.514684],[-0.884253,41.514655],[-0.884463,41.514608],[-0.884802,41.514612],[-0.885235,41.514584],[-0.885669,41.514579],[-0.885867,41.514574],[-0.886384,41.514651],[-0.886492,41.514703],[-0.886531,41.514784],[-0.886773,41.515042],[-0.8875,41.515353],[-0.887583,41.515444],[-0.887609,41.51552],[-0.88759,41.515711],[-0.887628,41.515816],[-0.887756,41.515921],[-0.888304,41.516332],[-0.888452,41.516484],[-0.888455,41.516551],[-0.888444,41.516618],[-0.888367,41.516768],[-0.888206,41.517008],[-0.888185,41.51705],[-0.888197,41.517095],[-0.888252,41.517104],[-0.888336,41.517097],[-0.888475,41.517068],[-0.888631,41.517056],[-0.892179,41.516697],[-0.893771,41.517189],[-0.895034,41.517195],[-0.896779,41.516766],[-0.896892,41.516828],[-0.897032,41.51689],[-0.897203,41.516947],[-0.897391,41.517003],[-0.89768,41.517072],[-0.897814,41.517094],[-0.897955,41.517107],[-0.898148,41.517176],[-0.898467,41.517224],[-0.898778,41.517396],[-0.898926,41.517438],[-0.899065,41.517457],[-0.899163,41.517507],[-0.899387,41.517639],[-0.899466,41.517655],[-0.899563,41.517651],[-0.899709,41.517605],[-0.899809,41.517515],[-0.89999,41.517065],[-0.900053,41.5169],[-0.900144,41.516817],[-0.900297,41.516757],[-0.90086,41.516604],[-0.901082,41.516599],[-0.901703,41.516692],[-0.902396,41.516728],[-0.90307,41.516785],[-0.903865,41.516724],[-0.904345,41.516714],[-0.904901,41.516645],[-0.905429,41.51662],[-0.905625,41.516514],[-0.905756,41.516467],[-0.905872,41.516404],[-0.906077,41.516257],[-0.906266,41.516118],[-0.906751,41.515793],[-0.907215,41.515489],[-0.90733,41.515455],[-0.907468,41.515434],[-0.907618,41.515435],[-0.907776,41.515446],[-0.907931,41.515428],[-0.908087,41.515388],[-0.908247,41.515341],[-0.908401,41.515323],[-0.908606,41.515318],[-0.909052,41.515353],[-0.909424,41.515394],[-0.909799,41.515428],[-0.910415,41.515485],[-0.910572,41.515476],[-0.910681,41.515441],[-0.910783,41.515366],[-0.910792,41.515264],[-0.910789,41.515162],[-0.910764,41.514927],[-0.910773,41.514123],[-0.911121,41.513964],[-0.911875,41.513795],[-0.912211,41.513669],[-0.912617,41.513442],[-0.91301,41.513268],[-0.913377,41.513225],[-0.913745,41.513046],[-0.914235,41.51266],[-0.914866,41.512598],[-0.915492,41.512409],[-0.915839,41.512252],[-0.916187,41.512068],[-0.916205,41.511903],[-0.916258,41.511738],[-0.916342,41.511615],[-0.916453,41.511491],[-0.916588,41.511313],[-0.916699,41.511098],[-0.916763,41.510922],[-0.916811,41.510734],[-0.916907,41.510335],[-0.917026,41.510096],[-0.917182,41.509875],[-0.917314,41.50965],[-0.917438,41.509408],[-0.917517,41.509287],[-0.917601,41.509167],[-0.917799,41.508926],[-0.917866,41.508831],[-0.917926,41.50873],[-0.918149,41.508148],[-0.918246,41.507843],[-0.91832,41.50753],[-0.918364,41.507299],[-0.918426,41.507071],[-0.918495,41.50683],[-0.918539,41.506601],[-0.91854,41.506462],[-0.918521,41.506324],[-0.918435,41.505774],[-0.918349,41.505495],[-0.918513,41.505403],[-0.918699,41.505336],[-0.918958,41.505302],[-0.91911,41.505306],[-0.919295,41.505324],[-0.919631,41.505363],[-0.919975,41.505388],[-0.920192,41.505397],[-0.920415,41.505368],[-0.920644,41.505314],[-0.921204,41.505172],[-0.9209,41.505092],[-0.920339,41.504927],[-0.919843,41.504836],[-0.919231,41.504613],[-0.918586,41.504498],[-0.918187,41.504298],[-0.917864,41.50417],[-0.917537,41.504131],[-0.917222,41.50425],[-0.916923,41.504767],[-0.916059,41.505177],[-0.91502,41.50527],[-0.914035,41.505328],[-0.913012,41.505442],[-0.912449,41.505362],[-0.91192,41.505371],[-0.911424,41.505429],[-0.910904,41.505446],[-0.910566,41.505481],[-0.910339,41.50552],[-0.909802,41.505724],[-0.90934,41.505858],[-0.908223,41.505807],[-0.907952,41.505863],[-0.907545,41.506066],[-0.907193,41.506095],[-0.906126,41.506261],[-0.905657,41.506281],[-0.905041,41.506207],[-0.904691,41.506095],[-0.904333,41.506065],[-0.903632,41.505934],[-0.903172,41.506157],[-0.902859,41.506615],[-0.902405,41.506997],[-0.902088,41.507089],[-0.901849,41.507143],[-0.901651,41.507148],[-0.901509,41.507203],[-0.901355,41.50733],[-0.901293,41.507489],[-0.901142,41.508307],[-0.901018,41.509157],[-0.900344,41.51048],[-0.900136,41.511595],[-0.90014,41.512376],[-0.899728,41.512779],[-0.899603,41.513068],[-0.899358,41.513301],[-0.89886,41.513839],[-0.898278,41.514023],[-0.897826,41.514113],[-0.897592,41.514214],[-0.897032,41.514372],[-0.896339,41.514519],[-0.896063,41.514547],[-0.895742,41.514522],[-0.89568,41.514435],[-0.895505,41.514429],[-0.895191,41.514502],[-0.894663,41.514494],[-0.894034,41.51441],[-0.893375,41.514491],[-0.892952,41.514534],[-0.892742,41.514667],[-0.892323,41.514685],[-0.892079,41.514653],[-0.892019,41.514671],[-0.891564,41.51468],[-0.891415,41.514632],[-0.891314,41.514573],[-0.891147,41.514471],[-0.890978,41.514419],[-0.890911,41.514427],[-0.890894,41.514483],[-0.890895,41.51473],[-0.89095,41.514978],[-0.890928,41.51521],[-0.890883,41.515224],[-0.890841,41.515214],[-0.89082,41.515189],[-0.890785,41.515075],[-0.890708,41.514988],[-0.890615,41.51489],[-0.890522,41.514816],[-0.890471,41.514738],[-0.890447,41.514662],[-0.890431,41.514586],[-0.890388,41.514508],[-0.890076,41.514126],[-0.889953,41.513938],[-0.889808,41.513741],[-0.889758,41.51357],[-0.889771,41.513481],[-0.889758,41.513397],[-0.889584,41.513247],[-0.889433,41.513043],[-0.88932,41.512949],[-0.8892,41.512864],[-0.889004,41.512769],[-0.888808,41.512714],[-0.888582,41.512657],[-0.888354,41.512625],[-0.888147,41.512618],[-0.888036,41.512572],[-0.887941,41.512521],[-0.887795,41.512475],[-0.88765,41.512462],[-0.887526,41.512493],[-0.88745,41.512529],[-0.88733,41.51258],[-0.887264,41.512601],[-0.887185,41.512605],[-0.887067,41.512571],[-0.886951,41.512523],[-0.88682,41.512473],[-0.886662,41.51245],[-0.886565,41.512456],[-0.886469,41.512485],[-0.886275,41.512536],[-0.885881,41.51262],[-0.885784,41.512664],[-0.885715,41.512681],[-0.885643,41.512688],[-0.885582,41.51264],[-0.885507,41.512615],[-0.885398,41.512609],[-0.885296,41.51262],[-0.885192,41.512635],[-0.885088,41.512628],[-0.885018,41.512583],[-0.885028,41.512531],[-0.885138,41.512425],[-0.885196,41.512373],[-0.88522,41.512321],[-0.885207,41.512206],[-0.885168,41.512091],[-0.885128,41.511982],[-0.885104,41.511868],[-0.885092,41.511787],[-0.885077,41.511696],[-0.885032,41.511617],[-0.884948,41.511564],[-0.884859,41.511529],[-0.884675,41.511514],[-0.884488,41.511487],[-0.884307,41.511447],[-0.884188,41.511385],[-0.884002,41.511199],[-0.883923,41.511157],[-0.883831,41.511124],[-0.883656,41.511087],[-0.88315,41.510999],[-0.882896,41.510961],[-0.882642,41.510923],[-0.882413,41.510846],[-0.882066,41.510746],[-0.881863,41.510688],[-0.881663,41.510638],[-0.88146,41.5106],[-0.881349,41.510583],[-0.881275,41.510582],[-0.881176,41.510582],[-0.88108,41.510595],[-0.880663,41.510628],[-0.880258,41.510669],[-0.87997,41.510682],[-0.879788,41.510681],[-0.879655,41.51067],[-0.8793,41.510576],[-0.878939,41.510479],[-0.87878,41.510466],[-0.878614,41.510468],[-0.878375,41.510427],[-0.878092,41.510344],[-0.877953,41.510296],[-0.877792,41.510283],[-0.877614,41.510303],[-0.877424,41.510335],[-0.877268,41.510341],[-0.877119,41.510328],[-0.87681,41.510274],[-0.876637,41.510197],[-0.876559,41.510154],[-0.876513,41.510127],[-0.876457,41.510127],[-0.876371,41.510149],[-0.876218,41.510117],[-0.876111,41.51009],[-0.876048,41.510107],[-0.875925,41.510189],[-0.875785,41.510211],[-0.875642,41.510225],[-0.875483,41.510185],[-0.875184,41.510043],[-0.874955,41.509887],[-0.874818,41.509815],[-0.874678,41.509757],[-0.874418,41.509677],[-0.874184,41.509557],[-0.874068,41.509478],[-0.873949,41.509436],[-0.873674,41.509402],[-0.873408,41.509391],[-0.872824,41.509349],[-0.872521,41.509362],[-0.872364,41.509361],[-0.872215,41.509352],[-0.872094,41.509307],[-0.871983,41.509254],[-0.871762,41.509142],[-0.871595,41.509089],[-0.87123,41.508956],[-0.871044,41.508901],[-0.870861,41.508855],[-0.870617,41.508801],[-0.870371,41.508768],[-0.869823,41.508715],[-0.869269,41.50867],[-0.869028,41.50862],[-0.86864,41.508416],[-0.86847,41.50832],[-0.868304,41.508225],[-0.867845,41.507944],[-0.867778,41.507924],[-0.86724,41.507422],[-0.867069,41.507037],[-0.866835,41.506827],[-0.865932,41.506466],[-0.865262,41.505859],[-0.864639,41.505404],[-0.864219,41.505077],[-0.862988,41.504599],[-0.8626,41.504253],[-0.862583,41.504238],[-0.862116,41.503363],[-0.861773,41.503199],[-0.861586,41.502709],[-0.86168,41.50229],[-0.861477,41.501928],[-0.861041,41.50166],[-0.860698,41.501345],[-0.859751,41.501012],[-0.859599,41.501078],[-0.859329,41.500612],[-0.859779,41.500513],[-0.860203,41.500348],[-0.86088,41.500052],[-0.861136,41.499959],[-0.861414,41.499846],[-0.861934,41.499573],[-0.862209,41.499403],[-0.862384,41.499309],[-0.86248,41.499216],[-0.862656,41.499048],[-0.862992,41.4989],[-0.863238,41.498801],[-0.863464,41.498637],[-0.863767,41.498543],[-0.864058,41.49842],[-0.864628,41.498128],[-0.865073,41.49804],[-0.865432,41.497935],[-0.865563,41.497881],[-0.865689,41.497809],[-0.865954,41.497696],[-0.866445,41.497585],[-0.866704,41.497551],[-0.866924,41.497475],[-0.867361,41.497081],[-0.86804,41.496467],[-0.868696,41.495952],[-0.868958,41.495661],[-0.86936,41.495414],[-0.869864,41.495211],[-0.870835,41.494537],[-0.871373,41.494308],[-0.871605,41.494127],[-0.871889,41.49385],[-0.87317,41.493227],[-0.873311,41.493129],[-0.873347,41.49316],[-0.873614,41.493005],[-0.874049,41.492877],[-0.874193,41.492785],[-0.874318,41.492641],[-0.874434,41.49257],[-0.874697,41.492467],[-0.874892,41.492299],[-0.875103,41.492162],[-0.875304,41.492003],[-0.87579,41.491879],[-0.876115,41.49177],[-0.8771,41.491362],[-0.877326,41.491186],[-0.877467,41.491163],[-0.877818,41.49102],[-0.878167,41.490917],[-0.879209,41.490514],[-0.879591,41.490293],[-0.87978,41.490138],[-0.880107,41.489936],[-0.880454,41.489782],[-0.881543,41.48958],[-0.881665,41.489664],[-0.881846,41.489641],[-0.882327,41.489195],[-0.882436,41.489138],[-0.882952,41.489153],[-0.883136,41.48911],[-0.883326,41.489126],[-0.883446,41.48903],[-0.883415,41.488893],[-0.883424,41.488841],[-0.883739,41.488095],[-0.88344,41.486697],[-0.883654,41.486391],[-0.88351,41.486208],[-0.884241,41.486115],[-0.884692,41.485902],[-0.88534,41.485801],[-0.885575,41.485789],[-0.885887,41.486007],[-0.886986,41.486401],[-0.887274,41.486431],[-0.888133,41.486435],[-0.889559,41.486385],[-0.891231,41.486325],[-0.893401,41.486606],[-0.895723,41.486851],[-0.896088,41.486869],[-0.896719,41.486997],[-0.897123,41.487133],[-0.898403,41.487378],[-0.899392,41.48738],[-0.902073,41.487425],[-0.903796,41.487407],[-0.904225,41.487369],[-0.904583,41.487263],[-0.904992,41.487237],[-0.90583,41.487275],[-0.90621,41.487303],[-0.906587,41.487362],[-0.90696,41.487534],[-0.907165,41.487594],[-0.907522,41.487617],[-0.907773,41.487535],[-0.90805,41.487524],[-0.908266,41.487534],[-0.908655,41.487584],[-0.908963,41.487667],[-0.909171,41.487752],[-0.909634,41.487739],[-0.910032,41.487699],[-0.911649,41.487257],[-0.912823,41.48756],[-0.913921,41.487673],[-0.915045,41.487554],[-0.917242,41.486485],[-0.917333,41.487251],[-0.917395,41.487839],[-0.917532,41.489141],[-0.91758,41.489806],[-0.91764,41.490338],[-0.917735,41.490935],[-0.917793,41.491583],[-0.917864,41.492384],[-0.917694,41.493363],[-0.917757,41.493779],[-0.917713,41.493972],[-0.917619,41.494137],[-0.917206,41.494633],[-0.917162,41.494685],[-0.917052,41.494869],[-0.916488,41.495807],[-0.916523,41.496626],[-0.916619,41.49841],[-0.919454,41.499148],[-0.922611,41.501126],[-0.923942,41.501849],[-0.92499,41.502358],[-0.925228,41.502463],[-0.926709,41.503533],[-0.930069,41.505985],[-0.931734,41.507342],[-0.932363,41.507869],[-0.933048,41.508407],[-0.933486,41.508712],[-0.934885,41.509725],[-0.938762,41.512593],[-0.941686,41.514841],[-0.944967,41.51746],[-0.942038,41.523424],[-0.943447,41.526455],[-0.943782,41.527331],[-0.944005,41.527847],[-0.944102,41.529202],[-0.944493,41.530049],[-0.945066,41.530661],[-0.945069,41.530782],[-0.945169,41.53108],[-0.945243,41.531208],[-0.945213,41.531318],[-0.94516,41.531384],[-0.945242,41.531539],[-0.945246,41.531597],[-0.94517,41.531675],[-0.945102,41.531927],[-0.945013,41.531999],[-0.9449,41.532053],[-0.944857,41.532173],[-0.944787,41.532243],[-0.944536,41.532177],[-0.944118,41.532281],[-0.943948,41.532393],[-0.943887,41.532602],[-0.943798,41.532612],[-0.943771,41.53267],[-0.943701,41.532681],[-0.943703,41.532725],[-0.943532,41.532698],[-0.943269,41.532841],[-0.943064,41.532844],[-0.942961,41.532878],[-0.942933,41.532898],[-0.942931,41.532922],[-0.942881,41.532967],[-0.942913,41.533041],[-0.942871,41.533089],[-0.942772,41.533141],[-0.942745,41.533167],[-0.942726,41.533194],[-0.94265,41.533215],[-0.942627,41.533273],[-0.942566,41.533285],[-0.942508,41.533284],[-0.942434,41.533295],[-0.94238,41.533337],[-0.942337,41.533401],[-0.942258,41.533461],[-0.942255,41.533499],[-0.942231,41.533503],[-0.94223,41.533499],[-0.942165,41.533483],[-0.942068,41.533434],[-0.941972,41.533394],[-0.941818,41.533334],[-0.941782,41.533311],[-0.94177,41.533309],[-0.941738,41.533311],[-0.941697,41.533332],[-0.941655,41.533352],[-0.941628,41.533373],[-0.941616,41.533378],[-0.941585,41.533387],[-0.941528,41.533382],[-0.941498,41.533372],[-0.94148,41.533364],[-0.94147,41.533357],[-0.941455,41.533341],[-0.941449,41.533331],[-0.941447,41.533322],[-0.941433,41.533284],[-0.941422,41.533266],[-0.941406,41.533257],[-0.941405,41.533254],[-0.941378,41.53325],[-0.941321,41.533245],[-0.941319,41.533246],[-0.941175,41.533242],[-0.941131,41.533221],[-0.941117,41.533203],[-0.941155,41.533095],[-0.941176,41.533021],[-0.941169,41.532999],[-0.941149,41.532986],[-0.941067,41.532963],[-0.940937,41.53294],[-0.940875,41.532935],[-0.940847,41.532938],[-0.940832,41.532947],[-0.94082,41.532966],[-0.940824,41.532997],[-0.94069,41.532987],[-0.940792,41.533098],[-0.940801,41.533137],[-0.940728,41.533169],[-0.940671,41.533219],[-0.940608,41.533251],[-0.940517,41.533258],[-0.940455,41.533251],[-0.940351,41.533219],[-0.940255,41.533178],[-0.940087,41.533088],[-0.940069,41.533074],[-0.939976,41.533034],[-0.939939,41.533031],[-0.939911,41.53304],[-0.939887,41.533051],[-0.939851,41.533083],[-0.939796,41.533152],[-0.939764,41.533181],[-0.939689,41.533224],[-0.939671,41.533262],[-0.939536,41.533349],[-0.939666,41.533481],[-0.939511,41.533634],[-0.939187,41.53367],[-0.939068,41.533678],[-0.939369,41.53448],[-0.938957,41.534831],[-0.938631,41.534853],[-0.938447,41.534784],[-0.938308,41.534867],[-0.938349,41.535],[-0.93857,41.535332],[-0.938467,41.535508],[-0.938513,41.535525],[-0.938541,41.535577],[-0.938396,41.535727],[-0.93808,41.53601],[-0.938012,41.536177],[-0.937976,41.536331],[-0.938052,41.536351],[-0.938168,41.536423],[-0.93823,41.53655],[-0.938203,41.536688],[-0.938292,41.537016],[-0.938278,41.537041],[-0.938247,41.537062],[-0.938098,41.537099],[-0.937866,41.537109],[-0.937743,41.537123],[-0.937607,41.537126],[-0.937522,41.537114],[-0.937481,41.537105],[-0.93739,41.537059],[-0.937305,41.536951],[-0.937291,41.536912],[-0.937316,41.53668],[-0.937115,41.536587],[-0.937012,41.536636],[-0.936924,41.53673],[-0.93677,41.536729],[-0.936695,41.536655],[-0.936528,41.536667],[-0.936433,41.536836],[-0.936311,41.536865],[-0.936165,41.536879],[-0.936051,41.536883],[-0.935943,41.536879],[-0.935853,41.536857],[-0.935823,41.536811],[-0.935791,41.536809],[-0.935719,41.536774],[-0.93563,41.536764],[-0.935485,41.536777],[-0.935442,41.536734],[-0.935424,41.536684],[-0.935364,41.536632],[-0.935338,41.53657],[-0.935541,41.536443],[-0.935552,41.536392],[-0.935485,41.536379],[-0.935387,41.53638],[-0.935229,41.536435],[-0.935201,41.536485],[-0.934966,41.536711],[-0.933992,41.536806],[-0.933824,41.53681],[-0.933658,41.53688],[-0.933748,41.537107],[-0.933949,41.53721],[-0.934852,41.537836],[-0.934881,41.537964],[-0.934938,41.53808],[-0.935092,41.53815],[-0.935273,41.538257],[-0.935417,41.538406],[-0.935668,41.538536],[-0.936025,41.538647],[-0.936047,41.538943],[-0.936082,41.539045],[-0.936281,41.539241],[-0.936316,41.539323],[-0.936342,41.53944],[-0.936402,41.539568],[-0.936475,41.539641],[-0.936814,41.539595],[-0.936951,41.539629],[-0.937082,41.539794],[-0.937181,41.539861],[-0.937207,41.539929],[-0.937096,41.540144],[-0.937114,41.540266],[-0.937164,41.540379],[-0.937242,41.540473],[-0.93742,41.540625],[-0.937514,41.540781],[-0.937532,41.541068],[-0.937311,41.541611],[-0.937191,41.541726],[-0.936955,41.541858],[-0.936387,41.541937],[-0.936158,41.542156],[-0.936161,41.54229],[-0.936317,41.542383],[-0.936518,41.542385],[-0.936681,41.542428],[-0.936798,41.542516],[-0.936796,41.542603],[-0.936732,41.542696],[-0.936518,41.542863],[-0.936502,41.54292],[-0.936532,41.543092],[-0.93685,41.543702],[-0.936918,41.543717],[-0.937391,41.543778],[-0.93761,41.543783],[-0.937624,41.543672],[-0.93766,41.543587],[-0.937879,41.543531],[-0.938169,41.543546],[-0.938451,41.543619],[-0.938858,41.543804],[-0.939114,41.543996],[-0.939192,41.544119],[-0.939214,41.544195],[-0.939058,41.544215],[-0.938966,41.544255],[-0.938848,41.544378],[-0.938861,41.544516],[-0.938948,41.544563],[-0.939085,41.544558],[-0.939168,41.544578],[-0.93927,41.544645],[-0.939795,41.544948],[-0.940169,41.545122],[-0.940349,41.545247],[-0.940382,41.545323],[-0.940361,41.545453],[-0.940307,41.545677],[-0.940351,41.545768],[-0.940425,41.545828],[-0.940629,41.545905],[-0.940674,41.545954],[-0.940656,41.546134],[-0.940641,41.546425],[-0.940666,41.546544],[-0.94074,41.546683],[-0.94087,41.546869],[-0.941371,41.547326],[-0.941512,41.54739],[-0.94179,41.547496],[-0.941968,41.547643],[-0.942083,41.547708],[-0.94226,41.54775],[-0.942316,41.547842],[-0.94236,41.548109],[-0.942495,41.548438],[-0.942615,41.548478],[-0.94289,41.548444],[-0.943062,41.548542],[-0.943326,41.548565],[-0.943483,41.548631],[-0.943711,41.548688],[-0.943887,41.548841],[-0.943723,41.549405],[-0.943841,41.549646],[-0.944234,41.54991],[-0.944715,41.550232],[-0.94508,41.550477],[-0.946135,41.551505],[-0.947092,41.553063],[-0.947076,41.553245],[-0.946788,41.553419],[-0.946344,41.554091],[-0.945828,41.555218],[-0.945878,41.555469],[-0.945951,41.55558],[-0.945919,41.555629],[-0.946121,41.555744],[-0.946766,41.55578],[-0.947001,41.55615],[-0.947579,41.55623],[-0.947811,41.556425],[-0.947652,41.55661],[-0.947806,41.557395],[-0.947784,41.557661],[-0.947681,41.558092],[-0.947724,41.558578],[-0.947787,41.558834],[-0.947893,41.558965],[-0.947993,41.559059],[-0.948034,41.559171],[-0.947938,41.559286],[-0.94727,41.559647],[-0.946742,41.559745],[-0.946476,41.559773],[-0.946192,41.559854],[-0.945988,41.559937],[-0.945862,41.560026],[-0.945837,41.560258],[-0.945927,41.560445],[-0.946119,41.560733],[-0.946241,41.560967],[-0.946398,41.56112],[-0.946521,41.561217],[-0.946575,41.561338],[-0.946624,41.561533],[-0.946692,41.561672],[-0.946942,41.561752],[-0.94709,41.561729],[-0.94728,41.561745],[-0.947431,41.561824],[-0.947561,41.562086],[-0.947616,41.562235],[-0.947604,41.562301],[-0.947476,41.562382],[-0.947293,41.562466],[-0.947231,41.56255],[-0.947202,41.562639],[-0.947325,41.562733],[-0.947471,41.563045],[-0.947358,41.563611],[-0.947176,41.563753],[-0.946455,41.564071],[-0.945977,41.56445],[-0.945767,41.564618],[-0.945675,41.564706],[-0.945511,41.565003],[-0.945586,41.56535],[-0.945635,41.565422],[-0.946133,41.565613],[-0.946269,41.565714],[-0.946456,41.565904],[-0.94712,41.566446],[-0.947156,41.566501],[-0.947774,41.56678],[-0.947909,41.566799],[-0.948432,41.566842],[-0.947918,41.56726],[-0.947549,41.567587],[-0.94741,41.567655],[-0.94726,41.567802],[-0.946917,41.568184],[-0.946587,41.568439],[-0.946519,41.568475],[-0.945931,41.569009],[-0.945724,41.569164],[-0.94565,41.56919],[-0.944729,41.569728],[-0.943638,41.57115],[-0.942217,41.57305],[-0.942209,41.573091],[-0.942137,41.573286],[-0.941734,41.574392],[-0.941712,41.574437],[-0.94162,41.574684],[-0.941585,41.574727],[-0.941168,41.575362],[-0.941114,41.575453],[-0.940526,41.57616],[-0.940479,41.576267],[-0.940464,41.576345],[-0.940322,41.576447],[-0.939846,41.576887],[-0.939645,41.577123],[-0.939563,41.577292],[-0.939552,41.577333],[-0.939295,41.578001],[-0.938299,41.578912],[-0.938006,41.579184],[-0.937517,41.579906],[-0.937162,41.580185],[-0.936757,41.580626],[-0.936619,41.58066],[-0.93414,41.579579],[-0.933038,41.578923],[-0.931064,41.578204],[-0.931005,41.577721],[-0.931047,41.577458],[-0.930278,41.576762],[-0.929417,41.576772],[-0.928466,41.57631],[-0.928258,41.575793],[-0.928005,41.575653],[-0.92794,41.575469],[-0.928202,41.574054],[-0.928071,41.573665],[-0.927569,41.573499],[-0.927348,41.572778],[-0.926181,41.57201],[-0.925973,41.571716],[-0.925231,41.571778],[-0.924516,41.571171],[-0.924493,41.570938],[-0.924001,41.57076],[-0.923234,41.570014],[-0.922384,41.570304],[-0.921645,41.570934],[-0.919989,41.570707],[-0.919156,41.569802],[-0.918557,41.569564],[-0.918016,41.569072],[-0.916898,41.569102],[-0.916102,41.568881],[-0.916047,41.568735],[-0.915505,41.568893],[-0.91567,41.570224],[-0.915593,41.571839],[-0.915413,41.571865],[-0.914602,41.57187],[-0.91389,41.572186],[-0.913265,41.572492],[-0.912763,41.572686],[-0.912582,41.572737],[-0.912451,41.572838],[-0.912316,41.57291],[-0.912094,41.572941],[-0.911863,41.572995],[-0.911703,41.573132],[-0.911639,41.573255],[-0.911639,41.573433],[-0.911703,41.573844],[-0.911662,41.574004],[-0.911592,41.574149],[-0.91132,41.574459],[-0.910932,41.574919],[-0.910939,41.575051],[-0.911061,41.575215],[-0.911179,41.575323],[-0.91141,41.575491],[-0.911536,41.57556],[-0.911647,41.575657],[-0.911696,41.575794],[-0.911717,41.576043],[-0.911704,41.57627],[-0.911624,41.57644],[-0.911516,41.576638],[-0.911487,41.576811],[-0.911471,41.576996],[-0.911145,41.577243],[-0.91111,41.577772],[-0.910947,41.578212],[-0.910791,41.578357],[-0.910551,41.578476],[-0.9103,41.578632],[-0.909849,41.578966],[-0.909421,41.579213],[-0.909122,41.579521],[-0.908876,41.579626],[-0.908319,41.579964],[-0.907989,41.580103],[-0.907751,41.580311],[-0.907281,41.580923],[-0.906839,41.581279],[-0.906698,41.581637],[-0.906577,41.581802],[-0.906384,41.582044],[-0.906286,41.582226],[-0.906227,41.582463],[-0.906286,41.582748],[-0.906372,41.58294],[-0.906555,41.583413],[-0.90661,41.58389],[-0.906898,41.584449],[-0.906906,41.584653],[-0.906848,41.584867],[-0.90671,41.585067],[-0.906673,41.585124],[-0.906478,41.58539],[-0.906331,41.585617],[-0.906295,41.58599],[-0.906394,41.586319],[-0.906634,41.58671],[-0.90683,41.586907],[-0.907321,41.587325],[-0.907641,41.58746],[-0.907815,41.587603],[-0.908413,41.587943],[-0.908559,41.588085],[-0.908899,41.588331],[-0.909358,41.588573],[-0.909477,41.588617],[-0.909787,41.588793],[-0.910013,41.588941],[-0.91033,41.589192],[-0.910716,41.589331],[-0.911121,41.589557],[-0.911395,41.58974],[-0.911618,41.589885],[-0.911992,41.590278],[-0.912682,41.590857],[-0.912859,41.59093],[-0.913281,41.590961],[-0.913316,41.591017],[-0.91335,41.591095],[-0.913385,41.591246],[-0.913453,41.591365],[-0.913679,41.591602],[-0.914075,41.591976],[-0.91426,41.592088],[-0.914565,41.592314],[-0.914777,41.592417],[-0.914966,41.592621],[-0.915442,41.592977],[-0.915778,41.593252],[-0.91602,41.593519],[-0.916397,41.594017],[-0.916692,41.594291],[-0.917077,41.594621],[-0.917453,41.594935],[-0.9177,41.595223],[-0.917864,41.595427],[-0.918005,41.595708],[-0.91817,41.595931],[-0.918313,41.596078],[-0.918458,41.596162],[-0.918814,41.596317],[-0.919286,41.596501],[-0.9194,41.596544],[-0.919659,41.596642],[-0.920047,41.596756],[-0.920342,41.596899],[-0.92074,41.597443],[-0.920845,41.597511],[-0.920962,41.597599],[-0.921133,41.597725],[-0.921333,41.597937],[-0.92135,41.59802],[-0.921402,41.598104],[-0.921451,41.598255],[-0.921481,41.59841],[-0.921631,41.598648],[-0.92162,41.598773],[-0.921617,41.598875],[-0.921616,41.59911],[-0.921605,41.599229],[-0.921621,41.599319],[-0.921665,41.599455],[-0.921682,41.599621],[-0.921659,41.599808],[-0.921566,41.600044],[-0.921478,41.600176],[-0.921419,41.600243],[-0.92139,41.600323],[-0.92131,41.600486],[-0.921247,41.600658],[-0.921136,41.601029],[-0.921012,41.601376],[-0.920956,41.601626],[-0.920902,41.602008],[-0.920897,41.602304],[-0.920854,41.602536],[-0.920909,41.602791],[-0.921098,41.603226],[-0.921206,41.603327],[-0.921403,41.603375],[-0.921659,41.603437],[-0.921813,41.603397],[-0.922041,41.603311],[-0.922207,41.603174],[-0.922392,41.602949],[-0.92267,41.602737],[-0.922713,41.602683],[-0.922711,41.602719],[-0.922594,41.603399],[-0.92242,41.60365],[-0.922213,41.603951],[-0.92193,41.604356],[-0.921855,41.604463],[-0.920986,41.605662],[-0.920564,41.606105],[-0.920447,41.606193],[-0.920297,41.606318],[-0.920218,41.606381],[-0.920108,41.606489],[-0.920004,41.606605],[-0.919873,41.60675],[-0.9197,41.60695],[-0.919471,41.607215],[-0.919348,41.607328],[-0.919095,41.607498],[-0.91895,41.607548],[-0.918722,41.607628],[-0.91856,41.607738],[-0.918457,41.607846],[-0.918371,41.607935],[-0.918247,41.608083],[-0.917864,41.608375],[-0.917459,41.608676],[-0.916657,41.609294],[-0.916381,41.609534],[-0.915884,41.609922],[-0.915557,41.610105],[-0.915312,41.610232],[-0.915107,41.610378],[-0.914952,41.610511],[-0.91483,41.610648],[-0.914645,41.610962],[-0.914497,41.611089],[-0.914201,41.611279],[-0.913928,41.611475],[-0.913683,41.611599],[-0.913566,41.611658],[-0.913449,41.611735],[-0.913239,41.611859],[-0.913015,41.611962],[-0.9128,41.612028],[-0.91263,41.612053],[-0.912301,41.612012],[-0.911902,41.611939],[-0.91185,41.611937],[-0.911787,41.611944],[-0.911719,41.611962],[-0.911665,41.611986],[-0.911623,41.612013],[-0.911583,41.612045],[-0.911559,41.612072],[-0.911543,41.612106],[-0.911535,41.612149],[-0.911536,41.612195],[-0.911544,41.612237],[-0.91156,41.61228],[-0.911616,41.612333],[-0.911721,41.612421],[-0.911899,41.612561],[-0.911996,41.612665],[-0.912044,41.612735],[-0.912063,41.612823],[-0.912065,41.612913],[-0.912039,41.612984],[-0.911967,41.613077],[-0.911853,41.613168],[-0.911502,41.613404],[-0.911178,41.61362],[-0.910986,41.613786],[-0.910774,41.613913],[-0.910611,41.613994],[-0.910472,41.614076],[-0.910395,41.614134],[-0.910325,41.614197],[-0.91026,41.614259],[-0.910094,41.614406],[-0.909961,41.614527],[-0.909733,41.614636],[-0.90948,41.614774],[-0.909397,41.614877],[-0.909263,41.615027],[-0.909124,41.615144],[-0.908989,41.615277],[-0.908888,41.615423],[-0.908757,41.615655],[-0.908637,41.615735],[-0.908458,41.615822],[-0.908314,41.615909],[-0.908276,41.615933],[-0.908038,41.616085],[-0.907767,41.616272],[-0.90744,41.616588],[-0.907299,41.616673],[-0.90703,41.616719],[-0.906779,41.616732],[-0.906617,41.616698],[-0.906134,41.616541],[-0.906037,41.616529],[-0.905999,41.616529],[-0.905885,41.616527],[-0.905815,41.616522],[-0.905706,41.616558],[-0.905608,41.616599],[-0.905512,41.616705],[-0.905483,41.616857],[-0.90548,41.616963],[-0.905547,41.617268],[-0.905597,41.617494],[-0.905649,41.61773],[-0.905712,41.617906],[-0.90576,41.618037],[-0.90586,41.61823],[-0.906044,41.61847],[-0.906259,41.618629],[-0.90646,41.618769],[-0.906572,41.618908],[-0.906586,41.619138],[-0.906544,41.619346],[-0.906461,41.619596],[-0.906519,41.619959],[-0.906159,41.620211],[-0.905857,41.620425],[-0.905697,41.62056],[-0.905557,41.620643],[-0.905295,41.620751],[-0.904998,41.62082],[-0.9048,41.620888],[-0.904737,41.62091],[-0.904658,41.620932],[-0.904599,41.620954],[-0.904516,41.62099],[-0.904524,41.621023],[-0.90452,41.621072],[-0.904514,41.62113],[-0.90451,41.621202],[-0.904514,41.621275],[-0.904504,41.621344],[-0.90447,41.621466],[-0.904444,41.621547],[-0.904422,41.621622],[-0.904401,41.621684],[-0.90437,41.621782],[-0.904235,41.62175],[-0.904009,41.621764],[-0.903846,41.621774],[-0.903338,41.622011],[-0.902171,41.622767],[-0.901763,41.62303],[-0.901288,41.623605],[-0.900837,41.624286],[-0.90032,41.624929],[-0.898887,41.626151],[-0.898374,41.626599],[-0.898168,41.62689],[-0.897991,41.627259],[-0.897784,41.627903],[-0.897726,41.628135],[-0.89769,41.628196],[-0.897619,41.628279],[-0.897555,41.628346],[-0.897383,41.628501],[-0.896625,41.629031],[-0.896328,41.62924],[-0.896161,41.629345],[-0.895707,41.629516],[-0.895189,41.62956],[-0.893553,41.629641],[-0.892634,41.629708],[-0.892512,41.629746],[-0.89235,41.629826],[-0.892226,41.629938],[-0.892143,41.630033],[-0.892079,41.630131],[-0.89202,41.630254],[-0.891567,41.631524],[-0.891485,41.63178],[-0.891465,41.631864],[-0.891456,41.631951],[-0.891459,41.632034],[-0.891473,41.632216],[-0.891589,41.633038],[-0.89159,41.633154],[-0.891538,41.633292],[-0.891406,41.633397],[-0.891233,41.63351],[-0.890961,41.633637],[-0.890692,41.633708],[-0.890294,41.633753],[-0.889899,41.633737],[-0.888611,41.633617],[-0.886423,41.633396],[-0.886322,41.633386],[-0.885012,41.633222]]]]}},{"type":"Feature","properties":{"name":"El Rabal","population":79000,"area_km2":5.28,"boundary_area_km2":8.378,"student":2.1,"tourist":5.7,"office":4.3,"transport":3.6,"competition_density":9.7,"centre":[41.666292,-0.865395],"radius_m":1296},"geometry":{"type":"MultiPolygon","coordinates":[[[[-0.881317,41.659705],[-0.881527,41.658375],[-0.879891,41.658237],[-0.877706,41.658013],[-0.876195,41.657601],[-0.874798,41.657158],[-0.87315,41.656479],[-0.871506,41.655931],[-0.868592,41.654754],[-0.864518,41.653618],[-0.862531,41.652965],[-0.862289,41.652884],[-0.860113,41.652149],[-0.858587,41.651848],[-0.854867,41.651114],[-0.851554,41.650349],[-0.849709,41.649699],[-0.847477,41.649382],[-0.84779,41.649988],[-0.847737,41.650286],[-0.847649,41.650544],[-0.847712,41.651718],[-0.84799,41.651995],[-0.848077,41.652096],[-0.84825,41.652314],[-0.848488,41.652681],[-0.848735,41.653056],[-0.84912,41.653525],[-0.849303,41.653958],[-0.849495,41.654259],[-0.849832,41.654608],[-0.850047,41.654903],[-0.850159,41.655237],[-0.850185,41.655561],[-0.849997,41.655818],[-0.849664,41.65598],[-0.849212,41.656129],[-0.848917,41.656254],[-0.848682,41.656503],[-0.848429,41.6568],[-0.848165,41.65708],[-0.847896,41.657239],[-0.847679,41.657392],[-0.847525,41.657504],[-0.847402,41.657592],[-0.847047,41.658057],[-0.846655,41.658593],[-0.846408,41.658974],[-0.846406,41.659158],[-0.846458,41.65927],[-0.846579,41.659476],[-0.846834,41.659859],[-0.846955,41.660347],[-0.847015,41.660906],[-0.84708,41.661178],[-0.847016,41.661493],[-0.846841,41.661777],[-0.8466,41.662011],[-0.846299,41.662221],[-0.845814,41.662505],[-0.845488,41.662709],[-0.844865,41.663134],[-0.844402,41.663537],[-0.84402,41.66393],[-0.843658,41.664509],[-0.843281,41.66503],[-0.842928,41.665587],[-0.842637,41.666183],[-0.842054,41.667506],[-0.841951,41.667891],[-0.841811,41.668385],[-0.841797,41.669334],[-0.841797,41.66954],[-0.841969,41.670584],[-0.842084,41.670925],[-0.842295,41.671545],[-0.842484,41.67227],[-0.842885,41.673694],[-0.8431,41.674078],[-0.843369,41.674541],[-0.843711,41.675253],[-0.843795,41.675758],[-0.843797,41.676213],[-0.843791,41.676734],[-0.843664,41.677143],[-0.843975,41.677194],[-0.8508,41.678338],[-0.851422,41.678443],[-0.853678,41.678787],[-0.853952,41.678845],[-0.856784,41.67931],[-0.857393,41.679385],[-0.859042,41.679563],[-0.860324,41.679654],[-0.861256,41.679689],[-0.862143,41.679711],[-0.862914,41.679724],[-0.865391,41.679738],[-0.867475,41.679746],[-0.870737,41.679781],[-0.871504,41.679778],[-0.872116,41.679783],[-0.874161,41.679797],[-0.877747,41.679832],[-0.878733,41.6784],[-0.879376,41.677545],[-0.879755,41.676926],[-0.880075,41.676348],[-0.88025,41.675934],[-0.880404,41.67545],[-0.88053,41.674899],[-0.880582,41.674552],[-0.880616,41.674111],[-0.880613,41.673921],[-0.880582,41.673406],[-0.880511,41.672628],[-0.880474,41.672231],[-0.880324,41.670708],[-0.880172,41.66917],[-0.880115,41.66821],[-0.880127,41.667575],[-0.880138,41.667385],[-0.880207,41.666668],[-0.880359,41.665746],[-0.880428,41.66534],[-0.881004,41.661768],[-0.881182,41.660456],[-0.881236,41.660147],[-0.881242,41.66011],[-0.881317,41.659705]]]]}},{"type":"Feature","properties":{"name":"Santa Isabel","population":13000,"area_km2":1.2,"boundary_area_km2":7.968,"student":1.4,"tourist":3.6,"office":1.4,"transport":1.4,"competition_density":15.0,"centre":[41.6692,-0.829974],"radius_m":618},"geometry":{"type":"MultiPolygon","coordinates":[[[[-0.773468,41.64277],[-0.773144,41.642679],[-0.773068,41.642746],[-0.772337,41.642969],[-0.771441,41.643899],[-0.770668,41.644553],[-0.768772,41.645611],[-0.766763,41.64701],[-0.766718,41.647585],[-0.765956,41.648027],[-0.765525,41.648255],[-0.765162,41.648404],[-0.765261,41.648528],[-0.765815,41.649319],[-0.766606,41.650462],[-0.767176,41.651256],[-0.767644,41.651842],[-0.768012,41.652266],[-0.768357,41.652615],[-0.768638,41.652869],[-0.768907,41.653092],[-0.769508,41.653548],[-0.769775,41.65374],[-0.770405,41.654143],[-0.771258,41.654593],[-0.772369,41.655075],[-0.773026,41.655319],[-0.773634,41.655541],[-0.77473,41.655928],[-0.778106,41.657137],[-0.782052,41.658521],[-0.784039,41.659231],[-0.786607,41.660138],[-0.789345,41.661115],[-0.790157,41.661407],[-0.791597,41.661911],[-0.792952,41.662386],[-0.794261,41.662814],[-0.79477,41.662978],[-0.795612,41.66322],[-0.796354,41.663426],[-0.798171,41.663854],[-0.800268,41.664268],[-0.801761,41.664523],[-0.802013,41.665376],[-0.802165,41.665474],[-0.802346,41.665605],[-0.802412,41.665665],[-0.802472,41.66578],[-0.802555,41.666105],[-0.802688,41.666307],[-0.802931,41.666636],[-0.803056,41.666756],[-0.803279,41.666925],[-0.803608,41.667157],[-0.803686,41.667206],[-0.804586,41.667787],[-0.804985,41.668019],[-0.805189,41.66818],[-0.805881,41.668631],[-0.806301,41.668872],[-0.806567,41.669048],[-0.807053,41.669331],[-0.8072,41.669424],[-0.807337,41.669539],[-0.807497,41.669638],[-0.80758,41.669704],[-0.807604,41.669716],[-0.807615,41.669831],[-0.807586,41.670048],[-0.807497,41.670419],[-0.807474,41.670681],[-0.807426,41.670841],[-0.807432,41.6709],[-0.807605,41.671286],[-0.807707,41.671534],[-0.807721,41.671634],[-0.807833,41.671899],[-0.80788,41.672028],[-0.807867,41.672199],[-0.807879,41.672418],[-0.807879,41.672549],[-0.808074,41.672681],[-0.808267,41.67276],[-0.808606,41.672907],[-0.808761,41.672968],[-0.808833,41.673028],[-0.808896,41.673154],[-0.808959,41.673388],[-0.809118,41.673914],[-0.809373,41.674657],[-0.809379,41.67496],[-0.809364,41.675063],[-0.809304,41.675165],[-0.809301,41.675212],[-0.809439,41.675335],[-0.809519,41.67537],[-0.809553,41.675486],[-0.80954,41.675739],[-0.809504,41.676166],[-0.809471,41.67633],[-0.809484,41.676402],[-0.809482,41.676733],[-0.809464,41.676879],[-0.80942,41.676985],[-0.809329,41.677039],[-0.80929,41.677091],[-0.8093,41.677246],[-0.809312,41.67754],[-0.809319,41.677897],[-0.809294,41.677997],[-0.809308,41.678163],[-0.809337,41.678397],[-0.811154,41.678588],[-0.811375,41.678597],[-0.811742,41.678568],[-0.812234,41.678537],[-0.814145,41.678378],[-0.814546,41.678374],[-0.81482,41.678407],[-0.815101,41.678411],[-0.815227,41.678366],[-0.81526,41.678243],[-0.815271,41.678158],[-0.815919,41.678199],[-0.816061,41.678215],[-0.816408,41.678196],[-0.817168,41.6781],[-0.817469,41.67806],[-0.817666,41.678002],[-0.81798,41.677964],[-0.818185,41.677968],[-0.818283,41.678],[-0.81839,41.678037],[-0.818682,41.677943],[-0.819434,41.67768],[-0.819948,41.677484],[-0.82058,41.67718],[-0.821055,41.676896],[-0.821925,41.676508],[-0.822592,41.676171],[-0.822693,41.676093],[-0.823051,41.675977],[-0.823743,41.675799],[-0.824114,41.675689],[-0.825243,41.675458],[-0.825634,41.675364],[-0.825905,41.675293],[-0.826326,41.67515],[-0.826575,41.675036],[-0.826739,41.674997],[-0.827493,41.674895],[-0.827578,41.674879],[-0.827699,41.674847],[-0.827873,41.674474],[-0.827942,41.67449],[-0.828956,41.674711],[-0.829852,41.674879],[-0.829975,41.67448],[-0.830052,41.674269],[-0.830102,41.674165],[-0.830177,41.67404],[-0.830273,41.67392],[-0.830376,41.673821],[-0.830472,41.673738],[-0.830649,41.673608],[-0.830831,41.673484],[-0.831345,41.67321],[-0.831423,41.673174],[-0.831471,41.673152],[-0.831572,41.673105],[-0.831702,41.673052],[-0.831817,41.67301],[-0.831936,41.672971],[-0.83207,41.672933],[-0.832192,41.672905],[-0.832295,41.672883],[-0.832376,41.672869],[-0.83259,41.672837],[-0.832868,41.672806],[-0.833153,41.672784],[-0.83339,41.672771],[-0.833482,41.672766],[-0.833675,41.672753],[-0.83379,41.672744],[-0.833832,41.67274],[-0.833931,41.672728],[-0.834068,41.67271],[-0.834214,41.67269],[-0.83437,41.672661],[-0.834454,41.672639],[-0.834712,41.672561],[-0.835188,41.672382],[-0.83523,41.672367],[-0.835964,41.672063],[-0.835097,41.67575],[-0.838703,41.676323],[-0.843664,41.677143],[-0.843791,41.676734],[-0.843797,41.676213],[-0.843795,41.675758],[-0.843711,41.675253],[-0.843369,41.674541],[-0.8431,41.674078],[-0.842885,41.673694],[-0.842484,41.67227],[-0.842295,41.671545],[-0.842084,41.670925],[-0.841161,41.67084],[-0.840841,41.670791],[-0.840786,41.670775],[-0.840599,41.670708],[-0.840446,41.670638],[-0.840349,41.670584],[-0.840192,41.670485],[-0.840045,41.67038],[-0.839602,41.67008],[-0.839231,41.669828],[-0.839054,41.669709],[-0.838853,41.669568],[-0.838714,41.669475],[-0.838572,41.669379],[-0.838349,41.669226],[-0.838401,41.669187],[-0.83845,41.669112],[-0.838495,41.668905],[-0.838496,41.668844],[-0.838499,41.668688],[-0.838512,41.668057],[-0.838514,41.667923],[-0.838518,41.667726],[-0.838479,41.667538],[-0.838413,41.667386],[-0.838094,41.666915],[-0.838065,41.666883],[-0.83804,41.666861],[-0.837996,41.66683],[-0.837945,41.666795],[-0.83787,41.666752],[-0.837826,41.666731],[-0.836874,41.6665],[-0.836484,41.666443],[-0.835905,41.666397],[-0.835853,41.666394],[-0.834769,41.666339],[-0.834076,41.666322],[-0.833715,41.666313],[-0.83343,41.66625],[-0.833154,41.666165],[-0.832865,41.666132],[-0.832639,41.666109],[-0.83198,41.665959],[-0.831695,41.665865],[-0.831453,41.665875],[-0.831287,41.665846],[-0.831061,41.66579],[-0.830744,41.665725],[-0.830518,41.665699],[-0.830214,41.665699],[-0.829972,41.665715],[-0.829781,41.665725],[-0.829665,41.665687],[-0.829508,41.665553],[-0.829423,41.665495],[-0.829063,41.665439],[-0.828947,41.665385],[-0.828812,41.665392],[-0.828692,41.665396],[-0.828554,41.665321],[-0.828216,41.665225],[-0.827211,41.665],[-0.826817,41.665031],[-0.82668,41.665034],[-0.826506,41.664925],[-0.826304,41.664836],[-0.826107,41.664839],[-0.825796,41.664815],[-0.82564,41.664764],[-0.825333,41.664696],[-0.824697,41.664549],[-0.824253,41.664377],[-0.823891,41.664237],[-0.822943,41.663895],[-0.822458,41.663772],[-0.821656,41.663591],[-0.821526,41.663506],[-0.821427,41.663458],[-0.821333,41.663429],[-0.821196,41.663406],[-0.820965,41.663193],[-0.820928,41.663161],[-0.82089,41.66313],[-0.820788,41.663074],[-0.820521,41.662962],[-0.820375,41.662912],[-0.820213,41.662838],[-0.819742,41.662557],[-0.819427,41.66237],[-0.819216,41.662251],[-0.818934,41.662095],[-0.81871,41.661982],[-0.818333,41.661824],[-0.817989,41.661696],[-0.816703,41.661281],[-0.814584,41.660587],[-0.81368,41.660291],[-0.813396,41.660211],[-0.813115,41.660145],[-0.812913,41.660108],[-0.811369,41.659665],[-0.810787,41.659607],[-0.810139,41.659542],[-0.809299,41.659458],[-0.807927,41.659327],[-0.807274,41.65924],[-0.806911,41.659205],[-0.806483,41.659162],[-0.806141,41.659118],[-0.805795,41.659053],[-0.805528,41.658981],[-0.805328,41.658914],[-0.805103,41.658819],[-0.804282,41.658476],[-0.803483,41.658143],[-0.802517,41.657738],[-0.802278,41.657626],[-0.802102,41.657535],[-0.801919,41.657431],[-0.801753,41.65732],[-0.801565,41.65718],[-0.800939,41.656663],[-0.799921,41.655823],[-0.799554,41.655523],[-0.798859,41.654957],[-0.798762,41.654878],[-0.798603,41.654748],[-0.798416,41.654586],[-0.798285,41.654484],[-0.798243,41.654449],[-0.797784,41.654061],[-0.79721,41.653586],[-0.796942,41.653383],[-0.796499,41.653065],[-0.795519,41.652392],[-0.794559,41.65173],[-0.794348,41.651587],[-0.792642,41.650423],[-0.792019,41.650066],[-0.791437,41.64985],[-0.790782,41.649614],[-0.790635,41.649561],[-0.789991,41.649329],[-0.789798,41.64926],[-0.789694,41.649222],[-0.788821,41.648906],[-0.788093,41.648645],[-0.787671,41.648481],[-0.787417,41.648363],[-0.787173,41.648241],[-0.786873,41.648051],[-0.785827,41.647355],[-0.78561,41.647234],[-0.785333,41.647098],[-0.785113,41.647006],[-0.784965,41.646945],[-0.782008,41.645741],[-0.780015,41.644928],[-0.779737,41.644825],[-0.779632,41.644781],[-0.779252,41.644621],[-0.778319,41.644219],[-0.777818,41.644022],[-0.777393,41.643878],[-0.77497,41.643175],[-0.773468,41.64277]]]]}},{"type":"Feature","properties":{"name":"Miralbueno","population":13000,"area_km2":1.68,"boundary_area_km2":8.969,"student":0.7,"tourist":0.0,"office":0.0,"transport":0.7,"competition_density":1.2,"centre":[41.657834,-0.935394],"radius_m":731},"geometry":{"type":"MultiPolygon","coordinates":[[[[-0.924469,41.659509],[-0.924516,41.659534],[-0.925957,41.660468],[-0.92751,41.661464],[-0.928818,41.662313],[-0.929305,41.662569],[-0.931459,41.663473],[-0.93297,41.664142],[-0.935719,41.66553],[-0.937392,41.666391],[-0.938134,41.665683],[-0.938576,41.66524],[-0.939117,41.664782],[-0.93984,41.664196],[-0.940411,41.66379],[-0.941027,41.663374],[-0.941438,41.66311],[-0.941808,41.662889],[-0.942258,41.66264],[-0.942768,41.662376],[-0.943089,41.662212],[-0.94346,41.662031],[-0.943968,41.661805],[-0.944379,41.66163],[-0.946468,41.660813],[-0.946719,41.661272],[-0.946679,41.661481],[-0.9466,41.661673],[-0.946547,41.661787],[-0.946494,41.661867],[-0.946421,41.661957],[-0.946116,41.66229],[-0.947254,41.662608],[-0.94812,41.662811],[-0.949162,41.663098],[-0.949881,41.66323],[-0.949996,41.663251],[-0.951421,41.663608],[-0.951613,41.663636],[-0.952056,41.663636],[-0.952386,41.66376],[-0.952739,41.663917],[-0.953386,41.664124],[-0.953862,41.664103],[-0.954872,41.664026],[-0.95578,41.663981],[-0.956112,41.664022],[-0.95628,41.664106],[-0.956388,41.664253],[-0.95648,41.664498],[-0.95658,41.664614],[-0.956896,41.664677],[-0.957264,41.664734],[-0.958289,41.664788],[-0.958853,41.664946],[-0.96039,41.665446],[-0.960734,41.665568],[-0.960895,41.66567],[-0.961223,41.665834],[-0.961979,41.666115],[-0.962375,41.666247],[-0.962496,41.666373],[-0.962792,41.66645],[-0.96322,41.666549],[-0.963624,41.666597],[-0.96429,41.666788],[-0.964413,41.66697],[-0.964486,41.66709],[-0.964494,41.667159],[-0.964835,41.667279],[-0.965332,41.667385],[-0.96659,41.667521],[-0.967221,41.66756],[-0.967545,41.66767],[-0.968709,41.668037],[-0.96942,41.668237],[-0.969684,41.668311],[-0.969842,41.668271],[-0.970031,41.66823],[-0.970116,41.668186],[-0.970235,41.668005],[-0.970305,41.66794],[-0.970393,41.667909],[-0.970458,41.667911],[-0.970529,41.667932],[-0.970633,41.667967],[-0.970791,41.667992],[-0.970912,41.668009],[-0.971021,41.66801],[-0.971375,41.667967],[-0.971574,41.667945],[-0.971676,41.667916],[-0.971754,41.667884],[-0.9718,41.667847],[-0.971836,41.6678],[-0.971868,41.667744],[-0.971885,41.66734],[-0.971904,41.667295],[-0.971955,41.667262],[-0.97202,41.667278],[-0.972086,41.667286],[-0.972149,41.667278],[-0.972212,41.667249],[-0.972265,41.667208],[-0.972307,41.667157],[-0.972302,41.666967],[-0.972307,41.666947],[-0.972321,41.666934],[-0.97235,41.666929],[-0.972462,41.666923],[-0.972549,41.66692],[-0.972627,41.666896],[-0.972704,41.666845],[-0.972782,41.666758],[-0.973558,41.666262],[-0.973626,41.666178],[-0.973663,41.666075],[-0.973626,41.665997],[-0.973566,41.665921],[-0.97341,41.665798],[-0.973274,41.665734],[-0.973085,41.665666],[-0.972978,41.665629],[-0.972835,41.665548],[-0.972712,41.665426],[-0.972615,41.665305],[-0.972535,41.665214],[-0.972401,41.6651],[-0.972345,41.665053],[-0.972311,41.665006],[-0.972287,41.664959],[-0.972285,41.664857],[-0.972282,41.664774],[-0.972319,41.664667],[-0.972358,41.664593],[-0.972467,41.664538],[-0.972717,41.664473],[-0.972862,41.664446],[-0.972925,41.664432],[-0.972969,41.664384],[-0.97301,41.664136],[-0.972962,41.663997],[-0.972884,41.663868],[-0.972804,41.663772],[-0.972741,41.663757],[-0.972731,41.663736],[-0.972721,41.66362],[-0.972571,41.663314],[-0.972559,41.663216],[-0.972576,41.662745],[-0.972554,41.662639],[-0.97253,41.662601],[-0.972549,41.66257],[-0.972567,41.662469],[-0.972618,41.66243],[-0.972825,41.662432],[-0.972883,41.662418],[-0.972905,41.66238],[-0.972908,41.662308],[-0.972865,41.661833],[-0.972868,41.661495],[-0.972849,41.66117],[-0.972843,41.661139],[-0.97408,41.661048],[-0.975347,41.661149],[-0.976647,41.661274],[-0.977809,41.661453],[-0.978853,41.661522],[-0.979393,41.66159],[-0.980786,41.66169],[-0.981688,41.661777],[-0.981906,41.661771],[-0.98192,41.661665],[-0.98212,41.660659],[-0.982189,41.660281],[-0.982269,41.659846],[-0.982531,41.658764],[-0.98264,41.658455],[-0.982782,41.658327],[-0.98304,41.658218],[-0.983994,41.657742],[-0.984459,41.657063],[-0.985259,41.657217],[-0.985451,41.656786],[-0.985025,41.656691],[-0.985273,41.656166],[-0.984934,41.655788],[-0.983647,41.655463],[-0.980494,41.654018],[-0.978308,41.652655],[-0.977756,41.65244],[-0.974419,41.651127],[-0.972673,41.650474],[-0.97031,41.649714],[-0.969064,41.649161],[-0.966389,41.647697],[-0.965064,41.646689],[-0.962798,41.644688],[-0.956433,41.642443],[-0.955983,41.642112],[-0.954948,41.640431],[-0.954753,41.640223],[-0.954502,41.640128],[-0.95388,41.64013],[-0.952356,41.640318],[-0.9473,41.641029],[-0.946159,41.641439],[-0.945391,41.64153],[-0.944722,41.641637],[-0.944315,41.641737],[-0.940683,41.642911],[-0.936058,41.644414],[-0.935754,41.644513],[-0.93546,41.644611],[-0.934961,41.644761],[-0.934755,41.644813],[-0.934449,41.644866],[-0.934343,41.644883],[-0.934465,41.64535],[-0.934518,41.645703],[-0.934539,41.645816],[-0.934682,41.647352],[-0.93502,41.650963],[-0.934472,41.650983],[-0.933771,41.651023],[-0.933433,41.651043],[-0.93326,41.651073],[-0.933094,41.651103],[-0.933142,41.651225],[-0.933193,41.651344],[-0.933814,41.652586],[-0.93385,41.65266],[-0.933722,41.652697],[-0.933329,41.652811],[-0.933051,41.652889],[-0.9329,41.652931],[-0.93287,41.652946],[-0.932844,41.65297],[-0.93283,41.652997],[-0.932826,41.653033],[-0.932849,41.653236],[-0.932898,41.653638],[-0.932964,41.654236],[-0.932969,41.654277],[-0.934012,41.654214],[-0.934346,41.654169],[-0.934363,41.654293],[-0.934368,41.654386],[-0.934367,41.654445],[-0.934366,41.654463],[-0.934356,41.654737],[-0.934341,41.655027],[-0.93431,41.655255],[-0.9343,41.655335],[-0.934286,41.655413],[-0.93426,41.655558],[-0.934208,41.655732],[-0.934091,41.656126],[-0.934036,41.656312],[-0.933981,41.656439],[-0.93392,41.656582],[-0.933895,41.65662],[-0.933839,41.656728],[-0.933786,41.656859],[-0.933477,41.656826],[-0.933367,41.656808],[-0.931746,41.656589],[-0.93177,41.656509],[-0.931884,41.656131],[-0.931913,41.656069],[-0.93193,41.656023],[-0.931944,41.655978],[-0.931951,41.655946],[-0.931957,41.655918],[-0.931961,41.655866],[-0.931961,41.655828],[-0.931946,41.655814],[-0.931926,41.655802],[-0.9319,41.655789],[-0.931871,41.655777],[-0.931842,41.655768],[-0.931819,41.655762],[-0.930959,41.655579],[-0.931005,41.655369],[-0.931098,41.655229],[-0.931068,41.655027],[-0.931043,41.654899],[-0.931038,41.654788],[-0.93099,41.654694],[-0.930925,41.654655],[-0.930625,41.654623],[-0.930575,41.654632],[-0.930344,41.654701],[-0.930149,41.654638],[-0.930072,41.654544],[-0.929934,41.654419],[-0.929812,41.654382],[-0.92959,41.654341],[-0.928692,41.654222],[-0.928684,41.654238],[-0.928665,41.654254],[-0.928116,41.654543],[-0.928051,41.654713],[-0.926833,41.654629],[-0.92553,41.655115],[-0.924851,41.655195],[-0.924786,41.655201],[-0.924755,41.655203],[-0.924673,41.655204],[-0.924714,41.655842],[-0.924718,41.655901],[-0.924732,41.656313],[-0.924736,41.656377],[-0.924777,41.656904],[-0.924802,41.657226],[-0.924815,41.657484],[-0.924852,41.658241],[-0.924871,41.658606],[-0.924873,41.658663],[-0.924875,41.658722],[-0.924876,41.658748],[-0.924875,41.65879],[-0.924867,41.658829],[-0.924851,41.658886],[-0.924823,41.658957],[-0.92479,41.659018],[-0.924752,41.65908],[-0.924723,41.659125],[-0.924648,41.659253],[-0.924617,41.659303],[-0.924585,41.659353],[-0.924469,41.659509]]]]}},{"type":"Feature","properties":{"name":"Sur","population":38000,"area_km2":4.92,"boundary_area_km2":59.197,"student":0.0,"tourist":0.7,"office":0.7,"transport":2.9,"competition_density":3.0,"centre":[41.62655,-0.936222],"radius_m":1251},"geometry":{"type":"MultiPolygon","coordinates":[[[[-0.954753,41.640223],[-0.954502,41.640128],[-0.95388,41.64013],[-0.952356,41.640318],[-0.9473,41.641029],[-0.946776,41.641068],[-0.94398,41.640939],[-0.943276,41.640846],[-0.942658,41.640646],[-0.941284,41.639826],[-0.939952,41.638962],[-0.93961,41.638712],[-0.938606,41.63784],[-0.938393,41.637599],[-0.937338,41.636995],[-0.936235,41.636421],[-0.934458,41.635487],[-0.933196,41.634247],[-0.932735,41.634052],[-0.932289,41.633943],[-0.932009,41.633911],[-0.93172,41.633989],[-0.928937,41.634963],[-0.925944,41.63484],[-0.925197,41.634906],[-0.924388,41.635088],[-0.923915,41.635198],[-0.923744,41.63528],[-0.923869,41.634966],[-0.923943,41.634727],[-0.924046,41.634326],[-0.92412,41.633954],[-0.924199,41.633427],[-0.924245,41.633096],[-0.924277,41.632758],[-0.924313,41.632318],[-0.92433,41.632096],[-0.924344,41.631869],[-0.924343,41.631649],[-0.924328,41.631403],[-0.924293,41.631159],[-0.924236,41.6309],[-0.924169,41.630683],[-0.924038,41.630359],[-0.923845,41.629981],[-0.923599,41.629621],[-0.923333,41.629306],[-0.923116,41.62908],[-0.922561,41.628527],[-0.922219,41.628193],[-0.921987,41.627995],[-0.921766,41.627814],[-0.921528,41.627644],[-0.921289,41.627489],[-0.921066,41.627363],[-0.920814,41.627225],[-0.919528,41.626527],[-0.91775,41.625559],[-0.916132,41.624678],[-0.914995,41.624058],[-0.914646,41.623867],[-0.913544,41.623265],[-0.913162,41.623034],[-0.912668,41.622783],[-0.912924,41.622542],[-0.913593,41.621966],[-0.914305,41.621413],[-0.915352,41.620598],[-0.916387,41.619715],[-0.917491,41.618699],[-0.918515,41.61772],[-0.919264,41.616933],[-0.919562,41.616581],[-0.920565,41.615442],[-0.922258,41.613856],[-0.92271,41.613476],[-0.92324,41.613109],[-0.923853,41.612755],[-0.925058,41.612072],[-0.925299,41.611948],[-0.925459,41.611865],[-0.925812,41.611657],[-0.926214,41.611765],[-0.92705,41.611923],[-0.927876,41.612106],[-0.92874,41.612246],[-0.929346,41.612285],[-0.93002,41.612267],[-0.93055,41.612202],[-0.931089,41.612096],[-0.931706,41.611906],[-0.931972,41.611802],[-0.93221,41.611697],[-0.932414,41.611592],[-0.932676,41.611438],[-0.932988,41.611239],[-0.93328,41.611031],[-0.933482,41.610846],[-0.933624,41.610686],[-0.933817,41.610462],[-0.933976,41.610249],[-0.934098,41.610069],[-0.934594,41.609579],[-0.934977,41.608361],[-0.935777,41.605791],[-0.936243,41.604324],[-0.936376,41.603856],[-0.937078,41.601952],[-0.937809,41.600594],[-0.938276,41.59983],[-0.938505,41.599483],[-0.938538,41.599427],[-0.939475,41.599823],[-0.939666,41.599907],[-0.93999,41.600061],[-0.94025,41.600196],[-0.940358,41.600277],[-0.940422,41.600338],[-0.940461,41.600364],[-0.940518,41.600385],[-0.940571,41.600396],[-0.940656,41.600397],[-0.941201,41.600357],[-0.941266,41.600361],[-0.941395,41.600378],[-0.941504,41.600413],[-0.941616,41.600464],[-0.941729,41.600534],[-0.942023,41.600725],[-0.942179,41.600823],[-0.942375,41.600935],[-0.942445,41.600965],[-0.942525,41.600999],[-0.942651,41.601056],[-0.942703,41.601074],[-0.94278,41.601089],[-0.942881,41.601086],[-0.943138,41.601012],[-0.943421,41.601025],[-0.944249,41.601503],[-0.944314,41.601541],[-0.944488,41.601499],[-0.944678,41.601299],[-0.94498,41.600874],[-0.945463,41.600605],[-0.945854,41.600159],[-0.946135,41.59976],[-0.946499,41.599434],[-0.946993,41.598935],[-0.947564,41.598562],[-0.947865,41.598429],[-0.94589,41.597268],[-0.944286,41.596349],[-0.945243,41.595424],[-0.94541,41.595544],[-0.945699,41.595735],[-0.946381,41.596063],[-0.946836,41.596271],[-0.94721,41.596402],[-0.947672,41.596526],[-0.947927,41.596601],[-0.948086,41.59666],[-0.948177,41.596718],[-0.94877,41.597186],[-0.949015,41.597359],[-0.949136,41.59742],[-0.949383,41.597517],[-0.950833,41.597959],[-0.951488,41.59818],[-0.953751,41.595939],[-0.953612,41.595907],[-0.953452,41.595778],[-0.95336,41.595614],[-0.953147,41.595604],[-0.952437,41.595108],[-0.951931,41.594772],[-0.951415,41.594383],[-0.950917,41.593835],[-0.948702,41.592544],[-0.948448,41.592452],[-0.948083,41.592208],[-0.94819,41.592114],[-0.94842,41.591916],[-0.950244,41.590316],[-0.950529,41.590299],[-0.950791,41.590257],[-0.951049,41.590158],[-0.951454,41.590109],[-0.951753,41.590223],[-0.952238,41.590357],[-0.952729,41.590426],[-0.953084,41.59046],[-0.953308,41.590505],[-0.953665,41.590602],[-0.953798,41.590632],[-0.9546,41.590353],[-0.954086,41.589755],[-0.954345,41.58913],[-0.953842,41.588687],[-0.953405,41.588399],[-0.953235,41.588242],[-0.952821,41.588035],[-0.951894,41.587555],[-0.952274,41.587213],[-0.952637,41.586915],[-0.953196,41.586419],[-0.954052,41.585522],[-0.954566,41.584912],[-0.955903,41.583101],[-0.957656,41.580722],[-0.958806,41.579082],[-0.960094,41.57727],[-0.960738,41.576166],[-0.961268,41.574886],[-0.961798,41.573117],[-0.962295,41.571811],[-0.962475,41.571366],[-0.963266,41.569841],[-0.964179,41.568414],[-0.965443,41.566864],[-0.969242,41.562686],[-0.970814,41.560976],[-0.971114,41.560652],[-0.971488,41.560253],[-0.971991,41.559794],[-0.972446,41.559395],[-0.97326,41.55875],[-0.9739,41.558335],[-0.974832,41.557784],[-0.975494,41.557438],[-0.976371,41.557047],[-0.977004,41.556807],[-0.978029,41.556452],[-0.979294,41.556117],[-0.979719,41.556029],[-0.980563,41.555865],[-0.981488,41.555727],[-0.982457,41.555588],[-0.983486,41.555444],[-0.98427,41.5553],[-0.984951,41.555148],[-0.985391,41.555037],[-0.986194,41.554802],[-0.98666,41.554655],[-0.986846,41.554592],[-0.987577,41.554319],[-0.988627,41.553856],[-0.989708,41.553275],[-0.99014,41.55302],[-0.990942,41.552488],[-0.996241,41.554997],[-0.999734,41.556825],[-1.002841,41.558896],[-1.005366,41.560896],[-1.006444,41.561703],[-1.007923,41.562915],[-1.012621,41.565739],[-1.013515,41.566302],[-1.014311,41.566814],[-1.015191,41.567326],[-1.016358,41.56852],[-1.017025,41.569205],[-1.019404,41.570667],[-1.020147,41.570971],[-1.020806,41.571286],[-1.021959,41.571741],[-1.022889,41.572203],[-1.024382,41.572865],[-1.02563,41.573547],[-1.026274,41.57378],[-1.029344,41.575622],[-1.029772,41.575897],[-1.029964,41.575991],[-1.030185,41.576075],[-1.030323,41.576105],[-1.031056,41.576429],[-1.03126,41.576695],[-1.031642,41.577125],[-1.032023,41.577596],[-1.032312,41.577911],[-1.032636,41.578314],[-1.032669,41.57848],[-1.032676,41.578843],[-1.03271,41.579148],[-1.032773,41.579278],[-1.033142,41.579726],[-1.033434,41.579801],[-1.03377,41.579903],[-1.033969,41.579929],[-1.034113,41.580299],[-1.034151,41.580571],[-1.034425,41.581521],[-1.034465,41.581813],[-1.034529,41.582066],[-1.034521,41.582873],[-1.034484,41.583179],[-1.034691,41.583409],[-1.034678,41.583661],[-1.034656,41.583761],[-1.034627,41.583839],[-1.035011,41.584163],[-1.035803,41.585147],[-1.03599,41.585308],[-1.036138,41.585754],[-1.036328,41.586225],[-1.036497,41.586741],[-1.036441,41.587355],[-1.036302,41.587442],[-1.036193,41.587448],[-1.03525,41.587728],[-1.034901,41.588171],[-1.034731,41.588584],[-1.034388,41.589175],[-1.034122,41.58959],[-1.033796,41.590238],[-1.0334,41.591351],[-1.032967,41.592465],[-1.032737,41.592995],[-1.032667,41.593248],[-1.032651,41.593633],[-1.0325,41.593977],[-1.032472,41.594809],[-1.032477,41.595469],[-1.032436,41.595745],[-1.032746,41.596775],[-1.033463,41.598032],[-1.033654,41.598548],[-1.03383,41.598897],[-1.034002,41.599545],[-1.034069,41.600217],[-1.034826,41.600955],[-1.034967,41.601697],[-1.035545,41.603255],[-1.035413,41.604002],[-1.035629,41.604379],[-1.035955,41.605215],[-1.036812,41.606102],[-1.037296,41.606771],[-1.037806,41.607673],[-1.037971,41.607917],[-1.038149,41.608452],[-1.03823,41.609163],[-1.038447,41.609959],[-1.03882,41.610599],[-1.039606,41.611461],[-1.040571,41.612402],[-1.041386,41.613128],[-1.041484,41.613213],[-1.041779,41.61346],[-1.042393,41.614208],[-1.042488,41.61434],[-1.043057,41.614904],[-1.043094,41.615998],[-1.044283,41.616001],[-1.044523,41.616044],[-1.045058,41.615946],[-1.045704,41.616086],[-1.047095,41.616613],[-1.048118,41.61697],[-1.048328,41.617027],[-1.048724,41.617126],[-1.049463,41.617253],[-1.050624,41.617229],[-1.052437,41.616987],[-1.052576,41.616974],[-1.052728,41.616962],[-1.055365,41.616222],[-1.055779,41.615994],[-1.056952,41.615629],[-1.057105,41.615375],[-1.05914,41.614988],[-1.060298,41.615416],[-1.060567,41.61549],[-1.059346,41.616084],[-1.058916,41.61626],[-1.058728,41.616333],[-1.056238,41.617044],[-1.055272,41.617323],[-1.051808,41.618289],[-1.051187,41.618439],[-1.05061,41.618549],[-1.050166,41.618608],[-1.049527,41.618683],[-1.048759,41.618714],[-1.048182,41.618703],[-1.047355,41.618656],[-1.046855,41.618604],[-1.045978,41.618487],[-1.044209,41.618234],[-1.041934,41.617926],[-1.03925,41.617541],[-1.037931,41.617399],[-1.036082,41.617406],[-1.034261,41.617696],[-1.033538,41.617918],[-1.031178,41.618986],[-1.02784,41.620605],[-1.027046,41.620934],[-1.026147,41.621238],[-1.025443,41.62139],[-1.022431,41.622012],[-1.019805,41.622643],[-1.018644,41.622929],[-1.018047,41.623055],[-1.01097,41.624572],[-1.00582,41.625935],[-1.001137,41.62721],[-0.994288,41.629096],[-0.988035,41.630822],[-0.982937,41.632218],[-0.977742,41.633571],[-0.973746,41.634884],[-0.9723,41.635321],[-0.970568,41.635587],[-0.969302,41.635807],[-0.967883,41.636104],[-0.96538,41.636673],[-0.96214,41.637381],[-0.960907,41.637651],[-0.959173,41.638025],[-0.957775,41.638351],[-0.957087,41.638553],[-0.956795,41.638681],[-0.956336,41.638958],[-0.955884,41.639318],[-0.955474,41.639686],[-0.955225,41.639888],[-0.955006,41.64006],[-0.954753,41.640223]]]]}}]}
