type,name,lat,lng,osm_id
shop,Eroski,41.628636,-0.931705,node/470001330
hospitality,"La Junquera",41.613629,-0.914972,node/471502998
hospitality,Neguri,41.615116,-0.913985,node/471503034
hospitality,Jena,41.62972,-0.931484,node/701727658
station,"Los pájaros",41.621291,-0.923472,node/1153069152
station,"Mago de Oz",41.625032,-0.936395,node/1240847113
station,"Mago de Oz",41.624359,-0.936656,node/1240847133
station,"Un americano en París",41.622924,-0.930344,node/1240847147
station,"Los olvidados",41.622655,-0.918757,node/1240847161
station,"Cantando bajo la lluvia",41.623571,-0.929976,node/1240847164
station,"Los olvidados",41.62253,-0.918549,node/1240847175
station,"La ventana indiscreta",41.620757,-0.924057,node/1240847182
bus_stop,"Camino Fuente de la Junquera / Parque",41.614556,-0.914268,node/1288034550
shop,Hyper-Vecino,41.617044,-0.92406,node/1420734814
hospitality,Dalai,41.620158,-0.931647,node/1420798500
hospitality,"Cafetería el Tranvía",41.616585,-0.925152,node/1424347216
hospitality,"Bar Siglo XXI",41.616171,-0.9254,node/1424398567
tourism,"Royal Plaza",41.616264,-0.925354,node/1424404475
bus_stop,"La Ventana Indiscreta 34",41.618507,-0.920513,node/1455377772
bus_stop,"Avenida de La Ilustración / Centro Comercial",41.629507,-0.931459,node/1618941299
shop,Overpani,41.623101,-0.918555,node/1713941338
shop,"Otro Concepto",41.622579,-0.920553,node/1713944572
shop,MerK2,41.622346,-0.920048,node/1713945234
hospitality,"Donner Kebab Valdespartera",41.620321,-0.920684,node/1719035014
hospitality,"La Principal",41.6209,-0.919976,node/1719219123
hospitality,Hechizo,41.623939,-0.929006,node/1788020040
hospitality,"Bar - restaurante Jena",41.630823,-0.931843,node/1788020041
hospitality,"Don Vito",41.627731,-0.92663,node/1788020043
hospitality,Manhattan,41.623618,-0.929203,node/1788020045
hospitality,"Pato Laqueado de Pekin",41.62786,-0.926797,node/1788020046
hospitality,,41.628606,-0.916883,node/1792295327
hospitality,,41.631581,-0.922095,node/1792295331
school,"Colegio Público Montecanal",41.627358,-0.931825,node/1797667424
hospitality,Domino's,41.618241,-0.92282,node/1924884176
hospitality,Telepizza,41.62005,-0.930823,node/1924885106
shop,"Tu Mejor Amigo",41.622376,-0.920209,node/2353804489
bus_stop,"Avda. Casablanca (Parque)",41.621526,-0.935907,node/2622006706
shop,"Paddock 82",41.623436,-0.919845,node/3835957969
bus_stop,"Cantando bajo la lluvia / Tranvía",41.624984,-0.935753,node/4164133582
bus_stop,"Un americano en París 67",41.624275,-0.936651,node/4164138106
bus_stop,"La diligencia",41.624742,-0.938342,node/4164141341
bus_stop,"La Lista de Schindler",41.626038,-0.932215,node/4167422824
bus_stop,"Tomas de Anzano (Colegio)",41.627618,-0.931555,node/4167422828
bus_stop,"El Acorazado Potemkin 27",41.617187,-0.927743,node/4167422855
shop,"Quinto Elemento",41.620025,-0.929422,node/4318299971
hospitality,"King Döner Kebab",41.622471,-0.929955,node/4366319021
bus_stop,"La diligencia 56",41.623152,-0.936142,node/4366335157
hospitality,"Cafetería Arqueros",41.623164,-0.949574,node/4366813789
school,"Juego de niños",41.62011,-0.918519,node/4374460906
shop,"APP Informática",41.620033,-0.918356,node/4374483191
bus_stop,"Marcelino Álvarez / Residencia",41.630013,-0.916714,node/4450643093
bus_stop,"Martín Díez de Aux 4",41.628134,-0.9437,node/4453635871
bus_stop,"Avenida Gómez Laguna / Vía Ibérica",41.623249,-0.913766,node/4472012071
bus_stop,"Fanlo / Encinacorba",41.630945,-0.917133,node/4554059089
bus_stop,"Paseo de Los Olvidados / Atraco a Las Tres",41.622732,-0.918826,node/4596152086
bus_stop,"Avenida de la Ilustración 37",41.627939,-0.941513,node/4712357329
bus_stop,"Carretera Valencia / parador ciclista",41.607851,-0.930135,node/4790172827
bus_stop,"Carretera Valencia / parador ciclista",41.607615,-0.929921,node/4790172828
shop,"Panadería El Gállego",41.62211,-0.919619,node/4906433522
bus_stop,"Paseo de los Olvidados 3",41.622713,-0.918228,node/4942068909
bus_stop,"Paseo de Los Olvidados / Luces de la Ciudad",41.621425,-0.919578,node/4942068910
shop,Bicicletea,41.622227,-0.915636,node/4971056822
shop,"Martín Martín",41.629931,-0.930859,node/5002150950
hospitality,"La Cocina de Montecanal",41.629991,-0.931162,node/5002150951
shop,"Salmerón Gourmet",41.630011,-0.931065,node/5002150952
shop,"La Casa de la Huerta",41.630066,-0.931297,node/5002150953
shop,"Talleres Emilio Martínez",41.621823,-0.914293,node/5026413015
shop,Picapica24h,41.620403,-0.932367,node/5026413016
shop,Artehogar,41.622975,-0.949138,node/5026413017
bus_stop,,41.624611,-0.918659,node/5046962848
bus_stop,"Patio de los Naranjos / Arco de Medinaceli",41.627592,-0.959438,node/5165418567
bus_stop,"Patio de los Naranjos / Bosque de la Trapa",41.625465,-0.954837,node/5165418568
bus_stop,"Avenida Los Cañones de Zaragoza / Refugio de Góriz",41.623097,-0.955031,node/5165418569
shop,"Martín Martín",41.622676,-0.918241,node/5290521015
shop,"Electricidad J. Aylon",41.622699,-0.918203,node/5290521016
shop,"El Desván de los Juguetes",41.622777,-0.918116,node/5290521017
bus_stop,"La Mesta / Martín Díez de Aux",41.629717,-0.945048,node/5300618725
office,"Fundación Agustina Zaragoza",41.623961,-0.935568,node/5454112870
bus_stop,"Patio de los Naranjos / Faja de las Flores",41.621643,-0.947205,node/5499638873
hospitality,"La Verné",41.620684,-0.920203,node/5649606974
hospitality,"Taberna Valdespartera",41.62275,-0.920556,node/5651266569
hospitality,"El Molino de Valdespartera",41.621555,-0.918721,node/5651277860
bus_stop,,41.631567,-0.941954,node/5656120862
hospitality,BuleBar,41.627915,-0.927105,node/5775771454
school,"Klass Formación",41.621865,-0.919097,node/5779231960
shop,"Martín Martín",41.619211,-0.921817,node/5779231964
shop,Lhast,41.61834,-0.922766,node/5779231969
hospitality,"3 Chocolates",41.616845,-0.92505,node/5779231971
shop,"Pajaritas de Papel",41.617076,-0.924908,node/5779231973
shop,"Frutas y verduras Univérsitas II",41.617109,-0.924887,node/5779231974
shop,Maipa,41.622452,-0.918433,node/5779322027
hospitality,"Karma I",41.622243,-0.918661,node/5779322028
office,"Tu comunidad al día",41.622222,-0.918698,node/5779322029
shop,"Flores El Edén",41.622176,-0.918738,node/5779322030
shop,Jelasvi,41.622117,-0.918783,node/5779322031
shop,Pelos.com,41.622074,-0.918846,node/5779322032
shop,Tommy,41.621981,-0.918964,node/5779322033
hospitality,"La Quebradora Street",41.620715,-0.924556,node/5779648934
shop,"Varon Stylo",41.621837,-0.923388,node/5779648936
office,"Fundación Down Zaragoza",41.622308,-0.922908,node/5779648937
shop,"Verde Rebelde",41.620261,-0.918693,node/5779648938
office,FCC,41.619925,-0.918152,node/5779648940
hospitality,"Tabernalia Rosales II",41.621371,-0.918433,node/5779648941
shop,"Osiria Fotografía",41.621463,-0.918594,node/5779648942
hospitality,"El Horno de Patatouille",41.621491,-0.918639,node/5779648943
shop,"Canela en Rama",41.621647,-0.918874,node/5779648944
shop,Pequeñicos,41.622243,-0.919975,node/5779648946
shop,Essence,41.622309,-0.920076,node/5779648947
shop,"Zafiro Tours",41.622342,-0.920132,node/5779648948
hospitality,"Luces de Varela",41.622411,-0.92025,node/5779648949
shop,"La Colada de Valdespartera",41.622444,-0.920608,node/5779648951
shop,"Herboristería Vitalidad",41.623082,-0.920223,node/5779649453
school,"Hábitos de Estudio",41.623228,-0.919901,node/5779649454
shop,Suculento,41.623341,-0.919936,node/5779649455
shop,"Cortinas Lucía",41.623671,-0.919105,node/5779649456
shop,Peopleshine,41.623409,-0.918713,node/5779649458
shop,"Chollo Aragón WJ Bazar",41.623214,-0.918745,node/5779649459
bus_stop,"Patio de los Naranjos / Peña Telera",41.623011,-0.949502,node/5896466728
bus_stop,,41.626187,-0.957244,node/5896910101
bus_stop,"Los Siete Samuráis / Colegio",41.626587,-0.933244,node/6653547129
bus_stop,,41.623279,-0.93227,node/6654159634
bus_stop,,41.622413,-0.928949,node/6654159635
bus_stop,"Peine del Viento",41.623505,-0.948561,node/6700136359
bus_stop,"Peine del Viento / Faja de las Flores",41.622466,-0.945878,node/6700136365
bus_stop,"Avenida del Cierzo / Avenida Los Cañones de Zaragoza",41.624015,-0.957586,node/7350741647
bus_stop,,41.624513,-0.958073,node/7350741648
bus_stop,"Refugio de Góriz / Mesa de los Tres Reyes",41.623717,-0.9541,node/7350741650
bus_stop,"Paseo de Los Arqueros",41.62128,-0.953285,node/7350741651
bus_stop,"Avenida Canal de Izas",41.622118,-0.951761,node/7350741652
bus_stop,"Avenida Canal de Izas",41.622167,-0.951942,node/7350741653
bus_stop,,41.624302,-0.91917,node/7373408632
bus_stop,,41.626951,-0.920566,node/7373408633
bus_stop,"Avenida de la Ilustración / Glorieta de Santiago Lorén",41.627246,-0.922842,node/7373408634
bus_stop,"Av. de la Ilustración / Gasolinera",41.627246,-0.923247,node/7373408635
bus_stop,,41.627053,-0.9203,node/7373408644
bus_stop,"C/ Europa 13",41.600081,-0.921701,node/7922835480
bus_stop,"C/ Europa 31",41.601439,-0.923395,node/7925093015
bus_stop,"La Mesta / Avenida de la Ilustración",41.629657,-0.94179,node/7981123524
hospitality,"Los Porches de Valdespartera",41.618966,-0.922082,node/7993278291
shop,"Logistica Muebles Rey",41.607929,-0.928103,node/10137528167
hospitality,"La hora",41.627774,-0.927193,node/10728362627
hospitality,Ditaly,41.62761,-0.927295,node/10728371228
hospitality,"Da Claudio",41.627548,-0.926406,node/10728403560
hospitality,"Zócalo Montecanal",41.627852,-0.927145,node/10728407014
shop,Bicimarket,41.620021,-0.929705,node/11220438032
bus_stop,"Av. Séptimo Arte esquina c/ La Ventana Indiscreta",41.621539,-0.925605,node/11385110747
bus_stop,"Av. Séptimo Arte esquina c/ Cantando Bajo La Lluvia",41.622367,-0.925466,node/11385110749
shop,"Luz Espacio",41.620795,-0.92447,node/11511172468
office,"Liberam Technologies, S.L.",41.622769,-0.952742,node/11781030325
bus_stop,"El Tambor de Hojalata / Colegio",41.615288,-0.925493,node/12367922508
bus_stop,"Ciudadano Kane / Centro de Salud Valdespartera",41.621376,-0.923926,node/12486221877
shop,WashApp,41.623361,-0.936259,node/13087549690
bus_stop,Manhattan,41.622987,-0.92643,node/13355936288
bus_stop,"Argualas 18",41.626874,-0.91394,node/13386162127
bus_stop,"Avenida de la Ilustración / Supermercado",41.629035,-0.93155,node/13455976275
bus_stop,"Avenida de la Ilustración 21",41.630052,-0.935909,node/13455976277
bus_stop,"Avenida de la Ilustración / Ibón",41.631295,-0.939172,node/13455976279
bus_stop,"Avenida de la Ilustración / La Mesta",41.629981,-0.941,node/13455976281
bus_stop,"Avenida de la Ilustración / depósito",41.627423,-0.925433,node/13461071358
bus_stop,"Avenida de la Ilustración / Iglesia",41.62828,-0.927884,node/13461071360
office,"Junta Municipal Sur",41.620827,-0.935595,node/13645706085
shop,Saltoki,41.627246,-0.915677,node/14063469264
shop,Alcampo,41.621984,-0.920529,node/14220121454
park,"Parque de la Palabra",41.633795,-0.93908,way/36939850
park,"Parque de El libro de la selva",41.622154,-0.941566,way/40019804
park,"Parque de la Razón",41.625716,-0.921702,way/49285541
park,"Plaza de Bámbola",41.623316,-0.917898,way/49285543
park,"Parque Félix de Azara",41.62796,-0.923372,way/49302715
market,"Mercado de Valdespartera",41.6219,-0.920401,way/128600707
hospitality,,41.628937,-0.918143,way/169380827
park,"Plaza de El cantor de jazz",41.622331,-0.92112,way/183634697
school,"La Salle Santo Ángel",41.63217,-0.928413,way/192157571
school,"Colegio de Educación Infantil y Primaria San Jorge",41.614504,-0.925035,way/257694842
school,"Colegio de Educación Infantil y Primaria Valdespartera",41.624197,-0.917222,way/257694948
park,,41.614643,-0.915504,way/261135899
park,,41.614797,-0.914289,way/261135900
park,,41.626828,-0.93607,way/261588539
park,,41.626376,-0.933374,way/261588873
park,,41.625292,-0.933908,way/261588874
park,,41.624109,-0.934044,way/261588943
park,,41.622051,-0.934812,way/261589660
park,,41.633132,-0.916688,way/427505183
shop,Dia,41.621345,-0.919455,way/448216333
shop,"BS Motors",41.628643,-0.913289,way/554338880
park,,41.632503,-0.947413,way/676137357
shop,"Talleres Santa Orosia",41.626954,-0.913074,way/724435535
school,"Colegio Público Integrado Arcosur",41.625328,-0.95723,way/854981712
park,,41.633893,-0.931947,way/1054419162
shop,BonÀrea,41.619546,-0.921283,way/1060037706
park,,41.624173,-0.926462,way/1098789721
park,"Parque Belle Epoque",41.623257,-0.921281,way/1205734316
park,,41.624718,-0.936634,way/1226760561
park,,41.625139,-0.938308,way/1304611251
hospitality,"Burger King",41.622321,-0.927041,way/1331127928
school,"Instituto de Educación Secundaria Valdespartera",41.625962,-0.931195,way/1341395193
school,"Centro Público Integrado Soledad Puértolas",41.625416,-0.928746,way/1341395196
school,"Colegio Público Integrado Valdespartera III",41.626746,-0.934337,way/1341397068
shop,Mercadona,41.622727,-0.937152,relation/6528866
park,,41.621472,-0.924593,relation/7953307
park,"Parque de Robin de los bosques",41.623025,-0.934657,relation/7953308
park,"Parque del Conocimiento",41.6282,-0.94599,relation/11270574
bus_stop,"Plaza de las Canteras",41.631437,-0.886164,node/213741748
bus_stop,"Av. América / 3er Cinturón",41.625183,-0.887125,node/249078325
tourism,,41.631844,-0.894239,node/249502452
bus_stop,"Terrazas de Cuéllar 4",41.632238,-0.879427,node/264537386
bus_stop,"Vía Pignatelli 7",41.633073,-0.885686,node/267726949
bus_stop,"Plaza de las Canteras",41.631577,-0.885901,node/267726960
bus_stop,"Avenida América 27",41.63111,-0.885465,node/267726961
bus_stop,"Avenida América 83",41.628578,-0.886176,node/416517312
bus_stop,"Avenida América 107",41.627444,-0.886505,node/416517324
bus_stop,"Joaquín Sorolla 19 (Parque Memoria)",41.633289,-0.87864,node/427538486
shop,"Martín Martín",41.632603,-0.87597,node/427538490
hospitality,"Asador Las Ocas",41.629768,-0.897579,node/571052715
tourism,,41.631034,-0.894723,node/603129980
tourism,,41.632272,-0.894019,node/603130031
shop,Alcampo,41.630509,-0.908464,node/651014177
shop,,41.633138,-0.878589,node/762058874
tourism,,41.6325,-0.893701,node/779124731
station,Argualas,41.626258,-0.90974,node/1112369213
station,Casablanca,41.631639,-0.905454,node/1112409988
station,Casablanca,41.631652,-0.905487,node/1112410078
station,Zaragoza-Miraflores,41.633186,-0.868315,node/1147563224
bus_stop,"Tierno Galván / Honorio García Condoy",41.632648,-0.882148,node/1153030452
school,"Liceo Europa",41.61797,-0.908056,node/1197528759
station,Argualas,41.626226,-0.909668,node/1240847180
shop,"Leroy Merlin",41.610536,-0.890672,node/1273675307
shop,"Hornero Corisco, José",41.625599,-0.877407,node/1274077871
shop,"El Rincón",41.624913,-0.876665,node/1274087891
shop,"Panadería Pastelería Martín",41.625552,-0.877259,node/1274269572
shop,Dia,41.624539,-0.876478,node/1274291184
shop,,41.62559,-0.877028,node/1274295625
bus_stop,"Zafiro / Muza Ben Zeya",41.623024,-0.875907,node/1288034503
bus_stop,"Vía Ibérica 26",41.627288,-0.909006,node/1306725239
bus_stop,"Vía Ibérica 2 / frente Hospital Militar",41.630912,-0.906173,node/1306725246
bus_stop,"Via Ibérica / Hospital Militar",41.630818,-0.905853,node/1310124959
bus_stop,"Via Ibérica 33",41.627338,-0.908625,node/1310125048
bus_stop,"León Moyano",41.624365,-0.873901,node/1311858402
hospitality,Meká,41.628206,-0.875978,node/1315744169
bus_stop,"Villa de Pau 19",41.627722,-0.878915,node/1362825556
hospitality,Imperial,41.626967,-0.872185,node/1448135687
shop,CASA,41.607763,-0.889672,node/1486463911
shop,Conforama,41.609738,-0.890908,node/1486463912
office,"Gerencia de Puerto Venecia",41.608213,-0.889211,node/1486463914
shop,Kiabi,41.609882,-0.889202,node/1486463917
shop,"Maisons du Monde",41.608972,-0.8912,node/1486463918
shop,MediaMarkt,41.609249,-0.891085,node/1486463919
shop,Pepco,41.610038,-0.889144,node/1486463921
shop,Porcelanosa,41.606973,-0.889635,node/1486463922
hospitality,"Restaurante La Torreta",41.608103,-0.889688,node/1486463923
shop,Tuco,41.608544,-0.891241,node/1486463926
shop,"Visionlab Store",41.607923,-0.88968,node/1486463927
bus_stop,"Avenida Tiziano / G. Piranesi",41.618793,-0.876172,node/1486479778
shop,"Eroski City",41.632822,-0.885632,node/1489195702
shop,Dia,41.632917,-0.887015,node/1489195703
shop,Alcampo,41.631322,-0.887476,node/1489195704
shop,"Antonio Jordán",41.632443,-0.88867,node/1489195737
hospitality,"Cafe Bar Los Cuñadicos",41.625876,-0.877727,node/1503535208
hospitality,"Cafetería Los Ángeles",41.625517,-0.877172,node/1503535209
hospitality,"Café-Bar Peña Oroel",41.625845,-0.877625,node/1503535210
hospitality,"Cerveceria Gala",41.625474,-0.877075,node/1503535211
shop,"Diego Moya",41.625373,-0.876923,node/1503535212
shop,"Frutas J. Romero",41.62513,-0.876727,node/1503535213
shop,"Papelería Kikos",41.624631,-0.876621,node/1503535215
shop,Coaliment,41.62508,-0.876707,node/1503535216
shop,"Pescados y Mariscos Susana y Alberto",41.625327,-0.876874,node/1503535217
shop,,41.625967,-0.878641,node/1503535218
shop,"Estilistas Rivero",41.62544,-0.877026,node/1510357073
shop,"Herboristeria Hierbabuena",41.625025,-0.876691,node/1510357075
bus_stop,"Cuarta Avenida 62",41.624727,-0.877476,node/1510357113
bus_stop,"Lugo 134",41.62637,-0.880136,node/1597000007
bus_stop,"Lasierra Purroy 104",41.627186,-0.883538,node/1597000008
hospitality,"El Pinar",41.627006,-0.886522,node/1608981399
shop,Xana,41.626336,-0.880412,node/1608981401
shop,,41.626338,-0.880341,node/1608981403
hospitality,Beluca,41.626039,-0.911932,node/1788020724
hospitality,"Nuestra Sra. de las Nieves",41.625702,-0.911206,node/1788020727
hospitality,Gloria,41.629874,-0.907896,node/1788021380
hospitality,Jauja,41.629672,-0.907538,node/1788021381
hospitality,"King Döner Kebab",41.63024,-0.885653,node/1788611526
hospitality,"Bar Santa Gema",41.631644,-0.879409,node/1788611527
hospitality,"La Enterita",41.628406,-0.88796,node/1788611528
hospitality,"El Rincon de Bonanza",41.628796,-0.890887,node/1788611529
hospitality,"Pizzeria Bruno",41.629921,-0.885252,node/1788611530
hospitality,"Combinado chino",41.631592,-0.887313,node/1788611531
hospitality,"Peña Torrero",41.630286,-0.887231,node/1788611533
hospitality,"A Mesa Puesta",41.629551,-0.887631,node/1788611534
hospitality,"Asador Merlot",41.628497,-0.887922,node/1788611535
hospitality,"Los Tres Arcos",41.632984,-0.877303,node/1788611536
hospitality,Telepizza,41.63306,-0.886174,node/1788611539
hospitality,"Bella ciudad",41.632817,-0.875771,node/1788611540
shop,"Ape Fit&Bike",41.626983,-0.875302,node/1792487228
market,"Mercado Alicante",41.631575,-0.888207,node/1797715424
market,"Mercado Escultor Ramírez",41.633316,-0.874715,node/1797715445
market,"Mercado Galicia",41.627216,-0.881994,node/1797715448
market,"Mercado Murcia",41.630799,-0.889042,node/1797715465
market,"Mercado Pinares-ateca",41.628271,-0.888552,node/1797715472
market,"Mercado San Antonio",41.625294,-0.878162,node/1797715481
market,"Mercado Torrero",41.631819,-0.885027,node/1797715490
market,"Mercado Venecia",41.632544,-0.886316,node/1797715492
shop,"Libros Certeza",41.629257,-0.890032,node/1797729700
shop,"Toys R Us",41.607846,-0.888119,node/1946010379
shop,Desigual,41.608497,-0.886956,node/1946654180
shop,SportZone,41.60752,-0.886355,node/1946654187
shop,Zara,41.608845,-0.886281,node/1946654190
hospitality,"Cafetería Rialto",41.615849,-0.871388,node/1959575740
shop,"Nike Factory Store",41.610317,-0.889015,node/1962572115
bus_stop,"Avda. Isla de Murano / San Nícolo",41.609657,-0.884351,node/1962572203
bus_stop,"Teatro Malibrán 11",41.610153,-0.889601,node/1962572220
hospitality,"Cafetería San Marcos",41.616567,-0.870688,node/1962585386
bus_stop,"Paseo Duque de Alba / Glorieta",41.62017,-0.901942,node/1968637162
bus_stop,"Gabriel Gombao 9",41.627927,-0.883037,node/1973828281
shop,"Peluquería Sueños",41.629045,-0.883988,node/1973828300
bus_stop,"Avenida Puente de Los Suspiros / El Campanile",41.618327,-0.873225,node/1975080923
bus_stop,"Carlo Scarpa",41.617555,-0.871374,node/1975080929
bus_stop,"Carnaval de Venecia",41.617685,-0.873171,node/1975080942
bus_stop,"San Nicolo",41.608668,-0.884075,node/1975080949
bus_stop,"Avenida Isla de Murano / Jardines Reales",41.610267,-0.887377,node/1975080953
bus_stop,"Villa de Pau 2",41.629251,-0.879999,node/1986787766
bus_stop,"Villa de Pau / Parque",41.629103,-0.878235,node/1986787814
bus_stop,"Villa de Pau con puente",41.629355,-0.878635,node/1986787825
shop,Rey,41.608659,-0.891246,node/2073844632
hospitality,"El Galeón",41.62778,-0.886337,node/2229051081
hospitality,"Café del Canal",41.633006,-0.885581,node/2353861255
school,,41.623529,-0.906416,node/2424458858
hospitality,Brianto,41.616785,-0.874921,node/2960330880
shop,Overpani,41.615205,-0.87416,node/2960330886
bus_stop,"Paseo de Tierno Galván 30",41.630432,-0.881189,node/2991186089
hospitality,"Luna Negra",41.632441,-0.880533,node/3727915190
hospitality,Mordisco,41.632635,-0.88273,node/3727946746
shop,"La Boutique de la Carne",41.632335,-0.883294,node/3729130006
shop,"Frutas Sancho",41.632099,-0.883278,node/3729137333
hospitality,"Bar El Fútbol",41.632231,-0.884994,node/3729137360
shop,,41.622001,-0.900547,node/3754800643
shop,,41.622018,-0.900513,node/3754800648
bus_stop,"Zafiro 40",41.622156,-0.875994,node/3755096858
office,Flamen&Co,41.632774,-0.88399,node/3755118476
office,"Fundación Amasol",41.632704,-0.88305,node/3755118477
bus_stop,"Oviedo 167",41.625708,-0.877943,node/3759608419
bus_stop,"Faustino Casamayor 20",41.626062,-0.879278,node/3759613360
bus_stop,"Pablo Parellada 27",41.626783,-0.880602,node/3759614064
bus_stop,"Cuarta Avenida 21 / Rotonda",41.624846,-0.876455,node/3828295157
bus_stop,"Embarcadero / Vía Ibérica",41.629465,-0.9074,node/3828451977
bus_stop,"Embarcadero 28",41.630253,-0.909196,node/3828452553
bus_stop,"Tomás Gabasa / Plaza de la Ermita",41.631596,-0.91128,node/3828457659
bus_stop,"Melilla / Escultor Salas",41.632714,-0.876785,node/3880826927
bus_stop,"Fray Julián Garcés 106",41.625457,-0.888884,node/3894902084
bus_stop,"Fray Julián Garcés 18",41.63095,-0.8866,node/4174795303
bus_stop,"Gabriel Gombao 31",41.628138,-0.881622,node/4174826030
shop,"Óptica Torrero",41.630195,-0.887004,node/4182188689
bus_stop,"Avenida Tiziano con Policía Local",41.618653,-0.87688,node/4184009095
tourism,,41.627319,-0.896195,node/4202859624
tourism,,41.628358,-0.89634,node/4202860109
bus_stop,"La Salud / San Viator",41.627303,-0.875316,node/4211898817
shop,"Apple Store",41.609306,-0.8864,node/4356639373
office,"Mármoles y Granitos Alfonso Serrano",41.626885,-0.886581,node/4361516493
hospitality,"Bar Marrakech",41.629534,-0.907243,node/4374478695
shop,"Miguitas de pan",41.629695,-0.907238,node/4374485897
shop,"Frutas Isla",41.628544,-0.886119,node/4385801192
shop,"La Jimenica",41.632651,-0.876427,node/4385838191
shop,Alcampo,41.6293,-0.886154,node/4392218394
hospitality,"Café Porto Venezia",41.61631,-0.872791,node/4416268412
shop,"El Berenjenal",41.616372,-0.87097,node/4416268413
shop,"Factory Colchón",41.6149,-0.873632,node/4416268414
tourism,"Plana de Torrero",41.617154,-0.903667,node/4438313859
hospitality,"Bal D'O",41.608555,-0.888005,node/4449247190
shop,Mango,41.608748,-0.885808,node/4449247191
bus_stop,"Paseo Duque de Alba / Monumento a la Legión",41.622346,-0.90042,node/4472000119
bus_stop,"Parque de Atracciones",41.622344,-0.900203,node/4472000120
bus_stop,,41.622666,-0.897973,node/4472006894
bus_stop,,41.622748,-0.897933,node/4472006895
hospitality,UDON,41.608592,-0.888474,node/4475408798
hospitality,Gabyvibes,41.631099,-0.884134,node/4498344763
hospitality,"Cafetería Ágora",41.631225,-0.886127,node/4499000380
bus_stop,"Puerto Venecia / Teatro Malibrán",41.608674,-0.890077,node/4520950044
bus_stop,,41.630318,-0.880338,node/4522138477
shop,Stilos,41.624467,-0.8761,node/4530413513
shop,"Martín Martín",41.624525,-0.876089,node/4530414778
shop,ONCE,41.624616,-0.876476,node/4530430624
school,"Grupo Scout Entaban",41.627144,-0.872177,node/4536754128
bus_stop,"Gastón de Bearne 17",41.630187,-0.911294,node/4554059091
bus_stop,"Avenida Tiziano / Paolo Veronese",41.616925,-0.875753,node/4624063927
bus_stop,"Paseo Duque de Alba (Camino)",41.623099,-0.894291,node/4654418055
hospitality,"Café Bar Begoñica",41.632567,-0.879469,node/4725385190
shop,"Celinde Cosméticos",41.63266,-0.890177,node/4761945821
hospitality,"El Rincón de la Paz",41.62564,-0.879124,node/4874154444
hospitality,"El Corazon Verde",41.631633,-0.891281,node/4884224221
bus_stop,"Paseo Reyes de Aragón 14",41.622141,-0.904598,node/4901715299
shop,"Red Hot",41.628909,-0.886008,node/5002150958
shop,"Estanco 81",41.629928,-0.906874,node/5059169145
shop,"Bisutería Jelu",41.629055,-0.885679,node/5102090435
shop,Joma,41.60785,-0.887185,node/5103370224
shop,Fnac,41.607806,-0.887044,node/5103391427
shop,Hollister,41.609361,-0.886741,node/5174978025
shop,"Martín Martín",41.61703,-0.872084,node/5314002921
tourism,,41.622768,-0.878258,node/5340832442
office,"Audinfor System",41.628658,-0.91316,node/5349853146
office,"Sicilia y Asociados Arquitectura",41.633126,-0.886982,node/5410205922
hospitality,Domino's,41.631367,-0.886436,node/5475701724
shop,Springfield,41.609051,-0.885691,node/5613901323
shop,Intimissimi,41.608867,-0.885772,node/5613922121
tourism,"Sky Trail",41.60751,-0.885595,node/5613928722
hospitality,"Taco Bell",41.607722,-0.887043,node/5613928724
hospitality,Ribs,41.607746,-0.887195,node/5613928725
hospitality,"Pans & Company",41.607773,-0.887347,node/5613928726
hospitality,"Cerveceria D'Jorge",41.60762,-0.887563,node/5613928727
hospitality,"Muerde la Pasta",41.607646,-0.887672,node/5613928728
hospitality,"Carl's Jr.",41.607772,-0.887632,node/5613928729
shop,Soloptical,41.60893,-0.886971,node/5613928730
shop,Dom,41.608982,-0.886956,node/5613928731
shop,"Jack Jones",41.608856,-0.886852,node/5613928732
shop,Luxenter,41.608914,-0.886836,node/5613928733
shop,"José Luis",41.608966,-0.886797,node/5613928734
shop,"Bijou Brigitte",41.609025,-0.886581,node/5613928735
shop,"Tino Gonzalez",41.609014,-0.886514,node/5613928736
shop,"Mi Sa Ko",41.609,-0.886443,node/5613928737
shop,Inside,41.608971,-0.886301,node/5613928738
shop,Querol,41.609138,-0.886128,node/5613928739
shop,Tezenis,41.60911,-0.885989,node/5613928740
shop,"Time Road",41.608904,-0.885959,node/5613928741
shop,Bershka,41.60902,-0.885535,node/5613928742
shop,"KIKO Milano",41.608818,-0.885512,node/5613928743
shop,Parfois,41.608786,-0.885354,node/5613928744
hospitality,"Burger King",41.607539,-0.887096,node/5613934022
hospitality,Frutolandia,41.607652,-0.887218,node/5613934024
shop,Juguettos,41.607877,-0.887783,node/5613934025
shop,"Super Ocio",41.607913,-0.887973,node/5613934026
shop,Carpisa,41.608563,-0.886936,node/5613934027
shop,Snipes,41.608626,-0.886917,node/5613934028
shop,Koröshi,41.608687,-0.886898,node/5613934029
shop,"Marco Aldany",41.608771,-0.88702,node/5613934030
shop,"Pull & Bear",41.609178,-0.886329,node/5613934031
shop,"Vogue & Lv",41.60895,-0.886198,node/5613934032
shop,Lefties,41.608936,-0.886114,node/5613934033
shop,Pimkie,41.60892,-0.886037,node/5613934034
shop,Carlosreula,41.609095,-0.88591,node/5613934035
shop,Disney,41.608886,-0.885873,node/5613934036
shop,Decimas,41.608834,-0.885595,node/5613934037
shop,Flap,41.608768,-0.885264,node/5613934038
hospitality,Espresso,41.608746,-0.885156,node/5613934039
hospitality,McDonald's,41.607516,-0.886958,node/5613943622
hospitality,Istanbul,41.607557,-0.887195,node/5613943624
hospitality,"The Fitzgerald",41.607584,-0.88738,node/5613943625
hospitality,"100 Montaditos",41.607602,-0.887471,node/5613943626
shop,"7 Camicie",41.608984,-0.886374,node/5613943627
shop,Basik,41.609065,-0.885765,node/5613943628
shop,H&M,41.608995,-0.885414,node/5613943629
shop,"AW LAB",41.608802,-0.885435,node/5613943630
shop,Lush,41.608974,-0.885308,node/5613943631
shop,Polinesia,41.608927,-0.88506,node/5613943633
shop,"Phone House",41.608746,-0.886882,node/5613944823
shop,Belros,41.609082,-0.886988,node/5613944825
shop,Calzedonia,41.608987,-0.886724,node/5613944826
shop,Parfois,41.609008,-0.886653,node/5613944827
hospitality,"Foster's Hollywood",41.607848,-0.887637,node/5613945422
shop,Yamamay,41.608657,-0.88706,node/5613945423
shop,Munich,41.608827,-0.887006,node/5613945424
shop,"Tea Shop",41.60913,-0.887044,node/5613945426
shop,Stradivarius,41.6092,-0.886444,node/5613945427
shop,Jules,41.609079,-0.885834,node/5613945428
shop,"Jean Louis David",41.608945,-0.885165,node/5613945430
shop,Roselin,41.608714,-0.887038,node/5613946521
shop,Shenior,41.608848,-0.88568,node/5613946522
hospitality,Anubis,41.608278,-0.885487,node/5615267825
hospitality,Santagloria,41.608307,-0.887013,node/5615267826
hospitality,Starbucks,41.608451,-0.887516,node/5615267827
hospitality,"La Tagliatella",41.608621,-0.888317,node/5615267829
hospitality,"La Famiglia se sienta a la Mesa",41.608137,-0.888404,node/5615267830
hospitality,Vips,41.60847,-0.887599,node/5615304724
shop,"El Rincón",41.608483,-0.887647,node/5615327121
hospitality,"Hamburguesa Nostra",41.6085,-0.887749,node/5615327122
hospitality,"El Molino",41.608527,-0.887864,node/5615327123
hospitality,"Asador Argentino",41.608585,-0.888139,node/5615327421
hospitality,"Wok Chopstick",41.608189,-0.888545,node/5615327521
hospitality,MilAmores,41.607935,-0.886914,node/5615380423
shop,C&A,41.607907,-0.88734,node/5615380424
shop,Iglü,41.608048,-0.887798,node/5615380426
hospitality,"Dunkin' Coffee",41.608087,-0.888008,node/5615380427
shop,"Éggo Kitchen House",41.608208,-0.889343,node/5615380428
shop,Schmidt,41.60885,-0.889586,node/5615380430
shop,Sancarlos,41.608483,-0.887552,node/5615380431
shop,Primor,41.60803,-0.887693,node/5615387822
shop,"Sports Direct",41.608114,-0.88813,node/5615387823
shop,Kiwoko,41.608978,-0.889539,node/5615387824
shop,Maxcolchon,41.608788,-0.889248,node/5615387825
shop,Adidas,41.608543,-0.886771,node/5615387827
shop,"La Casa de las Carcasas",41.608071,-0.887917,node/5615388023
shop,"Basketball Emotion",41.608758,-0.889096,node/5615388024
hospitality,"Casa Carmen",41.608646,-0.888432,node/5615388025
shop,Izas,41.608455,-0.887403,node/5615388026
shop,Aznar,41.608821,-0.889428,node/5615399521
shop,Game,41.60847,-0.887475,node/5615399522
shop,Orange,41.608629,-0.888387,node/5615400721
shop,Vodafone,41.608612,-0.888289,node/5615400821
shop,Yoigo,41.608593,-0.888177,node/5615400921
shop,Movistar,41.608515,-0.887712,node/5615401022
shop,Marketches,41.609394,-0.889386,node/5615444623
shop,Primaprix,41.607484,-0.889662,node/5615462821
shop,TiendAnimal,41.610119,-0.889116,node/5615463221
shop,Hipercor,41.608992,-0.887849,node/6039731814
shop,"Pink Bike Store",41.629458,-0.890118,node/6105498603
school,"Madre María Rosa Molas",41.627896,-0.906179,node/6205782900
shop,"Peluquería Begoña",41.632235,-0.884672,node/6381119482
bus_stop,Cementerio,41.622228,-0.889743,node/6661205238
bus_stop,"Complejo Funerario",41.620581,-0.888778,node/6661205239
hospitality,"Café Bar El Garaje",41.63312,-0.877055,node/6698853451
hospitality,,41.629894,-0.883129,node/6749327749
hospitality,"Bar de Película",41.632867,-0.887833,node/6777825404
bus_stop,"Camino Fuente de la Junquera",41.617215,-0.909641,node/7358904095
bus_stop,"Camino Fuente de la Junquera / Fte. Colegio",41.619274,-0.907493,node/7358904096
bus_stop,"Camino Fuente de la Junquera / Colegio",41.619307,-0.907285,node/7358904099
bus_stop,"Paseo Reyes de Aragón 24",41.627006,-0.907309,node/7363747829
bus_stop,"Paseo Reyes de Aragón 18 / I.E.S. Virgen del Pilar",41.624657,-0.906509,node/7363747830
bus_stop,"Paseo Infantes de España 6",41.622237,-0.905205,node/7368853075
bus_stop,"Paseo Infantes de España / I.E.S. Virgen del Pilar",41.624656,-0.906913,node/7368853077
bus_stop,"Paseo Infantes de España 1 / Vía Ibérica",41.627267,-0.907832,node/7368853079
shop,"La Granja",41.630272,-0.891178,node/7489240645
hospitality,"Bar Suspiros",41.631678,-0.886136,node/7497684441
hospitality,"Turco Döner Kebab",41.631651,-0.886357,node/7497684442
shop,"El Rincón",41.631668,-0.886222,node/7497684443
shop,"Tu Colada",41.631647,-0.886406,node/7497684444
hospitality,"Cafe Paquito Bar",41.629164,-0.888283,node/7502671957
shop,Herbodisa,41.629159,-0.888228,node/7502671958
shop,Nogueiras,41.629128,-0.888,node/7502671959
shop,"Talleres Mauricio Trasobares",41.629922,-0.890824,node/7510817028
tourism,,41.6226,-0.901126,node/7633531365
shop,Ravi,41.62577,-0.875382,node/7655872561
shop,"Uñas Yueyue",41.632686,-0.885256,node/7733690894
hospitality,Kelito,41.630906,-0.885689,node/7820096735
shop,Saif,41.630289,-0.885873,node/7820096736
shop,Khan,41.631072,-0.885641,node/7820096737
shop,Paradise,41.630594,-0.885776,node/7820096738
shop,"Mármoles Ángel Esteban",41.631301,-0.885581,node/7820096739
shop,"Te cuidamos",41.630017,-0.885944,node/7820096740
shop,"Martín Martín",41.630868,-0.8857,node/7820096741
shop,"Locutorio Pamir",41.630227,-0.885885,node/7820096743
shop,Moya,41.63099,-0.885668,node/7820096744
shop,Caprichos,41.630489,-0.885852,node/7820096745
shop,"Arreglos Express",41.63074,-0.885729,node/7820096748
office,Tecnocasa,41.631472,-0.885535,node/7820096749
shop,"PC Phone Technology",41.630163,-0.8859,node/7820096750
office,PJ,41.630957,-0.885676,node/7820096751
shop,"Natur House",41.630393,-0.885834,node/7820096752
shop,"Wali Mobiles Locutorio",41.631118,-0.885628,node/7820096753
shop,"Frutas Sancho",41.62984,-0.885992,node/7820096754
shop,Ballarín,41.630619,-0.885769,node/7820096755
shop,Segura,41.631346,-0.88557,node/7820096756
shop,"Rapid Clean",41.630128,-0.885911,node/7820096757
shop,SiOigo,41.630108,-0.885664,node/7820121032
shop,Layfer,41.630032,-0.885237,node/7820121034
shop,"Alimentación Halal Sabores del Mundo",41.629932,-0.884552,node/7820121035
shop,Europa,41.630012,-0.8851,node/7820121036
office,"Peña L'Albarda",41.629663,-0.8843,node/7820121037
shop,Uñitas,41.628522,-0.883936,node/7859192835
shop,Ibercaja,41.628353,-0.884133,node/7859192839
shop,"Bazar Oriental",41.62837,-0.883846,node/7859192845
shop,"El Rincón",41.633228,-0.875441,node/7914415336
office,"J. Lorente Vallejo S.A.",41.632604,-0.888835,node/7916535308
office,"Aragonesa de Sistemas de Automatización Industrial",41.632445,-0.887796,node/7916535309
hospitality,"Tasca Kiliky",41.631315,-0.884492,node/7933783407
shop,Miriam,41.631403,-0.884246,node/7933783408
shop,"Sonia Ferrer",41.631521,-0.884287,node/7933783410
shop,Sanz,41.631416,-0.884513,node/7933783411
shop,"El Rincón",41.629802,-0.885787,node/7966198856
shop,"El Rincón de las Flores",41.629666,-0.885823,node/7966198857
shop,Michel,41.631164,-0.88657,node/8007333957
shop,Caprichos,41.63124,-0.886523,node/8007333959
shop,"Maxi Bazar",41.631099,-0.886623,node/8007333960
shop,Superverde,41.631315,-0.886469,node/8007333961
hospitality,"Los Juncos",41.632268,-0.882716,node/8121644297
hospitality,"Churrería Las Delicias",41.630679,-0.885744,node/8903795318
shop,"Eroski City",41.623264,-0.875884,node/8954590795
hospitality,,41.622868,-0.875761,node/8954611435
shop,BonÀrea,41.625499,-0.878208,node/8983223065
office,"Federación de Asociaciones Gitanas de Aragón",41.630741,-0.872993,node/8983269382
hospitality,"Enjoy Venecia",41.620815,-0.873052,node/9012591535
shop,"M&D Cars Services",41.619923,-0.874885,node/9012591536
shop,"The Body Shop",41.608589,-0.886881,node/9016613171
shop,"Carniceros Viajeros",41.631047,-0.88628,node/9020086913
hospitality,"El Limonero",41.631733,-0.885812,node/9020086914
hospitality,"Mi Patio",41.631088,-0.885388,node/9020086915
hospitality,"Don Papa",41.63244,-0.8827,node/9036971345
shop,Zarafoto,41.630906,-0.885466,node/9040479537
shop,Ángela,41.630974,-0.885449,node/9040479538
hospitality,"Santa Fe",41.631871,-0.89026,node/9044168189
shop,"Comercial Casablanca",41.630158,-0.885671,node/9060893899
shop,Laín,41.630868,-0.886424,node/9060893900
shop,"Phone House",41.630203,-0.88566,node/9060893901
shop,Panishop,41.630811,-0.885494,node/9060893902
shop,Mozalla,41.630869,-0.886348,node/9070030380
shop,Clarel,41.628864,-0.886279,node/9091235067
hospitality,"Hi Cream",41.6076,-0.886097,node/9091235068
hospitality,"Le Petit Croissant",41.608358,-0.884926,node/9094105302
shop,Saad,41.62898,-0.885205,node/9198206539
shop,Alcampo,41.630406,-0.909291,node/9199669564
shop,"Martín Martín",41.629903,-0.908083,node/9199669566
hospitality,Popeyes,41.61036,-0.885863,node/9898182860
shop,Autosanal,41.632006,-0.887039,node/9900081622
shop,Emilio's,41.631519,-0.887729,node/9900081625
shop,Arbiol,41.631643,-0.887745,node/9900081626
shop,"M&E Market",41.632614,-0.886827,node/9900081630
shop,Vicpatric,41.632424,-0.887158,node/9900081634
hospitality,"Bar Venecia",41.632487,-0.887143,node/9900081637
shop,"Beatriz Torralba",41.632558,-0.886864,node/9900081638
hospitality,"Checa 26",41.632367,-0.887183,node/9900081643
shop,Orlando,41.631103,-0.886232,node/9924642948
shop,Dia,41.627212,-0.88147,node/10282352218
shop,"Funny Monkey Things",41.631272,-0.87947,node/10289694619
hospitality,,41.630825,-0.879016,node/10291619779
shop,DigiZ,41.632605,-0.879303,node/10293200657
shop,"Alimentación y frutas",41.632542,-0.87936,node/10293200658
shop,"La Plaza",41.632214,-0.879045,node/10293200659
shop,,41.61614,-0.874007,node/10296642317
office,"Radio Taxi Aragón",41.627266,-0.875993,node/10296653017
shop,"TM Tintorería",41.608887,-0.887529,node/10296704388
shop,Deichmann,41.609343,-0.886891,node/10296749918
shop,JYSK,41.607107,-0.889641,node/10404025935
shop,Merkal,41.607312,-0.889652,node/10404025936
shop,,41.607622,-0.889674,node/10404025937
bus_stop,"Café Florian / Vaporetto",41.621993,-0.872743,node/10781920169
hospitality,,41.619666,-0.888668,node/11181219701
hospitality,"El Portal del Cantero",41.63092,-0.886795,node/11457473919
hospitality,"Bar Alicante",41.631575,-0.88712,node/11457473920
shop,Guardatodo,41.631585,-0.886987,node/11457473921
shop,Ferrymas,41.631629,-0.886641,node/11457473922
hospitality,Panishop,41.629873,-0.90699,node/11483954439
hospitality,,41.632716,-0.879207,node/11944444143
shop,GAES,41.631384,-0.885298,node/11947048833
office,IndiQa,41.63218,-0.885107,node/11947048836
shop,Kaymo,41.631909,-0.88518,node/11947048840
shop,Ebro,41.631706,-0.885219,node/11947048841
shop,"La Dietética",41.632233,-0.885091,node/11947048844
shop,Multiópticas,41.631551,-0.885257,node/11947048852
shop,Topos,41.631228,-0.885345,node/11947048853
hospitality,Ali,41.631038,-0.885399,node/11947048865
shop,Simón,41.631181,-0.88536,node/11947142772
shop,"Romeo Riveres",41.631148,-0.885371,node/11947142778
shop,"Bodegas Lozano",41.631826,-0.885196,node/11947142780
shop,Natalia,41.632198,-0.884672,node/11947142784
shop,"New Collection",41.632059,-0.885144,node/11947142785
shop,Qualy,41.631783,-0.885205,node/11947142786
shop,Movistar,41.631281,-0.885331,node/11947142787
shop,Cubbe,41.633318,-0.888846,node/11949753207
shop,,41.629484,-0.882366,node/11974017292
hospitality,"Kuky's Place",41.629481,-0.88202,node/11974017326
shop,M&K,41.628221,-0.886223,node/11981572104
hospitality,"Sabor Maracuyá",41.630757,-0.885514,node/11981572105
shop,Hollywood,41.628344,-0.886187,node/11981572106
shop,"Outlet del Congelado",41.629155,-0.886313,node/11981592532
shop,"Mas Life",41.630618,-0.885544,node/11981592533
shop,Esther,41.630579,-0.885552,node/11981592534
shop,DC,41.630536,-0.885561,node/11981592535
shop,"Mármoles Salduba",41.630424,-0.885596,node/11981592536
shop,"Tú Eliges",41.630367,-0.88562,node/11981592537
shop,De&De,41.630287,-0.88564,node/11981592538
hospitality,Nevada,41.628739,-0.88631,node/11981592541
hospitality,"La Taberna del Pescatero",41.629501,-0.885608,node/11981592543
hospitality,"La Tasca de Torrero",41.628376,-0.886168,node/11981592544
hospitality,"Las Carabelas",41.628413,-0.886155,node/11981592545
shop,,41.628625,-0.886102,node/11981592547
hospitality,"El Jabalí 2",41.628667,-0.886093,node/11981592548
shop,Lacalle,41.628663,-0.886334,node/11981592549
shop,"La Colmena",41.628797,-0.886296,node/11981592551
hospitality,"Cantina del Barrio",41.628822,-0.88603,node/11981592552
hospitality,Tomás,41.629011,-0.886237,node/11981592554
office,Kìron,41.629063,-0.885982,node/11981592556
shop,"Ponte Guapa",41.629062,-0.886221,node/11981592557
shop,Ondiviela,41.629132,-0.886219,node/11981592558
hospitality,López,41.629065,-0.885796,node/11981592559
hospitality,,41.629166,-0.886386,node/11981592560
hospitality,,41.629174,-0.886478,node/11981592561
shop,,41.629273,-0.886284,node/11981592562
shop,,41.629282,-0.88635,node/11981592563
shop,"Chollo Aragón",41.629351,-0.886758,node/11981592564
hospitality,América,41.62909,-0.885961,node/11981592565
shop,"Loterías y Apuestas del Estado",41.629253,-0.885927,node/11981592566
shop,"Zgz Stock",41.629215,-0.885893,node/11981592567
shop,Digi,41.63067,-0.885531,node/11981592568
shop,,41.629041,-0.885618,node/11981594569
shop,"App Informática",41.629034,-0.88555,node/11981594570
shop,"Frutas Deliciosas",41.629353,-0.885904,node/11981594571
shop,UPI,41.629402,-0.885885,node/11981594572
shop,Aurora,41.629459,-0.885872,node/11981594573
office,Network,41.630931,-0.884554,node/11981662777
shop,"La Tienda de Claudia",41.630952,-0.884413,node/11981662778
hospitality,"El Barrio 2",41.631048,-0.884442,node/11981662779
hospitality,"Cafetería La Paz",41.625649,-0.87749,node/11985280958
shop,"El Valle",41.625512,-0.877868,node/11985287945
shop,"Pedro José",41.625543,-0.877991,node/11985287946
shop,"El Huertico de Asun",41.625563,-0.878058,node/11985287947
shop,,41.625587,-0.878133,node/11985287948
office,"Cuarta Avenida",41.625599,-0.878172,node/11985287949
hospitality,"Bar Gaviota Placita",41.625455,-0.878312,node/11985287950
shop,"Canal Barbershop",41.632828,-0.885237,node/12013197500
shop,"Automatizaciones Tecons SL",41.627967,-0.876136,node/12015826531
shop,"Casa Goyico",41.629264,-0.884279,node/12017292386
shop,,41.632896,-0.879626,node/12020539988
shop,Coaliment,41.632753,-0.879403,node/12020539992
shop,LaSierra,41.629063,-0.884182,node/12028877407
hospitality,"Döner Kebab Estambul",41.628963,-0.883992,node/12028877409
shop,Fortuna,41.629289,-0.884059,node/12028877413
office,"Rafaela Poyato Gómez",41.629095,-0.884191,node/12028877420
shop,"Tres Rosas",41.629309,-0.884364,node/12028877422
hospitality,"Las Tejas",41.629441,-0.88428,node/12028877423
shop,"Creaciones Loscos",41.629317,-0.884435,node/12028877427
office,"Sercovet - Aragón SL",41.629358,-0.884664,node/12028877431
hospitality,"Gran Venecia",41.63189,-0.88569,node/12034741333
bus_stop,"Villa de Ansó (Antigua Prisión)",41.627922,-0.886594,node/12177417093
bus_stop,"Villa de Ansó",41.628037,-0.886847,node/12177417094
bus_stop,"Villa de Ansó",41.628139,-0.887479,node/12177417095
bus_stop,"Fray Julián Garcés 88",41.627586,-0.888266,node/12195002893
shop,Action,41.60912,-0.891139,node/12318149498
bus_stop,"Villa de Pau 14",41.627899,-0.880411,node/12408136457
shop,"Venecia Nails",41.618438,-0.873735,node/12448019837
hospitality,Lieto,41.620329,-0.873503,node/12448019839
shop,Montanera,41.618969,-0.872876,node/12448019850
shop,Motortazo,41.617788,-0.874382,node/12448019854
shop,D'anZuelo,41.618548,-0.874704,node/12448019861
market,"Mercado Parque Venecia",41.620575,-0.872286,node/12448019864
shop,BonÀrea,41.619042,-0.872796,node/12448019869
office,"V17 Asesores",41.620526,-0.873254,node/12448019881
shop,"El Rincón",41.618894,-0.87292,node/12448019884
shop,ONCE,41.608648,-0.885038,node/12448426584
shop,Embou,41.60882,-0.885021,node/12448426585
shop,Digi,41.608755,-0.885033,node/12448426586
shop,Finetwork,41.60889,-0.885479,node/12448426587
shop,Lego,41.608917,-0.885045,node/12448426588
shop,Boston,41.608894,-0.884966,node/12448426589
shop,"Fashion Kids",41.608949,-0.885192,node/12448426590
shop,"Mango Man",41.608974,-0.885297,node/12448426591
hospitality,Llaollao,41.608769,-0.885314,node/12448426592
shop,Okaïdi,41.608802,-0.885471,node/12448426593
shop,"Casa del 13 - Pop Up Segundas Vidas",41.60887,-0.885411,node/12448426594
hospitality,"Enjoy Sushi",41.608058,-0.888329,node/12448426595
hospitality,"El Costeñito",41.626976,-0.880849,node/12448804320
shop,"Sol y Luna",41.627185,-0.880556,node/12448804321
shop,,41.631956,-0.877028,node/12467093928
shop,,41.63184,-0.877164,node/12467093935
office,Mapfre,41.630137,-0.887,node/12473569524
shop,"Auto Sport Aragón",41.630053,-0.887014,node/12473569525
shop,"Pastelería Milmax",41.6302,-0.887281,node/12473569527
shop,,41.633211,-0.875751,node/12475657590
shop,Scaber,41.631073,-0.883129,node/12484228378
shop,"Gran Venecia",41.63021,-0.884365,node/12484228380
shop,"Charaf Barber Shop",41.630079,-0.885924,node/12484228382
shop,"Tabacos exp.n°64",41.629969,-0.886832,node/12484228383
shop,"Jesús Guállar Rodrigo",41.628123,-0.87719,node/12488269739
tourism,,41.625046,-0.873395,node/12488287063
shop,,41.627068,-0.875393,node/12488287065
shop,Namar,41.627112,-0.875392,node/12488287066
bus_stop,"San Viator 42",41.626458,-0.874911,node/12492189050
shop,Cubbe,41.627683,-0.883826,node/12509678208
office,"By Venezia",41.629239,-0.887718,node/12510930985
shop,ALE-HOP,41.608441,-0.887347,node/12510930986
bus_stop,"Fray Julián Garcés 52",41.629126,-0.887634,node/12603967641
bus_stop,"Zaragoza. Viá Ibérica (Hospital Militar)",41.630815,-0.905858,node/12644398819
hospitality,"Bar La Palmera",41.631752,-0.889188,node/12909866770
bus_stop,"Mesones de Isuela",41.627664,-0.891262,node/13012168705
shop,Checa,41.632194,-0.886972,node/13052144390
hospitality,"King Döner Kebab",41.617587,-0.874419,node/13055875784
shop,"Mª Paz",41.624098,-0.876059,node/13055875792
hospitality,Kebabish,41.624154,-0.876068,node/13055881718
hospitality,"Pizzería Lufadi",41.618274,-0.874538,node/13055881736
shop,,41.632992,-0.88544,node/13064267706
shop,Escándalo,41.631875,-0.884397,node/13064267707
shop,"Marco Aldany",41.633051,-0.886013,node/13064267720
shop,"Pastelería Ramos",41.628296,-0.884077,node/13077884548
shop,Dia,41.629233,-0.886822,node/13084242122
shop,Lorvi,41.629295,-0.887204,node/13084242123
shop,Sqrups,41.629305,-0.887275,node/13084242124
shop,"Kerlin Salon",41.63097,-0.888343,node/13084404276
shop,"Tintorería Boente",41.630021,-0.888093,node/13084404277
office,"Estudio Itales",41.630182,-0.889035,node/13084404280
shop,ONCE,41.631832,-0.885527,node/13084404282
shop,Nautalia,41.63171,-0.885869,node/13084404286
office,"Sasegur Aragón",41.630712,-0.888726,node/13084404289
shop,ONCE,41.631596,-0.886192,node/13084404295
office,Tecnocasa,41.631701,-0.885943,node/13084404298
shop,"Felsor 2 S.L.",41.630995,-0.888298,node/13084437802
shop,,41.632754,-0.875817,node/13088992939
shop,"Letras y Sueños",41.633022,-0.875561,node/13088992950
hospitality,"Cafetería Julio's",41.631096,-0.877371,node/13088992973
shop,"Lerma Ortopedia",41.63291,-0.875651,node/13088992994
shop,"Loterías y Apuestas del Estado",41.633007,-0.875544,node/13088992998
shop,,41.632958,-0.875606,node/13089007406
shop,"Mouna Estilistas",41.632702,-0.87587,node/13089007417
bus_stop,"Avenida América 69",41.629476,-0.885929,node/13092527018
shop,,41.630599,-0.887011,node/13105270064
hospitality,"Asador Grill Moncayo",41.620093,-0.900608,node/13195799678
shop,"Ross Bone Tattoo",41.629834,-0.887232,node/13244808587
bus_stop,"Cuarte / Castillo de Loarre",41.628995,-0.891108,node/13274274068
shop,BonÀrea,41.629425,-0.887176,node/13372838262
shop,"Talleres José A. Guiu",41.625627,-0.878882,node/13378052680
office,"Asociación de Vecinos La Paz",41.625228,-0.876684,node/13380091601
shop,Susomar,41.629924,-0.908201,node/13389685112
shop,Cameo,41.629945,-0.908244,node/13389685113
office,"El Tejar",41.63054,-0.90897,node/13389685114
hospitality,,41.610653,-0.890672,node/13391033829
shop,"Panadería Sanz",41.630846,-0.884414,node/13433162664
shop,"Óptica 2000",41.610003,-0.887272,node/13438218939
shop,"La Caja de Pinturas",41.628674,-0.87735,node/13438218945
office,"Pablo Justo",41.628538,-0.876209,node/13438218959
shop,"AMS Accesorios",41.633178,-0.8874,node/13452726991
office,Franjosa,41.633213,-0.887751,node/13452726992
office,Franjosa,41.633225,-0.887894,node/13452789724
hospitality,"El Cazador",41.63328,-0.888455,node/13452820298
hospitality,Florida,41.633309,-0.88869,node/13452820299
shop,"Vértice Estudio",41.630972,-0.886725,node/13464365468
shop,dZero,41.629895,-0.887169,node/13501617083
shop,"Cherokee Grow",41.63151,-0.885674,node/13501617084
shop,,41.627743,-0.886345,node/13502199679
shop,B&Yo,41.62764,-0.886372,node/13502199680
shop,"Automoción Miraflores",41.632333,-0.877167,node/13777278901
hospitality,"Las Castañuelas",41.632605,-0.875229,node/13936941012
hospitality,"Caribe Park",41.632591,-0.875483,node/13936941029
shop,"Jesús Gracia",41.626705,-0.877246,node/14243710433
shop,"Nike Factory Store",41.608139,-0.888382,node/14243882727
hospitality,Leone,41.607623,-0.886595,node/14243908962
shop,Milbby,41.608183,-0.889501,node/14244000644
park,,41.62562,-0.887843,way/24433670
park,"Parque de la Memoria",41.634042,-0.879434,way/26340554
hospitality,"Restaurante 25 Aniversario",41.620799,-0.89981,way/39373092
park,"Parque Grande José Antonio Labordeta",41.63323,-0.895988,way/42365048
shop,"Puerto Venecia",41.608674,-0.887191,way/61970271
park,"Parque Mercurio",41.632362,-0.875172,way/81654455
park,"Parque Crónica del Alba",41.622328,-0.874638,way/129105273
park,"Parque de las Víctimas del Terrorismo",41.62997,-0.874856,way/129117670
shop,IKEA,41.607284,-0.891562,way/135269145
park,"Plaza de las Máscaras",41.608552,-0.889535,way/135343769
shop,"Tanatorio A: Información, Velatorios, Capilla y Cafetería",41.619543,-0.888793,way/135553447
shop,"Tanatorio B: Velatorios y Salas de Ceremonias",41.619811,-0.889409,way/135553449
school,"C. Sagrada Familia",41.622702,-0.906311,way/167966867
school,"Colegio Romareda",41.633801,-0.905523,way/167967120
school,"Colegio Público de Educación Especial Rincón de Goya",41.630502,-0.898684,way/181513462
shop,Decathlon,41.607629,-0.884729,way/182857477
hospitality,Saona,41.608202,-0.88645,way/182916933
shop,"El Corte Inglés",41.60927,-0.887566,way/184156001
office,"La Casa de la Colina",41.608944,-0.879258,way/185609769
shop,Lidl,41.618407,-0.876475,way/186055983
school,"Colegio Santa Maria Del Pilar",41.626543,-0.900935,way/205750650
school,,41.626946,-0.905243,way/205754502
school,"Colegio Madre María Rosa Molas",41.627922,-0.906388,way/205778492
school,"Colegio Sansueña",41.627854,-0.909974,way/205779317
university,"ESIC Business Marketing School",41.626949,-0.909778,way/205779318
tourism,,41.611672,-0.886359,way/256549403
park,,41.632711,-0.880895,way/368954481
shop,Norauto,41.609815,-0.882534,way/383460574
school,"Colegio Público María Moliner",41.633069,-0.873831,way/384723575
park,"Parque del Barranco",41.616959,-0.883989,way/388284478
park,,41.632584,-0.877328,way/413994955
school,"Escuelas Pias de Santa Engracia",41.632971,-0.870726,way/414599491
park,"Plaza Gallur",41.6264,-0.876741,way/415500908
tourism,"Espacio Hidrológico Casa Blanca",41.628788,-0.908631,way/420783476
hospitality,"Pura Brasa - Cabezo Buena Vista",41.632254,-0.893717,way/446590687
hospitality,Frutolandia,41.631909,-0.897057,way/476919539
school,ZaragozaSchoolHouse,41.625202,-0.909952,way/477125289
park,"Plaza de la Ermita",41.631311,-0.911017,way/550119072
park,,41.633091,-0.873175,way/551359456
park,"Plaza San Marcos",41.616446,-0.871737,way/556136618
park,"Plaza Marco Polo",41.62042,-0.87239,way/556136619
park,"Parque Calaverde",41.624299,-0.872201,way/556140711
school,"Colegio Parque Venecia",41.615234,-0.876038,way/583382890
hospitality,,41.622423,-0.890743,way/591044679
park,"Parque del Ojo del Canal",41.622943,-0.902934,way/610771823
shop,,41.617061,-0.892857,way/802308564
market,"Mercado Avenida América",41.630673,-0.886132,way/809108475
school,"Oficinas de ATADES",41.632359,-0.891047,way/839629743
hospitality,McDonald's,41.609189,-0.881223,way/970681508
hospitality,KFC,41.608483,-0.880803,way/970681509
school,"Escuela Infantil La Paz",41.628505,-0.874061,way/971703950
park,,41.629013,-0.873687,way/971703951
park,,41.621473,-0.876936,way/980956433
shop,Mercadona,41.626404,-0.892538,way/997714204
school,"Escuela Infantil de Parque Venecia",41.617613,-0.875374,way/1000284883
office,,41.632293,-0.891036,way/1020069871
park,"Jardín Japonés",41.629319,-0.87787,way/1035448721
park,,41.633591,-0.875001,way/1061694973
park,,41.633102,-0.880995,way/1062032151
park,,41.633327,-0.886845,way/1063193641
park,"Paseo del Canal",41.61954,-0.869729,way/1063211580
park,"Paseo del Canal",41.616896,-0.866319,way/1063211586
office,,41.62415,-0.887209,way/1174365605
office,,41.623892,-0.887385,way/1174365606
park,,41.614951,-0.881292,way/1329578493
hospitality,"Terraza Rincón de Goya",41.630084,-0.898122,way/1340838974
university,"Centro de Formación Ricardo Magdalena",41.624156,-0.887777,way/1373333730
school,"Colegio de Educación Infantil y Primaria María Zambrano",41.618133,-0.877453,way/1390769751
office,,41.619653,-0.876025,way/1415451201
office,,41.619602,-0.875654,way/1415451202
office,"Centro de Profesore y Recursos 1",41.625167,-0.906059,relation/5519086
school,"Instituto de Educación Secundaria Virgen del Pilar",41.625648,-0.905849,relation/5519087
park,"Parque de la Paz",41.628595,-0.879287,relation/5662295
school,"Colegio el Buen Pastor",41.629962,-0.881289,relation/5675936
park,"Plaza Canal Imperial",41.632802,-0.881118,relation/6232850
school,"Instituto de Educación Secundaria José Manuel Blecua",41.625199,-0.878315,relation/6617561
school,"Colegio de Educación Especial San Martín de Porres",41.633046,-0.891032,relation/6663214
school,"Colegio Villacruz",41.632906,-0.886551,relation/6663681
school,"Colegio público Luis Vives",41.632126,-0.887368,relation/6702876
shop,"Mafer Foto",41.629852,-0.885715,relation/6727997
university,"Escuela de Estudios Teológicos",41.629349,-0.902027,relation/7419594
park,,41.630101,-0.88317,relation/7423780
school,"Colegio del Salvador",41.632014,-0.900575,relation/7608491
school,"Colegio Santa Ana",41.62842,-0.87104,relation/7716923
school,"Colegio Publico Domingo Miral",41.627027,-0.890401,relation/7831432
park,"Parque de los Pinos",41.608481,-0.882713,relation/7939908
park,,41.624905,-0.881059,relation/8087380
school,"Colegio público Ramón Sáinz de Varanda",41.625431,-0.881326,relation/8087391
park,"Parque de Emilio Lacambra Manzano",41.629032,-0.892936,relation/11217718
park,,41.62557,-0.885205,relation/11554730
shop,Sprint,41.625319,-0.888463,relation/11561273
school,"Instituto de Educación Secundaria ""Miguel Catalán""",41.633744,-0.90227,relation/11728703
park,,41.630731,-0.880939,relation/13157956
shop,Primark,41.608883,-0.884555,relation/13211241
park,"Plaza Crónica del Alba",41.630289,-0.879904,relation/14373574
shop,"Papelería Hada",41.629461,-0.882484,relation/17706613
shop,"Alimentación Azuaga",41.627978,-0.886261,relation/17718196
hospitality,Blasco's,41.605127,-0.825151,node/1788015199
hospitality,"Los Cartujos",41.604319,-0.823518,node/1788015227
hospitality,"El Moscatelero",41.628365,-0.853786,node/1788604452
hospitality,"La Cartuja",41.62612,-0.849868,node/1788604664
hospitality,Torreluna,41.632931,-0.859792,node/1788604768
bus_stop,"Carretera de Castellón / Polígono Industrial San Valero",41.618659,-0.842663,node/3729587146
bus_stop,"Carretera de Castellón / Polígono Industrial San Valero",41.618106,-0.843924,node/3729587180
bus_stop,"Carretera de Castellón / Polígono Empresarial Miraflores",41.613271,-0.838102,node/3729587183
bus_stop,"Carretera Castellón / Rotonda Valmadrid (Cartuja Baja)",41.605797,-0.828776,node/3729587184
hospitality,"Pub Tacón",41.604234,-0.821388,node/4396104892
bus_stop,"Cartuja Baja",41.606217,-0.828486,node/4432863085
bus_stop,"Paseo de los Plátanos 10",41.606171,-0.823537,node/5802278048
bus_stop,"Paseo de los Plátanos 78",41.603328,-0.823682,node/5802278160
bus_stop,"Autonomía de Aragón",41.605431,-0.825059,node/5802278164
bus_stop,"José Ramírez Orellano 82",41.604938,-0.826978,node/5802278165
hospitality,"Bar Restaurante La Estación",41.600138,-0.821029,node/6494790874
bus_stop,"Carretera de Castellón P.K. 231",41.611177,-0.834831,node/6760613351
bus_stop,"Carretera de Castellón / Gasolinera",41.623922,-0.847174,node/9048004998
hospitality,"Bar CMF Fleta",41.631871,-0.864147,node/9420215056
hospitality,"La Cartuja",41.623158,-0.846567,node/10287110496
office,"Laboratorio De Cosmética Armonía S.A.",41.600164,-0.820296,node/10749649890
bus_stop,"Cochera Avanza Zaragoza",41.632288,-0.858376,node/12234942180
bus_stop,"Instalaciones Avanza Zaragoza",41.632595,-0.857924,node/12234942181
bus_stop,"Carretera de Castellón / Polígono Industrial San Valero 2",41.615093,-0.840415,node/12385306851
bus_stop,"Carretera Castellón frente a Cementerio",41.628079,-0.853018,node/12385306853
bus_stop,"Avenida de la Constitución (La Cartuja)",41.606581,-0.825994,node/12386656662
bus_stop,"Carretera de Castellón / Cementerio",41.628184,-0.8527,node/13069164247
hospitality,"La Cartuja",41.623823,-0.845799,node/13077586198
shop,,41.623858,-0.845916,node/13077586199
bus_stop,"Catorce de Septiembre 29",41.604625,-0.824097,node/13250002311
hospitality,"Cafeteria Zafiro",41.604418,-0.82469,node/13409420728
hospitality,"Bar San Valero",41.617767,-0.843859,node/13430660041
university,"Facultad de Veterinaria",41.634779,-0.859729,way/23642255
park,"Esclusas de Valdegurriana",41.609642,-0.85581,way/131687347
shop,"Tanatorio Servisa Zaragoza",41.619353,-0.860778,way/378234018
school,"Colegio Público Ángel Escoriaza",41.607596,-0.824216,way/440001736
park,"Plaza Tío Toni",41.602948,-0.823896,way/515239371
park,,41.603823,-0.822781,way/584716669
park,,41.603815,-0.822199,way/584716670
park,,41.603394,-0.822791,way/584716672
park,,41.603382,-0.822204,way/584716674
office,ALMAQ,41.602127,-0.826746,way/591185519
hospitality,,41.632946,-0.859791,way/971918332
office,"M. Gala Oleohidraulica S.L.",41.601963,-0.826327,way/976686727
office,Serviberica,41.601744,-0.826007,way/976686731
park,"Parque Huerto Frisón",41.603617,-0.822488,way/1422424162
shop,Clavijo,41.624211,-0.846424,way/1422987793
shop,,41.623393,-0.846963,way/1422987806
hospitality,McDonald's,41.650435,-0.919109,node/259492937
bus_stop,"Vicente Blanco García / Centro Comercial",41.658312,-0.919692,node/296404757
bus_stop,"Ramón J. Sender 4",41.656254,-0.918878,node/296409884
bus_stop,"Vía Hispanidad / Brea de Aragón",41.65198,-0.919233,node/296416170
bus_stop,"Manuel de Falla 4",41.655287,-0.919385,node/296416226
bus_stop,"Alfredo Nobel 5",41.651749,-0.921208,node/296961238
bus_stop,"Estación Delicias / Acceso Llegadas",41.659594,-0.91398,node/348820942
bus_stop,"Johann Sebastian Bach / Clínica Montecanal",41.639419,-0.94856,node/420704343
tourism,"AC Hotel Los Enlaces by Marriot",41.649096,-0.920484,node/421358514
bus_stop,,41.648016,-0.917985,node/452641816
hospitality,Domino's,41.650802,-0.916532,node/469801999
shop,Carrefour,41.659521,-0.922461,node/473831541
shop,Mercadona,41.634438,-0.945424,node/526974189
bus_stop,,41.634614,-0.945435,node/526974272
bus_stop,"Johann Sebastian Bach 25 / Supermercado",41.634525,-0.945951,node/526974293
hospitality,"Kebab Oliver",41.651834,-0.921629,node/650971164
shop,Mercadona,41.650368,-0.916852,node/651013899
bus_stop,"Escuela Pignatelli",41.643777,-0.922296,node/704769192
shop,Hyundai,41.645344,-0.932575,node/756572542
shop,FeuVert,41.659948,-0.91866,node/1288034530
bus_stop,"Vía Hispanidad 110",41.64974,-0.917935,node/1394783544
bus_stop,"Avenida de Madrid 220 (Los Enlaces)",41.650658,-0.91727,node/1395083899
bus_stop,"Escultor Palao",41.648164,-0.917391,node/1602497164
hospitality,Bocatta,41.659429,-0.920912,node/1788017414
hospitality,"Buffalo Grill",41.659584,-0.919033,node/1788017415
hospitality,"De la cocina a la mesa",41.659834,-0.933716,node/1788017418
hospitality,Donaire,41.651538,-0.928629,node/1788017422
hospitality,"La Espiga",41.659565,-0.921152,node/1788017428
hospitality,"Las Brasas",41.659417,-0.921153,node/1788017437
hospitality,McDonald's,41.659545,-0.920912,node/1788017442
hospitality,Morata,41.659556,-0.941225,node/1788017452
hospitality,Nazaret,41.658888,-0.941777,node/1788017453
hospitality,Salvador,41.658016,-0.930328,node/1788017467
hospitality,"Tabernalia la Corona",41.652467,-0.933452,node/1788017471
hospitality,Telepizza,41.650767,-0.934603,node/1788017476
hospitality,"El pato rojo",41.644469,-0.926412,node/1788021378
hospitality,"El viejo roble",41.642356,-0.933796,node/1788021379
hospitality,"La Parrilla",41.652164,-0.91535,node/1788741039
hospitality,"La Brasa de Andrés",41.651455,-0.913615,node/1788741044
hospitality,"Los Enlaces",41.650844,-0.918171,node/1788741052
hospitality,"53 Urban Café",41.651277,-0.914463,node/1788741075
hospitality,"La Cabaña del Tío Tom",41.651259,-0.916105,node/1788741083
hospitality,Kentya,41.639807,-0.91834,node/1788784649
shop,"Librería Belén General y Técnica Sl",41.651502,-0.92593,node/1797630395
school,"Colegio María Inmaculada",41.651313,-0.919513,node/1797667024
university,"C. San Alberto Magno",41.665671,-0.933713,node/1797667034
university,"C. Virgen Blanca",41.654139,-0.927543,node/1797667046
school,"Colegio Publico Fernando El Católico",41.651059,-0.928385,node/1797667284
school,"Colegio Publico Ramiro Solans",41.652335,-0.923642,node/1797667427
market,"Mercado Andrés Vicente",41.650735,-0.914412,node/1797715426
market,"Mercado Leyva",41.651691,-0.926382,node/1797715457
market,"Mercado Los Enlaces",41.649854,-0.917009,node/1797715459
market,"Mercado Victoria",41.652786,-0.922419,node/1797715493
shop,"Mira Editores, S.a.",41.643297,-0.925658,node/1797729702
shop,"Librería Maya",41.647547,-0.915604,node/1797731145
shop,"Librería Eva Papelería",41.648779,-0.914363,node/1797731173
shop,"Librería José Carlos Izquierdo Miguel",41.650816,-0.918078,node/1797731179
shop,"Librería Siglo XXI",41.653467,-0.915759,node/1840651391
hospitality,"El Torreón",41.653448,-0.917593,node/1840651404
shop,"Simply Market",41.651963,-0.914126,node/1840656145
hospitality,Planet,41.659078,-0.936907,node/1840664525
shop,"Muebles Calsan",41.639983,-0.913888,node/1914198208
shop,Norauto,41.659063,-0.918015,node/1974406760
bus_stop,"Alfredo Nobel / Vía Hispanidad",41.651728,-0.920204,node/2015426406
bus_stop,"Biarritz 14",41.655587,-0.920266,node/2104068442
bus_stop,"Vía Hispanidad 99",41.651838,-0.91952,node/2104068443
shop,"Peugeot Stellantis &You",41.641373,-0.949676,node/2353805466
bus_stop,"Avenida Gómez Laguna / Depósitos",41.639349,-0.917636,node/2563925191
hospitality,"Código 12",41.639922,-0.931335,node/2689501277
bus_stop,"Camino del Pilón / Iglesia",41.658653,-0.942124,node/3731778722
bus_stop,"Camino del Pilón / Lagos de Coronas",41.658747,-0.933733,node/3731797495
office,"dDialoga, Sociedad Cooperativa",41.65142,-0.920676,node/3966717332
bus_stop,"Avda. de Navarra con Centro Comercial",41.658907,-0.919339,node/4006591508
bus_stop,"Avenida de Navarra (Bricorapid)",41.658682,-0.918385,node/4006591510
bus_stop,"Antonio Leyva 68 / Colegio",41.651572,-0.927263,node/4167269497
bus_stop,"Alfredo Nobel / Monasterio",41.651854,-0.921281,node/4167280524
bus_stop,"Avenida de Madrid 285 / Los Enlaces",41.650533,-0.916932,node/4167292087
bus_stop,"Avenida de Madrid 285 / Supermercado",41.650454,-0.916795,node/4167292088
bus_stop,"Lagos de Coronas / Ibón De Escalar",41.652346,-0.933798,node/4167293311
bus_stop,"Lagos de Coronas 39",41.651963,-0.933452,node/4167293312
bus_stop,"Avenida Manuel Rodríguez Ayuso / centro empresarial Miralbueno",41.644854,-0.935485,node/4200096336
bus_stop,"Estación Intermodal Zaragoza Delicias / llegadas",41.659016,-0.913635,node/4221484093
hospitality,"Cooperativa de Taxis Zaragoza",41.633672,-0.923532,node/4312813683
shop,,41.634143,-0.923224,node/4312813686
shop,Supercor,41.660777,-0.937857,node/4323840841
shop,"Max Mak Hiperhogar",41.65918,-0.918398,node/4349647096
shop,Depaso,41.663292,-0.930285,node/4349647111
shop,"Tifón Muebles Zaragoza",41.658569,-0.919867,node/4349647123
hospitality,,41.659946,-0.913526,node/4350707790
shop,"Rodi Car Services",41.65029,-0.919551,node/4357378419
shop,Arvesa,41.645487,-0.927473,node/4361839896
office,Teka,41.646169,-0.924664,node/4361926291
shop,Azabache,41.655832,-0.921357,node/4367639590
shop,Oroluz,41.639706,-0.913765,node/4391621691
office,Ordessa,41.640114,-0.913789,node/4391665989
hospitality,"Cervecería 212",41.655044,-0.920312,node/4397752796
shop,"Hermanos Marín Ayllón",41.654905,-0.920243,node/4397762694
shop,"China Center Enlaces",41.650718,-0.917496,node/4399474291
school,"Atades Santo Ángel",41.646771,-0.931317,node/4412310862
shop,"Imprenta Provincial DPZ",41.643151,-0.920652,node/4412310869
shop,"Viajes 3000",41.646662,-0.917856,node/4456439644
bus_stop,"Vía Hispanidad 73",41.644103,-0.916401,node/4457038331
bus_stop,"Vía Hispanidad / Duquesa Villahermosa",41.644418,-0.915934,node/4457038333
bus_stop,"Aldebarán 60",41.641618,-0.93478,node/4464914747
bus_stop,"Camino del Pilón con Ibón de Plan",41.658886,-0.936935,node/4477829723
bus_stop,"Vía Hispanidad 80",41.64636,-0.916911,node/4484465108
bus_stop,"Gómez Laguna 48",41.640707,-0.913706,node/4485268693
hospitality,"Harley-Davidson Zaragoza",41.663759,-0.93459,node/4486113192
bus_stop,"Tulipán 67",41.638136,-0.933007,node/4523501481
bus_stop,"Tulipán 79",41.638202,-0.933597,node/4523501482
bus_stop,"Gastón de Bearne / Residencia",41.633402,-0.913911,node/4554059090
bus_stop,"Vía Hispanidad / Villa de Andorra",41.645081,-0.916354,node/4556172836
bus_stop,"Avenida de Navarra 183",41.658513,-0.918851,node/4556172843
bus_stop,"Miguel Labordeta",41.652446,-0.916974,node/4557240889
shop,"Joyería Sicilia",41.649492,-0.914195,node/4557266393
bus_stop,"Vía Hispanidad 56",41.64185,-0.914965,node/4568790127
bus_stop,"Vía Hispanidad 100 / Los Enlaces",41.648772,-0.918014,node/4568790128
shop,"Ferretería Yago",41.649822,-0.91435,node/4642095994
bus_stop,"Vía Láctea / Torre Pajaritos",41.637691,-0.928041,node/4643876642
hospitality,Telepizza,41.651201,-0.915022,node/4666742496
shop,,41.652245,-0.933475,node/4751205461
shop,Mercadona,41.656303,-0.937381,node/4786517287
hospitality,"Restaurante El Caserío",41.642189,-0.942247,node/4813399758
shop,"Martín Martín",41.651274,-0.9135,node/4821325369
shop,"Lenceria Evana",41.651189,-0.913925,node/4821325370
shop,Hilo's,41.650676,-0.914388,node/4821325371
shop,"Halcón Viajes",41.651246,-0.913647,node/4821325380
shop,"Rosas Moda",41.651231,-0.91372,node/4821325381
shop,"Flores Kentia",41.65116,-0.914041,node/4821325382
shop,"Charcutería Cristina",41.650611,-0.914373,node/4821325386
shop,"Sandra Peluqueros",41.650561,-0.914332,node/4821325387
hospitality,"Pollos asados Come Bien",41.650544,-0.914163,node/4821325388
hospitality,"Bar Palique",41.650662,-0.91362,node/4821325390
hospitality,Bodi,41.650928,-0.915105,node/4821325392
shop,Regina's,41.650822,-0.915591,node/4821325394
shop,Juguettos,41.650365,-0.91575,node/4821325396
hospitality,Sahpoore,41.650288,-0.915379,node/4821325398
shop,"La Dama Decoración",41.650479,-0.914635,node/4821325399
shop,"Panificadora Vianca",41.650521,-0.914614,node/4821325400
shop,MundoFrutas,41.650619,-0.91631,node/4821325402
shop,Andy,41.650564,-0.916009,node/4821344564
hospitality,"Tasca La Ultramarina",41.650133,-0.917122,node/4821344567
shop,"NaPi Estilistas",41.649909,-0.917026,node/4821344568
shop,"Montori y Barranco",41.649736,-0.916972,node/4821344569
shop,"Roger de Flor",41.649605,-0.916917,node/4821344571
shop,"Frutas y veruras Valenciana II",41.649701,-0.91645,node/4821344572
office,Mapfre,41.649758,-0.917838,node/4821344575
shop,"g by angela",41.649854,-0.917769,node/4821344576
hospitality,CuenK²fe,41.648224,-0.917519,node/4821344581
hospitality,"Sol y Luna",41.647923,-0.917375,node/4821344582
shop,Panishop,41.647779,-0.917322,node/4821344583
office,"Administrador de fincas Admyges",41.647917,-0.916675,node/4821344586
shop,"La casa de la conserva",41.649489,-0.917272,node/4821368441
shop,"Peluquería A tu Aire",41.643287,-0.915346,node/4821368446
office,"ABC Patólogos",41.643294,-0.915086,node/4821368448
office,Aspanoa,41.644003,-0.914733,node/4821420461
school,"Autoescuela Villahermosa",41.644024,-0.913635,node/4821420464
office,"Oficina de Seguros Mapfre",41.644159,-0.913714,node/4821420465
shop,Indusan,41.645681,-0.913679,node/4821450073
office,ARAGONUM,41.64651,-0.913364,node/4821450077
shop,"Lencería Nieves Herrero",41.646766,-0.913678,node/4821458318
shop,"Estanco nº 90",41.646709,-0.913791,node/4821458319
hospitality,Esther,41.646423,-0.913853,node/4821481321
hospitality,"Bar Sanz",41.64627,-0.914385,node/4821481322
shop,"Peluquería Brooklyn",41.646172,-0.914509,node/4821481324
hospitality,"Aperitivos 33",41.647628,-0.915622,node/4821481326
office,"MX Seguros",41.647743,-0.915679,node/4821481327
shop,"Frutas Selectas Antonio Gracia",41.647807,-0.915699,node/4821481328
shop,"Herbodietética Hispanidad",41.647855,-0.91572,node/4821481329
shop,Dia,41.648306,-0.915913,node/4821481330
shop,"El Rincón",41.648424,-0.915941,node/4821481331
shop,"Euro Solo",41.648421,-0.916059,node/4821481332
shop,"Talleres Roger de Flor",41.647874,-0.916262,node/4821481333
shop,"Carnicerías del Barrio",41.64778,-0.91387,node/4821481334
shop,"Centro Comercial Delicias",41.647683,-0.913728,node/4821481335
shop,"Pescadería Ángel Franco Izquierdo",41.647766,-0.913543,node/4821481338
shop,"El Rincón de Athenea",41.647885,-0.913596,node/4821481339
shop,Mercería.A,41.648177,-0.913697,node/4821481343
shop,Alcampo,41.648592,-0.913859,node/4821481346
shop,"Frutas y Verduras Valenciana",41.648674,-0.913882,node/4821481347
hospitality,"Bar Anjoma",41.648731,-0.913897,node/4821481348
shop,"Peluquería New Stil Unisex",41.648728,-0.914563,node/4821481350
shop,"Talleres Nuestra Señora del Salz",41.648161,-0.91436,node/4821481352
hospitality,"Café Marlene",41.648694,-0.915641,node/4821481353
hospitality,"Cafe TNT Rock",41.648695,-0.915508,node/4821481354
shop,BonÀrea,41.648979,-0.914913,node/4821481356
hospitality,"Mi Pollito",41.648914,-0.914648,node/4821481357
shop,TOOMOTO,41.649039,-0.914704,node/4821481358
shop,Mamavespa,41.649085,-0.914724,node/4821481359
shop,"Talleres Ramado SL",41.649428,-0.914844,node/4821481363
shop,"Ferben Muebles Fray Juan Regla",41.650023,-0.915099,node/4821481364
hospitality,"Mana bar",41.650252,-0.914876,node/4821481365
shop,"Lavandería Autoservicio Nai-clean",41.650003,-0.91555,node/4821492933
shop,"Peluquería Pilar Bueno",41.64994,-0.915826,node/4821492935
shop,"Papelería El Parque",41.648904,-0.915765,node/4821492936
hospitality,"Charles Dickens Tavern",41.648982,-0.915796,node/4821492937
hospitality,Burbujas,41.649122,-0.914068,node/4821492940
shop,"Óptica Andrés Vicente",41.649035,-0.914059,node/4821492941
shop,"Oper Delicias",41.649203,-0.914373,node/4821492942
shop,"Dia Market",41.649372,-0.914151,node/4821492943
shop,"Estanco 76",41.649627,-0.914246,node/4821492945
shop,"El Rincón",41.649438,-0.914183,node/4821492946
hospitality,"La Recopa",41.648515,-0.913544,node/4821503880
shop,"Bazar Universal",41.648586,-0.91356,node/4821503881
shop,Tintared,41.648428,-0.913368,node/4821503883
shop,"Calzados SAEZ",41.65006,-0.914122,node/4821503891
shop,Eli-Man,41.650278,-0.914219,node/4821503892
shop,"El lapicero",41.65039,-0.914232,node/4821503893
shop,"Bordados Electrónicos Teresa Fernández",41.650527,-0.913606,node/4821503895
shop,"Carnicer Automoción",41.650141,-0.913675,node/4821503902
bus_stop,"Nuestra Señora de los Ángeles",41.643868,-0.916537,node/4827043422
bus_stop,"Nuestra Señora de los Ángeles 7",41.643221,-0.919101,node/4827043423
bus_stop,"Nuestra Señora de los Ángeles 20",41.643239,-0.919413,node/4827043424
bus_stop,"Los Enlaces",41.649156,-0.919255,node/4829157945
hospitality,"Bar Gabriel",41.650649,-0.914376,node/4829686230
shop,"Administración de Loterías 42",41.650811,-0.914417,node/4829686231
hospitality,"Atlantic Fruty",41.650561,-0.914626,node/4829695889
shop,"Blue Lips",41.650312,-0.914552,node/4829695890
shop,Yulian,41.650356,-0.914249,node/4829695891
shop,Jireh,41.65011,-0.914145,node/4829695892
shop,YAS,41.650167,-0.914172,node/4829695893
shop,"JRS Clean",41.65025,-0.914203,node/4829695894
hospitality,"Café Albaida",41.65025,-0.914522,node/4829704541
office,"Fincas Rillo",41.650015,-0.914412,node/4829704543
hospitality,"Tasca de Pau",41.649743,-0.9143,node/4829704544
shop,"Talleres Rada",41.649271,-0.914127,node/4829704545
shop,,41.649239,-0.914112,node/4829704546
hospitality,Kike,41.648278,-0.91373,node/4829724621
shop,Edén,41.648252,-0.913723,node/4829724622
shop,Clarel,41.648217,-0.913713,node/4829724623
shop,"Peluquería Alí",41.648143,-0.91369,node/4829724624
shop,"Goya Tours",41.647957,-0.913623,node/4829724626
shop,"Jesus Gracia",41.647809,-0.913555,node/4829724627
hospitality,"Bar Adebán",41.650178,-0.915145,node/4831089885
shop,"Decoraciones de Blas",41.65005,-0.915118,node/4831089887
office,"Administración de Comunidades Aznar",41.649628,-0.914946,node/4831089889
shop,"El trastero",41.649231,-0.914782,node/4831089890
shop,"Decoraciones De Blas",41.649149,-0.914748,node/4831089891
shop,"Centro comercial Delicias",41.647756,-0.914198,node/4831114660
shop,"Muebles Ferben",41.650692,-0.915865,node/4831132192
hospitality,"Bar Raices",41.650652,-0.916062,node/4831132193
shop,"Decoraciones De Blas",41.65024,-0.915697,node/4831132194
shop,"Carnicería Palomero",41.650083,-0.91584,node/4831132195
shop,"Muebles Alba",41.650301,-0.915912,node/4831132196
hospitality,"El Chiringuito",41.65069,-0.913477,node/4835686334
shop,"Carnicería Charcutería Chema y Fede",41.650629,-0.913764,node/4835686335
shop,"Tintorería Rossel",41.650501,-0.913748,node/4835686336
shop,Nenúfar,41.650427,-0.914063,node/4835686337
shop,Balama,41.650412,-0.914139,node/4835686338
office,"Obra Social Remar",41.650383,-0.914919,node/4835701834
shop,Palomero,41.649995,-0.915605,node/4835701835
shop,Prensa,41.649984,-0.915653,node/4835701836
hospitality,"Bar Burdeos",41.649955,-0.915787,node/4835701837
shop,"Frutas y Encurtidos La Confianza",41.649896,-0.916022,node/4835701839
shop,"Dies Rivera",41.649509,-0.913479,node/4835779809
shop,"Pastelería La Calenita",41.649211,-0.913377,node/4844562575
hospitality,"Bar Montes",41.648919,-0.9137,node/4844562576
shop,"Herboristería Los Tilos",41.648966,-0.914325,node/4844562577
hospitality,"La Coco",41.648931,-0.914474,node/4844562578
office,"Zaragoza Dinámica",41.648735,-0.915324,node/4844562580
hospitality,Story,41.648396,-0.916157,node/4844562581
hospitality,"Cantina del Barrio",41.648381,-0.916242,node/4844562582
shop,"Alimentación y bazar",41.648345,-0.916402,node/4844603287
shop,Cubegraf,41.648063,-0.916719,node/4844603288
hospitality,"La Tasca de Palao",41.648054,-0.916786,node/4844603289
shop,Herboristería,41.648035,-0.916866,node/4844603290
shop,"Teresa Muñoz",41.648011,-0.916964,node/4844603291
shop,"Miguel Ángel",41.647986,-0.917073,node/4844603292
shop,"Broset & Remón",41.647954,-0.917232,node/4844603293
shop,"Eventos Galán",41.65052,-0.916316,node/4844625226
shop,,41.650482,-0.916306,node/4844625227
shop,"Espacios Galan 5",41.650097,-0.916162,node/4844625228
shop,Dragon,41.649854,-0.916077,node/4844625229
shop,Artigas,41.649569,-0.916013,node/4844625230
shop,Cirez,41.649485,-0.915973,node/4844625231
hospitality,"Bar El Paraíso",41.649378,-0.915931,node/4844625232
shop,"Cerámicas Galán Bergua",41.649163,-0.915863,node/4844625234
hospitality,Campeones,41.64887,-0.915754,node/4844625235
shop,"Halcón Viajes",41.650322,-0.916638,node/4844645646
hospitality,"Los Enlaces",41.650259,-0.91663,node/4844645647
shop,Vianca,41.64999,-0.916559,node/4844645649
market,"Mercado Enlaces",41.649898,-0.916521,node/4844645650
hospitality,"Bar Santiago",41.649873,-0.916517,node/4844645651
shop,Mercadona,41.649664,-0.916647,node/4844645652
hospitality,Aplausos,41.648229,-0.915867,node/4844645653
shop,Silvia,41.648162,-0.915836,node/4844645654
hospitality,"El Cafetal",41.648082,-0.915807,node/4844645655
hospitality,Pajaros,41.648007,-0.915783,node/4844645656
hospitality,Rodelu,41.647903,-0.915729,node/4844645657
shop,"APP Informática",41.647692,-0.915652,node/4844645658
shop,Suin,41.649804,-0.916995,node/4846192605
shop,NaPi,41.64993,-0.91746,node/4846192607
shop,"Hnos. Veililla",41.649861,-0.917429,node/4846192608
shop,"Bricolaje Delicias",41.648217,-0.916398,node/4846249689
shop,Carnes.com,41.647442,-0.916064,node/4846249693
shop,Enre2,41.648012,-0.916705,node/4846249694
shop,Javier,41.647879,-0.917046,node/4846249695
shop,"Aroa Peluquería",41.64762,-0.914129,node/4846249696
shop,"Cerámicas Bermiol",41.647651,-0.913949,node/4846249697
hospitality,"El Rincón de Emilio",41.647672,-0.913804,node/4846249698
shop,"Peluquería Beni",41.648865,-0.913676,node/4846254044
shop,"Peluquería Luis",41.648414,-0.913444,node/4846254045
shop,,41.646744,-0.913744,node/4846636886
shop,"Bodegas Muñoz",41.646677,-0.91382,node/4846636887
shop,,41.646118,-0.914572,node/4846636889
shop,"Frutos Secos El Reposte",41.64595,-0.914785,node/4846636891
shop,"Desjoyaux Piscinas",41.64667,-0.913551,node/4846636892
shop,Arrazola,41.646462,-0.913424,node/4846636895
shop,"Peluquería Narros",41.645823,-0.914654,node/4846636898
office,"El Pedal Aragonés",41.646338,-0.914034,node/4846643292
shop,"Servicios Integrales Cuarte",41.646269,-0.91336,node/4846643293
office,Asesores,41.646232,-0.913402,node/4846643294
shop,"Construcciones Moya Valero",41.645922,-0.913343,node/4846643295
office,"Clavería & Serrano Import - Export",41.64587,-0.913418,node/4846643296
hospitality,"Bar Los Cuñados",41.645655,-0.913501,node/4846648705
hospitality,"Bread & Coffee",41.640905,-0.913531,node/4856491063
shop,"Nova Fotografía",41.651204,-0.913847,node/4858034947
shop,"Nuevo Punto",41.651129,-0.914088,node/4858034948
shop,"Rastro Remar",41.650974,-0.9149,node/4858044573
shop,"Phone One",41.650948,-0.914998,node/4858044574
shop,Minito,41.650916,-0.915146,node/4858044575
shop,"Prensa y Revistas",41.650837,-0.915552,node/4858044576
shop,"El Almacén Textl",41.650807,-0.9158,node/4858044578
shop,"Eva Valera",41.64996,-0.917713,node/4858210449
hospitality,Habanero,41.649904,-0.917748,node/4858210450
shop,,41.649586,-0.917889,node/4858490054
shop,,41.649593,-0.917833,node/4858490055
shop,"Construcciones Arnau",41.649616,-0.917643,node/4858490057
shop,Nature,41.649518,-0.917896,node/4858490058
shop,Percal,41.649444,-0.91788,node/4858523112
shop,"La casa de la conserva",41.649323,-0.917875,node/4858523113
shop,"Cercados Metálicos",41.64913,-0.917843,node/4858523114
shop,"Loterías y Apuestas del Estado",41.647841,-0.917346,node/4858523116
shop,"Laracan Mascotas",41.643909,-0.915103,node/4858549182
shop,"Golden Essence Spa",41.643972,-0.91484,node/4858590711
shop,Seral,41.644136,-0.91444,node/4858590712
shop,Promotec,41.644061,-0.913982,node/4858590713
office,Siemens,41.66387,-0.934653,node/4867739816
shop,"Augusta Motor",41.663737,-0.934652,node/4990215992
office,"Asociación Guanyin Famen de Zaragoza",41.645496,-0.933251,node/5026413018
bus_stop,"Av. Gómez Laguna / Cooperativa Taxi",41.63342,-0.924049,node/5047848683
bus_stop,"Av. Gómez Laguna / Punto Limpio",41.633481,-0.9244,node/5047848684
hospitality,"San Lamberto",41.662962,-0.929058,node/5073723933
office,EDK,41.663134,-0.929208,node/5073723934
office,"Gestora Agropecuaria",41.663377,-0.929695,node/5073723935
hospitality,"El Badulaque",41.664185,-0.931562,node/5073723936
shop,"Pastelería Blanca",41.664306,-0.931861,node/5073723937
office,"Nihon Kasetsu Europe",41.664362,-0.932026,node/5073723938
shop,Clarel,41.664425,-0.932154,node/5073723939
shop,Toolcar,41.638514,-0.947348,node/5105670455
shop,Mascotan,41.638246,-0.947606,node/5105670456
bus_stop,,41.652122,-0.917649,node/5110112596
hospitality,"Papa John's",41.640784,-0.913959,node/5204677349
shop,"Toyota Artal",41.661024,-0.927659,node/5238623591
shop,"Peluquería Sofía Roy",41.640029,-0.932099,node/5656073329
shop,"Lencería y Moda Atrapasueños",41.634427,-0.945989,node/5775771455
shop,Ecocenter,41.634471,-0.94599,node/5775771456
shop,"Sumerko Zaragoza",41.634563,-0.945992,node/5775771457
shop,"Little Toys",41.634654,-0.945994,node/5775771458
shop,"Estudio de decoración CR",41.634869,-0.945999,node/5775771459
school,"Enseñalia Talents",41.63497,-0.946002,node/5775771460
shop,"Trébol de Cuatro Hojas",41.635304,-0.945988,node/5775771461
shop,"Martín Martín",41.635514,-0.946004,node/5775771462
hospitality,"La Buena Pinta",41.636258,-0.946012,node/5775771463
shop,"Nines & Ninos",41.636649,-0.946047,node/5775771465
shop,"Estilismo Scala",41.636963,-0.946045,node/5775771467
office,"Correduría CMP",41.63712,-0.946066,node/5775771468
hospitality,"El Mirador",41.637338,-0.946061,node/5775771469
office,"Centro Legal Rosales",41.638393,-0.946029,node/5775771470
hospitality,"El Paseo",41.636791,-0.945557,node/5775771471
shop,"La Mar de Dulce",41.636262,-0.945484,node/5775771472
school,"Academia Rosales Step by Step",41.634147,-0.94627,node/5775771475
shop,"Comercial Dragón",41.651907,-0.923131,node/5796084062
shop,Multiópticas,41.651831,-0.923718,node/5796084063
shop,"Super Cost",41.651675,-0.923709,node/5796084064
hospitality,"El Rincón del Oliver",41.651617,-0.923997,node/5796084065
shop,"Bazar Leyva",41.651547,-0.924696,node/5796084066
shop,"Ana Clavería",41.65131,-0.924785,node/5796084067
hospitality,"Bar El Puente",41.651636,-0.924858,node/5796084068
shop,"Confecciones F. Ortiz",41.651536,-0.92493,node/5796084069
office,Tecnocasa,41.651533,-0.92503,node/5796084070
office,"Delgado Guillorme",41.65165,-0.925176,node/5796084071
office,Titanes,41.651536,-0.925113,node/5796084072
shop,"Mudéjar Cocinas",41.651156,-0.925321,node/5796084074
office,"Down Zaragoza",41.651263,-0.925338,node/5796084075
hospitality,"Vertu 2017",41.651538,-0.925453,node/5796084076
shop,"Peluquería Luis",41.651646,-0.925435,node/5796084077
hospitality,"Tabernalia Oliver",41.651559,-0.925511,node/5796084078
shop,"Panadería Nela",41.651652,-0.925687,node/5796084079
shop,"Charcutería José Luis",41.651542,-0.925604,node/5796084080
shop,"Loterías y Apuestas del Estado",41.651547,-0.925739,node/5796084081
shop,"Peluquería Brillo y Color",41.651478,-0.925876,node/5796084082
shop,"El Rincón",41.651644,-0.926014,node/5796084083
shop,"Estanco 96",41.651559,-0.926168,node/5796084084
shop,"Modas Ana",41.651522,-0.926466,node/5796084085
shop,Nai-Clean,41.651663,-0.926434,node/5796084086
hospitality,"Bar La Unión",41.65155,-0.926545,node/5796084087
shop,"Panadería Hermanos Torres",41.65157,-0.926711,node/5796084088
office,"Gestoría Soto",41.651665,-0.926868,node/5796084089
hospitality,"Doner Kebab Zaragoza",41.651664,-0.927367,node/5796084090
office,"Centro Municipal de Servicios Sociales",41.650248,-0.925555,node/5796084091
shop,"Rastrillo Solidario",41.649469,-0.922819,node/5796084094
shop,"Materiales construcción Pellicer",41.649126,-0.921112,node/5796084095
shop,"Obradores Ferrer",41.649038,-0.921201,node/5796084096
hospitality,"Café Cinco Villas",41.648993,-0.921179,node/5796084097
hospitality,"Café Lisboa",41.64895,-0.921162,node/5796084098
hospitality,"Bar Futbolín",41.64616,-0.914213,node/5796623613
hospitality,"Bar Panamá",41.646527,-0.914044,node/5796623614
shop,"Trofeos Vanesport",41.646615,-0.913921,node/5796623616
shop,"Frutería El Central",41.648031,-0.913642,node/5796623617
shop,"LGV Decoración",41.65009,-0.914431,node/5796623619
shop,"Atmósfera Sport",41.651245,-0.914654,node/5796623620
shop,"La Princesa",41.651061,-0.915378,node/5796623622
hospitality,"Cafetería Lingotes",41.651046,-0.915461,node/5796623623
shop,"Ova Estilistas",41.650976,-0.915794,node/5796623627
shop,"Radiadores Ordóñez",41.651166,-0.915902,node/5796623629
shop,"Montse Navarro",41.651603,-0.915966,node/5796623630
shop,"DGH Nutrición",41.651509,-0.916232,node/5796623631
shop,"Frutas y Verduras Isabel",41.65148,-0.916382,node/5796623632
shop,"Herboristería Los 5 Continentes",41.651415,-0.916625,node/5796623633
shop,"Jamones El Abuelo",41.651413,-0.916673,node/5796623634
shop,"Floristería Beaflor",41.651384,-0.916805,node/5796623635
shop,"Lidia Fortea",41.651383,-0.916873,node/5796623637
hospitality,"Iris Blanco",41.651342,-0.91703,node/5796623638
hospitality,"El Rincón del Bacalao",41.651269,-0.917338,node/5796623639
hospitality,"Cafetería Hermanos Larraga",41.65119,-0.917684,node/5796623641
school,Streamline,41.651164,-0.917852,node/5796623642
shop,"Thinking Factory",41.651785,-0.918004,node/5796623644
shop,"Peluquería Hakim",41.651616,-0.919559,node/5796623645
shop,"Andrés Ferrando",41.651561,-0.920556,node/5796623646
office,"Pisos Oliver",41.651756,-0.921347,node/5796623648
hospitality,"Bar Monasterio",41.652176,-0.921262,node/5796623649
shop,"Loterías y Apuestas del Estado",41.652111,-0.921379,node/5796623650
hospitality,"La Taberna",41.652056,-0.92146,node/5796623651
shop,"Corto y Cambio",41.652326,-0.921488,node/5796623652
shop,"Joyería Domar",41.652299,-0.921893,node/5796624853
hospitality,"Cafetería Jaser",41.652026,-0.922233,node/5796624854
office,"Fincas Oliver",41.651963,-0.92277,node/5796624856
bus_stop,,41.664021,-0.930969,node/5894319190
bus_stop,,41.66448,-0.934059,node/5894323351
bus_stop,"Vía Hispanidad / Cruce Bombarda",41.654565,-0.920258,node/5910312080
shop,Dia,41.651153,-0.928552,node/5912599609
bus_stop,"Antonio Leyva / C.S. Oliver",41.651495,-0.930205,node/6000064511
bus_stop,,41.646966,-0.914004,node/6090938122
bus_stop,"Demetrio Galán Bergua / Parque",41.649014,-0.916077,node/6090955427
shop,Castilla,41.659245,-0.940884,node/6308422873
hospitality,Shine,41.658454,-0.940727,node/6310490477
hospitality,"CBR Colonial",41.636063,-0.946472,node/6332049899
hospitality,Tabernalia,41.638023,-0.945539,node/6332049916
bus_stop,"Celso Emilio Ferreiro 6",41.654142,-0.913566,node/6726498495
bus_stop,"Celso Emilio Ferreiro 12",41.653577,-0.915404,node/6726498496
bus_stop,"Celso Emilio Ferreiro 15",41.653188,-0.915543,node/6726498497
bus_stop,,41.656061,-0.920766,node/7088056693
bus_stop,"Camino del Pilón 131",41.658635,-0.940379,node/7105053357
shop,Aliprox,41.64605,-0.918186,node/7147523021
shop,Dia,41.648328,-0.920391,node/7147523022
shop,"Carnicería Lapuente & Hidalgo",41.646093,-0.91821,node/7192229606
shop,"Alimentación Burillo",41.646331,-0.918274,node/7192229607
hospitality,"Bar Amazonas",41.646407,-0.918307,node/7192229608
hospitality,"Mini Bar",41.643904,-0.917707,node/7275835799
shop,OBUHO,41.64424,-0.917784,node/7275835800
bus_stop,"Avenida Manuel Rodríguez Ayuso / centro comercial",41.644197,-0.936037,node/7406060493
shop,Alcampo,41.643554,-0.935463,node/7504394311
hospitality,Momenticos,41.652116,-0.91581,node/7752927273
shop,"Hnos. Justo",41.652432,-0.91545,node/7752927274
bus_stop,"Camino del Pilón 141",41.658887,-0.944414,node/7779477514
bus_stop,"Camino del Pilón 122",41.658729,-0.940521,node/7779477515
bus_stop,"Camino del Pilón 86 / Ibón de Plan",41.658938,-0.937403,node/7779477516
bus_stop,"Camino del Pilón / Ibón de Armeña",41.658872,-0.933913,node/7779477517
bus_stop,"Tchaikovsky / Haendel",41.633888,-0.942715,node/7981123525
bus_stop,"Johann Sebastian Bach 53",41.636608,-0.945986,node/7981123526
bus_stop,"Johann Sebastian Bach 65",41.638403,-0.94668,node/7981123527
shop,"Estética Para Tod@s",41.653706,-0.914334,node/8282249730
shop,BonÀrea,41.63656,-0.945479,node/8317732012
hospitality,"La Luna del Gruñon",41.641077,-0.928584,node/9683725822
bus_stop,"Orión 6",41.641982,-0.93383,node/9891226721
bus_stop,"Lagos de Coronas 14 / Ibón de Astún",41.657214,-0.933655,node/9891226732
bus_stop,"Lagos de Coronas / la Camisera",41.654545,-0.934431,node/9891226733
bus_stop,"Avenida de Madrid 170",41.651259,-0.91431,node/10075858813
hospitality,"Cafetería Claudia",41.639484,-0.930279,node/10107165881
shop,"Opel Stellantis &You",41.641405,-0.949327,node/10136481806
bus_stop,"Avenida de Madrid 259",41.651208,-0.91401,node/10592692514
bus_stop,"Ctra. Madrid 50",41.646507,-0.923209,node/10731541621
bus_stop,"Ronda Ibón de Plan / Supermercado",41.65676,-0.937696,node/10731541627
bus_stop,"Ibón de Plan 20",41.650474,-0.934835,node/10731541628
bus_stop,"Lagos de Barbarisa / Ibón de Catieras",41.65847,-0.9361,node/10784556175
bus_stop,"Ibón de Astún / Ibón de Catieras",41.656988,-0.934675,node/10784556176
bus_stop,,41.64355,-0.928362,node/10915843117
shop,"Panadería El Gallego Valdefierro",41.639556,-0.934981,node/11225113693
hospitality,"Cafetería Almacana",41.638768,-0.928693,node/11225113694
shop,"Panadería La Espiga",41.640519,-0.927005,node/11225113695
hospitality,,41.638693,-0.949364,node/11826364683
hospitality,"La Tasca de Miralbueno",41.656189,-0.929246,node/12077495108
bus_stop,"Antonio Leyva 33",41.651713,-0.92369,node/12078484364
bus_stop,"Lagos de Coronas / Ibón de Astún",41.657295,-0.933495,node/12078769268
shop,,41.657731,-0.940749,node/12078775010
bus_stop,"Andrés Vicente 25",41.648557,-0.91363,node/12192805829
bus_stop,"Vía Hispanidad 59",41.641678,-0.915214,node/12216864479
bus_stop,"Avenida de Navarra / Miguel Herrero",41.657749,-0.91497,node/12232107722
bus_stop,"Ismael Hipólito Lor Vicente",41.658019,-0.92766,node/12235712357
bus_stop,"Avenida de Navarra / IES Santiago Hernández",41.657642,-0.915733,node/12235712358
bus_stop,"Carretera Logroño km. 243,2 frente a Ford",41.661821,-0.928369,node/12235712359
hospitality,,41.638341,-0.941546,node/12281357276
shop,"Simon Rack",41.658254,-0.920314,node/12467507200
bus_stop,"Avenida Valdefierro 1",41.644518,-0.926527,node/12468615836
bus_stop,"Ronda Ibón de Plan (Centro de Salud)",41.660069,-0.938285,node/12498097272
bus_stop,"San Alberto Magno / C.S. Oliver",41.652173,-0.930042,node/12500726079
bus_stop,"Francisca Millán Serrano / Miguel Ángel Blanco",41.640488,-0.93152,node/12507471971
shop,Supercor,41.660772,-0.927405,node/12645083850
bus_stop,"Avenida de Navarra 94",41.657373,-0.913761,node/12681983872
bus_stop,"Avenida Manuel Rodríguez Ayuso 44",41.648406,-0.921453,node/12700683862
bus_stop,"Av. Manuel Rodríguez Ayuso / Supermercado",41.648612,-0.920573,node/12707200554
bus_stop,Hortensia,41.642179,-0.929145,node/12707327539
shop,Amar,41.650743,-0.91735,node/12709740072
hospitality,Popeyes,41.650733,-0.917735,node/12709750578
shop,"Auto Repuestos A-2",41.650749,-0.917858,node/12709755750
bus_stop,"Anillo Verde / Colegio",41.656764,-0.924437,node/12806230905
bus_stop,"Biel / C/Dalia",41.642583,-0.925268,node/12965096596
bus_stop,"Gómez Laguna 49",41.640573,-0.913431,node/13015641692
shop,"Lencería Dory",41.651131,-0.915276,node/13086748534
hospitality,"Sin Complejos",41.6512,-0.915293,node/13086748567
shop,"Dulcepan Aragonesa",41.651006,-0.915656,node/13086748589
shop,Cubbe,41.650852,-0.915333,node/13086748590
hospitality,"El Dorado",41.651246,-0.915309,node/13086748594
bus_stop,"Miguel Ángel Blanco 53",41.639595,-0.928014,node/13162459642
bus_stop,"Avenida Valdefierro 43",41.64055,-0.929005,node/13162474632
shop,MiPan,41.640817,-0.928783,node/13171588963
hospitality,Mikkal,41.637841,-0.932927,node/13171638016
shop,"Mercando Valdefierro",41.639314,-0.930248,node/13252529713
shop,Pelayo,41.642806,-0.936117,node/13285908699
shop,"Ferretería Palacios",41.639917,-0.931239,node/13285929906
university,"campo de futbol miralbueno",41.660731,-0.940394,node/13302258301
bus_stop,"Camino del Pilón / Lagos de Coronas",41.658753,-0.932517,node/13369407531
bus_stop,"Francisco Rallo Lahoz / Vía Hispanidad",41.655572,-0.921571,node/13369983246
shop,,41.640789,-0.91405,node/13442509837
shop,Primaprix,41.650945,-0.914807,node/13442642240
shop,Dia,41.651327,-0.914315,node/13442642241
shop,"Colchonería Martínez",41.651254,-0.914566,node/13442642242
bus_stop,"Camino del Pilón 57",41.658531,-0.931129,node/13535244978
bus_stop,"Camino del Pilón con Anillo Verde",41.658695,-0.925484,node/13535244979
bus_stop,"Camino del Pilón con Pascual Lorenz",41.658475,-0.929298,node/13535244980
shop,Alcampo,41.651484,-0.913485,node/13621020843
hospitality,JJ,41.638037,-0.932905,node/13695750826
office,"Asociación Ornitológica Virgen del Pilar",41.637445,-0.93114,node/13695752748
shop,,41.644588,-0.93672,node/13712614691
shop,Bonarea,41.652422,-0.915485,node/13837732301
shop,"Martín Martín",41.652245,-0.933565,node/13837732501
park,"Jardines de Avicebrón",41.643033,-0.913427,way/24319420
park,"Parque Castillo Palomar",41.655379,-0.912372,way/24320065
park,"Parque del Oeste",41.648489,-0.929472,way/38010170
shop,"Automóviles Sánchez",41.662446,-0.927483,way/46847733
shop,"Mitsubishi. Subaru. Honda.",41.661091,-0.925612,way/46847735
shop,"Goya Automoción. BMW.",41.661476,-0.925798,way/46847736
park,"Parque de Valdefierro",41.635768,-0.931496,way/47374808
shop,"Alcampo Los Enlaces",41.643556,-0.93613,way/47430974
park,"Parque de Sedetania",41.653489,-0.918727,way/48136276
park,"Paseo Lagos de Alba",41.660652,-0.933182,way/49302729
park,"Parque de la Ciudad de Maska",41.655286,-0.927272,way/49302732
park,"Plaza de la Armonía",41.63786,-0.932316,way/49428491
park,"Parque del Agua Luis Buñuel",41.672404,-0.909461,way/120137528
hospitality,"Espacio Ebro",41.666828,-0.913783,way/148897508
school,"Instituto de Educación Secundaria ""Miralbueno"".",41.660272,-0.939787,way/192157570
school,"Colegio Público Miralbueno",41.656316,-0.933124,way/193592055
school,"Colegio Padre Enrique de Ossó",41.646913,-0.915345,way/201500696
school,"Colegio de Educación Infantil y Primaria Ciudad de Zaragoza",41.647982,-0.915022,way/201500699
school,"Colegio de Educación Infantil y Primaria Monsalud",41.653081,-0.913331,way/201500701
school,"Instituto de Educación Secundaria Félix de Azara",41.653905,-0.916866,way/201501903
shop,"Automoción Aragonesa Volkswagen",41.657175,-0.915053,way/207247979
tourism,"Exe Plaza Delicias",41.656593,-0.915014,way/207247980
park,,41.638904,-0.94729,way/246148881
park,"Plaza de las Peñetas",41.65848,-0.942522,way/252362729
park,,41.659594,-0.944408,way/253929279
park,"Parque Paco Lacasa",41.659581,-0.943145,way/253929310
park,"Jardin Lagos e Ibones del Pirineo",41.659315,-0.928404,way/254543568
park,"Parque Alto Carabinas",41.64275,-0.930552,way/255234378
school,"Colegio Público Julio Verne",41.657251,-0.923983,way/261099926
park,,41.656276,-0.916271,way/261112142
park,"Glorieta Berenguer de Entenza",41.649072,-0.916534,way/261115314
park,,41.64615,-0.920381,way/261120460
hospitality,"Terraza El Lago",41.635778,-0.918731,way/261432113
park,,41.659401,-0.931115,way/262278257
school,"Colegio de Educación Infantil y Primaria Rosales del Canal",41.635207,-0.940632,way/262576856
shop,Supercor,41.640298,-0.917973,way/365520579
school,"Colegio Alemán de Zaragoza",41.663542,-0.927554,way/371456025
park,"Jardines de la Estrella Polar",41.639066,-0.931253,way/396954030
park,,41.642322,-0.932662,way/398068159
shop,"Stellantis &You",41.641826,-0.94977,way/436547402
shop,"Fiat Velconi. Bultaco.",41.661936,-0.926798,way/437139257
park,,41.64001,-0.942814,way/441924109
hospitality,"El Portazgo",41.660599,-0.92523,way/446121129
park,"Parque de Isaac Newton",41.651836,-0.92219,way/468924300
park,,41.640824,-0.931464,way/469036581
park,"Anillo Verde Valdefierro",41.640625,-0.923877,way/469101010
school,"Colegio de Educación Infantil y Primaria Antonio Beltrán Martínez",41.645384,-0.915894,way/470013409
park,,41.647486,-0.916625,way/470016621
park,"Plaza de la Inmaculada",41.639656,-0.930415,way/470168862
school,"Colegio Santa Magdalena Sofía",41.636409,-0.925603,way/470170525
park,,41.637608,-0.925679,way/470170526
park,,41.637563,-0.936279,way/470172613
park,,41.635455,-0.934276,way/476213683
park,"Anillo Verde Oliver",41.653031,-0.924505,way/476768083
university,"Colegio Mayor Azaila",41.64141,-0.916446,way/489822716
school,"Instituto de Educación Secundaria Ramón Pignatelli",41.645061,-0.922118,way/489981483
park,"Parque de Vistabella",41.658692,-0.934765,way/546697388
park,"Paseo del Soto",41.665453,-0.915805,way/548571219
park,"Parque de Vistabella",41.659174,-0.935149,way/550687077
school,"CPI Rio Sena",41.656848,-0.932286,way/674573331
park,,41.636719,-0.94578,way/676137280
park,,41.636063,-0.945763,way/676137297
park,,41.635522,-0.945755,way/676137298
park,,41.635686,-0.946284,way/676137299
park,,41.635905,-0.946164,way/676137300
shop,Mercadona,41.634571,-0.944903,way/676137311
park,,41.633859,-0.947775,way/676137317
park,,41.634773,-0.945734,way/676137318
park,,41.640021,-0.945964,way/676137323
park,,41.63718,-0.94305,way/676137325
park,,41.636176,-0.941611,way/676137327
office,"Camping Ciudad de Zaragoza",41.637766,-0.942886,way/676142738
park,,41.643696,-0.929873,way/676145168
park,,41.64389,-0.934929,way/676148072
park,"Plaza de Lolita Parra",41.652152,-0.92805,way/686282084
shop,"Benjamín Bernal Hernández",41.649977,-0.927275,way/733373656
school,"Instituto de Educación Secundaria María Moliner",41.650219,-0.927682,way/733373662
school,"Colegio Público Fernando el Católico",41.651039,-0.927685,way/733381758
shop,"Merceces-Benz Ágreda Automóvil",41.645675,-0.935108,way/733654130
shop,"Merceces-Benz Ágreda Automóvil",41.646563,-0.937009,way/733654131
office,Edelvives,41.64652,-0.933283,way/734005414
school,"Colegio de Educación Infantil y Primaria Hispanidad",41.645983,-0.921907,way/765249511
shop,Lidl,41.651477,-0.918455,way/799484832
school,"Colegio Público Integrado Zaragoza Sur",41.635791,-0.948247,way/813937979
university,"Centro Integrado de Formación Profesional Los Enlaces",41.644799,-0.923235,way/821719733
university,"Centro Público de Educación de Personas Adultas Juan José Lorente",41.645855,-0.914166,way/821794443
shop,"Centro Comercial Augusta",41.660053,-0.919295,way/863948342
shop,"Centro Comercial Augusta",41.65978,-0.921448,way/863948346
school,"Colegio de Educación Infantil y Primaria José Camón Aznar",41.656985,-0.917221,way/890856142
school,"Instituto de Educación Secundaria Santiago Hernández",41.657638,-0.916639,way/890856143
shop,"La Plaza de DIA",41.652972,-0.914542,way/891114472
park,,41.644529,-0.91868,way/1066667747
shop,Mercadona,41.637546,-0.94753,way/1067391801
office,,41.641485,-0.948822,way/1107871854
shop,Lidl,41.654426,-0.936058,way/1166135768
park,,41.642038,-0.935305,way/1352965406
park,,41.642381,-0.936266,way/1352965434
office,,41.638849,-0.925754,way/1353743191
shop,"CITROËN STELLANTIS & YOU",41.644696,-0.937118,way/1420624533
park,,41.635013,-0.919493,relation/6315344
park,"Parque de Miralbueno",41.655111,-0.932846,relation/7950214
school,"Colegio Publico Julian Nieto Tapia",41.65941,-0.943848,relation/9373569
school,"Colegio de Educación Infantil y Primaria Jerónimo Blancas y Tomás",41.641581,-0.929427,relation/14404153
park,"Parque Norte",41.63577,-0.950598,relation/17883984
bus_stop,"Avenida San Juan Bosco 10",41.644958,-0.900499,node/30389500
shop,Tien21,41.649042,-0.899294,node/30459615
bus_stop,"Av. Pirineos / Colegio Moliere",41.662821,-0.881066,node/34756894
bus_stop,"Paseo María Agustín 37",41.651387,-0.890974,node/156334282
bus_stop,"Avenida de San José 70",41.639452,-0.874517,node/223525780
bus_stop,"Paseo María Agustín 67",41.654876,-0.893726,node/224048794
bus_stop,"Paseo María Agustín 7 / Puerta del Carmen",41.650083,-0.888612,node/224074552
bus_stop,"Paseo Pamplona 15",41.648899,-0.887213,node/224074557
bus_stop,"Avenida de San José 10",41.645147,-0.872574,node/224190462
bus_stop,"Avenida de San José 66",41.640865,-0.873588,node/224190465
bus_stop,"Avenida de Navarra 1-3",41.65461,-0.901604,node/224244715
bus_stop,"Paseo Pamplona 1 / Plaza Paraíso",41.64808,-0.886652,node/224244784
bus_stop,"Glorieta Sasera",41.645696,-0.885467,node/245435818
station,"César Augusto",41.655208,-0.8839,node/245443176
hospitality,"Taberna Urbana",41.652125,-0.873787,node/249088084
shop,Alcampo,41.661358,-0.899653,node/249092450
bus_stop,"Plaza Diego Velázquez / Parque Pignatelli",41.638465,-0.88652,node/249350262
shop,BonÀrea,41.639619,-0.90566,node/249758250
shop,Eroski,41.638865,-0.906898,node/249759873
hospitality,40/15,41.642623,-0.906087,node/249760172
bus_stop,"Avenida de Madrid / Aljafería",41.655585,-0.895791,node/249785011
hospitality,Bonaparte,41.642754,-0.888172,node/249785633
shop,Alafa,41.645889,-0.889136,node/249789335
hospitality,"El Tuno",41.640739,-0.896986,node/249789336
school,"Colegio Publico Calixto Ariño",41.636096,-0.871244,node/252401124
school,"La Salle Montemolín",41.636745,-0.870453,node/252401658
hospitality,"San Blas 97",41.656743,-0.888772,node/252756463
shop,Alcampo,41.65797,-0.891647,node/252756473
hospitality,"Bar Mateo",41.658059,-0.890377,node/252756479
bus_stop,"Plaza Aragón / Capitanía",41.648654,-0.884712,node/258776321
bus_stop,"Avenida de Navarra 71",41.655361,-0.907355,node/259491241
hospitality,J85,41.63973,-0.901959,node/259493874
bus_stop,"Avda. San José 97",41.639567,-0.874254,node/259497121
shop,Mercadona,41.649553,-0.898331,node/259497568
bus_stop,"Violante de Hungría / Escuela de Idiomas",41.642021,-0.90514,node/259498188
shop,Mercadona,41.65896,-0.87409,node/260550762
bus_stop,"Paseo Cristóbal Colón 2",41.633633,-0.885651,node/263226780
tourism,"Puerta del Carmen",41.649874,-0.887562,node/263797275
shop,Alcampo,41.637452,-0.874304,node/264101836
bus_stop,"Juan Pablo Bonet 23",41.640515,-0.888695,node/266184191
bus_stop,"Corona de Aragón 33",41.643321,-0.896736,node/266184192
bus_stop,"San Juan de la Cruz 2",41.64158,-0.893505,node/266184562
hospitality,Telepizza,41.640612,-0.893981,node/266326621
bus_stop,"Vía Univérsitas 17",41.645004,-0.907076,node/267724676
bus_stop,,41.637491,-0.897079,node/267725249
bus_stop,"Paseo Cuéllar / San Fernando",41.634552,-0.884706,node/267727157
bus_stop,"Paseo Cuéllar 47",41.636081,-0.884508,node/267727158
bus_stop,"Avenida Francisco de Goya 47 / Estación Cercanías",41.643781,-0.891525,node/268457107
bus_stop,"Avenida San José 133",41.637981,-0.876264,node/268466292
bus_stop,"Avenida de San José 38",41.643606,-0.872921,node/274107118
shop,PCBox,41.645515,-0.873656,node/287932251
shop,Primaprix,41.636668,-0.877828,node/288571238
hospitality,Plaza,41.636253,-0.877931,node/288572475
shop,Dia,41.634976,-0.877476,node/288573038
bus_stop,"Avenida de San José 200",41.635656,-0.879405,node/288578316
bus_stop,"García Lorca 13",41.634699,-0.878481,node/288596523
hospitality,"Cafetería Macanaz",41.660695,-0.879313,node/296468980
shop,Alcampo,41.661058,-0.878032,node/296469022
hospitality,"El Emir",41.64505,-0.896655,node/303340036
bus_stop,"Paseo de Sagasta 62",41.64067,-0.886625,node/303341357
school,Aulazenter,41.639952,-0.881292,node/303344551
hospitality,Montesol,41.645134,-0.900206,node/303673319
hospitality,"La Imperial",41.657009,-0.881433,node/303942203
bus_stop,"Estación Delicias / Acceso Salidas",41.658046,-0.908515,node/354588399
shop,Mercadona,41.643604,-0.871748,node/356851445
shop,Francisco,41.641552,-0.870379,node/356851467
hospitality,McDonald's,41.640958,-0.867373,node/358197202
hospitality,"Burguer Paco",41.65526,-0.879645,node/364939581
hospitality,"El Fuelle",41.652703,-0.874535,node/366103095
hospitality,"Taberna D'aragón",41.653734,-0.878516,node/366103136
hospitality,"Loch Ness",41.641967,-0.89492,node/368305154
shop,Dekasa,41.653891,-0.877967,node/410478599
shop,Dia,41.653058,-0.878061,node/410478600
hospitality,"Il Principale",41.652238,-0.878806,node/410478602
hospitality,Dfabula,41.646802,-0.876279,node/419765013
office,"Tesorería General de la Seguridad Social (Dirección Provincial)",41.645783,-0.87589,node/419765015
tourism,"Hotel Boston",41.645473,-0.876653,node/419765030
shop,Dia,41.64912,-0.877266,node/419767991
bus_stop,"Avda. San Juan Bosco (Hospital Clínico)",41.643675,-0.903835,node/452649982
bus_stop,"Avda. San Juan Bosco 7",41.644606,-0.900985,node/452649983
hospitality,"Los Navarros",41.648905,-0.898872,node/459507540
hospitality,"Café Berlanga",41.648558,-0.898982,node/459507541
bus_stop,"Duquesa Villahermosa 97",41.647486,-0.904229,node/469199867
hospitality,"Bar Mana",41.646977,-0.901068,node/469201848
hospitality,"Nick Havanna",41.653689,-0.899728,node/472319514
bus_stop,"Hernán Cortés 6",41.649356,-0.888431,node/472332466
hospitality,"El Plato Reverde",41.652858,-0.875852,node/472335953
hospitality,"El Calamar Bravo",41.651996,-0.883283,node/472336784
bus_stop,"Anselmo Clavé / Estación Portillo",41.65088,-0.893812,node/484747227
office,"One 4 One",41.648756,-0.88728,node/484763745
bus_stop,"Paseo Teruel 24",41.64853,-0.891217,node/484791668
hospitality,"Laurel Café",41.650956,-0.883458,node/510590012
tourism,"Nuevo Hotel Orús",41.650016,-0.894808,node/527858687
shop,"Mi Alcampo",41.651429,-0.905438,node/527881489
bus_stop,"Duquesa Villahermosa 42",41.647927,-0.90342,node/527883152
tourism,,41.63379,-0.8936,node/528894396
hospitality,Beerland,41.641708,-0.895063,node/571052704
tourism,"Hotel Gran Vía",41.645462,-0.890421,node/581810208
tourism,"B&B Hotel Zaragoza Centro",41.658633,-0.874233,node/581811986
tourism,"Hotel Oriente",41.653389,-0.882581,node/581831823
tourism,"Hotel Goya",41.651588,-0.882605,node/581835271
tourism,"Hotel Palafox",41.650631,-0.88548,node/581842460
tourism,"Hotel Reina Petronila",41.638985,-0.908553,node/581847318
hospitality,,41.652221,-0.879879,node/581848514
tourism,"Reino de Aragón",41.651347,-0.878839,node/581849017
hospitality,"Vinos Rubio",41.642137,-0.891854,node/603129991
school,"Guardería Monigotes",41.645631,-0.894381,node/611794712
shop,Mercadona,41.643802,-0.888266,node/614632316
shop,Lemon,41.645353,-0.897653,node/627805976
hospitality,"Taberna la piedra",41.643341,-0.894436,node/627805983
hospitality,Domino's,41.644524,-0.895494,node/627805987
hospitality,"Café Universal",41.641703,-0.894522,node/627805995
hospitality,"La PaPa Arrugá",41.644424,-0.895268,node/627806010
shop,"Supercor Exprés",41.640387,-0.910416,node/651012607
shop,Eroski,41.64419,-0.910655,node/651013571
shop,Opencor,41.649867,-0.880441,node/651116565
hospitality,Palomeque,41.653435,-0.883585,node/651118737
shop,Tolosana,41.649011,-0.885844,node/651120645
hospitality,"Casa Pascualillo",41.65322,-0.880513,node/651123014
shop,Eroski,41.647705,-0.888812,node/651129074
tourism,"NH Collection Gran Hotel",41.649009,-0.881473,node/651131612
tourism,"Hotel Zenit don yo",41.648454,-0.88374,node/651132569
tourism,"INNSiDE by Meliá Zaragoza",41.651732,-0.885806,node/651134374
hospitality,"Sala Utopía",41.64349,-0.895784,node/673807647
hospitality,"La Tagliatella",41.640901,-0.910512,node/679412726
hospitality,"La Antilla - Aragonia",41.641589,-0.90991,node/679413269
shop,"Bimba y Lola",41.650757,-0.882787,node/680000857
shop,C&A,41.651363,-0.882194,node/680000868
shop,Bershka,41.651775,-0.881786,node/680019310
tourism,"Hotel Alda Zaragoza Independencia",41.651662,-0.880606,node/680034872
shop,Nike,41.652678,-0.881181,node/680034885
office,"Heraldo de Aragón",41.649813,-0.88291,node/680042164
shop,"Librería General",41.647895,-0.884356,node/680422562
hospitality,Ginos,41.648379,-0.884046,node/680422566
hospitality,Vips,41.648308,-0.884072,node/680422567
hospitality,"La Tagliatella",41.648539,-0.884038,node/680422578
hospitality,"Café del Museo Teatro Caesaraugusta",41.65248,-0.877596,node/701299100
hospitality,"La Flor de Lis",41.653932,-0.877674,node/701299101
hospitality,"Luna Morena",41.663446,-0.89101,node/759470843
hospitality,"The Boss",41.64309,-0.888356,node/765953534
hospitality,"Chocolatería Porta",41.643178,-0.888318,node/765953536
hospitality,Nevada,41.640564,-0.895571,node/765953539
hospitality,Harvard,41.640484,-0.896928,node/765953540
hospitality,"Pollos asados Mari y Jose",41.643395,-0.896209,node/765953542
hospitality,"Laurel Spiritual",41.641214,-0.894085,node/765953544
hospitality,"Los Sueños de Goya",41.642837,-0.888505,node/765953546
hospitality,Modo,41.643085,-0.895922,node/766935320
hospitality,KFC,41.651599,-0.880665,node/766937351
hospitality,"Panzzer Grill",41.644295,-0.892576,node/766938584
hospitality,"Los Mayses",41.643596,-0.894167,node/766938679
office,"Gestoria Goya OTS",41.642676,-0.887929,node/786093599
hospitality,,41.652168,-0.884764,node/788820143
hospitality,"Cafetería Liberty",41.647242,-0.893574,node/800290323
hospitality,"La Candalaria",41.645382,-0.893,node/800290329
office,Marlex,41.64569,-0.893605,node/800290333
hospitality,"La Esfera",41.645156,-0.892829,node/800290370
shop,"Goya Peluqueros",41.646474,-0.893844,node/800290385
hospitality,Elly,41.646324,-0.893827,node/800290474
hospitality,"The Banshee Howl",41.645428,-0.893034,node/800290481
shop,"Viajes Halcón",41.644802,-0.893012,node/800290482
shop,,41.644195,-0.892238,node/800381223
shop,"La Rosaleda",41.644685,-0.892112,node/800381454
hospitality,Vertical,41.641115,-0.893523,node/807163372
shop,OSSO,41.646526,-0.896157,node/810275164
hospitality,"Cervecería Resacas",41.648625,-0.889869,node/838544091
shop,"Papelería Muñoz",41.643093,-0.889382,node/838615108
shop,"La Tienda de las Ventanas",41.643199,-0.889748,node/838615112
shop,MiAlcampo,41.642349,-0.886877,node/838615113
shop,Sueños,41.642204,-0.886513,node/838615116
shop,"Viajes Aneto",41.643112,-0.889449,node/838615118
hospitality,"La Farola",41.642783,-0.888278,node/838615119
shop,Tolosana,41.642307,-0.886767,node/838615121
shop,"Charol 2",41.642958,-0.88892,node/838615123
hospitality,"El whisky viejo",41.643225,-0.888871,node/838679894
shop,"Ángel Peluquería",41.642752,-0.887299,node/838679897
shop,"Pastelería Los Mallorquines",41.642919,-0.887829,node/838679917
hospitality,"El Malecón",41.64317,-0.88866,node/838679919
shop,Ricasviandas,41.642801,-0.887456,node/838679920
shop,"Estanco 11",41.642982,-0.888025,node/838679924
hospitality,"Café-bar Arco Iris",41.642896,-0.887755,node/838679926
shop,"Flores Linacero",41.642649,-0.88696,node/838711747
shop,"Panadería Artesana Escosura",41.647196,-0.89816,node/838772798
office,"Cangurin Limpieza",41.648196,-0.898742,node/838772806
shop,"Peluquería Pily-Mari José",41.647713,-0.898244,node/838772816
shop,Vicar,41.647616,-0.898406,node/838772817
hospitality,"BogArte 2",41.646521,-0.897756,node/838772823
shop,"Frutos Secos",41.646704,-0.897867,node/838772824
hospitality,"Café-bar La Sabina",41.647334,-0.898014,node/838772828
office,"Costel Construcciones",41.647036,-0.898089,node/838772831
hospitality,"Casa Rodri",41.646825,-0.897939,node/838772838
hospitality,"El Tercio",41.646729,-0.897643,node/838772842
hospitality,Paraíso,41.655854,-0.879666,node/838854032
hospitality,"Irish Tabern Gallagher",41.657011,-0.881579,node/838866781
shop,Mercadona,41.640492,-0.909412,node/846894297
shop,"Pastelería Ismael",41.646228,-0.895236,node/879573597
shop,"El Rincón",41.643132,-0.893217,node/912427492
shop,"Martín Martín",41.644339,-0.895121,node/912427505
office,"Inmobiliaria Bretón",41.643789,-0.893972,node/912556695
shop,If,41.643842,-0.894241,node/912556696
shop,"Ferreteria Abad",41.643692,-0.893774,node/928530989
tourism,"Río Arga",41.654788,-0.880885,node/961991534
shop,"Another Home",41.638954,-0.879235,node/970523467
hospitality,365,41.643097,-0.885781,node/970523557
hospitality,"El Pichón",41.652872,-0.874873,node/985010361
bus_stop,"Paseo Pamplona 12",41.648961,-0.886917,node/1011432193
shop,Olmeda,41.655775,-0.88317,node/1051443221
hospitality,"La Mejillonera",41.65162,-0.882272,node/1070586669
hospitality,"Donna Pizza",41.651957,-0.904413,node/1071262753
hospitality,"La casa magnética",41.654824,-0.87858,node/1074059591
bus_stop,"Plaza San Miguel",41.649836,-0.876159,node/1075164916
office,"Delegación del Gobierno",41.655323,-0.877809,node/1076881853
hospitality,Popeyes,41.6557,-0.879644,node/1077076786
shop,"Carnecería Salmerón",41.65551,-0.893447,node/1085434568
bus_stop,"Conde de Aranda / Plaza del Portillo",41.655855,-0.892226,node/1085434574
tourism,"Museo del Teatro de Caesaraugusta",41.65254,-0.877393,node/1089829041
school,"Colegio Público Margarita Salas",41.635592,-0.905117,node/1146410531
bus_stop,"Avenida de San José 224",41.634077,-0.881624,node/1147563230
shop,"Simply Store",41.646652,-0.879681,node/1153046376
shop,"Mercadillo del Arrabal",41.658851,-0.875259,node/1180039010
hospitality,"La Gloria",41.644172,-0.872017,node/1181396146
shop,"Flores Torres",41.658702,-0.875334,node/1189996861
shop,"Simply Market",41.647452,-0.891039,node/1215472615
shop,"Centro Comercial Independencia El Caracol",41.650489,-0.883846,node/1215815990
bus_stop,"Hernán Cortés 9",41.649031,-0.888585,node/1237218001
station,"Fernando el Católico",41.643909,-0.892305,node/1237218041
station,"Fernando el Católico",41.643867,-0.892063,node/1237218064
station,"Gran Vía",41.646314,-0.887828,node/1237218086
station,"Emperador Carlos V",41.638025,-0.897761,node/1240847118
station,Romareda,41.635561,-0.900726,node/1240847126
station,"Emperador Carlos V",41.637947,-0.897556,node/1240847139
station,"Plaza de San Francisco",41.640788,-0.895192,node/1240847159
station,"Plaza de San Francisco",41.640696,-0.895003,node/1240847174
station,Romareda,41.635586,-0.900792,node/1240847193
hospitality,,41.641747,-0.900138,node/1243352287
hospitality,"Cafetería CMU Pedro Cerbuna",41.641137,-0.901887,node/1243352467
hospitality,Louisiana,41.642151,-0.89476,node/1250333442
shop,PCBox,41.642845,-0.895495,node/1250333445
shop,Potter,41.64331,-0.893181,node/1250333450
hospitality,Ibarrola,41.644358,-0.892725,node/1251917457
bus_stop,"Avenida Gómez Laguna 6",41.642932,-0.90695,node/1268294794
hospitality,,41.635624,-0.91106,node/1268294865
bus_stop,"Avenida de Navarra, 54 (Centro Cívico)",41.65556,-0.906757,node/1268294971
bus_stop,"Avenida de San José 209",41.634043,-0.881378,node/1288034511
bus_stop,"Avenida de San José 7",41.645525,-0.872341,node/1306651158
bus_stop,"Jorge Cocci 17",41.646606,-0.869158,node/1306685019
bus_stop,"Fernando El Católico 31",41.641601,-0.894051,node/1310124821
bus_stop,"Isabel La Católica 3",41.633837,-0.902879,node/1310125087
bus_stop,"Paseo Isabel La Católica / Hospital Infantil",41.636115,-0.899813,node/1310125822
bus_stop,"Miguel Servet 28",41.6475,-0.874256,node/1310125902
bus_stop,"Compromiso de Caspe 26",41.645781,-0.868145,node/1310125989
bus_stop,"Jorge Cocci (frente al 1)",41.648739,-0.87077,node/1310126045
hospitality,"El patio de Fran",41.644345,-0.897768,node/1320259631
hospitality,"Bar Brindis",41.648125,-0.900057,node/1320259634
bus_stop,"San Juan de la Cruz 26",41.640957,-0.891305,node/1324965691
hospitality,"Restaurante Rogelios",41.636769,-0.904125,node/1331379710
hospitality,"Restaurante el foro",41.637812,-0.90317,node/1331379727
tourism,"Museo Pilarista",41.656955,-0.878346,node/1334337694
tourism,"Museo de Tapices de La Seo",41.654411,-0.875245,node/1334337704
tourism,"Torreón Fortea",41.654852,-0.881991,node/1334337711
tourism,"Museo Goya",41.65469,-0.87842,node/1334337763
tourism,"Museo del Puerto Fluvial de Caesaraugusta",41.655235,-0.874848,node/1334337790
tourism,"Casa de la Mujer. Sala Juana Francés",41.653881,-0.876111,node/1334337797
shop,,41.649426,-0.887564,node/1354672618
bus_stop,"Paseo Pamplona / Puerta del Carmen",41.649307,-0.887141,node/1359398446
bus_stop,"Paseo Pamplona 4",41.648353,-0.886491,node/1359398447
bus_stop,"Paseo María Agustín 12 (C.M.E. Ramón y Cajal)",41.65086,-0.889561,node/1359641258
bus_stop,"Paseo María Agustín 26",41.65198,-0.891229,node/1359641263
shop,,41.648086,-0.900239,node/1363506045
hospitality,Buscavidas,41.652555,-0.904543,node/1365564891
shop,Paymar,41.644246,-0.895405,node/1378519743
shop,Losmar,41.64393,-0.89335,node/1378519751
shop,"Vidal Hermanos",41.641837,-0.895072,node/1378519753
hospitality,"Cervecería Universitaria",41.641673,-0.894906,node/1378519755
shop,Recicleta,41.649749,-0.870767,node/1404929348
hospitality,Malabares,41.652721,-0.879781,node/1481160521
shop,Panishop,41.643957,-0.911955,node/1486327369
hospitality,Balmoral,41.641232,-0.892099,node/1488806596
hospitality,Rosán,41.645321,-0.907374,node/1499045773
hospitality,Nirvana,41.645929,-0.905764,node/1499045775
hospitality,"La trobada",41.64576,-0.907647,node/1499045784
hospitality,Sakura,41.644955,-0.906671,node/1499047395
hospitality,Overpani,41.644752,-0.907128,node/1499049381
hospitality,Gandalf,41.648209,-0.908327,node/1499053613
hospitality,Utópico,41.642756,-0.906312,node/1502041271
hospitality,"Pizzería Trastevere",41.646242,-0.880214,node/1557097105
hospitality,Capone,41.641145,-0.896633,node/1585512127
bus_stop,"Violante de Hungría / Palacio de Deportes",41.63985,-0.902622,node/1597000039
shop,Juguettos,41.642536,-0.882581,node/1619562926
shop,Vizio,41.666515,-0.887991,node/1632571399
hospitality,"El Bosque de Bruba",41.66232,-0.893809,node/1662346834
office,"Delegación Institucional del Consejo Superior de Investigaciones Científicas en Aragón",41.657997,-0.89387,node/1664173244
tourism,"Apartamentos Zaragoza",41.651293,-0.874124,node/1672134708
tourism,"Apartamentos Palacio de los Sitios",41.651328,-0.872324,node/1672137501
tourism,"Apartamentos Casona de los Sitios",41.651276,-0.872576,node/1672137508
hospitality,"El Europeo",41.642114,-0.882744,node/1672239995
office,"Wearmint Shop",41.653765,-0.879139,node/1678385627
shop,"Talleres ServiMóvil SC",41.636862,-0.882548,node/1704548849
hospitality,Morrison,41.645798,-0.891174,node/1748098205
hospitality,Amoena,41.645671,-0.87978,node/1748098206
tourism,"Los Girasoles",41.653293,-0.884651,node/1755018792
hospitality,"Gran Café Zaragoza",41.65466,-0.880676,node/1756412184
hospitality,"Las Vegas",41.651408,-0.881274,node/1778879977
shop,,41.650916,-0.881735,node/1778879978
shop,Calzedonia,41.650124,-0.882575,node/1778879979
shop,Bogar,41.649681,-0.888077,node/1778879981
hospitality,"Casa alberto",41.663928,-0.883264,node/1788004905
hospitality,Girasol,41.665433,-0.888937,node/1788004906
hospitality,"Gaviota Actur",41.665911,-0.887667,node/1788004907
hospitality,"Mesón El Mañico",41.636439,-0.872571,node/1788611525
hospitality,"King Döner Kebab",41.636933,-0.877493,node/1788611532
hospitality,"La prensa",41.633346,-0.874694,node/1788611537
hospitality,Amrit,41.634008,-0.876664,node/1788611541
hospitality,"Al Gusto",41.637343,-0.878076,node/1788611543
hospitality,"La Perla",41.634473,-0.885196,node/1788611544
hospitality,"Mesón el Torico",41.659702,-0.877551,node/1788631621
hospitality,"Duran 5",41.662736,-0.871974,node/1788631625
hospitality,"Puente de Hierro",41.656875,-0.869293,node/1788631626
hospitality,"Casa bayo",41.661225,-0.873495,node/1788631628
hospitality,"El Ferial",41.661967,-0.875565,node/1788631635
hospitality,Bianco,41.661375,-0.875447,node/1788631636
hospitality,Macanaz,41.659035,-0.87931,node/1788631639
hospitality,"Foro romano",41.65507,-0.876439,node/1788725831
hospitality,"Ciudad del Dragón",41.653787,-0.883841,node/1788725839
hospitality,Moonlight,41.654949,-0.877882,node/1788725861
hospitality,"Heladería Tortosa",41.654143,-0.877708,node/1788725862
hospitality,"Casa Juanico",41.654534,-0.878666,node/1788725863
hospitality,"Deau - gusta",41.655195,-0.880673,node/1788725868
hospitality,"El real",41.656,-0.879104,node/1788725872
hospitality,"Blasón del tubo",41.653478,-0.881167,node/1788725893
hospitality,"La Despensa",41.653168,-0.880543,node/1788725898
hospitality,Carpanta,41.654318,-0.88009,node/1788725914
hospitality,"The Blackhorse Pub",41.654676,-0.877311,node/1788725930
hospitality,Celentano,41.655343,-0.87871,node/1788725931
hospitality,"Hotel Husa VÍa Romana",41.655097,-0.876749,node/1788725932
hospitality,"La Yedra",41.653359,-0.876118,node/1788725940
hospitality,"La Estación 16",41.655125,-0.876952,node/1788725949
hospitality,Goralai,41.65377,-0.879226,node/1788725953
hospitality,Gondola,41.655628,-0.881164,node/1788725956
hospitality,Montal,41.654777,-0.881605,node/1788725961
hospitality,"Bal d' Onsera",41.653617,-0.880973,node/1788725963
hospitality,"Candolias el Tubo",41.653464,-0.879917,node/1788725967
hospitality,"Casa teo",41.654452,-0.878102,node/1788725994
hospitality,"Taberna Doña Casta",41.65349,-0.880138,node/1788726001
hospitality,"La Mina",41.653351,-0.87506,node/1788726005
hospitality,"Sueños Gastronómicos",41.654847,-0.881258,node/1788726008
tourism,"Hotel Inca",41.65565,-0.880048,node/1788726012
shop,Bioselecta,41.65456,-0.878672,node/1788726029
hospitality,"La sidreria Kupela",41.655004,-0.877647,node/1788726031
hospitality,Syriana,41.653379,-0.875881,node/1788726033
hospitality,Triana,41.653641,-0.880293,node/1788726046
hospitality,"El Rincon de Luis",41.654876,-0.877739,node/1788726074
tourism,"VTC El principe",41.655426,-0.878919,node/1788726081
hospitality,"La Republicana",41.653249,-0.87872,node/1788726088
hospitality,Praga,41.654172,-0.879003,node/1788726121
hospitality,Tragantua,41.654281,-0.876629,node/1788726138
hospitality,"Asador Vasco de Zaragoza",41.653808,-0.88093,node/1788726152
tourism,"Hotel Catalonia el Pilar",41.656001,-0.881293,node/1788726185
hospitality,"Terraza Secreta",41.653404,-0.878141,node/1788726192
hospitality,"El Balcón del Tubo",41.6536,-0.880203,node/1788726198
hospitality,"Casa Hermógenes",41.653441,-0.880198,node/1788726214
hospitality,"San Braulio Cocktail Bar",41.655106,-0.879032,node/1788726258
hospitality,Churrisimo,41.654188,-0.877355,node/1788726264
hospitality,"La Tagliatella",41.654818,-0.8772,node/1788726272
hospitality,"El Rincón de Aragón",41.655539,-0.878921,node/1788726283
hospitality,Sawadika,41.654928,-0.877477,node/1788726332
hospitality,"La Albahaca",41.655268,-0.879298,node/1788726339
hospitality,"Gran Jardín de Oriente",41.653578,-0.910309,node/1788741030
hospitality,Hang-zhou,41.649479,-0.899379,node/1788741031
hospitality,Valdai,41.655444,-0.905375,node/1788741032
hospitality,"Meson la cazuela",41.649329,-0.904808,node/1788741033
hospitality,"Casa chen",41.64959,-0.902968,node/1788741034
hospitality,"Garito de Emilio",41.653523,-0.899818,node/1788741035
hospitality,Cubero,41.648578,-0.904581,node/1788741036
hospitality,"La barca",41.652104,-0.900619,node/1788741037
hospitality,"A long feng",41.648293,-0.901646,node/1788741040
shop,"El Rincón",41.649069,-0.897679,node/1788741042
hospitality,"A Casa Chueca",41.65289,-0.90356,node/1788741043
hospitality,Teruel,41.649009,-0.897927,node/1788741045
hospitality,Gambey,41.649875,-0.90448,node/1788741047
hospitality,"Xin Qiao",41.647559,-0.897257,node/1788741048
hospitality,Alcañiz,41.648156,-0.907007,node/1788741049
hospitality,"Chino internacional",41.648308,-0.901593,node/1788741051
hospitality,"Duquesa china",41.648864,-0.899907,node/1788741053
hospitality,"La Sarmentera",41.65055,-0.901044,node/1788741054
hospitality,"Don caracol",41.650304,-0.901135,node/1788741055
hospitality,"Palacio imperial",41.653125,-0.902649,node/1788741056
hospitality,Samiramis,41.647397,-0.897167,node/1788741057
hospitality,"Wok zaragoza",41.648998,-0.897027,node/1788741058
hospitality,"Asador la Rueda",41.654135,-0.904625,node/1788741060
hospitality,"Casa javier",41.649637,-0.90299,node/1788741061
hospitality,Antojitos,41.655698,-0.903043,node/1788741062
hospitality,"Cielo dragon",41.649844,-0.909538,node/1788741063
hospitality,,41.653717,-0.90463,node/1788741064
hospitality,Hui-Feng,41.652461,-0.903067,node/1788741065
hospitality,Gerardo,41.650058,-0.899481,node/1788741066
hospitality,"Don pancho",41.652464,-0.904471,node/1788741067
hospitality,Kokura,41.652579,-0.911303,node/1788741068
hospitality,"Comedor estudio",41.647834,-0.898269,node/1788741069
hospitality,"Casa de cetina",41.648611,-0.901699,node/1788741070
hospitality,"El Fogarache",41.652759,-0.904879,node/1788741071
hospitality,"Pollo extrafino 2",41.650933,-0.905576,node/1788741072
hospitality,Harrow's,41.648469,-0.908389,node/1788741073
hospitality,Tarantino,41.655434,-0.895959,node/1788741077
hospitality,"Tierra dorada",41.651924,-0.904547,node/1788741078
hospitality,"Don fon",41.648944,-0.908324,node/1788741079
hospitality,"Ankara turco döner kebab",41.651776,-0.90033,node/1788741080
hospitality,,41.651072,-0.912511,node/1788741082
hospitality,"El 103",41.653892,-0.897818,node/1788741084
hospitality,"Samba caramba",41.64954,-0.903177,node/1788741087
hospitality,"El Jardín",41.648628,-0.903794,node/1788741088
hospitality,"Los sabores de mi tierra",41.654596,-0.902555,node/1788741091
hospitality,"La Vaguada",41.654205,-0.903343,node/1788741092
hospitality,"el Mesón de Sancho",41.66255,-0.901664,node/1788745214
hospitality,"Casa Luño",41.658547,-0.90081,node/1788745215
hospitality,"El Sarmiento",41.660365,-0.897741,node/1788745216
hospitality,"La Cantera",41.661734,-0.896674,node/1788745217
hospitality,"El Rincón de carling",41.663366,-0.903816,node/1788745222
hospitality,Tabernnus,41.657631,-0.90865,node/1788745223
hospitality,"Casa Martana",41.661082,-0.895378,node/1788745224
hospitality,"Ying bin (bienvenido)",41.659887,-0.896449,node/1788745225
hospitality,"Doner kebab turco",41.659776,-0.895998,node/1788745226
hospitality,"Rasa, la",41.660835,-0.898043,node/1788745228
hospitality,"El Rincón de don Guillermo",41.658602,-0.900956,node/1788745229
hospitality,"Asiático Liang",41.659629,-0.902571,node/1788745230
hospitality,"El Trasgo",41.645837,-0.896181,node/1788784610
hospitality,"El Rincón",41.639447,-0.901788,node/1788784612
hospitality,"Pájaros en la Cabeza",41.639721,-0.91002,node/1788784613
hospitality,Leone,41.640764,-0.896013,node/1788784614
hospitality,Cuoco,41.645477,-0.910064,node/1788784616
hospitality,"Ramen Shifu",41.639316,-0.896108,node/1788784617
hospitality,"La Cabaña",41.643968,-0.911392,node/1788784618
hospitality,"Wok dinasty",41.639828,-0.909034,node/1788784619
hospitality,"Di luca cafe",41.640018,-0.908066,node/1788784620
hospitality,Pico-pico,41.640175,-0.896651,node/1788784621
hospitality,"La Cepa",41.638818,-0.895861,node/1788784623
hospitality,Luca,41.640511,-0.896566,node/1788784624
hospitality,"Giros Griego",41.638141,-0.897853,node/1788784627
hospitality,"Restaurante Txalupa",41.638666,-0.897337,node/1788784629
hospitality,Cano's,41.63926,-0.897232,node/1788784631
hospitality,"El Paladar",41.643759,-0.896524,node/1788784636
hospitality,"Restaurante Goyesco",41.637688,-0.897202,node/1788784637
hospitality,"El Serrablo",41.637649,-0.89745,node/1788784641
hospitality,"Los Helechos",41.64296,-0.896103,node/1788784644
hospitality,"Mesón Martín",41.643791,-0.910515,node/1788784646
hospitality,"El Sabor de la india",41.638458,-0.897538,node/1788784648
hospitality,"Restaurante Baobab",41.640083,-0.896964,node/1788784650
hospitality,D'israel,41.643318,-0.905724,node/1788784653
hospitality,Doga,41.639136,-0.896931,node/1788784654
hospitality,Wondmo,41.638376,-0.895982,node/1788784657
hospitality,"El Templo",41.640089,-0.908079,node/1788784658
hospitality,"Tandoori Mahal",41.640667,-0.912623,node/1788784660
hospitality,Emperador,41.638166,-0.898431,node/1788784661
hospitality,"Bar la antilla",41.636408,-0.892286,node/1789919548
hospitality,"Ama Leku",41.641142,-0.886122,node/1789919550
hospitality,"Doña Inés",41.637963,-0.886906,node/1789919556
hospitality,"El Crisol",41.63695,-0.893079,node/1789919557
hospitality,"Vita taberna gastronómica",41.639693,-0.895329,node/1789919558
hospitality,"El Chalet",41.6399,-0.893704,node/1789919559
shop,Faustino,41.641109,-0.893818,node/1789919561
hospitality,Garum,41.640122,-0.894462,node/1789919562
hospitality,"Hao hua",41.64047,-0.885298,node/1789919563
hospitality,Zenobia,41.641397,-0.891442,node/1789919565
hospitality,Kiche,41.636302,-0.892587,node/1789919568
hospitality,"King Döner Kebab",41.642183,-0.893441,node/1789919571
hospitality,"La Trufa",41.639528,-0.886059,node/1789919584
hospitality,"La jamonería el cortador de jamón",41.638707,-0.893944,node/1789919588
hospitality,"La olla vegetal",41.641603,-0.892127,node/1789919593
hospitality,"Las Viandas",41.642882,-0.892298,node/1789919597
hospitality,Lizarran,41.641533,-0.89406,node/1789919604
hospitality,"Casa El Pescatero",41.639727,-0.895055,node/1789919608
hospitality,Mustafa,41.641335,-0.893526,node/1789919612
hospitality,Encuentros,41.640237,-0.894869,node/1789919620
hospitality,"Portal asturiano",41.642715,-0.892952,node/1789919627
hospitality,"Restaurante Goralai",41.640865,-0.893054,node/1789919631
hospitality,"Restaurante La Bodega de Chema",41.641232,-0.893621,node/1789919635
hospitality,"Restaurante la Rinconada de Lorenzo",41.640383,-0.893572,node/1789919639
shop,"My Home",41.640566,-0.886786,node/1789919642
hospitality,"Cabaret Café",41.639923,-0.894835,node/1789919648
hospitality,Tao,41.640392,-0.885495,node/1789919652
hospitality,"Ama Lur",41.650221,-0.878522,node/1789932847
hospitality,Antonio,41.652988,-0.876768,node/1789932848
hospitality,"Asador de Aranda",41.650156,-0.879301,node/1789932849
hospitality,Astoria,41.652438,-0.87562,node/1789932850
hospitality,"Carl's Jr.",41.651587,-0.879699,node/1789932852
hospitality,"Casa Luis",41.650657,-0.874246,node/1789932853
hospitality,"Casa Pedro",41.650553,-0.875756,node/1789932854
hospitality,"Doña Rebeca",41.649893,-0.875357,node/1789932857
hospitality,"El Mirador",41.652991,-0.874354,node/1789932858
hospitality,Molarepa,41.650953,-0.87862,node/1789932859
hospitality,"Gran Café zaragozano",41.652455,-0.880626,node/1789932860
hospitality,"El Coscurro",41.650534,-0.874197,node/1789932861
hospitality,Hobbes,41.650066,-0.875769,node/1789932862
tourism,"Ibis Styles Zaragoza Centro",41.651403,-0.874538,node/1789932863
hospitality,"Hotel Vincci Zaragoza Zentro",41.651114,-0.878182,node/1789932864
hospitality,"urban café",41.651453,-0.876726,node/1789932865
hospitality,"La Fartalla",41.649522,-0.875733,node/1789932866
hospitality,"La Madalena",41.652612,-0.874623,node/1789932868
hospitality,"La Paradica II",41.650014,-0.874561,node/1789932869
hospitality,"La Retama",41.649599,-0.875876,node/1789932870
hospitality,"La Bendita",41.651499,-0.879404,node/1789932871
hospitality,Lido,41.652882,-0.875805,node/1789932872
hospitality,"La Lobera de Martín",41.652605,-0.880974,node/1789932873
hospitality,"Restaurante La Quebradora",41.652862,-0.879757,node/1789932874
hospitality,"PulperÍa O'Cachelo",41.650915,-0.876036,node/1789932875
hospitality,"Restaurante la sidrerÍa",41.650023,-0.875147,node/1789932876
hospitality,"The new windsor",41.651541,-0.874271,node/1789932877
hospitality,"Tinglao Aragonés",41.650351,-0.874637,node/1789932878
hospitality,"Casa Montañés",41.654887,-0.886645,node/1789936098
tourism,"Hesperia Zaragoza Centro",41.655129,-0.887645,node/1789936103
hospitality,"Peña El Brabán",41.656271,-0.894248,node/1789936107
hospitality,Nica,41.654953,-0.886946,node/1789936110
hospitality,Almozara,41.658332,-0.890457,node/1789944907
hospitality,"Ana Saz",41.653316,-0.885218,node/1789944908
hospitality,Hada,41.652201,-0.886425,node/1789944930
hospitality,"Arrocería El Mosquito",41.655244,-0.892751,node/1789944931
hospitality,"Centro gallego",41.655867,-0.890936,node/1789944936
hospitality,"Claudia la romana",41.653367,-0.886096,node/1789944954
hospitality,"El mesón Berrugon",41.652751,-0.886422,node/1789944963
hospitality,"Contigo Pan y Cebolla",41.653224,-0.884946,node/1789944969
hospitality,"My Space",41.656425,-0.882964,node/1789944992
hospitality,Humo,41.656959,-0.883185,node/1789944994
hospitality,"Los Tres hermanos",41.655795,-0.885939,node/1789945024
hospitality,"Dúo Latino",41.656299,-0.883502,node/1789945025
hospitality,"Nuevo Pasgón",41.655944,-0.884237,node/1789945028
hospitality,"Aida Gastroespacio",41.652466,-0.886809,node/1789945035
hospitality,"Lateral Cesar Augusto",41.651804,-0.88572,node/1789945040
hospitality,Nhaya,41.65767,-0.882006,node/1789945055
office,"Asesoría Cesaraugusta",41.652432,-0.886667,node/1789945056
hospitality,"Casa Ernesto",41.649845,-0.882053,node/1792154441
hospitality,"Bodegon azoque",41.649986,-0.884289,node/1792154448
hospitality,"Me va me va",41.651308,-0.880252,node/1792154495
hospitality,"La Tagliatella",41.650022,-0.880268,node/1792154499
hospitality,"La Reserva",41.650908,-0.883747,node/1792154531
hospitality,"La Scala",41.649775,-0.882319,node/1792154541
hospitality,"La Mar Salada",41.652061,-0.883449,node/1792154553
hospitality,Lizarran,41.651129,-0.884919,node/1792154559
hospitality,Ribs,41.651113,-0.880771,node/1792154582
hospitality,Mezcalito,41.650512,-0.887054,node/1792154589
shop,Bakery&Cakes,41.650924,-0.885145,node/1792154610
hospitality,"Pasta y pizza nostra",41.650074,-0.884446,node/1792154624
hospitality,"Restaurante Aragonia Palafox",41.650538,-0.885396,node/1792154629
hospitality,"Puffin‘s Kitchen",41.649924,-0.881894,node/1792154635
hospitality,Toscana,41.650779,-0.883408,node/1792154661
hospitality,"Al kareni",41.653421,-0.872597,node/1792189715
hospitality,"Casa Isabelo",41.651682,-0.867634,node/1792189739
hospitality,"La Casa de Castilla y León",41.651267,-0.87367,node/1792189741
hospitality,"Cerveceria D'Jorge",41.640883,-0.867496,node/1792189762
hospitality,"Cesar augusto",41.642497,-0.868349,node/1792189764
hospitality,"De PelÍcula",41.644075,-0.87014,node/1792189769
hospitality,"El Rey Kebab",41.645967,-0.87033,node/1792189785
hospitality,"El Expreso",41.640169,-0.86698,node/1792189788
hospitality,"El Rincón de goya",41.641295,-0.870909,node/1792189789
hospitality,"El buen yantar",41.648886,-0.870594,node/1792189790
hospitality,Entrebastidores,41.650994,-0.86935,node/1792189793
hospitality,Feliz,41.641755,-0.868977,node/1792189817
hospitality,"Garnet café",41.651163,-0.869261,node/1792189821
hospitality,J-3,41.648689,-0.870455,node/1792189824
hospitality,Karaoke,41.642155,-0.873633,node/1792189839
hospitality,Tantuñas,41.643418,-0.869564,node/1792189845
hospitality,"La Giara",41.640656,-0.867795,node/1792189848
hospitality,"Mesón Allueva",41.64178,-0.869341,node/1792189880
hospitality,Telepizza,41.646374,-0.87224,node/1792189902
shop,,41.645945,-0.885318,node/1792213131
hospitality,"El Cantábrico",41.649026,-0.887465,node/1792226586
hospitality,Valhalla,41.645127,-0.888741,node/1792226588
hospitality,Antonio,41.64646,-0.891212,node/1792226591
hospitality,"Asador lucas",41.649733,-0.891691,node/1792226592
office,"Asociación celíaca aragonesa",41.645931,-0.888008,node/1792226595
hospitality,Bearin,41.648825,-0.890936,node/1792226596
hospitality,"Buen rollito",41.648983,-0.895184,node/1792226598
hospitality,"El Boticario",41.644094,-0.89104,node/1792226599
hospitality,"La Antigua",41.64648,-0.886623,node/1792226603
hospitality,"Comarca matarraña",41.643324,-0.891677,node/1792226606
hospitality,"El Cascanueces",41.647326,-0.89257,node/1792226607
hospitality,"El Chiringo",41.645542,-0.892139,node/1792226609
hospitality,"FestÍn de Babel",41.645313,-0.894488,node/1792226610
hospitality,Flash,41.644483,-0.892833,node/1792226611
hospitality,Itziar,41.644514,-0.89328,node/1792226614
hospitality,"La Bocatería",41.645372,-0.887776,node/1792226616
hospitality,"La Boquilla 2",41.648957,-0.89351,node/1792226617
hospitality,"La Lumbre",41.644614,-0.887183,node/1792226619
hospitality,"La Zanahoria",41.648228,-0.894588,node/1792226623
hospitality,"Las Tres carabelas",41.64385,-0.89462,node/1792226626
hospitality,"Los Gigantes",41.646398,-0.893944,node/1792226627
hospitality,Menfis,41.645662,-0.890553,node/1792226629
hospitality,Zalamero,41.646187,-0.889879,node/1792226630
hospitality,"Palacio real",41.649594,-0.889803,node/1792226633
hospitality,"Restaurante Idílico",41.647702,-0.888284,node/1792226634
hospitality,"Camposanto - Restaurante Fusión Mex",41.646791,-0.891826,node/1792226635
hospitality,"Trattoria Salvatore",41.645125,-0.894612,node/1792226636
hospitality,"Casa Pan",41.649,-0.893512,node/1792226637
hospitality,Taiwan,41.64622,-0.889232,node/1792226638
hospitality,"¡Mmm, qué rico!",41.650089,-0.888806,node/1792226642
hospitality,"Koishii Sushi",41.647136,-0.894681,node/1792226643
hospitality,"Hola - Hayaci",41.64883,-0.886288,node/1792226647
hospitality,Alberto,41.643565,-0.881588,node/1792237315
hospitality,Asia,41.64052,-0.884501,node/1792237319
hospitality,"Bar luis",41.644804,-0.879955,node/1792237325
hospitality,Bertorelli,41.644339,-0.875742,node/1792237333
hospitality,"BuleBar zentro",41.642112,-0.880086,node/1792237336
hospitality,"El Gran chaparral",41.64397,-0.875429,node/1792237346
hospitality,"El escondite",41.642422,-0.8797,node/1792237356
hospitality,Fortuna,41.638251,-0.878783,node/1792237361
hospitality,"Guetaria - eventos",41.644041,-0.881022,node/1792237365
hospitality,"Jin jin",41.638513,-0.88112,node/1792237380
hospitality,"La Bellota",41.644507,-0.883385,node/1792237381
hospitality,Gamberro,41.642891,-0.883021,node/1792237384
hospitality,"Golden City Pub",41.64251,-0.883436,node/1792237386
hospitality,"La Mar de sonia",41.638415,-0.880165,node/1792237388
hospitality,"Las Brujas",41.640314,-0.877966,node/1792237389
hospitality,"Las Cinco torres",41.643248,-0.874858,node/1792237391
hospitality,"Mei mei",41.644446,-0.876124,node/1792237392
hospitality,"Mesón Borrajas",41.638716,-0.877374,node/1792237394
hospitality,"Mesón los Cántaros",41.644163,-0.881427,node/1792237396
hospitality,"Mesón Tomás",41.641822,-0.883115,node/1792237397
hospitality,Panettone,41.64322,-0.885295,node/1792237400
hospitality,"Peccato di gola",41.645651,-0.876222,node/1792237402
hospitality,Rapitan,41.645529,-0.881519,node/1792237403
hospitality,"Río blanco",41.643503,-0.87506,node/1792237406
hospitality,Sakura,41.645198,-0.879234,node/1792237407
shop,,41.645842,-0.878779,node/1792237409
hospitality,Amigo-food,41.646421,-0.874553,node/1792256875
hospitality,"Varela Vieja",41.648923,-0.885388,node/1792256878
hospitality,"Taberna Sal gorda",41.64951,-0.882568,node/1792256879
hospitality,Asian,41.646404,-0.882079,node/1792256883
hospitality,"Las lanzas",41.647693,-0.879531,node/1792256885
hospitality,"Bar La Antilla",41.648849,-0.882444,node/1792256886
hospitality,"B de Burger",41.647195,-0.882164,node/1792256889
hospitality,Bonsai,41.646725,-0.874243,node/1792256890
hospitality,"Cafeterías El Corte Inglés",41.645191,-0.885136,node/1792256894
hospitality,"Canfranc - 3",41.648703,-0.885681,node/1792256904
hospitality,"El Churrasco",41.646044,-0.879912,node/1792256914
hospitality,"El Puerto de Santa María",41.647351,-0.87884,node/1792256916
hospitality,"Gambrinus Pomarón",41.646347,-0.875905,node/1792256928
hospitality,"Gran china",41.647892,-0.874624,node/1792256935
hospitality,Guetaria,41.646432,-0.882425,node/1792256939
hospitality,"Jama jamón",41.647112,-0.881883,node/1792256943
hospitality,"La Embajada",41.648936,-0.885022,node/1792256947
hospitality,"Óleo Gastro",41.646414,-0.883404,node/1792256951
hospitality,Lauss,41.64789,-0.874624,node/1792256952
hospitality,Moss,41.648251,-0.8815,node/1792256954
hospitality,"Nissh zaragoza",41.646953,-0.880698,node/1792256955
hospitality,"Santa Belinda",41.647348,-0.879026,node/1792256956
hospitality,Riskomar,41.646014,-0.880183,node/1792256958
hospitality,"Sanclemente 20",41.649275,-0.880632,node/1792256960
hospitality,"Sidrería Vitoria",41.647106,-0.881875,node/1792256961
hospitality,"Taberna del Tio Jorge",41.646837,-0.881645,node/1792256962
hospitality,Tapelia,41.646036,-0.882807,node/1792256963
hospitality,"Vitoria XIV",41.646229,-0.880528,node/1792256964
shop,"Jena Óptica",41.653223,-0.904986,node/1792486684
office,amanixer,41.646952,-0.876395,node/1792872157
shop,"Sara Cano",41.646697,-0.876202,node/1792872739
hospitality,"El Rincón & Coffee",41.644548,-0.876819,node/1792876670
shop,"A STORE SHOP",41.646208,-0.884524,node/1792877378
shop,"El Rincón",41.643776,-0.885722,node/1792879166
shop,"Martín Martín",41.63956,-0.90197,node/1792880556
shop,"Martín Martín",41.644653,-0.891782,node/1792884159
shop,"Espaxs Librería Médica S.a.",41.638872,-0.89875,node/1797630393
university,"C. Pompiliano",41.63605,-0.889705,node/1797667028
school,"Colegio Publico Angel Riviere",41.636459,-0.870365,node/1797667211
school,"Colegio Publico Cortes de Aragon",41.665441,-0.881803,node/1797667238
school,"Colegio Público Eugenio López",41.665167,-0.87425,node/1797667264
school,"Colegio Público Tenerías",41.65368,-0.871368,node/1797667432
school,"Colegio Publico Tio Jorge",41.66258,-0.875319,node/1797667433
school,"Escuela Taller Casco Histórico",41.656628,-0.889841,node/1797667454
school,"Escuela de Educación Infantil de La Delegación Especial de Economía",41.651534,-0.888589,node/1797667457
office,"Cortes de Aragón - Parlamento",41.656878,-0.895163,node/1797706241
market,"Mercado Gran Vía",41.642177,-0.892564,node/1797715423
market,"Mercado Altabas",41.65868,-0.874589,node/1797715425
market,"Mercado Arenas",41.640613,-0.871702,node/1797715427
market,"Mercado Arzobispo Domenech",41.644643,-0.888047,node/1797715429
market,"Mercado Ávila-Tarragona",41.647977,-0.89749,node/1797715430
market,"Mercado Azoque",41.651758,-0.884408,node/1797715431
market,"Mercado Caspe",41.651477,-0.9083,node/1797715434
market,"Mercado Celorrio",41.658953,-0.875291,node/1797715435
market,"Mercado Coimbra",41.648241,-0.87556,node/1797715437
market,"Mercado Cruce",41.646885,-0.871438,node/1797715439
market,"Mercado Doce de Octubre",41.635151,-0.877681,node/1797715442
market,"Mercado Dos de Mayo",41.634108,-0.87674,node/1797715443
market,"Mercado Estación",41.658387,-0.871227,node/1797715446
market,"Mercado Ganivet",41.638268,-0.874503,node/1797715449
market,"Mercado Hernán Cortés",41.645506,-0.892386,node/1797715450
market,"Mercado Hípica",41.639379,-0.901585,node/1797715451
market,"Mercado Kasan",41.664661,-0.883665,node/1797715453
market,"Mercado Lorenzo Pardo",41.643288,-0.875114,node/1797715458
market,"Mercado Madrid-Delicias",41.653664,-0.903328,node/1797715460
market,"Mercado Miguel Servet",41.643009,-0.868809,node/1797715462
market,"Mercado Mola",41.639344,-0.885686,node/1797715463
market,"Mercado Montemolin",41.645683,-0.872436,node/1797715464
market,"Mercado Navarra",41.654958,-0.9049,node/1797715466
market,"Nuevo Mercado Fleta",41.638903,-0.880346,node/1797715467
market,"Mercado Parcelacion",41.649152,-0.870076,node/1797715469
market,"Mercado Paris",41.64547,-0.882643,node/1797715470
market,"Mercado Puerta Sancho",41.660116,-0.900546,node/1797715474
market,"Mercado Quinto",41.648291,-0.903984,node/1797715476
market,"Mercado Requete",41.652226,-0.910565,node/1797715477
market,"Mercado Rosales",41.639944,-0.874772,node/1797715479
market,"Mercado San Antonio Maria Claret",41.64284,-0.896823,node/1797715480
market,"Mercado San Francisco",41.640192,-0.894992,node/1797715482
market,"Mercado San Lorenzo",41.652844,-0.876302,node/1797715483
market,"Mercado San Miguel",41.650446,-0.880144,node/1797715484
market,"Mercado San Valero",41.651945,-0.901679,node/1797715485
market,"Mercado Santander",41.649064,-0.896216,node/1797715486
market,"Mercado Tenor Fleta",41.638951,-0.879999,node/1797715488
market,"Mercado Teruel",41.648434,-0.891067,node/1797715489
market,"Mercado Torresol",41.646004,-0.897406,node/1797715491
tourism,"Museo de Ciencias Naturales de la Universidad de Zaragoza",41.647512,-0.886712,node/1797722924
tourism,"Museo del Fuego y de Los Bomberos",41.653469,-0.886484,node/1797722926
tourism,"Galería A del Arte",41.646811,-0.89111,node/1797724989
tourism,"Galería Antonia Puyó",41.649518,-0.891374,node/1797724990
tourism,"Galería Aroya",41.650501,-0.875515,node/1797724991
tourism,"Galería Arteymagen",41.644746,-0.880046,node/1797724992
tourism,"Galería Calvo I Mayayo",41.64973,-0.875446,node/1797724995
tourism,"Galería Cristina Marín",41.649462,-0.874186,node/1797724997
tourism,"Galería Espacio Orienta",41.64932,-0.880878,node/1797724998
tourism,"Galería Fernando Latorre",41.639426,-0.887686,node/1797724999
tourism,"Galería Finestra Estudio",41.643545,-0.88769,node/1797725000
tourism,"Galería Itxaso",41.653582,-0.874629,node/1797725001
tourism,"Galería Margó Venegas Pérez",41.639373,-0.885292,node/1797725002
tourism,"Galería Miguel Marcos",41.655319,-0.882595,node/1797725003
tourism,"Galería Sala 8",41.650157,-0.881404,node/1797725005
tourism,"Galería Salduba",41.646654,-0.882266,node/1797725006
tourism,"Galería Spectrum Sotos",41.6441,-0.89675,node/1797725007
tourism,"Galería Zaragoza Gráfica(espacio Víctor Mira)",41.652642,-0.878961,node/1797725008
tourism,"Galería de Arte Agrupación Artística Aragonesa",41.644956,-0.88847,node/1797725009
tourism,"Galería de Arte San Cayetano 3",41.656117,-0.881923,node/1797725010
tourism,Galería2mil2art,41.652552,-0.878351,node/1797725012
shop,"Arasarte S.l.",41.64678,-0.891021,node/1797728159
shop,"Arte Tiless",41.648978,-0.889202,node/1797728160
office,"Arte y Naturaleza Gespart S.l.",41.646653,-0.886153,node/1797728161
office,"Bula Management And Services",41.643183,-0.884066,node/1797728162
shop,"Galería Calvo I Mayayo S.l.",41.649696,-0.875351,node/1797728163
shop,"Colectivo Fotografico Z",41.653352,-0.876543,node/1797728164
tourism,"Gadda Galeria S.l.",41.649979,-0.880136,node/1797728166
shop,"Peanart Galeristas Sl",41.645918,-0.880758,node/1797728167
office,"Vidi Diseño y Arquitectura Sl",41.650944,-0.879422,node/1797728168
shop,"Hechos y Dichos S.c.l.",41.646826,-0.892954,node/1797729699
shop,"Librería Reyes",41.645695,-0.890126,node/1797731146
shop,"Librería San Pablo",41.656584,-0.882825,node/1797731148
shop,"Librería Audiorama",41.638481,-0.902734,node/1797731149
office,"Maura Multiservices",41.645266,-0.897577,node/1797731150
shop,Sqrups,41.650664,-0.879829,node/1797731151
shop,"Librería Albareda",41.649142,-0.884686,node/1797731152
shop,"Librería Alemana",41.642997,-0.896207,node/1797731153
shop,"Librería Allué",41.644433,-0.893358,node/1797731154
shop,"Librería Anauel S.l.",41.643943,-0.89333,node/1797731155
shop,"Luces de Bohemia",41.653487,-0.879006,node/1797731157
shop,"Librería Antígona",41.640096,-0.897616,node/1797731158
shop,"Librería Ars",41.650822,-0.875636,node/1797731159
shop,"Librería Futuro",41.650679,-0.885437,node/1797731161
hospitality,Sonora,41.654768,-0.878483,node/1797731165
shop,"Librería Cálamo Infantil",41.640737,-0.893854,node/1797731167
shop,"Librería Cálamo",41.640938,-0.893717,node/1797731168
shop,"Librería Cómics El Coleccionista",41.6506,-0.883715,node/1797731169
shop,"Librería Difusión del Libro",41.651694,-0.876266,node/1797731170
shop,"Librería El Nombre de La Rosa",41.643534,-0.896318,node/1797731171
shop,Fnac,41.652998,-0.881746,node/1797731174
shop,"Librería Hechos y Dichos Sociedad Coop Ltda",41.646745,-0.893137,node/1797731177
shop,"Librería Kábala",41.639473,-0.887307,node/1797731180
shop,"Pantera Rossa",41.653113,-0.875069,node/1797731182
shop,"Ayan Móviles",41.640836,-0.891097,node/1797731185
office,"B. B. C. Inmobiliaria",41.647548,-0.873999,node/1797731186
shop,"Librería París",41.642377,-0.893913,node/1797731187
shop,"Librería Plumier",41.64441,-0.910309,node/1797731188
shop,"Librería Ponss.l.",41.641206,-0.893439,node/1797731189
shop,"TPK Hobby & Games",41.644618,-0.897256,node/1797731192
shop,"Librería Rollo Vegetal",41.652759,-0.878831,node/1797731194
shop,"Librería Rosas",41.665739,-0.888635,node/1797731195
shop,"Librería Taichi-cen",41.635503,-0.885884,node/1797731198
shop,"Librería Taj Mahal Cómics",41.640538,-0.888346,node/1797731199
shop,"Librería Testimonio de Autores Católicos Escogidos S.cv.",41.654731,-0.881496,node/1797731200
shop,"Librería Vidal Hermanos S.L.",41.648323,-0.901557,node/1797731201
office,"Itaka Escolapios",41.654352,-0.884795,node/1797731203
shop,"Librería de Re Coquinaria S.l.",41.646372,-0.883126,node/1797731204
shop,"Librería Érase Una Vez",41.654778,-0.881606,node/1797731205
shop,"Pórtico Librería Edición",41.646531,-0.899518,node/1797731207
shop,"Ovelba Films Sl",41.649379,-0.88845,node/1797732543
shop,"Servoelectrico-cinematografo Sl",41.6569,-0.890678,node/1797732545
shop,"Sidavsa Sl",41.651336,-0.873201,node/1797732546
shop,Zarafilms,41.650971,-0.885382,node/1797732548
office,"Audiorama Zaragoza, S.a.",41.638289,-0.901333,node/1797750293
office,"Ecociudad Valdespartera Zaragoza S.a.",41.635776,-0.910659,node/1797750295
office,"Patronato Municipal de Educación y Bibliotecas",41.652225,-0.87457,node/1797750297
office,"Patronato Municipal de las Artes Escénicas y de la Imagen",41.651866,-0.879483,node/1797750298
office,"Sociedad Municipal Zaragoza Cultural",41.655301,-0.883066,node/1797750299
office,"Sociedad Municipal Zaragoza Vivienda S.l.",41.656013,-0.886778,node/1797750300
office,"Zaragoza Dinámica. Gerencia",41.656017,-0.877477,node/1797750302
office,"Zaragoza Turismo",41.638194,-0.901423,node/1797750303
hospitality,"Bar Massaga",41.643738,-0.891997,node/1799420699
tourism,"Patio de la Infanta",41.646579,-0.884468,node/1803979339
shop,"El Rincón",41.64481,-0.883682,node/1804033442
shop,Panishop,41.643005,-0.88161,node/1804033445
shop,Alcampo,41.642278,-0.893987,node/1805478831
shop,Dioro,41.645192,-0.883311,node/1814118939
shop,Singularu,41.645288,-0.883476,node/1814118941
shop,Cebado,41.645746,-0.883889,node/1814118942
shop,"Stock Final",41.645692,-0.883814,node/1814118943
shop,"El Baúl",41.644706,-0.881574,node/1814118944
shop,"Intermón Oxfam",41.645576,-0.88297,node/1814118948
shop,"Gh nail bar",41.645811,-0.883979,node/1814118950
hospitality,Chikitta,41.645781,-0.883929,node/1814118954
shop,"Centro Ortopédico",41.645988,-0.883903,node/1814118955
shop,"Tartán and CO",41.645677,-0.883566,node/1814118956
shop,"San Carlos",41.645255,-0.883142,node/1814118958
shop,Glü,41.644583,-0.883895,node/1814118959
shop,Vodafone,41.644607,-0.884413,node/1814118961
shop,Women'secret,41.646861,-0.883574,node/1814118963
shop,Zara,41.645804,-0.884701,node/1814118964
hospitality,"La Caja Tonta",41.650424,-0.876414,node/1820383174
hospitality,Dasbur,41.644846,-0.894978,node/1820387237
hospitality,Kaplan,41.64045,-0.884008,node/1820390867
shop,"Talleres Javier Beltrán",41.64858,-0.912761,node/1840661359
bus_stop,"Plaza de España",41.652045,-0.880835,node/1848255851
station,"Plaza Aragón",41.648059,-0.884981,node/1858621478
station,"Plaza Aragón",41.648137,-0.885123,node/1858621489
station,"Gran Vía",41.646126,-0.88774,node/1858621530
station,"María Montessori",41.663033,-0.883637,node/1858821858
hospitality,"Bar Cardi",41.644542,-0.875897,node/1889206146
shop,Panishop,41.644682,-0.875982,node/1889206163
shop,Eroski,41.645133,-0.875579,node/1889206172
hospitality,"Cuore Lounge Club",41.644384,-0.87625,node/1889206179
shop,"Corsetería La Suprema",41.655151,-0.883752,node/1912677295
shop,Albatica,41.644906,-0.883048,node/1934172378
bus_stop,"Melilla / Joaquín Sorolla",41.633656,-0.878309,node/1956435160
office,"INAEM Parque de la Memoria",41.634791,-0.879373,node/1956435307
station,"Plaza de España",41.651346,-0.881677,node/1976513159
station,"Plaza de España",41.651386,-0.881746,node/1976513160
shop,"Cuchillería J. Manuel Veras",41.645927,-0.872444,node/1980162564
hospitality,Chipre,41.650695,-0.884644,node/2015310575
station,"Rosalía de Castro",41.666593,-0.887463,node/2076138806
station,"Plaza del Pilar-Murallas",41.657251,-0.882048,node/2076161401
station,"Plaza del Pilar-Murallas",41.657289,-0.882124,node/2076161409
station,"César Augusto",41.655226,-0.883943,node/2081286497
shop,"El Rincón",41.650509,-0.876338,node/2081701786
office,IndiQa,41.650801,-0.877331,node/2081701787
bus_stop,"Paseo de Echegaray y Caballero / Plaza del Pilar",41.657442,-0.879293,node/2081711481
bus_stop,"Paseo Echegaray y Caballero / Murallas",41.657825,-0.88095,node/2081711483
hospitality,"El Tomate",41.650481,-0.884672,node/2081720541
shop,k-tuin,41.651735,-0.88248,node/2087053738
hospitality,"Etiqueta Negra",41.641714,-0.887861,node/2089390729
shop,Alcampo,41.6402,-0.888184,node/2089392814
hospitality,Antojitos,41.640393,-0.887755,node/2089393040
hospitality,McDonald's,41.651534,-0.879592,node/2090977005
shop,Naval,41.646927,-0.881387,node/2111465005
office,"La Ciclería Social Club",41.65351,-0.873912,node/2142850508
hospitality,Mombasa,41.65318,-0.880736,node/2267824582
hospitality,Frutolandia,41.644632,-0.884811,node/2269873091
shop,Mercadona,41.64392,-0.879743,node/2269894831
station,"La Chimenea",41.661191,-0.882727,node/2311695952
station,"La Chimenea",41.661225,-0.882721,node/2311695953
station,"Martínez Soria",41.662549,-0.884603,node/2311695956
shop,"La Fogaza",41.655256,-0.893849,node/2353614864
shop,"Ciclos Almozara",41.661611,-0.898544,node/2353627043
office,"Asociación de Familiares de Enfermos de Alzheimer",41.664046,-0.903545,node/2353627123
school,,41.638961,-0.905225,node/2353635338
office,"Oficina Municipal de Información al Consumidor",41.654498,-0.873279,node/2353654826
hospitality,"Soria Fusión",41.657303,-0.892519,node/2353666732
hospitality,"Seattle Café",41.641037,-0.896735,node/2353666756
office,"Lourdes Mozota | Abogada Accidentes de Tráfico",41.648763,-0.881541,node/2353671295
office,"Asociación de Vecinos y Vecinas Manuel Viola",41.650546,-0.904999,node/2353676663
shop,"CARNES CEBAMANOS",41.644616,-0.888145,node/2353677303
tourism,"Hotel Sauce",41.654379,-0.87774,node/2353762751
hospitality,"Bodegas Almau",41.653387,-0.880008,node/2353762820
hospitality,"Mr. Brioche",41.642295,-0.885916,node/2353769356
office,Tecnocasa,41.637214,-0.87676,node/2353770471
shop,Action,41.6469,-0.898882,node/2353777005
school,"Escuela de educación infantil Pirineos",41.666112,-0.872638,node/2353779256
hospitality,23Burger,41.650088,-0.882313,node/2353790137
hospitality,"El Hemisferio",41.641022,-0.893594,node/2353800211
hospitality,"Las Tasca de Pablo",41.653218,-0.880396,node/2353800917
hospitality,"Cabecita loca",41.64571,-0.895959,node/2353802655
tourism,"AZ Hotel San Valero",41.655826,-0.880501,node/2353806516
hospitality,"Café de Martino",41.654473,-0.880175,node/2353808475
hospitality,"El Lucero",41.661433,-0.879419,node/2353835347
hospitality,"Fran Beer",41.642357,-0.880159,node/2353879934
school,Kids&Us,41.638227,-0.910205,node/2353888436
hospitality,"Bar Marpy",41.654053,-0.876447,node/2353915698
office,"INEM INAEM SEPE Oficina de Empleo",41.648692,-0.894688,node/2353917289
hospitality,"Café del Tibet",41.650279,-0.882099,node/2353978290
hospitality,"al Corte",41.650182,-0.88147,node/2353978372
office,Redestel,41.653582,-0.873965,node/2464059543
office,"Asociación Saladeporte",41.638155,-0.893174,node/2487917420
hospitality,Camerino,41.649385,-0.879453,node/2495954113
bus_stop,"Valle de Broto / Kasan",41.665863,-0.884347,node/2535831030
shop,Alcampo,41.640087,-0.868315,node/2562703420
office,"Abogada Vanesa Pelegrin",41.65495,-0.883816,node/2653454966
shop,papercenter.es,41.648444,-0.891695,node/2704136909
hospitality,"El triciclo",41.642471,-0.88482,node/2723843849
shop,"El Beso",41.642529,-0.885341,node/2724069162
hospitality,"Döner Kebab Romareda",41.637122,-0.90424,node/2726272815
hospitality,"Sala Creedence",41.652992,-0.885288,node/2726311320
office,"Tecnovalia Informática",41.659615,-0.878018,node/2757781748
shop,"Eva Pellejero",41.649834,-0.882168,node/2841653746
hospitality,"La Factoria",41.649856,-0.882158,node/2841653747
hospitality,"La Tasca de Piter",41.654998,-0.893814,node/2883863205
hospitality,"Cafetería la Barra",41.638421,-0.884375,node/2883863502
office,Brial,41.651464,-0.879285,node/2883872903
hospitality,"El Rincón del Viajero",41.656356,-0.881587,node/2883873402
hospitality,"Brasas de Aragón",41.65514,-0.90112,node/2883877003
hospitality,"Mesón Casa Pablo",41.652334,-0.90289,node/2883887001
bus_stop,"Plaza del Portillo 3",41.65548,-0.892136,node/2964228637
bus_stop,"Paseo de Sagasta 11 con Bolonia",41.643521,-0.885821,node/2991169089
bus_stop,"Avda. San José, 159",41.636528,-0.878089,node/2991169090
shop,"Almacenes Paymar",41.643185,-0.881215,node/2997959033
shop,"Interni armarios",41.643296,-0.881002,node/2997959034
shop,"Sahun óptica",41.643365,-0.880919,node/2997959035
shop,,41.643398,-0.880857,node/2997959036
shop,Bagil,41.643472,-0.880636,node/2997973233
shop,"Boutique María Jesús",41.643535,-0.880501,node/2997973234
hospitality,"Royal club",41.644305,-0.878973,node/2997983633
shop,"Heladería Presco",41.644499,-0.878655,node/2997996033
hospitality,Amakanto,41.64526,-0.877079,node/2997996134
shop,Dia,41.645752,-0.874292,node/2998013033
shop,"Muebles Aracris Interiorismo",41.645565,-0.873537,node/2998013133
hospitality,"Café Botánico",41.655523,-0.878864,node/3004573861
shop,Druni,41.649311,-0.88427,node/3027745509
shop,,41.649244,-0.883734,node/3034497833
shop,,41.649363,-0.883959,node/3034497933
shop,Dia,41.64622,-0.870318,node/3044080933
shop,"China Center San José",41.6443,-0.874823,node/3048846314
shop,"Moda bazar China Europa",41.641849,-0.87307,node/3048846316
shop,,41.644459,-0.874934,node/3048846317
shop,Rey,41.646033,-0.871801,node/3048846319
shop,,41.64611,-0.869617,node/3048846320
shop,,41.646129,-0.870023,node/3048846321
shop,BonÀrea,41.644897,-0.875521,node/3048859818
shop,"Más q Limpio",41.642167,-0.873825,node/3048859822
shop,"Alimentación Internacional",41.645253,-0.874739,node/3049218502
shop,Anacoreta,41.645666,-0.873281,node/3049218503
hospitality,"Bar La Cumbre",41.645999,-0.872931,node/3049218504
hospitality,"Bar Reina",41.645923,-0.872739,node/3049218505
hospitality,"Bar Sena",41.646075,-0.872757,node/3049218506
hospitality,"Cafetería terminal 3",41.644426,-0.876534,node/3049218507
shop,"Carniceria Rumanesca",41.644745,-0.875455,node/3049218509
shop,Pixeland08,41.644653,-0.876917,node/3049218510
shop,Clarel,41.645802,-0.872991,node/3049218511
hospitality,"El Gato Pardo",41.644356,-0.876313,node/3049218512
shop,Estanco,41.646096,-0.87271,node/3049218513
shop,"Fincas Avenida",41.644605,-0.875763,node/3049218514
shop,"Flores Reina Fabiola",41.645963,-0.873002,node/3049218515
shop,"Frutas Paula Cortes",41.645791,-0.873411,node/3049218516
shop,"Alma Moda",41.645401,-0.873955,node/3049218517
shop,"Herbolisteria Las Hadas",41.645644,-0.873757,node/3049218518
shop,Jazztel,41.64463,-0.8757,node/3049218519
shop,"La Garnacha",41.645952,-0.872661,node/3049218520
market,"Mercado Montemolin",41.645829,-0.872945,node/3049218522
shop,"Ciclos Marcen",41.645318,-0.874568,node/3049218523
shop,"Cebolla Motor",41.64517,-0.87441,node/3049218524
shop,"Pak España",41.645128,-0.875036,node/3049218525
shop,"Pasteleria Nakoa",41.645619,-0.873427,node/3049218527
shop,"Peluquería Jesús",41.645143,-0.874477,node/3049218528
hospitality,"San Marcos",41.645918,-0.873347,node/3049218529
shop,"Trofeos Rivers",41.645376,-0.872228,node/3049218530
shop,"Tu y tu lenceria",41.64587,-0.872863,node/3049218531
shop,Zapatero,41.645367,-0.874057,node/3049218532
shop,Zara100,41.645753,-0.873118,node/3049220533
shop,if,41.645652,-0.873315,node/3049220534
shop,,41.644405,-0.876646,node/3049220535
shop,optiweb,41.64546,-0.872216,node/3049220537
shop,"vesta estudio",41.64523,-0.872233,node/3049220538
shop,"Luz de Luna",41.64381,-0.871743,node/3050061052
shop,,41.643358,-0.871818,node/3050061053
shop,Tussen,41.643488,-0.871782,node/3050061054
shop,,41.643793,-0.872042,node/3050061055
hospitality,Ferrara,41.644056,-0.871567,node/3050061056
shop,Euro-Paper,41.644735,-0.871099,node/3050061057
hospitality,Santagloria,41.645936,-0.872169,node/3052308540
shop,Fabiola—12,41.64572,-0.873556,node/3052332733
hospitality,"La Cumbre",41.645872,-0.873189,node/3052347933
shop,,41.646314,-0.879208,node/3052472330
hospitality,Colette,41.646741,-0.879849,node/3052472331
hospitality,"Drinks and Pool",41.64573,-0.878667,node/3052472332
hospitality,"El Cielo",41.646635,-0.879605,node/3052473633
hospitality,"Maremoto Café & Cocktail",41.645418,-0.878485,node/3052473634
office,Endesa,41.645256,-0.878274,node/3052473635
hospitality,Fox,41.646439,-0.879454,node/3052473636
hospitality,"La Belle Epoque",41.646173,-0.879157,node/3052473638
shop,"Martín Martín",41.645146,-0.878162,node/3052473639
hospitality,Paparazzi,41.646534,-0.879561,node/3052473643
shop,"Pasaje Miraflores",41.646884,-0.879943,node/3052473644
office,Reale,41.6453,-0.878303,node/3052473645
shop,"Victoria Herrada",41.64522,-0.878225,node/3052473648
hospitality,"La Autentika",41.645797,-0.87463,node/3052578218
shop,"Rapid Clean",41.645887,-0.874884,node/3052578225
shop,,41.645901,-0.874436,node/3052578226
shop,"El Rincón",41.637972,-0.898015,node/3054981433
tourism,"Hotel Zaragoza Royal",41.645692,-0.887932,node/3056506436
shop,"Zafiro Tours",41.644985,-0.88056,node/3057846837
shop,"Alex Movilex",41.645115,-0.880323,node/3057846838
shop,"Perfect nails",41.644965,-0.881062,node/3057846839
hospitality,"Mondo San Vicente",41.644909,-0.880768,node/3057846840
shop,Dolce,41.644601,-0.881329,node/3057846842
shop,"El Damasquino",41.645057,-0.880431,node/3057846843
shop,"La casa de los carrillones",41.644913,-0.881199,node/3057846845
shop,"Coto Market",41.645093,-0.880366,node/3057846846
shop,"Pescados y mariscos Saturnino",41.644871,-0.881253,node/3057846848
shop,"Reposteria Ismael",41.645233,-0.880106,node/3057846850
shop,TM,41.645275,-0.880012,node/3057846851
shop,"Yevahi Cocinas",41.6468,-0.879847,node/3058827716
hospitality,Giuliani's,41.646499,-0.879505,node/3058827720
hospitality,"Cervecería D'Jorge",41.641579,-0.894667,node/3068678719
shop,Estanco,41.644354,-0.871838,node/3090582938
tourism,"Hotel Pilar Plaza",41.655737,-0.878484,node/3104214122
shop,pekenova,41.645119,-0.88306,node/3148971329
shop,Folder,41.645008,-0.882947,node/3148971529
hospitality,greenmind,41.644959,-0.882908,node/3148971530
office,"viajes Zaragoza",41.64475,-0.88289,node/3148986629
office,"VITA co-living",41.644884,-0.882826,node/3148986630
shop,SKFK,41.644852,-0.882798,node/3148986729
shop,"Ray Musgo",41.64482,-0.882764,node/3148986829
shop,"Ramón Guerri",41.644787,-0.882729,node/3148986929
hospitality,"Cervecería del Valle",41.642473,-0.873006,node/3196200161
hospitality,"Bar Acrópolis",41.643116,-0.872867,node/3196200461
shop,Hyperluz,41.643725,-0.872682,node/3196664671
shop,Alcampo,41.661335,-0.900327,node/3215607258
hospitality,"Espumosos Aragonia",41.640761,-0.910429,node/3235238401
shop,Panishop,41.640875,-0.908537,node/3235269982
hospitality,"Chocolatería Ulzama",41.646227,-0.893949,node/3285568961
hospitality,"La Farándula",41.647048,-0.907712,node/3321892761
hospitality,Zepellin,41.642584,-0.884801,node/3328196377
hospitality,"La Feria",41.640249,-0.897468,node/3354464079
hospitality,Wenceslao,41.638161,-0.894628,node/3438732834
shop,Dia,41.660641,-0.872761,node/3532380535
shop,Panishop,41.660647,-0.873791,node/3538755049
shop,Eroski,41.649631,-0.870919,node/3538973601
bus_stop,"Avenida Francisco de Goya 83",41.646694,-0.89381,node/3580491991
bus_stop,"Juan Pablo Bonet 20",41.640636,-0.888781,node/3580511541
hospitality,"Bar Sanan",41.642053,-0.879101,node/3593370497
shop,"Venta de entradas del Palacio de la Aljafería",41.656343,-0.895755,node/3718664970
bus_stop,"Violante de Hungría / Palacio de Deportes",41.640305,-0.903964,node/3723483889
bus_stop,"Plaza Emperador Carlos V",41.638008,-0.898652,node/3725354794
bus_stop,"Plaza Emperador Carlos V",41.638067,-0.898967,node/3725354795
shop,"Bicicletas Botánico",41.635279,-0.896078,node/3725421605
bus_stop,"Avenida Compromiso de Caspe 27",41.646068,-0.869423,node/3735134158
bus_stop,"Avenida Pirineos / edificio Kasan",41.665064,-0.880672,node/3735993046
bus_stop,"Miguel Servet 13",41.64753,-0.874144,node/3736005825
bus_stop,"Camino de las Torres 10",41.646595,-0.873964,node/3736005828
hospitality,"Infiernos Rock Sisters",41.643439,-0.895677,node/3741251583
hospitality,Berlín,41.643515,-0.895609,node/3741251584
hospitality,"Bar Madrid",41.643129,-0.894857,node/3741251585
shop,"Informática Zaragoza",41.643044,-0.894673,node/3741251586
hospitality,Mostaza,41.646033,-0.890484,node/3741251587
hospitality,"El Timple",41.646402,-0.891445,node/3741251588
hospitality,"Buenos tiempos en el Royale",41.65623,-0.893087,node/3747682421
shop,"Salón Internacional",41.656315,-0.893485,node/3747682422
shop,,41.653432,-0.881571,node/3748567414
hospitality,smöoy,41.653634,-0.881638,node/3748567415
shop,Normal,41.653777,-0.881501,node/3748567416
shop,"Nueva Temporada",41.653807,-0.881236,node/3748567417
hospitality,"La Zaragozana",41.654404,-0.880884,node/3748567420
bus_stop,"Celso Emilio Ferreiro / Celanova",41.654307,-0.911249,node/3754435148
shop,"El Rincón",41.642195,-0.882635,node/3755763456
hospitality,Ambassador,41.645483,-0.880194,node/3771082061
hospitality,"Las Armas",41.656825,-0.885507,node/3796734579
hospitality,"Érase una vez... Dídola",41.653391,-0.878157,node/3796734580
bus_stop,"Avenida de Cataluña / Balcón de San Lázaro",41.658374,-0.873938,node/3811022340
shop,caroline,41.646896,-0.880517,node/3839743297
hospitality,Verdechulo,41.653486,-0.887477,node/3839743325
hospitality,"Café Voltaire",41.644888,-0.896343,node/3841949687
hospitality,"Dan O'Hara's",41.644972,-0.89652,node/3841949688
bus_stop,"Paseo de Cuellar nº 20 / Iglesia",41.634329,-0.884948,node/3842581381
shop,"Espacio Visiones",41.656764,-0.889019,node/3848884241
shop,Mercadona,41.657756,-0.889451,node/3848885748
shop,"Eurorepar Auto Rapid Almagro",41.648329,-0.888406,node/3854885175
office,"Osambela Natura",41.649318,-0.887699,node/3861275409
office,"rIL Estudio",41.651342,-0.878175,node/3902749764
hospitality,"Burger King",41.633396,-0.908757,node/3949242710
bus_stop,"Zaragoza. Avenida de Cesáreo Alierta 15",41.644514,-0.87694,node/3986678464
bus_stop,"Avenida de Cesáreo Alierta 36",41.643521,-0.876786,node/3986679560
bus_stop,"Paseo María Agustín, 2-4",41.650372,-0.888623,node/4006591504
bus_stop,"Paseo de Sagasta 51",41.639674,-0.886233,node/4014501298
bus_stop,"Paseo Cuéllar 29",41.637936,-0.884284,node/4014512401
hospitality,"Bar Iceberg",41.637712,-0.869079,node/4020334720
bus_stop,"Paseo Cuéllar / Lapuyade",41.636551,-0.884641,node/4020798329
bus_stop,"Paseo de Sagasta 31",41.641524,-0.88611,node/4020802608
hospitality,McDonald's,41.666045,-0.870695,node/4020803366
hospitality,Ebalú,41.643415,-0.893374,node/4021591097
hospitality,Muel,41.660032,-0.869509,node/4030076965
hospitality,"Olé Zurita",41.650299,-0.882221,node/4054258082
hospitality,Tastar,41.651438,-0.876163,node/4080430198
shop,"Camaleon Marketing",41.655541,-0.881086,node/4120751037
hospitality,"Taco Bell",41.653507,-0.881495,node/4121428628
shop,"El Rincón",41.654438,-0.880623,node/4121527689
shop,"Central Ópticos",41.649624,-0.881998,node/4122112889
bus_stop,"Avenida Pirineos frente a Kasan",41.663974,-0.880427,node/4152258934
bus_stop,"Miguel Servet 37",41.645802,-0.871773,node/4164181151
bus_stop,"Avenida de Cesáreo Alierta 72",41.639526,-0.872563,node/4164183664
bus_stop,"Avenida de Cesáreo Alierta 83",41.639339,-0.87131,node/4164183665
bus_stop,"Diputados / Aljafería",41.656873,-0.895484,node/4170394122
bus_stop,"P. Echegaray y Caballero / Colegio",41.658035,-0.885174,node/4171875309
bus_stop,"Valle de Broto / Parque del Tío Jorge",41.666343,-0.878812,node/4174048091
shop,Galopa,41.650487,-0.884035,node/4174587897
bus_stop,"Paseo Cuéllar (Parque Pignatelli)",41.638504,-0.885213,node/4174788161
bus_stop,"Miguel Servet 57",41.644777,-0.870606,node/4174797854
hospitality,"El Disfrutón",41.655032,-0.878099,node/4176348791
shop,Sankara,41.64782,-0.89411,node/4177237348
station,Zaragoza-Goya,41.643915,-0.891343,node/4179891043
bus_stop,"Paseo María Agustín 7",41.649961,-0.888393,node/4182155347
bus_stop,"Paseo Fernando el Católico 70",41.638249,-0.897678,node/4187043426
bus_stop,"Plaza de Europa",41.658784,-0.891957,node/4189231404
bus_stop,"Av. José Atarés / TV Aragón",41.661198,-0.88353,node/4193040938
bus_stop,"Avda. San José 69",41.641622,-0.873236,node/4198297469
bus_stop,"Avenida San José 45",41.643085,-0.872877,node/4198297470
bus_stop,"Avenida de San José / Avenida de Tenor Fleta",41.63719,-0.877449,node/4203161059
bus_stop,"Avenida Francisco de Goya 59",41.645064,-0.893118,node/4207885218
hospitality,Salsipuedes,41.63999,-0.890953,node/4218197001
shop,"La Pelu de María",41.639866,-0.89101,node/4218209452
hospitality,"El rincón de pensar",41.636577,-0.891936,node/4218218160
hospitality,Sandvico,41.655404,-0.879296,node/4222579493
hospitality,,41.664944,-0.902016,node/4224058838
bus_stop,"San Vicente de Paúl 27",41.653146,-0.875203,node/4229813150
bus_stop,"Paseo de Echegaray y Caballero 112",41.655682,-0.875115,node/4229813152
shop,"La Llesca",41.635063,-0.877825,node/4248466319
office,Tecnocasa,41.634674,-0.87835,node/4248477644
shop,"Mohsin Frutas",41.634848,-0.875386,node/4250657572
shop,"SZ Motor",41.645285,-0.871382,node/4254038051
shop,"La Casita",41.636745,-0.884376,node/4254521908
shop,"Papelería Cuéllar",41.636988,-0.884345,node/4254525893
hospitality,"Bar Madison",41.65924,-0.901175,node/4262716190
shop,Mercadona,41.654074,-0.874185,node/4267846495
office,"EQUX, Estudio de Diseño",41.639633,-0.898008,node/4275524561
shop,,41.650116,-0.875575,node/4293082972
bus_stop,"Santander 27",41.64907,-0.897363,node/4302887271
bus_stop,"Santander 34",41.649113,-0.896699,node/4302887272
shop,Dóndola,41.652727,-0.877278,node/4316923529
shop,"Flores Atenea",41.645517,-0.894303,node/4318673295
bus_stop,,41.647326,-0.871688,node/4319796568
bus_stop,"Camino de las Torres 4",41.64748,-0.872021,node/4319800199
shop,Enredadas,41.645334,-0.889463,node/4322956297
hospitality,Moderno,41.645706,-0.889846,node/4323037590
shop,Abracadabra,41.646093,-0.888722,node/4323075489
shop,"Alejandro Moda",41.644927,-0.887303,node/4323229620
shop,"COPISTERIA low cost",41.645983,-0.889002,node/4323229621
shop,Folder,41.644934,-0.891531,node/4323229622
shop,"Baru Hombre",41.644927,-0.886945,node/4323229623
shop,"Calzados Ochoa",41.645069,-0.887275,node/4323229624
shop,"Calzados Silvio",41.64621,-0.88708,node/4323229625
shop,Canudo,41.643993,-0.887338,node/4323229626
shop,Carlin,41.645309,-0.889512,node/4323229627
office,Reines,41.645328,-0.889382,node/4323229628
shop,"City Home",41.644993,-0.889893,node/4323229630
shop,Ferrymas,41.645289,-0.889551,node/4323229631
shop,LoveStory,41.646299,-0.887053,node/4323229632
shop,Noctalia,41.645484,-0.889121,node/4323229633
shop,"Sombreros Albero",41.646141,-0.887452,node/4323229635
shop,"Franc Sarabia",41.646602,-0.886246,node/4327194190
hospitality,"Casa Manu",41.644187,-0.887226,node/4327749490
shop,"J. J. Hierro",41.644122,-0.886898,node/4327749491
shop,"Nails Clinic",41.643881,-0.887124,node/4327757092
shop,Bulage,41.642364,-0.885921,node/4327764890
office,Inmoguscoa,41.641911,-0.885176,node/4327779193
shop,"Tu Talla",41.642194,-0.88573,node/4327779292
shop,"Centro óptico Viñuales",41.642089,-0.885514,node/4327779293
hospitality,"La Galería",41.643826,-0.886749,node/4327782991
shop,Prontaprint,41.642023,-0.885425,node/4327793790
shop,Sancarlos,41.638026,-0.877639,node/4327800394
office,"aedas homes",41.643276,-0.88687,node/4327804391
office,"Servicio público de empleo estatal",41.639227,-0.87971,node/4327804591
shop,,41.641303,-0.883866,node/4327808492
shop,"Ana Egea",41.638231,-0.877961,node/4327820536
shop,"Korea Nails",41.642159,-0.885664,node/4327823589
hospitality,Tobazo,41.641706,-0.884783,node/4327823789
shop,"Manufacturas Medrano",41.641618,-0.884625,node/4327823790
shop,"Martín Martín",41.641282,-0.883975,node/4327823889
shop,Alicia,41.637777,-0.877115,node/4327823892
office,"Grupo Aliven",41.639403,-0.880147,node/4327828190
shop,Seducción,41.639105,-0.879436,node/4327829627
shop,"Salón Mara",41.63876,-0.878783,node/4327829628
hospitality,"La Taberna de Chipi",41.638667,-0.878737,node/4327829629
shop,"Frutería Español",41.63851,-0.878576,node/4327829630
hospitality,Tenor,41.639237,-0.879819,node/4327829736
hospitality,Soho,41.638874,-0.879084,node/4327829737
shop,Barriendo,41.637605,-0.876664,node/4327830094
office,Pelayo,41.637476,-0.876567,node/4327830095
shop,Ecomputer,41.636881,-0.876157,node/4327830100
shop,Naval,41.639053,-0.879348,node/4327830324
shop,"Bingo Fleta",41.639005,-0.87929,node/4327830325
shop,"Pinturas Juno",41.6388,-0.878947,node/4327830326
shop,"El Rincón",41.637927,-0.877405,node/4327830692
office,"Seguros Capdevila",41.637222,-0.876132,node/4327843291
shop,"Centro veterinario doctor Cuevas",41.636966,-0.875637,node/4327843292
shop,"Electricidad Fleta",41.636576,-0.874879,node/4327843293
shop,Reina,41.637791,-0.877823,node/4327843296
shop,"Keops Estilistas",41.637944,-0.878168,node/4327843297
market,"Mercado Fleta",41.638952,-0.880111,node/4327861198
shop,"Video Zaragoza",41.639412,-0.881148,node/4327861200
office,"Grupo 2002",41.637047,-0.875784,node/4327862492
shop,Dia,41.637885,-0.877322,node/4327870389
shop,"Creativas Sonrisas",41.636768,-0.875249,node/4327870394
hospitality,Trébol,41.636247,-0.87483,node/4327870395
shop,"Repuestos y accesorios de electrodomésticos",41.636324,-0.874935,node/4327870396
shop,Beep,41.636735,-0.875935,node/4327870398
office,"PJ Inmobiliaria",41.637498,-0.876602,node/4327870489
shop,"Centro veterinario Fleta",41.637306,-0.87631,node/4327870490
shop,"Lahoz Estilistas",41.637032,-0.875747,node/4327870491
hospitality,"Bar Goya",41.639334,-0.880913,node/4327888893
shop,,41.63946,-0.881049,node/4327888894
hospitality,Che,41.638879,-0.880106,node/4327888991
shop,"Rui Tattooink",41.639618,-0.881528,node/4327888994
shop,Movistar,41.63975,-0.881889,node/4327888995
shop,Niccol,41.640733,-0.883638,node/4327888996
shop,"Óptica Zires",41.637429,-0.87647,node/4327896489
shop,"Trofeos Podium",41.63687,-0.875444,node/4327896589
hospitality,Cava,41.636646,-0.875005,node/4327896689
office,Mapfre,41.636604,-0.874795,node/4327896690
shop,"Peluquería Laura",41.636649,-0.875698,node/4327896989
shop,"Peluquería 116",41.636706,-0.875859,node/4327896990
hospitality,"3 avenidas",41.637272,-0.876856,node/4327896991
hospitality,Victoria,41.637131,-0.876636,node/4327897189
shop,OpenBlue,41.638348,-0.878993,node/4327897191
shop,"Pescados Fernández",41.637151,-0.87671,node/4327897289
hospitality,"Nos veremos en la Luna",41.63845,-0.879228,node/4327897290
shop,"My Home",41.638657,-0.879651,node/4327898892
shop,"Ferretería Comercial Artigas",41.638791,-0.879813,node/4327898893
shop,Arpel,41.638819,-0.880133,node/4327902794
shop,"Calzados Silvio",41.640852,-0.883827,node/4327902795
shop,"Dulcería Marquesán",41.639056,-0.880321,node/4327905991
shop,"Peluquería Grupo Estaún",41.639833,-0.881994,node/4327905994
shop,Cherry,41.639938,-0.882065,node/4327905995
office,"Inmobiliaria Las Torres",41.641053,-0.884269,node/4327905997
shop,"Estanco 76",41.641142,-0.88439,node/4327905998
shop,"Pajarería Fleta",41.641338,-0.884971,node/4327905999
shop,"Óptica Fleta",41.64057,-0.883296,node/4327906090
shop,"La casa de las hierbas",41.640578,-0.883533,node/4327906091
shop,Enigma,41.640804,-0.883766,node/4327906092
shop,"Frutos secos Aragón",41.638542,-0.879374,node/4327906690
office,"Santa Lucía",41.638415,-0.879075,node/4327910692
shop,Camacho,41.638591,-0.879467,node/4327910693
shop,"Perfumerías If",41.639655,-0.88176,node/4327917890
shop,"Pedro Zamora",41.639798,-0.881934,node/4327917891
shop,JAB,41.640263,-0.882708,node/4327917893
shop,"Peluquerías Dania",41.639729,-0.881809,node/4327924290
shop,Ewi,41.641222,-0.88455,node/4327924292
hospitality,"La Cocina Martín",41.640332,-0.882833,node/4327942189
shop,"Peluqueros Estaún",41.640419,-0.883012,node/4327942190
shop,"El Rincón",41.640377,-0.882898,node/4327942289
shop,"EME Barber Studio",41.641253,-0.884613,node/4327949089
shop,Caranblan,41.641311,-0.88475,node/4327949090
hospitality,Al-Baik,41.637362,-0.876339,node/4328274865
hospitality,London,41.641098,-0.896677,node/4331422249
shop,"Multiópticas Cadarso",41.652027,-0.879851,node/4332189491
shop,Maxcolchon,41.647643,-0.885129,node/4332198691
hospitality,"De Pecado",41.640808,-0.873679,node/4332263896
shop,"El mago de las tijeras",41.637925,-0.894777,node/4332299289
hospitality,"Cafe Il Vecchio",41.645477,-0.892007,node/4334481724
shop,"Camisería a medida Melton",41.645023,-0.891517,node/4334481726
shop,Dia,41.645092,-0.891646,node/4334481727
shop,Grado90,41.64513,-0.891758,node/4334481729
hospitality,Kherson,41.645063,-0.891596,node/4334481731
shop,Montecarlo,41.645509,-0.892071,node/4334481733
shop,Sancarlos,41.645406,-0.892292,node/4334481734
shop,"Centro Audioprotésico de Aragón",41.645605,-0.890708,node/4334524424
shop,"Ciber Gran Vía. MoneyGram Titanes.",41.645814,-0.891203,node/4334524425
shop,Digicopy,41.646112,-0.891763,node/4334524426
hospitality,"Discoteca latina Latin Palace",41.645774,-0.891439,node/4334524427
shop,"Level Up",41.646103,-0.891643,node/4334524428
office,"UB Consultores",41.645484,-0.890922,node/4334524429
shop,"Material militar Distripol",41.645986,-0.891833,node/4334524430
shop,"Melao Salao",41.64586,-0.891288,node/4334524431
shop,"Pink Blue",41.64513,-0.891216,node/4334524432
shop,"Running ZGZ",41.645637,-0.890775,node/4334524435
shop,"Color Plus",41.645847,-0.890392,node/4334540354
hospitality,"Taberna gastronómica Crudo",41.6456,-0.890592,node/4334540356
office,"Aptitude Consulting",41.646171,-0.89105,node/4334560316
hospitality,"Bar Troppico",41.646317,-0.891288,node/4334560317
shop,"Cuadros Pepa Berdié",41.646259,-0.891195,node/4334560319
hospitality,Dallas,41.645945,-0.89059,node/4334560320
shop,"Estilistas RBK",41.645963,-0.890635,node/4334560322
office,Europiso,41.646479,-0.891552,node/4334560323
shop,"Muebles Luis Miguel",41.646052,-0.890815,node/4334560324
shop,PM19,41.646211,-0.891109,node/4334560325
shop,Retrocolección,41.646133,-0.890968,node/4334560326
hospitality,"Taberna El Sardi",41.646441,-0.8915,node/4334560327
shop,"Baños e interiores Sauchah",41.646065,-0.890545,node/4334598034
shop,"Beauty Mirror",41.646087,-0.890589,node/4334598035
hospitality,"Casa Manelelor",41.646377,-0.891064,node/4334598037
shop,"Casa creativa Bámbola",41.646147,-0.890703,node/4334598038
shop,"La Trajería",41.645969,-0.890313,node/4334598039
shop,"Estética Avanzada",41.646118,-0.890662,node/4334598040
shop,"Galería Allué",41.646267,-0.890914,node/4334598041
shop,"Jessica Cakes",41.646491,-0.891267,node/4334598042
shop,"Peluquería Grupo Dos",41.646547,-0.891444,node/4334598043
hospitality,"Pub Bambú",41.646299,-0.890964,node/4334598044
shop,Retrocolección,41.646514,-0.891322,node/4334598045
hospitality,"Antiguo Paraíso",41.645747,-0.889957,node/4334598741
shop,"Asesores de belleza María Burillo",41.645794,-0.890067,node/4334598742
shop,"General Óptica",41.645861,-0.890206,node/4334598743
shop,Pellbella,41.645999,-0.890241,node/4334598744
shop,"Podógolo Carlos Mendiela",41.645813,-0.890096,node/4334598745
shop,Mondiale,41.646057,-0.890178,node/4334601895
office,"Assurances du Credit Mutuel",41.6463,-0.888135,node/4334620483
office,"Columbus International Business School",41.64633,-0.888049,node/4334620484
shop,Bambaninos,41.645359,-0.887078,node/4334620485
office,"Engels & Volkers",41.646313,-0.888077,node/4334620486
shop,"Estanco 56",41.646147,-0.888558,node/4334620487
shop,"Estudio Modigliani",41.645706,-0.887709,node/4334620488
shop,"Antiguedades Anteco",41.64671,-0.890627,node/4334620541
office,"Asesoría DFG",41.646449,-0.890437,node/4334620542
office,Asesycom,41.646781,-0.890761,node/4334620543
office,"Asociación Fita 22",41.646955,-0.891088,node/4334620544
hospitality,"Cervecería Gris",41.646839,-0.89087,node/4334620545
shop,Chasbel,41.646746,-0.890697,node/4334620546
shop,"Dasa Arte",41.646865,-0.89092,node/4334620547
hospitality,"Flash Zaragoza",41.646602,-0.890707,node/4334620548
office,"Formación Bitácora",41.646579,-0.890382,node/4334620549
hospitality,"Hadas y duendes",41.646603,-0.890426,node/4334620550
hospitality,Imán,41.646275,-0.890059,node/4334620552
shop,"Marketing promocional Arte & Merchan",41.646857,-0.891187,node/4334620553
office,"María Eloísa Sánchez Correas",41.646881,-0.890949,node/4334620554
hospitality,Men,41.646661,-0.890824,node/4334620555
shop,"Peluquería canina Can Can",41.646635,-0.890488,node/4334620556
shop,"Rituales de oriente Leil Hamman",41.646494,-0.890521,node/4334620557
shop,Serendipia,41.646909,-0.891275,node/4334620558
hospitality,Urano,41.64655,-0.890631,node/4334620559
hospitality,"Women 2.0",41.646569,-0.890671,node/4334620560
shop,"Zaragoza Padel Club",41.646704,-0.890883,node/4334620561
office,"Arquitectos Aratur Promociones",41.646428,-0.889357,node/4334632236
shop,Clarel,41.646499,-0.88947,node/4334632237
shop,"Comercial Jayca",41.646382,-0.889692,node/4334632238
shop,"Copistería Low Cost",41.646411,-0.889901,node/4334632239
shop,"Estética Barogue",41.64652,-0.889497,node/4334632240
hospitality,Pic-Nic,41.646564,-0.889586,node/4334632241
shop,"The Travel Brand",41.646485,-0.889833,node/4334632242
office,"Voilá Contract Solutions",41.64648,-0.88943,node/4334632243
shop,"Viajes Vi.al",41.645451,-0.887094,node/4334646789
shop,Florencia,41.646178,-0.888482,node/4334646791
office,"Grupo Lobe",41.646204,-0.888417,node/4334646792
shop,"Helados Italianos",41.646109,-0.888663,node/4334646793
shop,"Ortopedia Silvio",41.645686,-0.887046,node/4334646797
office,"Peluquería Arte-Miss",41.646246,-0.888304,node/4334646798
shop,"Peluquería Eleyce",41.6459,-0.887024,node/4334646799
shop,Audive,41.64613,-0.886962,node/4334646800
shop,"Emi Beauty Studio",41.646105,-0.887103,node/4334646801
shop,Turquesa,41.645285,-0.887095,node/4334646802
shop,"Eva Abenoza",41.64855,-0.900397,node/4337309145
office,Reale,41.656255,-0.893971,node/4337486992
shop,"Honda Mobicsa",41.656885,-0.893347,node/4337499590
shop,"Fernando Lozano",41.656058,-0.894303,node/4338330090
hospitality,"La Tundra",41.646906,-0.872542,node/4338438990
shop,"Las Torres",41.646814,-0.872751,node/4338458389
shop,Midas,41.65536,-0.908137,node/4339609590
shop,Merkal,41.655234,-0.907846,node/4339612890
shop,Armo,41.646586,-0.872507,node/4339694796
shop,Beds,41.646787,-0.872549,node/4339736901
shop,Aifon,41.639902,-0.895498,node/4341016893
shop,"Centro óptico Vidal",41.639738,-0.895647,node/4341022399
hospitality,"Turco Döner Kebab",41.639898,-0.887242,node/4341596091
shop,"Garma Milenium & Cemac",41.639934,-0.887362,node/4341602189
shop,"Taste of America",41.653965,-0.884379,node/4341621889
shop,Multiópticas,41.653807,-0.88397,node/4341621890
shop,"Lavadón Express",41.65331,-0.902584,node/4342760790
shop,"Bijou Brigitte",41.650459,-0.883101,node/4343323792
shop,"La Rosaleda",41.639808,-0.886143,node/4343323794
hospitality,Ibiza,41.654274,-0.884509,node/4343349405
hospitality,Starbucks,41.650229,-0.883317,node/4343407889
shop,"Eroski City",41.639798,-0.885578,node/4343434689
hospitality,"La Ternasca",41.653471,-0.879986,node/4344534089
shop,"La casa del bacalao",41.652114,-0.879706,node/4345769490
shop,"Aurora Lou",41.65318,-0.902265,node/4345808402
office,Ecofincas,41.653022,-0.90219,node/4345808403
shop,Pasicos,41.639458,-0.88026,node/4345925689
shop,"Ferretería Aries",41.649879,-0.899032,node/4346134297
shop,"Pedro Betrián",41.648481,-0.883285,node/4346160990
shop,"La Flamenquilla",41.653455,-0.902379,node/4346173289
shop,Hyperluz,41.649421,-0.887061,node/4346226993
hospitality,"Pasta &Pizza",41.649713,-0.875904,node/4346241696
office,Inmopiso,41.652972,-0.878917,node/4347129466
shop,"Xi Store",41.65285,-0.879,node/4347130796
shop,Fotoprix,41.644593,-0.885594,node/4347157993
shop,,41.655129,-0.876682,node/4347191698
shop,"El Maño",41.655166,-0.876637,node/4347278089
shop,"Cardiff Hombre",41.652291,-0.879788,node/4347286295
shop,"La Casa del Pan",41.646264,-0.872513,node/4347511891
shop,Evaflor,41.642919,-0.888826,node/4347689491
shop,Razza,41.654221,-0.877432,node/4347741813
office,Iberdrola,41.644958,-0.893153,node/4349525933
shop,"Frutas Sancho",41.645168,-0.893295,node/4349525934
shop,Ares,41.644486,-0.892616,node/4349525935
office,"Asociación de artistas plásticos Goya Aragón",41.646878,-0.893943,node/4349525936
shop,"Audio Goya",41.646187,-0.893888,node/4349525937
hospitality,"Bar Irún",41.645214,-0.892881,node/4349525939
hospitality,Buenacara,41.64514,-0.892635,node/4349525940
shop,Cachet,41.645305,-0.892511,node/4349525941
shop,"Calzados Komodos",41.647412,-0.893528,node/4349525942
shop,"Centro Comercial Goya. Pasaje.",41.645582,-0.892327,node/4349525943
shop,"Charcutería Cristina",41.645386,-0.892454,node/4349525944
shop,Clinc,41.6451,-0.892666,node/4349525946
shop,"Colchonería Beltrán",41.645277,-0.892536,node/4349525947
shop,"Copistería Goya",41.646978,-0.893469,node/4349525948
shop,"Dulces Tentaciones",41.645174,-0.892835,node/4349525950
shop,"El Mercao",41.64555,-0.892364,node/4349525951
hospitality,"El Sueño de la Razón",41.646459,-0.893378,node/4349525952
shop,"El Salón de María",41.646347,-0.893411,node/4349525953
shop,"Estanco 34",41.64476,-0.893047,node/4349525955
shop,Baig,41.645315,-0.892964,node/4349525956
office,"Fundación Proclade",41.645477,-0.893526,node/4349525957
office,"Innovación y nuevas tecnologías consulting",41.645276,-0.892932,node/4349525960
shop,"La Casa de los Carrillones",41.6461,-0.893969,node/4349525962
shop,"La Hispánica",41.645967,-0.891876,node/4349525963
shop,"Lencería Martika",41.644932,-0.893126,node/4349525964
shop,"Bakery & Cakes",41.64608,-0.893744,node/4349525965
shop,Nautalia,41.644614,-0.892732,node/4349525967
shop,"Pasaje Goya",41.645789,-0.893286,node/4349525970
tourism,"Sala Municipal de Arte Joven",41.64686,-0.893929,node/4349525973
shop,SytmaSport,41.645054,-0.893232,node/4349525974
shop,"Tintorería Rosell",41.645674,-0.892096,node/4349525975
shop,"Viajes Izcaltur",41.647062,-0.893492,node/4349525977
shop,"Óptica Goya",41.645993,-0.893701,node/4349525981
office,Adecco,41.650637,-0.889888,node/4349646685
shop,"Alberto Bañuelos",41.645339,-0.887241,node/4349646686
shop,"Alfombras Latorre",41.649921,-0.888489,node/4349646687
office,Asepeyo,41.655234,-0.907628,node/4349647090
office,"Asesoría Pérez Miñana",41.654888,-0.898361,node/4349647091
office,"Asociación aragonesa de laringetomizados y limitados de la voz",41.654984,-0.896854,node/4349647092
hospitality,"Cafetería Blue",41.654962,-0.904653,node/4349647098
hospitality,"Cafetería Los Patos",41.65526,-0.907169,node/4349647099
hospitality,"Cafetería Maiomar",41.651469,-0.891214,node/4349647100
office,Occident,41.649127,-0.88754,node/4349647102
hospitality,"100 Montaditos",41.645782,-0.885945,node/4349647103
hospitality,"New Chambolier",41.648031,-0.886774,node/4349647104
shop,"Chollo Navarra",41.655223,-0.906835,node/4349647105
shop,"Ciclos Aragón",41.655261,-0.906888,node/4349647106
office,Dogar,41.654831,-0.898606,node/4349647112
shop,"Frutas Visiedo",41.650301,-0.889132,node/4349647113
shop,"El Rincón",41.649995,-0.888615,node/4349647114
shop,"Gusta Fasi",41.649962,-0.888551,node/4349647116
hospitality,"Brasería Espa-Nica",41.654401,-0.900342,node/4349647117
shop,"Honda maquinaria Sampietro",41.655133,-0.906171,node/4349647118
shop,"Jennifer Calzados",41.654923,-0.904329,node/4349647119
office,"MC Mutual",41.648587,-0.887196,node/4349647124
office,Madisa,41.65608,-0.911213,node/4349647125
school,MasterD,41.655746,-0.91022,node/4349647126
shop,"Bodegas G. Alejandro",41.654428,-0.900254,node/4349647127
shop,PCBox,41.651293,-0.89105,node/4349647130
hospitality,Estoril,41.645651,-0.885964,node/4349647131
shop,"Roche Bobois",41.645498,-0.885976,node/4349647132
office,"Servionica. Servicio Hitachi.",41.655648,-0.909938,node/4349647133
office,Tecnitop,41.656143,-0.91141,node/4349647134
office,"Tecnoplagas XXI",41.655996,-0.91087,node/4349647135
shop,"Muy Tu",41.64799,-0.886752,node/4349882589
hospitality,"Crêperie Gala",41.644494,-0.891133,node/4350640400
shop,"La Silla",41.644369,-0.891256,node/4350641001
shop,Astilo,41.644544,-0.891092,node/4350641007
hospitality,"Bar 360",41.659129,-0.910585,node/4350707789
tourism,"Eurostars Zaragoza",41.659802,-0.912997,node/4350707889
shop,"Martín Martín",41.641352,-0.892629,node/4350950319
shop,Tarín,41.644549,-0.885601,node/4352361891
shop,"+3D Servicios de impresión",41.637737,-0.869171,node/4352371510
shop,Mulaya,41.644703,-0.885542,node/4352373594
shop,Reija,41.64466,-0.885547,node/4352416689
bus_stop,,41.637409,-0.86744,node/4352447499
shop,"Carlos Reula",41.642913,-0.89274,node/4352483090
shop,Desenredo,41.649979,-0.876435,node/4352696893
shop,"Gris Perla",41.650083,-0.876403,node/4352742491
shop,,41.640942,-0.891785,node/4352915059
shop,"D Cuero",41.640957,-0.891833,node/4352915061
shop,Dia,41.640981,-0.891966,node/4352927332
tourism,,41.659004,-0.908984,node/4354047282
shop,Salónica,41.645203,-0.889737,node/4355160996
shop,"Decoración Josefina",41.644443,-0.891162,node/4355161095
shop,"Martín Martín",41.645107,-0.887791,node/4355161098
shop,"Genevieve Lethu",41.644939,-0.887675,node/4355161596
shop,Garras,41.645462,-0.890298,node/4355161801
hospitality,"Jota café",41.645134,-0.889798,node/4355161802
hospitality,"Bar Marly",41.64476,-0.891683,node/4355161899
shop,"Loterías y Apuestas del Estado",41.645542,-0.890116,node/4355161900
shop,,41.644974,-0.888037,node/4355161903
shop,Omïu,41.644849,-0.891602,node/4355162191
shop,Almau,41.645081,-0.887601,node/4355162193
hospitality,Teikit,41.645498,-0.890212,node/4355216189
shop,,41.645046,-0.888426,node/4355216191
shop,Ayera,41.644991,-0.888254,node/4355216192
shop,"B The Travel Brand",41.645089,-0.887692,node/4355225191
shop,"Papelería Cervantes",41.644183,-0.887436,node/4355631794
shop,"Taller Peluqueros",41.644164,-0.887904,node/4355631795
hospitality,"Art Caffe",41.643716,-0.888068,node/4355634913
shop,"Latido verde",41.6447,-0.887371,node/4355645791
shop,"Xabiero Bernalli",41.644569,-0.887439,node/4355645792
shop,"Antonio Sánchez",41.644168,-0.88803,node/4355679491
shop,Ukys,41.644864,-0.887318,node/4355681290
shop,Ecomputer,41.644064,-0.887907,node/4355681291
shop,Barlovento,41.644158,-0.887966,node/4355681292
office,Nortempo,41.644698,-0.887169,node/4355683989
shop,"Arajoy SL",41.643976,-0.887489,node/4355683990
shop,Nube,41.643765,-0.888072,node/4355700089
hospitality,Alcázar,41.64352,-0.88824,node/4356648156
office,"Fundación José Antonio Labordeta",41.642887,-0.892129,node/4357242992
shop,"Encurtidos Manuel Martín",41.650383,-0.909365,node/4357243011
shop,"El Rincón",41.648543,-0.870385,node/4357276896
shop,"Electrodomésticos Pina",41.648819,-0.870441,node/4357288395
shop,Marbid,41.649374,-0.887926,node/4357306695
shop,Levaduramadre,41.64939,-0.887854,node/4357306696
shop,Trendy,41.649338,-0.887991,node/4357306791
office,"Federico Ozanam",41.654198,-0.886116,node/4357384851
school,Britannia,41.642849,-0.892248,node/4357415507
shop,"Muscle Planet",41.642575,-0.892162,node/4357419399
shop,Golate,41.641485,-0.893458,node/4357423795
hospitality,Birosta,41.652656,-0.873327,node/4357440036
school,"La casa de los dibujos",41.652845,-0.871924,node/4357682389
shop,Marugán,41.654507,-0.904651,node/4357685893
shop,"Brise de Mer",41.642557,-0.892101,node/4357740692
hospitality,Pinocho,41.651264,-0.910564,node/4357785023
shop,Leonardo,41.641752,-0.886029,node/4357797389
office,"Adaix World Group",41.642369,-0.891706,node/4358687090
shop,Parfois,41.645144,-0.88398,node/4358700491
hospitality,Comejamón,41.645655,-0.884516,node/4358710790
shop,Enalta,41.63792,-0.897369,node/4358874694
hospitality,"El museo de la tortilla",41.649925,-0.875381,node/4358935491
hospitality,Somport,41.648345,-0.899933,node/4358957396
hospitality,Davia,41.654193,-0.883878,node/4359880399
office,"Funeraria Cesaraugusta",41.637943,-0.895439,node/4359934191
shop,"Pasta Fresca de Zecchi",41.653358,-0.884606,node/4359937591
shop,Albacar,41.656239,-0.892795,node/4360018701
shop,"La Algodonera",41.650934,-0.876822,node/4360018803
shop,Alcampo,41.642801,-0.875163,node/4360237994
shop,"Mundo animal Liso",41.655534,-0.891047,node/4360268091
shop,"Liso Armería",41.655608,-0.891099,node/4360268092
shop,"El Mahdi",41.655624,-0.891191,node/4360268093
shop,"Tu Eliges",41.642756,-0.875428,node/4360280889
shop,Cebado,41.642783,-0.892505,node/4360283989
shop,Lidl,41.662246,-0.906366,node/4360308660
hospitality,Espumosos,41.644327,-0.885613,node/4360334890
shop,Pronovias,41.652693,-0.878877,node/4360359893
shop,Opticalia,41.659354,-0.874401,node/4360367289
shop,"Decoraciones Sanz",41.639857,-0.874351,node/4360416089
shop,"Mail Boxes",41.650135,-0.876307,node/4360419789
hospitality,"Helados Italianos Fuoli",41.638072,-0.897925,node/4360460091
shop,"Pasa & pesa",41.65461,-0.904667,node/4361266200
hospitality,"San Remo",41.649211,-0.884897,node/4361273017
office,"Energía Solar Aragón",41.65349,-0.869847,node/4361327397
hospitality,"Luis Vives",41.638524,-0.896555,node/4361328097
shop,Lesly,41.655556,-0.890883,node/4361363989
shop,Cabrera,41.656211,-0.892518,node/4361368190
shop,Misson,41.652404,-0.879635,node/4361416708
shop,"Le Petit Croissant",41.649284,-0.888037,node/4361429503
shop,"Pilar Alda",41.644549,-0.893247,node/4361472691
shop,"El Jardín",41.660533,-0.898563,node/4361514594
hospitality,Basket,41.654262,-0.904604,node/4361682590
shop,Mango,41.650718,-0.881963,node/4361755290
shop,"Clínica Veterinaria Parque Bruil",41.648924,-0.870477,node/4361805691
shop,"Cuchillería Martínez",41.653105,-0.902237,node/4361819691
shop,"De ida y vuelta",41.645528,-0.897689,node/4361839889
office,Wilcox,41.656324,-0.893896,node/4361882893
office,RE/MAX,41.646623,-0.87964,node/4362636392
office,"Nationale Nederlanden",41.64503,-0.878145,node/4362658291
shop,Torres,41.656012,-0.891917,node/4362721600
shop,Mayoral,41.655531,-0.889443,node/4362734010
shop,"El Rápido",41.644922,-0.876742,node/4362874892
hospitality,Gavilla,41.650314,-0.883711,node/4362955219
shop,Naya,41.63952,-0.901907,node/4363091394
shop,"Begoña Moreno",41.645447,-0.896164,node/4363176295
shop,Desiesta,41.648226,-0.894206,node/4363192792
shop,"Estanco 113",41.648588,-0.894258,node/4363192793
shop,,41.648344,-0.894221,node/4363195291
shop,Dormitienda,41.644315,-0.895636,node/4363216089
shop,Imco,41.643101,-0.881569,node/4363219490
shop,"Estanco 30",41.639479,-0.901836,node/4363221390
hospitality,"Helados Italianos",41.653506,-0.87835,node/4363289890
shop,Líneas,41.645381,-0.896079,node/4363301289
shop,"Eroski Viajes",41.65405,-0.902576,node/4363307189
shop,H&L,41.654034,-0.902853,node/4363307190
shop,"Intimissimi Uomo",41.650662,-0.882886,node/4363333689
shop,"Azul Marino",41.643396,-0.886285,node/4363354093
shop,"M & N Studio",41.643684,-0.886228,node/4363354291
office,Anagan,41.643802,-0.886224,node/4363400189
office,Gamma,41.642811,-0.88914,node/4364357591
shop,Tucerel,41.642622,-0.888324,node/4364357893
office,"Glovo Express",41.64248,-0.888417,node/4364357894
shop,Oteg,41.642708,-0.888766,node/4364428390
office,"Baherdent Ruthinium",41.642183,-0.888599,node/4364428591
shop,Kine,41.642049,-0.888931,node/4364459990
hospitality,"De River Side",41.642483,-0.887847,node/4364459997
shop,Poppa,41.641775,-0.887804,node/4364459998
school,"M. Fernanda Maestro",41.64249,-0.888729,node/4364468289
shop,Moncasi,41.641528,-0.887859,node/4364468290
school,Comunicando,41.641325,-0.887275,node/4364468291
shop,"Aragonés Fiesta",41.641216,-0.886749,node/4364468293
shop,"La Mansión de Leo. Peluquería canina.",41.642642,-0.888026,node/4364468496
hospitality,Federico,41.641767,-0.888968,node/4364468591
office,"RyG Seguros - Zurich",41.641673,-0.888563,node/4364468592
shop,Arajoy,41.642048,-0.887604,node/4364468596
hospitality,"Sabor Latino",41.641997,-0.888154,node/4364468597
shop,"Automoción Bean",41.641921,-0.888187,node/4364468599
shop,Bullman,41.642381,-0.888501,node/4364468689
shop,Aquaria,41.642292,-0.888873,node/4364468691
shop,"Finestra Estudio",41.64351,-0.887894,node/4364472395
shop,"Moll Estilistas",41.643367,-0.887761,node/4364472396
shop,Ordoñez,41.642368,-0.88947,node/4364478190
office,"Aldeas Infantiles SOS España",41.642399,-0.889665,node/4364480789
shop,Vianca,41.641835,-0.888267,node/4364480790
shop,"Motos Human",41.642236,-0.888027,node/4364480793
shop,"Embutidos Melsa",41.64286,-0.887401,node/4364480796
office,"GA Pérez Moliner",41.641421,-0.887558,node/4364484590
office,"Tasaciones y Fincas del Norte",41.641819,-0.888091,node/4364484594
shop,"Espacio Arquitectura",41.641856,-0.889233,node/4364484691
shop,"+/- arreglos",41.641986,-0.888757,node/4364484692
shop,"De Alma",41.641474,-0.887589,node/4364484693
office,Ditta,41.641714,-0.888674,node/4364494189
shop,Reycor,41.642916,-0.887685,node/4364494392
shop,Aladrén,41.641679,-0.888347,node/4364494489
shop,"María Sancho",41.644016,-0.886276,node/4364494790
shop,Ecomonegros,41.644007,-0.886222,node/4364510091
shop,"Edmi internacional de maquinaria",41.644157,-0.887102,node/4364511395
shop,"Con Mucho Gusto",41.643391,-0.88806,node/4364513291
shop,"Autofrenos Zaragoza",41.643457,-0.887238,node/4364513292
shop,Pinilla,41.643474,-0.887371,node/4364513392
school,"Horeca Formación",41.642327,-0.887957,node/4364540589
shop,"Daytona Tattoo",41.641917,-0.88769,node/4364540590
hospitality,"Nueva Taberna Alaska",41.641431,-0.888031,node/4364540591
shop,Cactus,41.64297,-0.887907,node/4364540595
shop,"Uñas Lin",41.642661,-0.888189,node/4364540596
shop,OhGar,41.643421,-0.886793,node/4364543791
shop,deCandela,41.644024,-0.886377,node/4364543793
shop,"Out of Business",41.643533,-0.888076,node/4364573389
office,"López Gestión Integral",41.643402,-0.88801,node/4364573390
hospitality,Naoki,41.644152,-0.887174,node/4364588089
hospitality,Calibo,41.641166,-0.886694,node/4364712340
shop,"Cerrajera Moncasi",41.642219,-0.889519,node/4364712341
shop,"Aislamientos Moncayo",41.655647,-0.90247,node/4365285104
hospitality,Amanecer,41.655721,-0.901928,node/4365285105
office,"Anna Peña Asesores",41.655977,-0.903357,node/4365285106
hospitality,Biel,41.655745,-0.902217,node/4365285107
hospitality,"Cafetería Norte",41.656317,-0.906229,node/4365285108
shop,"Carnicería Paco",41.655706,-0.901868,node/4365285109
hospitality,"El Rincón de las Delicias",41.655909,-0.902931,node/4365285110
shop,"Estaima Peluqueros",41.655741,-0.90324,node/4365285111
shop,"Frutas Contamina",41.655736,-0.902155,node/4365285112
office,"Inmo Dos",41.656268,-0.906082,node/4365285115
shop,"Intermodal 42",41.656309,-0.906168,node/4365285116
hospitality,Jacky,41.655685,-0.902901,node/4365285117
shop,Líquidos,41.655705,-0.902822,node/4365285118
shop,Mercadona,41.65566,-0.904902,node/4365285120
shop,"Motos Kymco",41.656016,-0.903639,node/4365285121
shop,"Promodis Telecom",41.656114,-0.904442,node/4365285123
hospitality,"Rincón de Ardanza",41.656096,-0.904015,node/4365285124
shop,"Rodi Motor Services",41.65588,-0.904158,node/4365285125
shop,Suna,41.655727,-0.902036,node/4365285126
shop,"Taller Araebro",41.656031,-0.905382,node/4365285127
shop,"Talleres Azyr",41.655794,-0.903625,node/4365285128
shop,"Talleres Moncayo Motor",41.655772,-0.903406,node/4365285129
shop,"Talleres RPM Motor",41.655617,-0.902276,node/4365285130
shop,"Talleres Renovauto",41.656236,-0.905832,node/4365285131
hospitality,"Bocatería África",41.654302,-0.900752,node/4365297928
shop,"Buzones Aragón",41.655011,-0.901346,node/4365297929
hospitality,"Cafetería Avenida",41.654903,-0.901368,node/4365297930
hospitality,"Dolce Café",41.654841,-0.900851,node/4365297931
shop,"Estética Magaly",41.65481,-0.901002,node/4365297934
shop,Folder,41.654294,-0.900802,node/4365297935
shop,"Herboristería Vitalidad",41.654827,-0.900657,node/4365297936
office,DKV,41.65482,-0.900761,node/4365297937
shop,"Oro Caja",41.654332,-0.90057,node/4365297939
shop,"The Magic Hammer",41.655392,-0.901244,node/4365297940
school,"Almazén de las Artes",41.652524,-0.899335,node/4365376311
shop,Breinter,41.652455,-0.899099,node/4365376312
office,"C. & Globe. Alcad.",41.652429,-0.899206,node/4365376313
office,"Casa de Teruel",41.652347,-0.898947,node/4365376314
office,Envialia,41.653585,-0.900444,node/4365376315
shop,"Estilistas Color's",41.651918,-0.8984,node/4365376316
office,"Expomaquinaria Avintia",41.653236,-0.900289,node/4365376317
shop,"La Tortuga de Plata",41.651992,-0.898482,node/4365376318
office,"Limpiezas Vicente",41.653393,-0.900351,node/4365376319
shop,"Peluquería Lobera",41.654161,-0.900651,node/4365376322
shop,"Peluquería Yahira",41.653136,-0.900244,node/4365376323
hospitality,"30 y tantos",41.653751,-0.900496,node/4365376325
office,"CEOE Zaragoza",41.64973,-0.898512,node/4365396728
shop,Cibestore,41.650739,-0.898773,node/4365396733
shop,"Lava Piu",41.651362,-0.898623,node/4365396734
shop,,41.649781,-0.898844,node/4365396736
shop,"G GES. Cartuchos de tinta.",41.65167,-0.89847,node/4365396737
hospitality,"Río de la Plata",41.649653,-0.898491,node/4365396738
shop,Trévi,41.651225,-0.898552,node/4365396739
office,"Tesorería General de la Seguridad Social",41.654819,-0.900239,node/4365455596
hospitality,"Cervecería Boreal",41.646007,-0.898211,node/4366055693
shop,Moticos,41.650568,-0.892398,node/4366064291
shop,Ciclofactoría,41.64318,-0.891816,node/4366066491
office,"PJ Inmobiliaria",41.658466,-0.874651,node/4366130092
office,"Takk! Asesores Inmobiliarios",41.644948,-0.892541,node/4366131192
shop,"Silvia Fernández",41.652668,-0.87893,node/4366133790
shop,"Óptica Muniesa",41.644875,-0.878108,node/4366138799
hospitality,"La Bastilla",41.654216,-0.872171,node/4366162092
shop,"Ferretería Calvo",41.647377,-0.874194,node/4366199989
shop,"La Pajarita",41.644795,-0.876961,node/4366242491
shop,Orange,41.641932,-0.893671,node/4366247294
shop,Aural,41.64191,-0.89369,node/4366288190
hospitality,Ferrara,41.643031,-0.893294,node/4366305300
shop,"Loterías y Apuestas del Estado",41.638921,-0.885673,node/4366313812
shop,interior45,41.643703,-0.893761,node/4366600698
school,"Smart Talk",41.64519,-0.878208,node/4366619489
shop,"Espazio PC-Móvil",41.654086,-0.877553,node/4366620492
shop,"Ingeniería de Equipos de Control, S.L.",41.639044,-0.8833,node/4366784700
shop,Azahara,41.645008,-0.896386,node/4367537589
shop,"Outline Barbería",41.658134,-0.892654,node/4367565693
office,"Pausa Limusinas y Eventos",41.65558,-0.895124,node/4367607791
shop,Open-Pan,41.655608,-0.895073,node/4367639791
shop,"H & L",41.653954,-0.902926,node/4367651592
shop,Maños,41.658483,-0.89231,node/4367680289
shop,"Horno San Valero",41.650289,-0.887423,node/4367683499
shop,Designtshirtstore,41.652449,-0.879692,node/4367692789
hospitality,"Helados italianos Aldo",41.652454,-0.87957,node/4367692790
shop,BonÀrea,41.661635,-0.872864,node/4367701914
shop,"Bienestar para tus pies",41.650347,-0.887331,node/4367705596
shop,"Loterías y Apuestas del Estado",41.661556,-0.873397,node/4367743304
shop,Aurora,41.648373,-0.900304,node/4367744291
shop,Visionlab,41.651916,-0.879635,node/4367776792
hospitality,Lapuyade,41.636397,-0.884378,node/4367809189
shop,"Top Copias",41.641804,-0.894425,node/4368027705
hospitality,"Nica la Mamba Negra",41.655529,-0.890759,node/4368030593
shop,Dekora,41.654748,-0.877011,node/4368075290
hospitality,Rekonkista,41.649475,-0.875422,node/4368120297
shop,PerfumaT,41.641832,-0.894401,node/4368234799
hospitality,"Europa Plaza",41.658484,-0.892178,node/4368401992
hospitality,Pome,41.641678,-0.893792,node/4368419089
office,"Liberty Seguros. RACE.",41.641602,-0.893759,node/4368419090
shop,"Motos Europa",41.658471,-0.892029,node/4368425194
shop,"Baterías Guiral",41.647956,-0.894158,node/4369599157
shop,"Baños Marvi",41.648535,-0.894253,node/4369599158
shop,"Ocasion Bike",41.649323,-0.897726,node/4369599159
shop,"Calderón Sport",41.648746,-0.89514,node/4369599160
shop,"Calzados Kaymo",41.649175,-0.897149,node/4369599161
shop,"Calzados Pekike",41.649151,-0.898181,node/4369599162
shop,"Charcutería Magaña",41.649153,-0.896803,node/4369599165
shop,"Charcutería Mariano Obón",41.648865,-0.894588,node/4369599166
hospitality,"Charli Doner Kebab",41.648917,-0.896395,node/4369599167
shop,Clarel,41.648977,-0.896916,node/4369599168
shop,"Colchonería S. López",41.648981,-0.895558,node/4369599169
shop,"Cosmética Bionatural",41.649136,-0.896733,node/4369599170
shop,"La Plaza de DIA",41.649053,-0.897462,node/4369599171
shop,"Enmarcaciones Fresno",41.649112,-0.896521,node/4369599173
shop,Farmatural,41.648889,-0.894775,node/4369599174
office,"Fincas Alvar",41.648914,-0.895009,node/4369599175
shop,"Frutería La Canela",41.648964,-0.895422,node/4369599176
shop,"Galería China",41.649107,-0.896604,node/4369599177
shop,"Joyería Gracia",41.649088,-0.897593,node/4369599179
hospitality,"La Encantadora",41.648935,-0.896563,node/4369599180
shop,"La Florería",41.648816,-0.895666,node/4369599181
shop,Lango,41.648805,-0.895538,node/4369599182
shop,"Frutería Azan",41.648993,-0.897069,node/4369599183
shop,"Martín Martín",41.648873,-0.894402,node/4369599184
shop,Movistar,41.648932,-0.8951,node/4369599186
shop,,41.648655,-0.894356,node/4369599589
shop,Perfumares,41.648676,-0.894408,node/4369599590
shop,"Perfumería Julia",41.64917,-0.898275,node/4369599591
shop,"Óptica Andorrana",41.649048,-0.897571,node/4369599592
shop,"Pinturas Lepanto",41.649202,-0.897249,node/4369599593
shop,"Reformas Marvi",41.648677,-0.89453,node/4369599594
office,Tecnocasa,41.648878,-0.894687,node/4369599596
hospitality,"Terraza Santander",41.649032,-0.897228,node/4369599597
shop,"Viajes Eroski",41.648997,-0.895773,node/4369599598
shop,,41.648431,-0.894238,node/4369599599
shop,"Óptica Visión",41.649078,-0.896298,node/4369599600
hospitality,Aragón,41.646813,-0.895231,node/4369622339
shop,"Armarios Enova",41.647507,-0.894263,node/4369622340
office,"Asesoría Inmobiliaria Marco",41.647092,-0.894809,node/4369622341
shop,"Carnicería Fernando",41.646314,-0.894154,node/4369622342
shop,"Colchonerías Altair",41.64676,-0.894772,node/4369622343
shop,"Comida para llevar Eva",41.646717,-0.894718,node/4369622344
school,"Escuela de Flamenco Los Cabales",41.646529,-0.894541,node/4369622345
school,"Escuela de patronaje Victoria López",41.646692,-0.89465,node/4369622346
shop,,41.646499,-0.894482,node/4369622347
shop,"Frutas y Verduras Pak",41.64639,-0.894268,node/4369622348
shop,"Gastrocroquetería Smileys",41.646779,-0.894824,node/4369622349
shop,Laborda,41.646851,-0.895268,node/4369622350
shop,"Multiprecios La Casa",41.647457,-0.894418,node/4369622351
shop,"Obrador Pastelería Thais",41.647474,-0.894375,node/4369622353
shop,"Papelería Torino",41.647074,-0.89485,node/4369622355
hospitality,"Sushi Teito",41.646438,-0.894132,node/4369622356
shop,"Ultramarinos Casablanca",41.647001,-0.894944,node/4369622357
shop,"Viajes Glauka",41.647218,-0.894349,node/4369622359
hospitality,Yoneice,41.646803,-0.894863,node/4369622360
shop,Clarel,41.657172,-0.893124,node/4373317398
hospitality,"Cafetería El Castillo",41.656232,-0.894148,node/4373481689
shop,Portebel,41.652533,-0.879416,node/4373514390
shop,Forcasa,41.642714,-0.895923,node/4373533998
hospitality,"Hermanos Cortés",41.642743,-0.896033,node/4373534395
hospitality,"Stop Tavern",41.642063,-0.894598,node/4373602589
shop,Atlántida,41.641983,-0.894411,node/4373602690
tourism,"Hotel Tibur",41.655015,-0.876391,node/4373621277
hospitality,Compromiso,41.646318,-0.871717,node/4373622992
market,"Mercado Compromiso de Caspe",41.646337,-0.871908,node/4373628491
office,MGS,41.653742,-0.877853,node/4373680414
shop,,41.653561,-0.878012,node/4373727497
office,Ocaso,41.654774,-0.886263,node/4373730291
shop,Pelayo,41.650082,-0.88703,node/4373887293
shop,Emi,41.654317,-0.884699,node/4373893289
shop,Trébol,41.652357,-0.910583,node/4374242402
shop,Clarel,41.637842,-0.876679,node/4374281101
shop,"Administración 20",41.637764,-0.876804,node/4374281102
shop,AntesMuertaKSencilla,41.65905,-0.874456,node/4374281492
shop,Reija,41.650491,-0.883069,node/4374281496
hospitality,Rioja,41.652439,-0.910645,node/4374297993
shop,,41.644876,-0.907202,node/4374319792
shop,"Administración 5",41.652479,-0.879457,node/4374360492
shop,Belle,41.650859,-0.877637,node/4374473898
shop,Jaleo,41.642189,-0.894175,node/4374479301
shop,Women'secret,41.650321,-0.882377,node/4374487790
shop,Intimissimi,41.650182,-0.882515,node/4374541191
shop,,41.649563,-0.883148,node/4374551390
shop,"Hermanos Almau",41.652229,-0.910019,node/4374595592
shop,Kaymo,41.652126,-0.910504,node/4374634589
shop,Chicharrón,41.651605,-0.879795,node/4375318899
shop,"Halcón Viajes",41.651619,-0.879847,node/4375318998
hospitality,"El Palio",41.647005,-0.880603,node/4375475390
shop,"New Hyperluz",41.647061,-0.88057,node/4375483689
shop,Oroluz,41.655518,-0.895365,node/4375494191
shop,GAES,41.639897,-0.896204,node/4375530790
shop,"Yanguas Ópticos",41.658604,-0.893086,node/4375877709
shop,Fantoba,41.653174,-0.87858,node/4375893501
hospitality,Alibell,41.642461,-0.891916,node/4375900789
school,"Sprake School",41.645976,-0.889109,node/4377134589
bus_stop,"Paseo Pamplona 5",41.648329,-0.886849,node/4377942642
bus_stop,"Paseo Pamplona 15",41.6492,-0.887422,node/4377942643
shop,"Administración de lotería 80",41.647903,-0.886795,node/4379692583
school,"Aragonesa de Educación",41.64765,-0.88822,node/4379692584
office,"Asesoría Andrés Latorre",41.647705,-0.888039,node/4379692585
school,"Avenue English School",41.646695,-0.889586,node/4379692587
hospitality,"Bocatería Favorit",41.647759,-0.887841,node/4379692588
hospitality,"Bocatería Memory",41.647052,-0.888965,node/4379693189
hospitality,"Café de Siena",41.646263,-0.889808,node/4379693190
shop,ColorTech,41.647629,-0.888519,node/4379693192
shop,"Cosas de Bebés",41.645927,-0.890099,node/4379693194
shop,"Decoración Textil Montiel Decor",41.64571,-0.890294,node/4379693195
shop,"El Caballito de Mimbre",41.645517,-0.890444,node/4379693196
hospitality,"El Pájaro Azul",41.647804,-0.887723,node/4379693197
shop,"El Secreto de Ninette",41.646209,-0.889842,node/4379693198
office,"Mutua Aragonesa, El Volante Aragonés",41.647357,-0.888825,node/4379693199
shop,Escorpión,41.645731,-0.8902,node/4379693200
shop,"Estudio Tattoo IREZUMI",41.64676,-0.889324,node/4379693203
shop,Garras,41.645586,-0.890393,node/4379693204
hospitality,Gorricho,41.64849,-0.887124,node/4379693205
shop,Gu'ss,41.646731,-0.889539,node/4379693206
office,INAEM,41.647268,-0.888675,node/4379693207
hospitality,"Kytelers Inn",41.646092,-0.889984,node/4379693208
hospitality,"La Moncloa",41.646697,-0.889418,node/4379693209
shop,"Manuel Segura",41.64565,-0.890037,node/4379693210
shop,"Maquetas Beret",41.645684,-0.890105,node/4379693211
shop,"Natural Derm",41.647714,-0.887948,node/4379693212
hospitality,Sajonia,41.646301,-0.889741,node/4379693214
office,"Tesorería de la Seguridad Social",41.647875,-0.887455,node/4379693215
office,Todopisos,41.647922,-0.886962,node/4379693216
shop,Truko,41.647277,-0.888954,node/4379693217
shop,"Tus Complementos Low Cost",41.647914,-0.887036,node/4379693218
shop,"2 Bemoles",41.646978,-0.889049,node/4379693220
shop,Cyclon,41.663419,-0.884622,node/4380573492
shop,"CE Colada Express",41.643478,-0.894019,node/4380717091
office,Comuniter,41.643377,-0.894043,node/4380916791
shop,Duetto,41.638388,-0.87606,node/4381005090
shop,Fernando,41.638328,-0.876118,node/4381027390
shop,"Talleres Esgar",41.64193,-0.891315,node/4381041589
shop,Leyenda,41.642124,-0.891458,node/4381041689
office,"Fincas Fusión",41.658941,-0.87452,node/4381067489
office,"Urbanos de Zaragoza",41.648557,-0.885027,node/4381269092
shop,"Viajes Turopa",41.640325,-0.885768,node/4381949190
shop,"Viajes Xperience",41.657833,-0.892825,node/4381979996
hospitality,"52 Urdan",41.654383,-0.883976,node/4382000791
shop,"Centro Reto",41.657305,-0.89308,node/4382004709
hospitality,"La Colmena",41.654651,-0.884008,node/4382010494
hospitality,"Casa Salduie",41.654436,-0.884001,node/4382019290
shop,Alcampo,41.657942,-0.892722,node/4382019390
shop,Tupinamba,41.654482,-0.877221,node/4382019391
shop,"Estanco 67",41.642304,-0.87295,node/4382027096
shop,"Tahona Goyesca",41.642258,-0.872988,node/4382029392
hospitality,Ginos,41.640198,-0.909129,node/4382041290
shop,GAES,41.648297,-0.892527,node/4382059390
shop,"MANGO KIDS",41.64065,-0.909198,node/4382071490
hospitality,Tony,41.654361,-0.877322,node/4382109790
shop,"Construcciones Navascués Zalaya",41.645969,-0.908675,node/4382114997
shop,"Frutas Gabi",41.653109,-0.884241,node/4382411891
hospitality,Boré,41.653203,-0.884205,node/4382437389
shop,"Natur House",41.660265,-0.873901,node/4383158395
school,"Iber Logo",41.655652,-0.894832,node/4383204789
hospitality,"La Charrada",41.648414,-0.90841,node/4383295603
office,"Dr. Property",41.640424,-0.895706,node/4383337790
shop,Cortefiel,41.649429,-0.884165,node/4383398689
hospitality,"Bocatería Yolimar",41.64833,-0.908371,node/4383432996
hospitality,Shifu,41.64439,-0.885608,node/4383448792
shop,Panishop,41.651478,-0.879334,node/4383540792
hospitality,"Bar Comic",41.666292,-0.872352,node/4383540794
shop,"B the travel brand",41.653346,-0.884152,node/4383540795
office,Mapfre,41.66624,-0.872063,node/4383548496
shop,Larraz,41.651419,-0.879132,node/4383565292
hospitality,"Hot Pot",41.651536,-0.880718,node/4383565391
hospitality,"Hits Noodles",41.651532,-0.880844,node/4383565392
shop,"Carolina Herrera",41.648448,-0.881884,node/4383567194
shop,"Max Mara",41.648513,-0.881816,node/4383567195
shop,Scalpers,41.648621,-0.882019,node/4383567196
shop,Cibervia,41.654044,-0.884639,node/4383629996
shop,Proxim,41.653978,-0.88449,node/4383656701
hospitality,"La Glorieta",41.640478,-0.88566,node/4383869791
office,,41.652093,-0.884875,node/4383891494
office,Donpiso,41.652587,-0.884436,node/4383891593
hospitality,"El Tauro",41.655567,-0.892762,node/4383895691
office,MGS,41.65377,-0.910243,node/4384038311
office,Azajer,41.653691,-0.910345,node/4384038312
shop,"Moda Moda",41.654023,-0.901617,node/4384058297
shop,Trenexpreso,41.641973,-0.893621,node/4384207198
office,"Santa Lucía",41.655274,-0.904279,node/4384228891
office,"DKV. Previasa.",41.653809,-0.884383,node/4384535428
shop,Manke,41.652317,-0.909653,node/4385012193
shop,Douglas,41.652118,-0.909609,node/4385023391
shop,Breylo,41.652245,-0.90994,node/4385061889
shop,Ferrymas,41.652086,-0.909809,node/4385061989
shop,"Locutorio Cumbaya",41.64035,-0.88751,node/4385180592
shop,Josgel,41.653642,-0.877951,node/4385197389
shop,Agrimoto,41.64066,-0.888387,node/4385213995
shop,Sephora,41.65191,-0.881623,node/4385234890
shop,Movifix,41.648565,-0.900109,node/4385253893
shop,"Quickgold Gran Vía",41.64621,-0.887244,node/4385525295
shop,Effingo,41.650845,-0.876582,node/4385627491
shop,Federópticos,41.651267,-0.877959,node/4385661690
hospitality,Bardot,41.646229,-0.887183,node/4385691789
office,"Cáritas Diocesana",41.655876,-0.875814,node/4385735889
shop,Bogar,41.660969,-0.873633,node/4385814890
hospitality,"Doner Kebab Turco",41.660819,-0.873316,node/4385814891
shop,"Moda Viva",41.652419,-0.909308,node/4385989195
shop,Shunfa,41.652355,-0.909486,node/4386006496
shop,"Estanco y Lotería Paseo Independencia",41.649578,-0.883144,node/4386803296
shop,Parfois,41.649751,-0.882967,node/4386836194
hospitality,"El Jabalí",41.652305,-0.91057,node/4386869894
hospitality,"El Museo",41.655126,-0.903161,node/4386938689
shop,Bolero,41.640695,-0.884801,node/4387011490
office,Atenzia,41.649189,-0.886896,node/4387020753
shop,Diversa,41.640341,-0.88471,node/4387037389
office,Blasco,41.655186,-0.893398,node/4387042295
office,Inycom,41.655081,-0.89337,node/4387047297
shop,Killaz,41.642736,-0.892422,node/4387150596
hospitality,"Matisse Aljaferiacafe",41.659226,-0.893549,node/4387224890
shop,"Martina & Co",41.642703,-0.892367,node/4387237490
office,"Dr. Property",41.642446,-0.882645,node/4387309795
shop,Cristalbox,41.641545,-0.891034,node/4387311793
shop,"Bretón 31",41.645304,-0.897645,node/4387358292
hospitality,Sango,41.654671,-0.902361,node/4387358893
shop,Bilop,41.64341,-0.892922,node/4387406690
shop,"Óptica Universitaria",41.651624,-0.881899,node/4387429491
shop,Almer,41.641863,-0.893448,node/4387484089
office,YMCA,41.634013,-0.881206,node/4387500689
shop,Lavanda,41.650361,-0.876025,node/4387506493
shop,,41.650575,-0.875973,node/4387611090
shop,"Bella Vida",41.642846,-0.892615,node/4388887921
shop,Dia,41.647343,-0.899223,node/4388940427
hospitality,"Luis Buñuel",41.646401,-0.89859,node/4388940428
shop,"Más Q Manos",41.653797,-0.902562,node/4388953878
hospitality,"22.2º Pizza al Taglio",41.64811,-0.903698,node/4389075690
shop,"Óptica Luna",41.64816,-0.903524,node/4389101589
school,"Formatel. E-learning.",41.645821,-0.88827,node/4389249973
office,"Inmobiliaria Planas",41.645664,-0.888681,node/4389249975
office,"Integra. Estrategia y Tecnología.",41.645725,-0.88851,node/4389249976
shop,"Amalaleche Gallery",41.646185,-0.887315,node/4389249977
school,"PlusUltra Formación",41.646077,-0.887553,node/4389249978
shop,"Solución Óptica",41.64606,-0.887599,node/4389249979
office,Lauden,41.65873,-0.891793,node/4391561891
shop,"Decoraciones Ibor",41.661938,-0.872719,node/4391607492
shop,D'Streno,41.661798,-0.872775,node/4391607493
hospitality,"Tábula Café",41.644528,-0.870623,node/4391669591
shop,Langa's,41.653925,-0.877144,node/4391784089
shop,"Calzados Nika",41.652702,-0.902027,node/4391790389
shop,"Más Q Manos",41.660453,-0.897422,node/4391801789
shop,Foticos,41.66031,-0.897484,node/4391801790
hospitality,Domino's,41.640232,-0.872881,node/4392218290
hospitality,"De Moretti",41.639601,-0.895731,node/4392495590
shop,Encuentros,41.643077,-0.893253,node/4393358990
hospitality,"La Sole",41.659046,-0.889494,node/4394146678
office,"Vilarrubí Abogados",41.648514,-0.885401,node/4394818790
hospitality,Marianela,41.655966,-0.880617,node/4394933090
bus_stop,"Sobrarbe 3",41.65874,-0.874423,node/4395170039
hospitality,"La Maestra",41.663727,-0.88283,node/4395421303
shop,Dia,41.664722,-0.884032,node/4395996734
tourism,"Hotel Alfonso",41.653283,-0.882332,node/4396028746
hospitality,"Miss Sushi",41.653421,-0.882701,node/4396037527
hospitality,Odeon,41.654604,-0.874843,node/4396067289
hospitality,Uasabi,41.652896,-0.880414,node/4396096595
tourism,"Escuela Museo Origami Zaragoza",41.650822,-0.870631,node/4396110843
hospitality,17punto10,41.640768,-0.892298,node/4396227622
hospitality,Momo,41.640722,-0.893212,node/4396244291
hospitality,"El Trujalico",41.653718,-0.876769,node/4397391100
hospitality,"El Sidecar",41.65381,-0.876944,node/4397391503
shop,KMKAZE,41.653343,-0.875799,node/4397392495
shop,Primaprix,41.639531,-0.89584,node/4397404193
hospitality,"El Museo de la Cerveza",41.649514,-0.875675,node/4397420697
hospitality,"Giuliet Gastrobar",41.649505,-0.875573,node/4397420698
bus_stop,"Violante de Hungría 5",41.638732,-0.900913,node/4398109467
office,"Ferrero Castán",41.650419,-0.900997,node/4398625190
shop,"Pinturas Dekora",41.650341,-0.900969,node/4398664389
office,"Mundo Actur",41.647229,-0.872789,node/4398698089
hospitality,Guadarrama,41.655609,-0.891498,node/4398708590
shop,"Souvenirs Zaragoza",41.655114,-0.876713,node/4398721893
office,"Best House",41.64871,-0.881942,node/4398743589
shop,Esenzia,41.653017,-0.875428,node/4398748797
hospitality,Meli-Melo,41.653318,-0.875752,node/4398748798
shop,Panishop,41.655582,-0.891276,node/4398769489
shop,"Fruta Sana",41.640429,-0.888735,node/4398813594
office,"Despacho de traducción",41.658361,-0.889484,node/4398824289
hospitality,"Los Remos",41.640201,-0.888287,node/4398824292
hospitality,,41.648262,-0.873884,node/4398879891
shop,,41.647754,-0.885824,node/4398887190
school,"Grupo Piquer",41.638414,-0.896134,node/4398908790
shop,Raxon,41.639256,-0.895916,node/4399258795
office,Logisit,41.639153,-0.895902,node/4399258796
shop,"Hiper Ebro Asia",41.666058,-0.87222,node/4400064289
shop,"ABC Floppy",41.643694,-0.89267,node/4401524347
school,"Academia Bosque",41.64479,-0.89468,node/4401524348
shop,Fotoprix,41.644656,-0.892053,node/4401524349
office,"Administración de Fincas Millán Gracia",41.645474,-0.897566,node/4401524350
office,"Administración de Fincas Urbanlek",41.644865,-0.896302,node/4401524351
shop,"Administración de Lotería 16",41.644182,-0.892307,node/4401524352
shop,"Agua Contamina Chueca",41.643958,-0.893295,node/4401524353
hospitality,"King Döner Kebab Asia",41.645907,-0.897652,node/4401524354
shop,Alicia,41.64337,-0.893283,node/4401524355
shop,"Alimentación Paz",41.645526,-0.896173,node/4401524356
shop,"Antiguedades Baneire",41.644522,-0.893897,node/4401524357
shop,Anvela,41.644525,-0.894125,node/4401524358
office,"Asesoría Bretón",41.644763,-0.896096,node/4401524359
office,"Asesoría RF",41.644429,-0.892875,node/4401524360
office,"Asociación Cultural del Colegio Alemán",41.643459,-0.89286,node/4401524361
shop,Azahara,41.644993,-0.896557,node/4401524362
hospitality,B-30,41.644744,-0.896064,node/4401524363
hospitality,"Bar Encontro",41.644182,-0.893107,node/4401524365
shop,"Bazar Asia",41.645288,-0.897169,node/4401524366
shop,"Belleza y Bienestar",41.644041,-0.893038,node/4401524367
shop,,41.643841,-0.892533,node/4401524368
hospitality,"Bocatería Clares",41.644527,-0.895405,node/4401524369
hospitality,"Bocatería Gym Club",41.644373,-0.893566,node/4401524370
hospitality,"Boulevard 46",41.645597,-0.897711,node/4401524371
hospitality,Bretón,41.644293,-0.895093,node/4401524372
hospitality,"Burger King",41.644085,-0.892317,node/4401524373
hospitality,"Cantina del Barrio",41.644839,-0.894545,node/4401524374
shop,"Cash Converters",41.646175,-0.897065,node/4401524375
hospitality,"Centro Asturiano",41.645846,-0.896268,node/4401524376
shop,"Centro Dietético Polen",41.644594,-0.893194,node/4401524378
shop,Chef,41.644614,-0.895797,node/4401524380
shop,Ooh!,41.643797,-0.892577,node/4401524381
shop,"Cocinas Fogolar",41.646078,-0.897293,node/4401524382
shop,"Complementos Leonor",41.644646,-0.895852,node/4401524383
shop,"Componentes Bicicleta Baratos",41.645585,-0.895997,node/4401524384
shop,Comun20,41.645565,-0.895956,node/4401524385
hospitality,"Cotton Club",41.644882,-0.894642,node/4401524386
shop,Cuerpo-Mente,41.643837,-0.893209,node/4401524387
shop,"Uñas y Cejas",41.643596,-0.892764,node/4401524388
shop,Escabias,41.646098,-0.896589,node/4401524792
office,"Espacio de acogida para familias Torreón",41.645443,-0.895712,node/4401524793
shop,"Estela Carro",41.643184,-0.893334,node/4401524794
school,"Estudio Danza Carlota Benedí",41.644598,-0.894275,node/4401524795
shop,"Estudio Foto Madrid",41.64568,-0.897789,node/4401524796
shop,"Estudio Interiorismo Classico45",41.643776,-0.893476,node/4401524797
shop,Eurosec,41.646162,-0.896642,node/4401524798
shop,"Exclusivas Sorribas",41.645025,-0.896639,node/4401524799
shop,"Fartleck Sport",41.645356,-0.897338,node/4401524800
shop,Folder,41.644681,-0.89592,node/4401524801
shop,Frida,41.643474,-0.893845,node/4401524802
shop,"Pescados Charo",41.645468,-0.896052,node/4401524803
shop,"El Rincón",41.645171,-0.896841,node/4401524804
office,"Funeraria San Nicolás",41.645772,-0.897893,node/4401524805
school,"Fórum Aragón",41.644465,-0.893983,node/4401524806
shop,Tacatuca,41.643344,-0.893601,node/4401524808
office,"Gestión GV",41.644756,-0.894352,node/4401524809
shop,Grao-Gayoso,41.643767,-0.892603,node/4401524810
shop,,41.645743,-0.896146,node/4401524811
office,"Grupo Consultores Técnicos",41.644507,-0.89385,node/4401524812
shop,"Herboristería Maru",41.645125,-0.895356,node/4401524813
shop,"Hermanos Lahoz",41.645503,-0.896126,node/4401524814
tourism,"Hostal Castilla",41.644399,-0.893622,node/4401524815
office,"Inmobiliaria Adaix",41.646304,-0.896604,node/4401524816
shop,Beth's,41.643764,-0.891974,node/4401524817
shop,"Interiorismo La Jaula",41.646087,-0.89725,node/4401524818
shop,"Joyería Montón",41.644499,-0.895565,node/4401524819
office,Kemler,41.646118,-0.896476,node/4401524820
hospitality,,41.64448,-0.893312,node/4401524821
shop,"Dietas Sport",41.643263,-0.892394,node/4401524822
shop,"La Nube",41.643452,-0.893818,node/4401524823
hospitality,"La Nueva Carambola",41.644198,-0.892878,node/4401524824
hospitality,"La Romareda",41.64322,-0.893401,node/4401524825
shop,"La Tienda de las Camisas",41.643338,-0.893231,node/4401524826
shop,"M. Sebastián",41.644679,-0.893115,node/4401524828
office,"MST Alca Asesores",41.646207,-0.89653,node/4401524829
shop,Manke,41.643879,-0.894289,node/4401524830
shop,"Mercería El Siglo",41.644242,-0.893542,node/4401524832
hospitality,Moneva,41.644911,-0.896381,node/4401524833
hospitality,"Mr. Dumbo",41.644351,-0.893491,node/4401524834
shop,"Natur House",41.645643,-0.897756,node/4401524835
shop,Nina,41.643507,-0.893931,node/4401524836
shop,"Pan Lulú",41.645204,-0.897004,node/4401524847
shop,"Pastelería Juma",41.643901,-0.892474,node/4401524848
hospitality,"Las Vegas",41.646246,-0.896744,node/4401524849
shop,"Pelquería El Siglo",41.645498,-0.895823,node/4401524850
shop,"Pelquería Javier Sierra",41.644858,-0.894798,node/4401524851
shop,"Peluquería Dallas",41.645621,-0.896271,node/4401524852
shop,"Peluquería Juan Carlos",41.644595,-0.895719,node/4401524853
shop,"Peluquería Patricio",41.644024,-0.894564,node/4401524854
hospitality,"Mi Marrano",41.643206,-0.892451,node/4401524855
shop,"Peluquería Thais",41.644814,-0.894486,node/4401524856
hospitality,"Pub Rissani",41.644787,-0.894435,node/4401524858
office,"Reformas Belme",41.645171,-0.895221,node/4401524859
shop,"Nuevas Líneas",41.643626,-0.892733,node/4401524860
shop,SCM,41.645502,-0.897646,node/4401524861
shop,"Sagrario Quílez",41.644607,-0.895771,node/4401524862
hospitality,"Taberna Morroputa",41.644444,-0.893732,node/4401524864
shop,"Talleres Elzo",41.645908,-0.896335,node/4401524866
shop,Tatuajes,41.645884,-0.89778,node/4401524867
hospitality,"Tik Tak",41.644321,-0.892769,node/4401524868
shop,Yupii,41.64349,-0.893891,node/4401524869
school,"Zamorano Espacio",41.644396,-0.893858,node/4401524870
shop,"Ôptica Bretón",41.64481,-0.896212,node/4401524872
shop,Tarín,41.648352,-0.881668,node/4402447590
hospitality,"La Famiglia se sienta a la mesa",41.648225,-0.884115,node/4404034990
hospitality,Buganvilla,41.6537,-0.878346,node/4404099097
hospitality,Laloe,41.653744,-0.878443,node/4404099098
shop,Göteborg,41.654426,-0.877255,node/4404128890
bus_stop,"Violante de Hungría / Facultad de Ciencias Sociales",41.642276,-0.905616,node/4404141293
shop,Idiomátika,41.642541,-0.905948,node/4405508493
school,"Academia Yes",41.642486,-0.907302,node/4405527689
hospitality,"El Champi Zgz",41.653543,-0.880081,node/4405678399
office,Reale,41.653491,-0.909932,node/4405872193
shop,Breylo,41.64806,-0.899688,node/4406640390
hospitality,"Restaurante de las Cortes de Aragón",41.656285,-0.897587,node/4406783090
hospitality,Clochard,41.649462,-0.875172,node/4407187790
hospitality,"Casa Germán",41.649703,-0.875652,node/4408332494
shop,"Los Tulipanes",41.640811,-0.884527,node/4408344790
office,"Tu casa está aquí",41.649105,-0.900449,node/4409496937
hospitality,JM,41.660324,-0.873869,node/4409569792
shop,Fotoprix,41.659894,-0.874074,node/4409649889
shop,"Comercial Bea",41.660384,-0.874023,node/4409651789
hospitality,"El Olivo",41.642783,-0.896177,node/4409993591
hospitality,"La Tagliatella",41.638074,-0.898255,node/4410213989
shop,Serrano,41.653002,-0.878776,node/4410443389
office,"Colegio Abogados Zaragoza",41.652816,-0.878615,node/4410443390
shop,Stil,41.647863,-0.890724,node/4411696479
bus_stop,"Echegaray y Caballero frente a R. Celma",41.658824,-0.88979,node/4411957783
hospitality,"El Refugio del Crápula",41.652414,-0.874198,node/4413036508
shop,"Zeta Hogar",41.642273,-0.882687,node/4413477695
shop,Maiservicios,41.661748,-0.873353,node/4413512694
office,"Movilidad Urbana",41.649644,-0.885026,node/4414851604
office,"Oficinas del Tranvía de Zaragoza",41.646289,-0.887369,node/4417645201
hospitality,"Café da Luxe",41.655534,-0.878598,node/4418189384
hospitality,"Noor Doner Kebab",41.655636,-0.894921,node/4418919955
shop,ONCE,41.649375,-0.883538,node/4420094718
hospitality,"Wenzhou Shifu",41.636126,-0.875102,node/4420309214
bus_stop,"Don Jaime I con Plaza de La Seo",41.655307,-0.87673,node/4420417409
shop,"Peluquería Beauty's Style",41.639626,-0.886615,node/4420688790
shop,Badal,41.647415,-0.873712,node/4425378345
shop,"Peluquería 2001",41.644608,-0.912677,node/4427552567
school,"La Salle Gran Vía",41.640092,-0.893317,node/4430902890
office,Propiso,41.642938,-0.894821,node/4431480014
shop,"Moda Sagasta 21",41.642564,-0.885895,node/4432209289
shop,ONCE,41.645607,-0.885398,node/4432209290
bus_stop,"Diputados / Avenida de Madrid",41.656013,-0.895444,node/4433007169
office,Mapfre,41.640539,-0.884959,node/4433069479
shop,Carlin,41.644045,-0.87288,node/4436533889
bus_stop,"Avenida de San José 124",41.638248,-0.876107,node/4441383417
shop,"Hiper Eco",41.646355,-0.87206,node/4442119761
hospitality,"Los Rotos",41.653456,-0.880265,node/4442405292
hospitality,Santiago,41.656107,-0.879266,node/4442422390
hospitality,"Café DPch Rock",41.653149,-0.885195,node/4442890866
hospitality,"De Tapeo Rock",41.653009,-0.885719,node/4442939491
hospitality,"El rincón de Tito",41.651956,-0.891098,node/4445102389
shop,Re-Read,41.63919,-0.896864,node/4447384164
shop,"El Rincón",41.639703,-0.88613,node/4447566150
shop,"Bingo el Ciclista",41.650825,-0.886867,node/4448991020
hospitality,"La terraza del teatro",41.652603,-0.879013,node/4449540492
hospitality,"100 Montaditos",41.652379,-0.878875,node/4449541991
office,Admifin,41.652913,-0.884289,node/4449831189
shop,Makanuï,41.654389,-0.877521,node/4451789381
bus_stop,"Vía Hispanidad / Asín y Palacios",41.63352,-0.907596,node/4452526204
bus_stop,"Vía Hispanidad (Montpellier)",41.63612,-0.912307,node/4452534598
office,Hablitale,41.645082,-0.911144,node/4456470751
bus_stop,"Sobrarbe 55",41.660459,-0.873731,node/4458342490
shop,Coem,41.640703,-0.890505,node/4459669483
bus_stop,"Jorge Cocci 3",41.648793,-0.870646,node/4459759292
bus_stop,"Condes de Aragón / Juan Pablo II",41.636768,-0.907162,node/4461779807
bus_stop,"Coso 126",41.650899,-0.875488,node/4466664695
bus_stop,"Hernán Cortés 10",41.649194,-0.888677,node/4468055464
shop,"Colchones Aznar",41.638264,-0.884106,node/4472886492
shop,Lar,41.638066,-0.884186,node/4473418691
shop,Clarel,41.638454,-0.884454,node/4473421592
shop,"Alex Movilex",41.653722,-0.883649,node/4477568620
office,"Itaka Escolapios",41.654532,-0.884475,node/4482432408
shop,"Loterías y Apuestas del Estado",41.651469,-0.877672,node/4483871508
hospitality,Kelpie,41.638117,-0.893452,node/4484616889
shop,Reprografía,41.642174,-0.903648,node/4491183389
bus_stop,"Valle de Broto / Intercambiador",41.666296,-0.886833,node/4491441366
bus_stop,"Valle de Broto / Intercambiador",41.666444,-0.886769,node/4491441367
office,"Unión de Consumidores de Aragón",41.654555,-0.880579,node/4492211857
shop,Alcampo,41.652128,-0.901771,node/4502243949
shop,Sancarlos,41.65311,-0.906269,node/4502317862
shop,"Multiópticas Bergua",41.652976,-0.905929,node/4502317863
shop,"El Rincón",41.648046,-0.893027,node/4505006469
hospitality,"El Palacio",41.656558,-0.895205,node/4506375542
shop,nenena,41.645057,-0.880053,node/4506905089
hospitality,"Cafetería Di Garda",41.651121,-0.890831,node/4508429690
shop,"Viajes Tejedor",41.648471,-0.889508,node/4508440192
shop,,41.648712,-0.889041,node/4508447389
hospitality,Cebrián,41.640137,-0.894676,node/4511198404
shop,ONCE,41.641136,-0.894361,node/4511212039
hospitality,"La Tahona Sallentina",41.641586,-0.893082,node/4513956697
hospitality,Urola,41.641481,-0.892897,node/4513956698
bus_stop,"Corona de Aragón 51",41.644727,-0.899395,node/4517079078
shop,BHS,41.645417,-0.877413,node/4518809760
hospitality,Tramontana,41.645724,-0.877706,node/4518809762
hospitality,Zityzen,41.642823,-0.893099,node/4519562332
bus_stop,"Camino de las Torres 35",41.644161,-0.878715,node/4525177896
bus_stop,"Gascón de Gotor 4",41.639572,-0.887419,node/4526907886
shop,"Supermercados Noly",41.662547,-0.86998,node/4527903242
shop,Orange,41.651596,-0.88101,node/4533615307
bus_stop,"Avenida Francisco de Goya 3",41.642368,-0.886757,node/4537599140
shop,Bershka,41.643999,-0.883353,node/4539799221
shop,"Ana Manao",41.64473,-0.883617,node/4539805722
shop,Oysho,41.644389,-0.883311,node/4539805723
shop,dormity.com,41.644447,-0.883363,node/4539805724
shop,Tramas,41.644303,-0.883243,node/4539806122
shop,"Miller & Marc",41.64542,-0.884311,node/4539818295
shop,Gilca,41.644225,-0.883147,node/4539827108
hospitality,"Bunga burger",41.662095,-0.868862,node/4541839632
bus_stop,"Avenida de Cataluña 51",41.661441,-0.866814,node/4542017320
shop,"E. Hernández",41.646537,-0.873284,node/4544862040
office,"Balboa Marketing Fighters",41.641458,-0.890934,node/4546822011
bus_stop,"Avenida San Juan de la Peña / Mas de las Matas",41.664611,-0.871594,node/4547958044
hospitality,"Rock & Roll Circus",41.662284,-0.869325,node/4550724593
shop,"Estanco 75",41.648473,-0.870706,node/4550895459
office,Visalia,41.648439,-0.870879,node/4550895460
bus_stop,"Gómez Laguna 20",41.641903,-0.910064,node/4554064496
hospitality,"Cortes de Aragón",41.656183,-0.897276,node/4554303381
hospitality,"New York",41.653288,-0.874851,node/4554490256
bus_stop,"Asalto / Centro de Historias",41.650481,-0.870145,node/4563598947
shop,"Óptica Universitaria",41.641257,-0.896195,node/4564745089
hospitality,2003,41.654792,-0.898745,node/4568993284
bus_stop,"Valle de Broto / Kasán",41.66658,-0.882856,node/4571712135
shop,ONCE,41.654256,-0.884313,node/4573940437
hospitality,"Luna de Estambul",41.655618,-0.883837,node/4573946893
shop,ONCE,41.655417,-0.883009,node/4573950944
shop,"Velociclos del Ebro",41.65567,-0.882435,node/4573966334
hospitality,Casablanca,41.655549,-0.882157,node/4573966716
shop,ONCE,41.652617,-0.883353,node/4578328811
shop,"Pinturas y Papeles Romo",41.652497,-0.875338,node/4586132035
station,Zaragoza-Portillo,41.652742,-0.895905,node/4586239561
hospitality,"Bar El Picadillo",41.656148,-0.881129,node/4607717193
bus_stop,,41.663934,-0.875396,node/4608548689
bus_stop,"Anselmo Clavé / Santander",41.649161,-0.893865,node/4614028724
bus_stop,,41.63867,-0.870717,node/4616534501
shop,"La Vitrina Mobiliario",41.645553,-0.909835,node/4618291950
shop,ONCE,41.661092,-0.875863,node/4631926642
shop,Pasquier,41.657396,-0.883954,node/4632739065
hospitality,"Cafetería Green",41.663104,-0.871823,node/4647695105
shop,"Bon Area",41.661375,-0.87249,node/4647696017
hospitality,"The second house",41.663253,-0.868319,node/4650084096
hospitality,Biota,41.648155,-0.908003,node/4666366126
hospitality,Flamingo,41.648607,-0.908496,node/4666366127
shop,,41.648754,-0.908267,node/4666366128
hospitality,Oto,41.649864,-0.908916,node/4668689390
school,"English Connection",41.650142,-0.909668,node/4668701695
shop,ALE-HOP,41.658395,-0.909412,node/4672299058
hospitality,"La Campana Underground",41.656449,-0.88126,node/4681005923
shop,"Arte & Obras Aragón",41.642984,-0.889026,node/4683192413
bus_stop,"Paseo María Agustín, 20 (Museo Pablo Serrano)",41.651318,-0.890394,node/4689587755
shop,BonÀrea,41.64069,-0.883543,node/4692350290
bus_stop,"Paseo Echegaray y Caballero 12",41.658666,-0.889644,node/4692386679
school,"Autoescuela VipDiesel",41.649995,-0.909611,node/4695714990
shop,"Papelería Carlin",41.649903,-0.909567,node/4695778489
shop,ONCE,41.64612,-0.8719,node/4697605718
shop,Panishop,41.645272,-0.889625,node/4707046517
shop,"El Laboratorio de los Perfumes",41.635434,-0.879411,node/4707746494
shop,Dessin,41.636384,-0.878516,node/4707746495
shop,Melody,41.637043,-0.877382,node/4707759390
shop,"Claudia López",41.63642,-0.878476,node/4707775689
shop,"Cerrajería San Jorge",41.642654,-0.875372,node/4708356320
office,Phosmou,41.642393,-0.891774,node/4709912073
hospitality,"Pans & Company",41.653834,-0.881433,node/4718206385
shop,Juguettos,41.653546,-0.882866,node/4718327892
shop,"Locutorio Eridan",41.634708,-0.878409,node/4725378890
shop,"Zaragoza Ópticos",41.63619,-0.878455,node/4725378892
shop,"Tu Frutería",41.637164,-0.877231,node/4725378893
shop,Overpani,41.637087,-0.877328,node/4725385191
shop,"Óptica CBV",41.636616,-0.878247,node/4725385290
bus_stop,"Anselmo Clavé 21",41.651722,-0.893404,node/4734730463
bus_stop,"Concepción / Miguel Servet",41.647603,-0.874804,node/4734858900
shop,"Siete Flores",41.648531,-0.879963,node/4740244521
hospitality,Titanic,41.649012,-0.89864,node/4741401029
bus_stop,"Marques de La Cadena / Campo de Fútbol",41.665352,-0.868001,node/4753473357
bus_stop,,41.665051,-0.867988,node/4753473358
office,"Synergie ETT",41.645511,-0.88012,node/4765158863
hospitality,Koalalumpur,41.641202,-0.896581,node/4767884949
office,"Maubic Soluciones tecnológicas",41.651361,-0.878232,node/4789758209
shop,"Papelería Lorca",41.635359,-0.879318,node/4800451137
hospitality,"El Agape Zamorano",41.660763,-0.878708,node/4809655921
hospitality,Michun,41.660806,-0.876745,node/4809655922
hospitality,"Bar Paty",41.659941,-0.87844,node/4809656021
shop,"Peluqueria Arrabal",41.66066,-0.876221,node/4809656121
station,Zaragoza-Delicias,41.658573,-0.911388,node/4813092198
shop,Dia,41.651852,-0.910894,node/4821272830
shop,"Confecciones Unimar",41.65144,-0.911193,node/4821272832
hospitality,"Café Weekend",41.651707,-0.910389,node/4821272833
hospitality,Vicio,41.651699,-0.911615,node/4821325363
shop,"Profesional Tattoo",41.651062,-0.911664,node/4821325366
shop,"Henry Fotógrafos",41.651678,-0.911427,node/4821325367
hospitality,"Bar El Gran Gavilán",41.651419,-0.912837,node/4821325368
shop,"Yolanda Abalorios",41.65095,-0.912535,node/4821325372
shop,"Antigua Mercería Victoria",41.651625,-0.911942,node/4821325374
shop,"La tienda barata",41.651192,-0.912379,node/4821325377
shop,"La nueva frutería",41.650971,-0.912276,node/4821325378
shop,"Viajes El Corte Inglés",41.641495,-0.9118,node/4821368450
hospitality,Paraninfo,41.64191,-0.911897,node/4821368452
hospitality,"Carlos González López",41.64175,-0.913009,node/4821368453
hospitality,Ansbach,41.642107,-0.911611,node/4821377176
shop,"Alberto & Frank",41.641996,-0.911132,node/4821377178
shop,"Marco Aldany",41.642013,-0.909951,node/4821420300
hospitality,"The Old Sport Tavern",41.642991,-0.912028,node/4821420302
shop,"Lan Informática",41.642929,-0.911648,node/4821420303
shop,"Talleres Rada",41.642604,-0.911716,node/4821420305
hospitality,"Jardín Oriental II",41.642534,-0.911057,node/4821420307
hospitality,Paris,41.642659,-0.911014,node/4821420308
hospitality,Torrijo,41.642771,-0.910967,node/4821420309
shop,"Frutas P. Muniesa",41.642813,-0.911048,node/4821420310
shop,"Talleres Juan Carlos Cerauto",41.643066,-0.911686,node/4821420313
shop,Distemaq,41.642966,-0.911191,node/4821420315
shop,Pinky's,41.642906,-0.910935,node/4821420316
shop,"Carma Moda y Complemenos",41.643324,-0.911335,node/4821420320
office,"AXA Oficina Andrade & Aragón",41.6436,-0.911704,node/4821420421
shop,"Los Ángeles",41.643494,-0.911461,node/4821420422
shop,"Construcciones Pinilla Gimeno",41.64344,-0.911168,node/4821420423
shop,,41.643661,-0.910666,node/4821420424
shop,"Peluquería de caballeros",41.643707,-0.910937,node/4821420426
shop,"Papelería María Guerrero",41.643809,-0.911458,node/4821420427
hospitality,"Café La Vícora",41.643839,-0.911624,node/4821420428
shop,"Frutas y Verduras Julia Mariluz",41.644008,-0.911568,node/4821420429
shop,"Charcuterías Ibéricas",41.644143,-0.911444,node/4821420430
shop,"Frutas y verduras Victor Casao",41.644254,-0.910954,node/4821420431
shop,"RML - Recambios de electrodomésticos",41.64393,-0.909275,node/4821420432
school,"Actividades Formativas",41.643838,-0.909171,node/4821420433
hospitality,"Parque Univérsitas",41.643586,-0.909067,node/4821420435
shop,"Cosas de Niños",41.643521,-0.909128,node/4821420436
shop,"Floristería Paloma",41.643548,-0.909301,node/4821420437
shop,"El buen manjar",41.643566,-0.909394,node/4821420438
shop,"El Faro de la Bozada",41.643612,-0.909599,node/4821420439
shop,"Deportes Zenit",41.643641,-0.909757,node/4821420440
shop,"Ferretería Universitas",41.64366,-0.909844,node/4821420441
shop,Pintauto,41.643742,-0.910246,node/4821420442
shop,"Restauraciones Boldova",41.643889,-0.910956,node/4821420444
hospitality,"Tapeo La Bozada",41.643171,-0.910529,node/4821420445
office,"Asociación de Vecinos María Guerrero",41.643152,-0.910417,node/4821420446
shop,"Joyería Miguel Ángel",41.642994,-0.909652,node/4821420448
shop,"Carnicería Sal y Pimienta",41.642948,-0.909434,node/4821420449
shop,Lafer,41.643604,-0.910377,node/4821420454
shop,"Bazar Super Euro",41.643541,-0.910055,node/4821420455
shop,"Talleres Francisco Cercos",41.643527,-0.909976,node/4821420456
shop,"El árbol de la vida",41.643462,-0.909709,node/4821420458
shop,"Mi Alcampo",41.64325,-0.909211,node/4821420460
shop,Iberoptica,41.64414,-0.912228,node/4821420468
shop,"Zen Natur",41.643974,-0.912298,node/4821420469
hospitality,"Cervecería Lubrins",41.643889,-0.912368,node/4821420470
shop,"RAIZES Artesaría Floral",41.643757,-0.912467,node/4821420471
hospitality,"Café Los Caprichos",41.643606,-0.912229,node/4821450055
shop,"Martín Martín",41.643765,-0.912115,node/4821450057
hospitality,"La Murillana",41.643626,-0.911963,node/4821450060
shop,Puas,41.645133,-0.910527,node/4821450063
office,"Qualitas Management",41.645278,-0.909289,node/4821450066
shop,"Talleres Villa Hermosa SL",41.645814,-0.909022,node/4821450067
shop,"Don y Doña",41.645398,-0.907529,node/4821450069
shop,"Eclipse Estilistas",41.64459,-0.907554,node/4821450071
shop,Tedia'x,41.646195,-0.91315,node/4821450075
shop,"Lazaro interiorismo",41.646426,-0.91322,node/4821450078
shop,Huellikas,41.649707,-0.911982,node/4821492950
shop,"Peluquería Rosa Romero",41.649579,-0.911942,node/4821492951
shop,"Automóviles Antoñanzas",41.649775,-0.912226,node/4821492952
school,"Centro Municipal de Tiempo Libre El Cuco",41.649605,-0.913049,node/4821492954
shop,"Reformas Pirineos",41.648482,-0.913146,node/4821503885
shop,"Peluquería Wicko",41.648453,-0.913286,node/4821503886
shop,"SAPA Motors",41.648544,-0.912922,node/4821503887
hospitality,Niza,41.649149,-0.911728,node/4821503889
hospitality,"Bar Zaragozano",41.650748,-0.912595,node/4821503897
shop,"Herbodietética Pirineos",41.650782,-0.912399,node/4821503898
school,"Asociación Cultural Grupo Folklórico Nobleza Baturra",41.650376,-0.912603,node/4821503901
shop,"Despacho de pan y leche",41.651325,-0.910258,node/4821509926
hospitality,"Vía Única",41.651249,-0.910206,node/4821509927
hospitality,"Rincón de Víctor",41.651124,-0.911165,node/4821509928
shop,Mastercommer,41.650869,-0.911283,node/4821509930
shop,"Alvaro Sanz Esteban",41.650185,-0.911274,node/4821509931
shop,"Talleres Quirante",41.650598,-0.911013,node/4821509932
shop,Ileak,41.651175,-0.910219,node/4821509933
shop,"La Artesanica",41.651063,-0.910086,node/4821516932
office,"Seguros Pelayo",41.650863,-0.910002,node/4821516934
shop,"Industrias Juno",41.650967,-0.91005,node/4821516935
shop,"Marvin's Stylist",41.650712,-0.909951,node/4821516936
shop,"Tienda Acer Zaragoza",41.650639,-0.909912,node/4821516937
shop,"Muebles s. XXI",41.650341,-0.910055,node/4821516938
hospitality,Armonía,41.649346,-0.911211,node/4821516940
shop,"Hermanos Ibáñez",41.649794,-0.910659,node/4821516942
shop,"La Vida es Bella",41.649151,-0.910812,node/4821543426
office,"Correduría de Seguros Minguez",41.649055,-0.91072,node/4821543427
school,"Autoescuelas K",41.649106,-0.910514,node/4821543428
hospitality,"Bar Palenque",41.649175,-0.910174,node/4821543429
hospitality,"Cuatro Estaciones",41.649273,-0.909721,node/4821543430
school,"Escuela de baile Salsaragón",41.649211,-0.910001,node/4821543431
shop,"Reformas Integrales Roypes",41.649359,-0.909435,node/4821543432
shop,"Papelería Compás",41.64949,-0.909364,node/4821543433
shop,Formas,41.64956,-0.909405,node/4821543434
shop,"Herboristería VITALDIET - UNIVÉRSITAS",41.649663,-0.909456,node/4821543435
shop,"Bazar Casa Sun",41.649706,-0.909474,node/4821543436
shop,,41.650211,-0.909881,node/4821543437
shop,"Estilistas Estheral",41.650035,-0.910077,node/4821543438
shop,"Nuevos Aires",41.649949,-0.91019,node/4821543439
shop,KWL-Aqua,41.649689,-0.910467,node/4821543440
shop,Neoinmo,41.649343,-0.910773,node/4821543442
office,"Inmuebles Pérez Guerrero",41.643175,-0.907692,node/4821543443
hospitality,"De rechupete",41.642965,-0.907567,node/4821543444
hospitality,"El Rincón & Coffee",41.651837,-0.883209,node/4823234921
bus_stop,"Miguel Servet 60",41.645623,-0.871674,node/4827042719
bus_stop,"Avenida San Juan Bosco / Hospital Clínico",41.643533,-0.904938,node/4827043426
bus_stop,"Duquesa Villahermosa 10",41.648783,-0.900988,node/4827054431
bus_stop,,41.661272,-0.873192,node/4827054434
shop,"Phone Shop",41.645703,-0.889668,node/4827304663
shop,"Tienda alimentares",41.645826,-0.889339,node/4827305802
shop,"Peluquerìa Marco Aldany",41.64579,-0.88944,node/4827306578
office,Papelerìa,41.646173,-0.888546,node/4827311430
office,Caser,41.646418,-0.886679,node/4827315080
shop,"Relojes y Joyas Antonio Casanova",41.651724,-0.911444,node/4831614657
hospitality,"Bar Mei Le",41.651597,-0.911402,node/4831614658
shop,"Lencería Fernando",41.651332,-0.911184,node/4831614659
office,"Zara Credts",41.651142,-0.911391,node/4831614660
hospitality,"Bar Sabel",41.651177,-0.911147,node/4831614661
shop,"Vehículos de ocasión FB",41.651011,-0.911201,node/4831614663
shop,"Imprenta La Guillotina",41.650528,-0.911494,node/4831614665
shop,"Haynes Peluquería",41.650478,-0.911545,node/4831614666
shop,Olga,41.650352,-0.911612,node/4831614667
shop,"Carnicería Tánger",41.650254,-0.911664,node/4831614668
hospitality,Ibdes,41.650052,-0.911775,node/4831614669
shop,"Fruta y verdura Humanyoon",41.651312,-0.910343,node/4833592122
shop,"Cortinas Decoración",41.651376,-0.910581,node/4833592123
shop,"Confecciones Unimar",41.651308,-0.910965,node/4833592124
hospitality,"Bar El Cubetazo",41.651305,-0.911043,node/4833592125
shop,"Construcciones Jerónimo Molina",41.651177,-0.910494,node/4833592127
shop,"Reformas J.P.",41.650014,-0.911198,node/4833592128
shop,Chocopan,41.650284,-0.909795,node/4833599767
hospitality,"Bar Navarro 3",41.650451,-0.909955,node/4833599768
office,"UPTA Asociación de autónomos de Aragón",41.650278,-0.910137,node/4833599769
shop,"Frutas Cantin",41.650161,-0.909934,node/4833599770
shop,"La despensa de Ganesha",41.650113,-0.909989,node/4833599771
hospitality,"Tabernalia Isábena",41.650155,-0.910453,node/4833599773
shop,"Reformas Arafon",41.649869,-0.910256,node/4833599774
hospitality,"Puerta del Carmen",41.64992,-0.910562,node/4833599775
shop,MasRelax,41.649747,-0.910695,node/4833599776
office,SureSoft,41.649464,-0.910984,node/4833599779
shop,Tussen,41.649283,-0.910828,node/4833599780
hospitality,"Cafe Bar Simi",41.649246,-0.910826,node/4833600772
hospitality,"Mirrows Siglo XXI",41.649144,-0.910318,node/4833638334
shop,Diusframi,41.649315,-0.909552,node/4833638336
shop,"Aurelio Cerrajería",41.640444,-0.886228,node/4834444723
shop,Tattwins,41.635542,-0.884503,node/4834447222
hospitality,"Nerea Cafe-Bar",41.63535,-0.884491,node/4834451622
shop,Sabores,41.635431,-0.884515,node/4834455621
shop,"Silent Grow Shop",41.651122,-0.911464,node/4835611692
office,"Jaime Ruiz Aldea",41.651035,-0.911733,node/4835611693
shop,"Peluquería Nuria Fernández",41.650974,-0.912011,node/4835637258
hospitality,"Bar Mari Ros",41.651429,-0.91267,node/4835637260
shop,Raffel,41.651443,-0.912461,node/4835637261
hospitality,"Bar Talgo 2",41.651339,-0.912617,node/4835637262
shop,"Hiper Regalo Zaragoza",41.651212,-0.912568,node/4835637264
shop,"Adam Peluquería",41.651121,-0.91253,node/4835637265
office,"Asesoría Gargallo",41.650972,-0.912485,node/4835637266
hospitality,"Rincon Latino",41.651151,-0.912361,node/4835637268
shop,"Loterías y Apuestas del Estado",41.650741,-0.912389,node/4835657006
shop,"Papelería Valero",41.6507,-0.912378,node/4835657007
shop,"Peluquería C.P.R.",41.650654,-0.91236,node/4835657008
office,"Junta Muncipal Delicias",41.650452,-0.912279,node/4835657009
shop,PlantaPol,41.649818,-0.912034,node/4835657010
school,"Formación para el empleo",41.64986,-0.911766,node/4835657011
hospitality,"Cafetería Paris",41.649643,-0.911951,node/4835657012
hospitality,Brooklyn,41.649273,-0.91177,node/4835657013
hospitality,"Puerta del Sol II",41.650774,-0.91246,node/4835686325
shop,,41.650926,-0.912631,node/4835686327
shop,"Alimentación y bazar",41.650921,-0.912675,node/4835686328
shop,"Peluquería Caballeros David Costea",41.650914,-0.912714,node/4835686329
shop,"Master Instaluz",41.650906,-0.912759,node/4835686330
shop,Almau,41.65065,-0.91306,node/4835686331
shop,"Panificadora El Cisne",41.650635,-0.913126,node/4835686332
shop,"Euphoria Style",41.650397,-0.912489,node/4835711402
shop,"Talleres Monroe",41.650332,-0.912824,node/4835711403
shop,"Euro Repar",41.649759,-0.912305,node/4835779807
hospitality,"Café - Bar Antares",41.649734,-0.912428,node/4835779808
shop,"Peluquería Caoba",41.649341,-0.911855,node/4844562568
shop,"Alimentación y frutos secos",41.649511,-0.91191,node/4844562569
shop,"Talleres San Cristóbal",41.649329,-0.911933,node/4844562570
shop,"Euro Repar",41.649458,-0.912103,node/4844562572
shop,"Rogauto talleres",41.649006,-0.913089,node/4844562574
hospitality,Ciudadela,41.648507,-0.913068,node/4846264009
shop,"Talleres Albo",41.64865,-0.912501,node/4846264010
office,"Asesoría Mínguez",41.648806,-0.911906,node/4846264013
shop,Neumáticos,41.648885,-0.911694,node/4846264067
shop,"Lazaro mobiliario",41.646276,-0.913044,node/4846636893
hospitality,"Cafetería Boca2",41.646066,-0.912756,node/4846636894
shop,"Mar de Mares",41.644603,-0.912618,node/4846669230
shop,"Panadería Reyes",41.64454,-0.912476,node/4846669231
office,"Representaciones Benedí",41.644444,-0.912396,node/4846669232
shop,"La Quinoa",41.644282,-0.912317,node/4846669234
shop,"Frutas Visiedo",41.643904,-0.912003,node/4846669235
shop,"Passaró Istar",41.643864,-0.912034,node/4846669236
hospitality,Melisa,41.643398,-0.912281,node/4846669237
shop,"Impresiones FerYsu",41.643225,-0.912102,node/4846669239
shop,"Natural Univérsitas",41.642848,-0.912076,node/4846669240
shop,"Estudio Praderas",41.642638,-0.91192,node/4846669241
shop,Meincor,41.642357,-0.911751,node/4846680979
shop,"Estanco 93",41.642276,-0.911709,node/4846680980
hospitality,"The Code",41.642003,-0.911316,node/4846680983
shop,GAES,41.641539,-0.911747,node/4846680984
shop,Atrezzo,41.641347,-0.912135,node/4846680986
shop,"Centro de bronceado Solaris",41.641374,-0.912046,node/4846680987
shop,Rita,41.649135,-0.888453,node/4851264621
shop,"María Álava",41.645136,-0.911104,node/4852000850
shop,"Flores Espliego",41.645043,-0.911184,node/4852000851
shop,"Jesus Yus",41.644962,-0.911137,node/4852000852
shop,"Olga Fumanal",41.644431,-0.910241,node/4852000853
shop,"Sabores del Maestrazgo",41.644091,-0.910127,node/4852018361
school,Activa,41.643974,-0.909507,node/4852018363
shop,Visualiza,41.643916,-0.909203,node/4852018364
office,"Landa Propiedades",41.643084,-0.909287,node/4852057051
hospitality,Iris,41.642813,-0.909356,node/4852057052
shop,Sueños,41.643243,-0.911838,node/4852081598
shop,"Mundo Actur",41.643107,-0.911888,node/4852081599
shop,"Roymar Hispanidad",41.643507,-0.912006,node/4852081775
hospitality,"La Cabaña",41.644082,-0.911545,node/4852123460
shop,Iberjace,41.643798,-0.911384,node/4852123461
shop,Gestinauto,41.643729,-0.911059,node/4852123462
shop,"Mountain Outlet",41.643691,-0.910793,node/4852123463
shop,"El armario de Lola",41.643632,-0.910501,node/4852123464
shop,"Limarlift Ascensores",41.64377,-0.910394,node/4852123465
shop,"Aragonesa Medical. Equipos y material médico",41.643627,-0.910446,node/4852123466
shop,"La Cirela 2",41.643583,-0.910243,node/4852123467
shop,"El Cosechero",41.643704,-0.910057,node/4852123468
shop,"Mercería Maribel",41.643458,-0.90958,node/4852123470
shop,"Tintorería nova",41.64354,-0.909252,node/4852123472
shop,"Lencería Chessire",41.643534,-0.911672,node/4852195183
shop,"Mam'Selle Stock",41.64351,-0.911561,node/4852195184
shop,"Servinco. Servicio integral de Comunicación",41.643371,-0.91159,node/4852195185
shop,"Alumitest. Carpintería de Aluminio",41.643331,-0.910592,node/4852195186
shop,,41.643433,-0.910755,node/4852195187
hospitality,"El Rincón de Joselen",41.643177,-0.910667,node/4852195188
office,"Comité técnico árbitros Fútbol Sala",41.64331,-0.910466,node/4852195189
shop,Cleo,41.643283,-0.910313,node/4852195190
shop,"Enclave de Arte y Restauración",41.643243,-0.910114,node/4852195191
shop,"Bombas Oceanía",41.643159,-0.909798,node/4852195192
shop,"Reformas Integrales Alejandro",41.643128,-0.909616,node/4852195193
shop,"Persianas Loras",41.642958,-0.91179,node/4852269230
shop,"Peluquería Yolanda",41.642913,-0.911586,node/4852269231
shop,"Arte Vivo",41.642869,-0.911351,node/4852269233
school,"Fiquima. Centro de estudios",41.642995,-0.911335,node/4852269234
office,"Ergo Auditores",41.642851,-0.911196,node/4852269235
shop,"Bocado de mar",41.642888,-0.910764,node/4852269236
shop,Dia,41.642855,-0.910647,node/4852269237
shop,"Peluquería Markés",41.642727,-0.910017,node/4852288433
shop,"Algo para recordar... Fotografía",41.644205,-0.911272,node/4852340007
hospitality,"Bar Bozada",41.643092,-0.910703,node/4853941162
shop,"Frutos Secos Panacea",41.643092,-0.910863,node/4853941163
shop,"Comercial Bozada",41.642985,-0.9109,node/4853941164
hospitality,Alicia,41.643507,-0.910545,node/4856404911
hospitality,"La Nuez",41.644109,-0.913047,node/4856465616
shop,Emporio,41.64105,-0.91296,node/4856491062
hospitality,"È Così",41.645221,-0.910658,node/4856491064
office,"Patólogos. Consultores Asociados",41.644704,-0.907141,node/4856498397
shop,"Material de Autoescuelas",41.644605,-0.907508,node/4856498399
shop,"Peluquería y belleza",41.645374,-0.907374,node/4856528009
shop,"Papelería Mosquetera",41.645524,-0.907477,node/4856528011
shop,"Pastelerías Babot",41.645683,-0.907573,node/4856528013
shop,"Ana - Car",41.649522,-0.909381,node/4856540276
hospitality,"La Posada",41.650072,-0.909648,node/4856540278
shop,C&C,41.651911,-0.9106,node/4858018874
shop,Rasgos,41.651888,-0.910718,node/4858018875
shop,"Salón de Belleza La Princesa",41.651876,-0.910789,node/4858018876
shop,Pardon,41.651865,-0.910848,node/4858018877
shop,"Joyería G. Alcalá",41.651842,-0.91095,node/4858018878
shop,Monna,41.651826,-0.911017,node/4858018879
hospitality,"King Döner Kebab Asia",41.651718,-0.91155,node/4858018881
shop,"Sun & Moon",41.651682,-0.911687,node/4858018882
shop,"Cindy Uñas",41.651663,-0.911774,node/4858018883
shop,"Lucky Moda",41.651643,-0.911855,node/4858018884
shop,"Zapaterías Jaleo",41.651604,-0.912037,node/4858018885
shop,"The Phone Shop",41.651581,-0.912134,node/4858018886
shop,"Morales decoración",41.651557,-0.912235,node/4858018887
office,"Mundo Casa",41.651435,-0.912748,node/4858018889
shop,"Marco Aldany",41.651429,-0.912791,node/4858018890
shop,Primor,41.65141,-0.912872,node/4858034940
shop,"Peluquería y estética Xing Yue",41.651395,-0.912976,node/4858034941
shop,"Chollo Av. Madrid",41.651337,-0.913214,node/4858034944
shop,"Laser Therapy Center",41.644429,-0.913179,node/4858590714
office,Generali,41.644569,-0.912767,node/4858590715
shop,"Arreglos de ropa Entre costuras",41.645177,-0.911001,node/4858590716
shop,"Peluquería Silvia Moya",41.645206,-0.910883,node/4858590717
shop,"Ascensores Embarba",41.645242,-0.910772,node/4858590718
shop,"Carpintería de aluminio I. Arnedo",41.646039,-0.90844,node/4858594438
shop,Re-Read,41.650904,-0.876705,node/4869706387
bus_stop,"Avenida Cesáreo Alierta 27",41.643283,-0.876034,node/4889316425
hospitality,Bonanza,41.653231,-0.877821,node/4891695545
hospitality,"Bar Olímpico",41.653073,-0.877044,node/4891697675
hospitality,"Garbo Gentlebar",41.6498,-0.879585,node/4899794221
tourism,"Hostal Aisa Ochoa",41.656575,-0.891797,node/4910168388
hospitality,"casa dominó",41.653965,-0.876549,node/4937994436
shop,"Lavandería del Barrio",41.651643,-0.873834,node/4937994437
shop,"Palace Peluquería",41.651638,-0.873853,node/4937994438
hospitality,"El Gallonero",41.652319,-0.874492,node/4937994439
shop,"Martín Martín",41.650995,-0.877151,node/4937994440
hospitality,"Bar Panda",41.652825,-0.876742,node/4937994441
hospitality,"El Pozal",41.650992,-0.872622,node/4937994443
shop,Dia,41.653492,-0.8761,node/4937994444
hospitality,Palmaria,41.652869,-0.876834,node/4937994445
hospitality,"El Lince Taverna",41.654072,-0.876719,node/4937994446
hospitality,"Bar El Tablón",41.651865,-0.876102,node/4937994449
hospitality,Hype,41.654057,-0.877394,node/4937994451
shop,Kebadulake,41.652099,-0.874555,node/4937994452
hospitality,Picadero,41.652777,-0.877246,node/4937994453
shop,,41.652479,-0.874168,node/4937994454
hospitality,"La Esquinica del Coso",41.65127,-0.878663,node/4937994455
shop,,41.652516,-0.876883,node/4937994456
hospitality,"Vinagre Rock",41.65237,-0.874453,node/4937994457
hospitality,"Kiosko La Eli",41.652542,-0.87688,node/4937994459
shop,"Joyería Oroel",41.652736,-0.877443,node/4937994461
hospitality,"La Vida",41.652661,-0.874715,node/4937994463
hospitality,"El Seminario",41.651825,-0.87589,node/4937994464
hospitality,"Taberna el rincón de curro",41.653847,-0.876378,node/4937994466
hospitality,"Café Nolasco",41.652245,-0.876729,node/4937994467
shop,"Montori Barranco",41.651136,-0.874709,node/4937994468
hospitality,"Bar Don Policarpo",41.65117,-0.874502,node/4937994469
hospitality,"Noches de Bohemia",41.652985,-0.877099,node/4937994470
hospitality,"Los Victorinos",41.654244,-0.877065,node/4937994471
shop,"Aro Orojo",41.651351,-0.873281,node/4937994472
hospitality,"Barrio Sur",41.651674,-0.875174,node/4937994473
hospitality,"Cafe Export",41.653107,-0.875309,node/4937994475
hospitality,"casa Santa Marca",41.654019,-0.876617,node/4937994476
hospitality,"Turco Doner",41.651192,-0.8752,node/4937994479
shop,"Charcuterías Magaña",41.650573,-0.876529,node/4943660175
shop,Simorra,41.650321,-0.880981,node/4943660177
hospitality,"Taberna A Pulperia",41.652347,-0.880518,node/4943660178
hospitality,"Bar Olga",41.650898,-0.876141,node/4943660180
hospitality,"Taberna A Pulpeira",41.652355,-0.880502,node/4943660181
hospitality,"Doña Tapa",41.65173,-0.880039,node/4943660183
hospitality,"La Ontina",41.64945,-0.88124,node/4943660184
shop,L'Occitane,41.649998,-0.880909,node/4943660185
shop,"Informatica Comte",41.65161,-0.873972,node/4943660186
shop,"Modas Ana",41.651685,-0.879993,node/4943660188
hospitality,"El Porton",41.651949,-0.874743,node/4943660189
hospitality,"principal restaurante",41.651807,-0.879359,node/4943660190
shop,Queseria,41.651096,-0.880245,node/4943660191
shop,,41.650812,-0.88044,node/4943660192
hospitality,"Le petit COC",41.649034,-0.881714,node/4943660193
hospitality,"Cafe Colonial",41.650805,-0.875763,node/4943660195
hospitality,"Bar Estudios",41.651978,-0.874836,node/4943660196
hospitality,Frío,41.651073,-0.880265,node/4943660198
hospitality,"El Mesón Jotero",41.651872,-0.874855,node/4943660201
shop,Movistar,41.651328,-0.881366,node/4943660203
tourism,"Hostal Cataluña",41.650931,-0.877591,node/4943660204
shop,"Casilda Finat MC",41.650239,-0.880804,node/4943660206
shop,Monalita,41.652153,-0.874442,node/4943660207
shop,"Carlos Reula",41.650617,-0.880564,node/4943660208
shop,"The MIM Kitchen",41.639225,-0.886451,node/4968226222
shop,"Cóndor. CND.",41.645337,-0.887081,node/4968226223
school,"Top Gun. Escuela de pilotos y TCP",41.645016,-0.88703,node/4968226226
hospitality,"The Clipper",41.645607,-0.887687,node/4968226228
hospitality,"Karaoke-Pub Traste",41.643657,-0.872656,node/4978496223
hospitality,"Vuelta y Vuelta",41.646982,-0.880648,node/4983835997
shop,Two,41.639161,-0.896899,node/4983836018
hospitality,Nativo,41.640359,-0.90825,node/4983837953
hospitality,Rodilla,41.653193,-0.8822,node/4983857452
office,Asisa,41.651323,-0.878118,node/4983857474
shop,"Zaragoza Tours",41.64196,-0.893642,node/4985314828
shop,Clarel,41.642093,-0.893551,node/4985314829
shop,StarPhone,41.642147,-0.893483,node/4985314830
shop,X&L,41.64223,-0.893413,node/4985314831
shop,"Chollo Zaragoza",41.642302,-0.893345,node/4985314832
hospitality,"La Iberoteca",41.642392,-0.893248,node/4985314833
hospitality,"Cafetería Veintiuno",41.64243,-0.893212,node/4985314834
shop,"Zapatería Pablo Ochoa",41.642495,-0.893141,node/4985314835
shop,5dedos,41.642528,-0.893121,node/4985314836
shop,"Zapatería Kaymo",41.642805,-0.892894,node/4985314838
shop,Zas!mobil,41.64285,-0.892838,node/4985314839
shop,"Estanco María Teresa",41.642892,-0.892816,node/4985314840
office,"Oficina Comercial Sanitas",41.64333,-0.892339,node/4985314841
hospitality,Santagloria,41.64356,-0.89216,node/4985314842
hospitality,"Cafe La Palma",41.644148,-0.891148,node/4985314843
shop,"Estanco 103",41.639262,-0.896786,node/4985405613
shop,"Gran Vía Bikes",41.639064,-0.896311,node/4985405614
shop,"Ortopedia Zaraorto",41.639162,-0.896221,node/4985405615
shop,"Peluquería Low Cost",41.639444,-0.895954,node/4985405617
school,"Escuela Superior de Competencias Grupo Piquer",41.639493,-0.895885,node/4985405618
shop,SM,41.63958,-0.895785,node/4985405619
shop,"J. P. Antón",41.639933,-0.895489,node/4985405620
shop,"Funeraria La Paz",41.640041,-0.895392,node/4985408822
shop,"Viajes El Corte Inglés",41.640073,-0.895354,node/4985408823
shop,"Pannitelli. Original Bakery.",41.640141,-0.895305,node/4985408824
hospitality,"Cafetería San Francisco",41.640302,-0.895009,node/4985408826
hospitality,"La Antigua Maravilla",41.64068,-0.893912,node/4985408828
shop,"Tintorerías Ecológicas Rosel",41.640708,-0.893911,node/4985408829
shop,"Talleres Motrio",41.641081,-0.89355,node/4985408831
office,Propiso,41.641577,-0.894016,node/4985408832
shop,"J. Bernad",41.641617,-0.893977,node/4985408833
hospitality,"Be A Legend",41.641525,-0.892973,node/4985641551
shop,"Comercial Algodonera",41.641449,-0.892836,node/4985641552
office,"Hermanos Fau",41.641411,-0.892757,node/4985641553
hospitality,"Pasta y Pizza D'Arte",41.640919,-0.893013,node/4985641555
shop,"ABC Floppy",41.640789,-0.893131,node/4985641556
office,"IASS. Instituto Aragonés de Servicios Sociales.",41.640511,-0.89311,node/4985641557
office,Bitbrain,41.640582,-0.893318,node/4985641558
school,Quercus,41.63988,-0.893943,node/4985641560
school,"Colegio La Salle Franciscanas",41.639568,-0.894235,node/4985641562
hospitality,"Bar Wences 14",41.639175,-0.894416,node/4985641563
shop,"Pelquería Ana Valero",41.639102,-0.894489,node/4985641564
shop,"Pelquería Imán",41.639086,-0.894519,node/4985641565
shop,"Centro de Análisis Genéticos CAGT",41.63896,-0.894616,node/4985641566
shop,"Pelquería Silvia",41.638897,-0.894891,node/4985641567
shop,"Floristería Pilar Ruiz",41.638103,-0.89545,node/4985641568
shop,"Motos Flandro",41.638145,-0.895594,node/4985641569
shop,"Peluquería Rey",41.638386,-0.895627,node/4985641571
office,Iberdrola,41.638237,-0.895833,node/4985641572
hospitality,Básico,41.638307,-0.895885,node/4985641573
hospitality,"Taberna La Zoca",41.642497,-0.892242,node/4985689046
shop,"Goticas de Agua. Lavandería autoservicio.",41.642353,-0.892572,node/4985689050
hospitality,"El Rincón de Pensar",41.64227,-0.892472,node/4985689051
shop,"Arte y Bricolaje",41.642277,-0.892638,node/4985689052
shop,"Frutas Jorge",41.642207,-0.892533,node/4985689053
shop,"Perfumerías If",41.642229,-0.892669,node/4985689054
shop,"Flores Yuca",41.642152,-0.892571,node/4985689055
shop,"Chollo Zaragoza",41.642157,-0.892745,node/4985689056
shop,"Pelquería Pelocorto",41.642129,-0.892588,node/4985689057
shop,"Administración de Lotería 46",41.642091,-0.892807,node/4985689058
hospitality,Mieres,41.641954,-0.892942,node/4985689059
shop,"La Plaza de DIA",41.641862,-0.892854,node/4985689060
shop,"Lencería GR",41.641753,-0.89311,node/4985689061
shop,"Papelecía Potter",41.641671,-0.8932,node/4985689062
shop,"Drogas González",41.643238,-0.88891,node/4985727440
shop,"Goya Corporal",41.643268,-0.889009,node/4985727441
shop,Goyasonido.com,41.64331,-0.889178,node/4985727442
shop,"Miranda Digital",41.643336,-0.889234,node/4985727443
shop,"Tejidos Albero",41.643357,-0.889396,node/4985727444
shop,"Rodamientos Zaragoza",41.643272,-0.891722,node/4985727447
shop,"Estilistas Epsilon",41.643136,-0.891859,node/4985727449
shop,"Obrador Pastelería Edelweiss",41.643065,-0.891955,node/4985727450
shop,"Larisa Studio",41.642504,-0.891967,node/4985727452
shop,"Moda Tess",41.643855,-0.888059,node/4985753816
office,"API Nadal",41.643303,-0.888134,node/4985753817
shop,"Algodonera CyA",41.653988,-0.90339,node/4988198246
shop,BonÀrea,41.646329,-0.883377,node/4988775533
shop,"En Ebullición",41.641986,-0.894456,node/4988886986
shop,"MS Square",41.647801,-0.874944,node/4988886989
hospitality,Atípico,41.645291,-0.882445,node/4991310030
shop,"La Escuela del Tío Jorge - Academia de Barbería",41.655267,-0.896781,node/4992666614
shop,Trelomé,41.65478,-0.898203,node/4998012503
hospitality,Cibeles,41.654878,-0.898427,node/4998012504
hospitality,ElMañoKebab,41.654848,-0.898533,node/4998012505
office,Coatrans,41.654733,-0.898966,node/4998012506
shop,"Repuestos 2010",41.654537,-0.899783,node/4998012508
hospitality,"Pastelería La Tahona",41.654348,-0.900527,node/4998012509
shop,"Plantas Elena",41.654244,-0.900992,node/4998012510
hospitality,Oriente,41.654169,-0.901013,node/4998012511
hospitality,"Oro Negro",41.653995,-0.901918,node/4998012513
hospitality,"Bar Caney",41.653936,-0.902091,node/4998012514
hospitality,"Café la Zagala",41.653726,-0.902967,node/4998012515
shop,"El Rincón",41.653651,-0.903144,node/4998012516
shop,"Carnicería José Luis Matas",41.653628,-0.903284,node/4998012517
shop,"Regalos Loreto",41.653613,-0.903406,node/4998012518
shop,"Eroski City",41.653572,-0.903469,node/4998012519
shop,"Locutorio Hola",41.653555,-0.903569,node/4998012520
shop,"Cocinas Herrero",41.653212,-0.905034,node/4998015524
shop,"Electrodomésticos Tornos",41.6532,-0.905083,node/4998015525
office,"Fincas Solanas",41.653115,-0.90535,node/4998015527
shop,"Modas Cleveland",41.653058,-0.905513,node/4998015528
shop,"Jena. Centro Auditivo.",41.653052,-0.905586,node/4998015529
office,"Promociones inmobiliarias Villahermosa",41.653033,-0.905674,node/4998015531
hospitality,"D'Arte Pizzería 24h",41.65302,-0.905722,node/4998015532
shop,"Deportes Dalda",41.652846,-0.906389,node/4998015534
hospitality,"Whats Up",41.652823,-0.906499,node/4998015535
shop,Arteluz,41.652676,-0.90693,node/4998015537
shop,Pizpireta,41.652611,-0.907509,node/4998015538
hospitality,Jarral,41.652591,-0.9076,node/4998015539
shop,Yoigo,41.652534,-0.907859,node/4998015540
shop,Movilsorio,41.652498,-0.908023,node/4998015541
shop,+Exclusivos,41.652453,-0.90823,node/4998015543
shop,"Calzados Mabi",41.652434,-0.908317,node/4998015544
shop,Love,41.65241,-0.908423,node/4998015546
shop,"Centro Auditivo Amplifon",41.652394,-0.908498,node/4998015547
shop,"Estanco nº 38",41.652381,-0.908556,node/4998015548
office,Tecnocasa,41.652366,-0.908624,node/4998015549
shop,Coconats,41.652351,-0.908694,node/4998015550
shop,"Adalia Viajes",41.652238,-0.909209,node/4998015552
shop,"Di Cuore",41.65225,-0.909153,node/4998015553
shop,"Gráficas Zar",41.652269,-0.909085,node/4998015554
hospitality,"Cafetería Calgary",41.65043,-0.889376,node/4998102170
shop,Karina,41.650503,-0.889512,node/4998102172
shop,"Punto de Vista Ópticos",41.645077,-0.887503,node/4998139735
shop,"Party Party",41.650796,-0.876553,node/4998192521
bus_stop,"Paseo Echegaray y Caballero / Puente del Pilar",41.654147,-0.870683,node/4998727437
shop,"Colchones Aznar",41.653499,-0.884087,node/5002150955
hospitality,"La Casa de Doña Cayetana",41.652801,-0.884849,node/5002150957
hospitality,Starbucks,41.653217,-0.88225,node/5009097439
hospitality,Umalas,41.654325,-0.879964,node/5009264662
office,Retocasa,41.636351,-0.878578,node/5014265274
shop,Bogar,41.653832,-0.883879,node/5014291071
hospitality,"Taberna El Baturrico",41.650293,-0.878698,node/5014869214
shop,Coccinillas,41.646262,-0.868757,node/5015478410
shop,"Óptica Diana",41.654127,-0.902363,node/5018792584
hospitality,Bo-Wok,41.650892,-0.884453,node/5018792585
hospitality,"Baking San Francisco",41.64186,-0.894375,node/5019991009
bus_stop,"Asalto / Edificio Trovador",41.65121,-0.869854,node/5026114738
shop,"Brick Lane",41.639233,-0.874061,node/5026413008
shop,"Moda Re-",41.655365,-0.89209,node/5026413009
school,Onageb,41.639104,-0.87466,node/5026413010
shop,"Pets Clean & Vending",41.639139,-0.874638,node/5026413011
office,Indiqa,41.648263,-0.900193,node/5026413012
hospitality,Tianamini,41.650043,-0.900814,node/5026413013
shop,"Pasa y Corta",41.652172,-0.911508,node/5026413019
hospitality,Bakery&Cakes,41.639808,-0.887158,node/5026413020
shop,"Cerrajería y Servicios Carbe",41.640347,-0.885661,node/5026413122
hospitality,"Mesón El Torico",41.656172,-0.892862,node/5026739293
hospitality,Mayor,41.654153,-0.877249,node/5026739295
office,"Vía 2. Teatro de la Estación.",41.657039,-0.89433,node/5026935418
office,"Tranvía Teatro. Administración.",41.657012,-0.894255,node/5026935419
shop,"Peluquería y Estética Pretty Women",41.657052,-0.894017,node/5026935420
shop,"Talleres Auto Aljafería",41.657165,-0.894342,node/5026935822
office,"Grúas Tony",41.657161,-0.894455,node/5026935823
school,"Just English",41.656673,-0.894788,node/5026935827
hospitality,"As de Copas",41.656406,-0.894567,node/5026935828
shop,"La Dama Decoración",41.654887,-0.904318,node/5029606571
shop,"Carnicería Rami Halal",41.652805,-0.872,node/5029606573
hospitality,"Helados Italianos",41.649866,-0.888375,node/5029606574
hospitality,"Turkuaz Kebabish Doner",41.640894,-0.884353,node/5029606577
school,"Adams Formación",41.648123,-0.875085,node/5037758754
shop,Ecomputer,41.648472,-0.904259,node/5041916086
shop,"Tao Garden",41.652043,-0.87284,node/5041916087
shop,CeX,41.651245,-0.884669,node/5043617454
shop,Blanca,41.654904,-0.881095,node/5057296673
shop,Bicoca,41.654678,-0.881383,node/5057296674
shop,"Imprenta La Guillotina",41.6545,-0.881414,node/5057296675
office,"Zaragoza Limpia",41.654562,-0.881698,node/5057296676
shop,Kachonwaa,41.65451,-0.881756,node/5057296677
shop,"Angelo Flow",41.651826,-0.904752,node/5059169141
shop,ComeJamón,41.653255,-0.881774,node/5059169142
shop,Comejamón,41.644516,-0.885607,node/5059169143
shop,"Fruit Shop",41.652245,-0.904119,node/5059169144
hospitality,"Casa Baldo",41.647365,-0.878715,node/5060994995
shop,Singularu,41.650213,-0.881546,node/5060994998
shop,Atikka,41.650242,-0.881867,node/5060994999
shop,Milcomics.com,41.644845,-0.872358,node/5060995001
shop,"Moda Mujer Elegancia",41.648264,-0.901778,node/5060995003
shop,"Alex Movilex",41.648235,-0.901838,node/5060995004
shop,"A Mordiscos",41.648256,-0.901799,node/5060995005
hospitality,Cavas,41.64524,-0.897059,node/5060995006
hospitality,Delera,41.64466,-0.870695,node/5060995008
shop,"Unceta 16",41.652879,-0.902352,node/5060995009
shop,"Arbab Móviles",41.654488,-0.886071,node/5061015228
shop,"Jamones Mar-Yol",41.66106,-0.900198,node/5061015230
shop,"María Yus",41.645521,-0.8877,node/5071048858
shop,"Estilistas Mónica Barón",41.645573,-0.887673,node/5071048859
shop,"Mail Boxes",41.648445,-0.885879,node/5073303375
shop,"Casa Sotero",41.648533,-0.885774,node/5073303376
shop,Minobay,41.64866,-0.885629,node/5073303377
shop,,41.648753,-0.885371,node/5073303378
shop,"Muñecas de trapo",41.648816,-0.885531,node/5073303379
shop,"Bio trailla",41.648856,-0.88561,node/5073303380
shop,"Pretty Nails",41.648941,-0.885696,node/5073303381
hospitality,"Cafés El Criollo",41.64882,-0.885853,node/5073303382
shop,Rayser,41.648974,-0.885757,node/5073303383
shop,"Más que Manos",41.648876,-0.886017,node/5073303384
shop,"Travel Box",41.649072,-0.885859,node/5073303385
shop,"Frutas y Letras",41.649089,-0.885838,node/5073303386
shop,"Tress Coquette",41.649144,-0.885792,node/5073303388
shop,Iluminarium,41.649241,-0.885692,node/5073303389
school,Romero,41.649389,-0.885517,node/5073303390
office,Frutaria,41.649501,-0.885413,node/5073303391
shop,Rey,41.649813,-0.885422,node/5073303392
shop,"Tolga Iscan",41.650021,-0.886057,node/5073303393
shop,"Academia de Arte y Artesanía Pisa",41.650118,-0.886231,node/5073303394
shop,Pincolor,41.650182,-0.886341,node/5073303395
shop,Aravisión,41.65058,-0.88694,node/5073303397
shop,Mogo,41.650524,-0.887108,node/5073303398
shop,Albareda,41.650631,-0.887334,node/5073303400
shop,O'Hara,41.650679,-0.887412,node/5073303401
shop,Nenella's,41.650723,-0.887492,node/5073303402
shop,Cobá,41.650762,-0.887564,node/5073303403
hospitality,Quck,41.651,-0.888028,node/5073303405
shop,Retif,41.65799,-0.893165,node/5087182682
hospitality,"La Típica Tasca",41.654335,-0.905022,node/5087182688
shop,"Premium Store Outlet",41.64612,-0.87434,node/5087182689
shop,"Crazy Hairs",41.650377,-0.89354,node/5087182690
shop,"Eje Cafetero",41.647245,-0.87463,node/5087182691
shop,"A tu estilo",41.648392,-0.875651,node/5087182692
office,"Fundación San Ezequiel Moreno",41.649284,-0.869425,node/5087182693
office,"Confederación General del Trabajo",41.653344,-0.868898,node/5088147772
hospitality,"Restaurante 54",41.655028,-0.876791,node/5088147773
shop,"MV Estilistas",41.641568,-0.883494,node/5088147787
shop,"Mercedes Albero",41.640954,-0.866742,node/5090382552
hospitality,"La Clave",41.640605,-0.887783,node/5090382553
hospitality,"El Rollo",41.640698,-0.887688,node/5090382554
office,"Somudén. Depósito Dental.",41.640641,-0.887956,node/5090382555
hospitality,"Eyes Bayou",41.653931,-0.875895,node/5090382557
office,www.reformade.com,41.655064,-0.893823,node/5090382559
shop,"Original Shoes",41.638656,-0.888619,node/5093215241
office,,41.646119,-0.868546,node/5093215242
shop,Frizerie,41.646158,-0.868623,node/5093215243
school,"Global Makeup",41.647569,-0.899402,node/5094662039
shop,"Mundo Colada",41.646661,-0.89578,node/5094662040
shop,"Cabello Básico",41.660936,-0.900894,node/5094662048
shop,Primor,41.649581,-0.883973,node/5094662050
shop,"Cerrajeros Economicos Zaragoza",41.646495,-0.8724,node/5096567974
shop,Aresso,41.651224,-0.878334,node/5102090436
hospitality,"Bon Aire",41.654444,-0.899276,node/5102090437
office,"DOVELA Coworking",41.655118,-0.883757,node/5103039578
shop,"House Cocinas",41.648822,-0.889295,node/5105670446
hospitality,"Azarina Fussion",41.65528,-0.891982,node/5105670447
shop,"La Parada Latina",41.655306,-0.889622,node/5105670448
shop,"Chuan Xin",41.655002,-0.888227,node/5105670449
shop,"Ortega Peluqueros",41.635528,-0.87487,node/5105670450
shop,"Aquí hay tomate",41.647151,-0.872887,node/5105670451
shop,"Miguel Sanmar",41.638703,-0.885102,node/5105670452
shop,Figaro,41.653559,-0.876437,node/5105670453
shop,Barrabés,41.645557,-0.883663,node/5105678763
shop,Habitare,41.644638,-0.884193,node/5107415307
shop,"Alex Movilex",41.644598,-0.884587,node/5107415309
shop,"María Esteban",41.64461,-0.884646,node/5107415310
shop,"Luxe Premier",41.644622,-0.884692,node/5107415311
shop,"Deseo Espresso",41.644678,-0.885218,node/5107415312
shop,"Herbolario Navarro",41.643987,-0.882939,node/5107932023
shop,Tress,41.644066,-0.88279,node/5107932024
shop,Darcos,41.644111,-0.882702,node/5107932025
shop,"Frutas Luzón",41.644152,-0.882627,node/5107932026
shop,"Repostería Latorre",41.644203,-0.882523,node/5107932027
office,"Anda Inmobiliaria",41.644244,-0.882447,node/5107932028
shop,"Pelquería masculina Mari Luz",41.644379,-0.882184,node/5107932029
office,Emosenec,41.644472,-0.882034,node/5107932030
shop,Nana,41.644733,-0.881535,node/5107932031
shop,"Multiópticas Cadarso",41.644755,-0.881499,node/5107932032
shop,5àsec,41.644836,-0.881359,node/5107932033
shop,Bellmix,41.644894,-0.881183,node/5107932034
shop,"Zona caffè",41.644912,-0.881147,node/5107932035
shop,"Carrefour Viajes",41.645783,-0.879606,node/5107932038
hospitality,"King Döner Kebab",41.645773,-0.879561,node/5107932039
hospitality,"La Santa",41.645828,-0.879491,node/5107932041
hospitality,"Parranda en el Cafetal",41.64588,-0.879344,node/5107932042
hospitality,Yves,41.64584,-0.878937,node/5107932046
hospitality,"Karma II",41.645742,-0.879111,node/5107932047
hospitality,"My Way",41.645709,-0.879183,node/5107932048
office,Redpiso,41.645587,-0.879403,node/5107932049
shop,Aifón,41.645556,-0.879388,node/5107932050
shop,"Muebles Jufer",41.645452,-0.87968,node/5107932051
office,Comprarcasa,41.645303,-0.879964,node/5107932052
shop,Alcampo,41.644675,-0.881196,node/5107932054
hospitality,Gori,41.644571,-0.881416,node/5107932055
shop,"érase otra vez",41.644371,-0.8818,node/5107932056
shop,"Tierra verde",41.644355,-0.881843,node/5107932057
shop,"Área Natural Herbodietética",41.644341,-0.881871,node/5107932058
shop,"La Golondrina",41.644262,-0.882005,node/5107932059
hospitality,"Don Quijote",41.644191,-0.882105,node/5107932060
office,"Fincas Villalba",41.644096,-0.88234,node/5107932062
shop,"pádel nuestro",41.644085,-0.882377,node/5107932063
shop,"La Plaza de DIA",41.644055,-0.882444,node/5107932064
shop,"FS Sánchez",41.643952,-0.882637,node/5107932065
shop,Alice,41.643908,-0.882732,node/5107932066
shop,Lev,41.643874,-0.882816,node/5107932067
shop,Misako,41.64404,-0.883387,node/5107932069
shop,"Empanadas Argentinas Andes",41.645581,-0.884465,node/5108068490
shop,bloom&you,41.645554,-0.884438,node/5108068491
shop,Ulanka,41.645366,-0.884228,node/5108068493
shop,Koker,41.645103,-0.8838,node/5108068494
shop,Kaymo,41.645056,-0.88391,node/5108068495
shop,Systemaction,41.644769,-0.883619,node/5108068497
shop,"Pilar Prieto",41.644565,-0.883439,node/5108068498
hospitality,"Mesón Zamorano 2",41.658561,-0.875853,node/5109290915
bus_stop,"Julián Sanz Ibáñez 13",41.652442,-0.91215,node/5110119381
shop,"Pastelería Beyma",41.647886,-0.890646,node/5123814521
shop,"Frutas A. García",41.648231,-0.890707,node/5123814522
shop,"Charcutería Jesús Yunquera",41.648136,-0.890552,node/5123814721
shop,"Comercial Allo",41.648112,-0.889913,node/5123814723
market,"Mercado Teruel",41.648166,-0.890828,node/5123832421
hospitality,"Bar Hernán Cortés",41.648201,-0.88979,node/5123859121
shop,Promod,41.644862,-0.883715,node/5124111921
shop,Aloi,41.645128,-0.88383,node/5124112121
shop,"Restauración Ligüerre",41.650183,-0.87141,node/5138023105
shop,BA&CO,41.659243,-0.871204,node/5138040564
office,"Kaitai Consultores",41.647036,-0.899278,node/5138040566
shop,"Oh my Cut!",41.645785,-0.882491,node/5138362078
shop,Valira,41.645615,-0.8828,node/5138362079
hospitality,"Twenty Century",41.660039,-0.89892,node/5154064246
shop,"ilusion Music",41.648837,-0.889631,node/5169297738
shop,,41.657704,-0.88693,node/5170686443
office,"Fundación DFA",41.64686,-0.876133,node/5173130256
shop,,41.646353,-0.882336,node/5182502305
shop,Pannitelli,41.65233,-0.879737,node/5204677342
shop,"Japanese Head Spa",41.656287,-0.893919,node/5204677343
shop,"Minimarket Andry",41.636251,-0.878662,node/5204677344
shop,"Max Fix",41.653168,-0.905989,node/5204677345
hospitality,"Papa John's",41.658683,-0.89181,node/5204677350
shop,"Pica Pica 24h",41.661138,-0.896131,node/5222141323
shop,"Roymar San José",41.635788,-0.874959,node/5242544810
office,Besurt,41.649085,-0.882479,node/5242566698
shop,"Talleres Alvi",41.659235,-0.876389,node/5244452464
hospitality,"La Cocina de Keyla",41.659165,-0.876805,node/5244465454
shop,Castellana,41.658988,-0.875914,node/5244465455
hospitality,"Sidrería Pottoka",41.652683,-0.873792,node/5245845815
shop,Mascorto,41.648711,-0.90024,node/5246150645
shop,"Sin Huella",41.651375,-0.873836,node/5253894435
hospitality,"Doña Hipólita",41.654421,-0.882007,node/5259677321
shop,"Ciclos Contrareloj",41.643372,-0.909218,node/5270334922
shop,"Cuore Estilistas",41.646296,-0.868793,node/5290521009
shop,Inunu,41.641559,-0.893563,node/5290521011
office,"Servicios Agrícolas 3Pies",41.656923,-0.88309,node/5290521012
shop,,41.656903,-0.883037,node/5290521013
hospitality,"La Tasca de Predicadores",41.656976,-0.883232,node/5290521014
hospitality,Hollywood,41.649893,-0.88038,node/5299917126
shop,Dania,41.641585,-0.893638,node/5302223700
hospitality,Picozo,41.65584,-0.879978,node/5309554121
hospitality,"San Petersburgo",41.643953,-0.895744,node/5310599536
shop,Alcampo,41.649881,-0.891294,node/5312519899
shop,"José Fernández. Comida para llevar.",41.646702,-0.882361,node/5313500412
shop,Pisamonas,41.646811,-0.882467,node/5313500413
shop,Alafa,41.651054,-0.877997,node/5313500416
shop,Dia,41.649671,-0.889409,node/5313842751
tourism,"Nuestras Vecinas: Las Aves del Ebro",41.655299,-0.873036,node/5315378622
hospitality,"Burger King",41.640329,-0.872804,node/5316476875
tourism,,41.656558,-0.871472,node/5332010265
hospitality,"Ubicación 51",41.651541,-0.886452,node/5336541962
office,,41.64839,-0.893374,node/5340832108
hospitality,"Conrad's Fried Chicken",41.651805,-0.911989,node/5341713711
office,Belsué,41.645082,-0.889815,node/5370352225
hospitality,"Restaurante Casa Lac",41.652751,-0.880116,node/5406792703
shop,Adrenalina,41.644063,-0.876362,node/5486482838
shop,"Martín Martín",41.655426,-0.879636,node/5521151922
park,"Parque Infantil Helios Macanaz",41.660079,-0.883122,node/5553248098
office,"Unificación Comunista de España",41.648627,-0.905425,node/5575927966
shop,"Loscos 1973",41.651409,-0.878909,node/5602505727
shop,Ecomputer,41.651378,-0.87903,node/5602505728
shop,Ferrymas,41.650843,-0.877546,node/5602507823
shop,Nautalia,41.651243,-0.877881,node/5602507824
office,Brial,41.651198,-0.878449,node/5602509025
hospitality,"Z Bar",41.65107,-0.87826,node/5602510921
shop,Koko,41.651031,-0.877235,node/5602511121
shop,"B the travel brand",41.651304,-0.878065,node/5602511122
shop,"Chollo Europa",41.651065,-0.877334,node/5602511221
shop,Jesús,41.652764,-0.879735,node/5602546122
hospitality,FOGARIZ,41.652603,-0.880414,node/5602546223
hospitality,"Antigua Casa Colás",41.652652,-0.88019,node/5602546224
hospitality,Pomodoro,41.652742,-0.880262,node/5602546225
shop,Mimbre,41.653351,-0.879149,node/5602553923
shop,"El Lado Oscuro",41.653557,-0.879102,node/5602554223
shop,Carballo,41.653438,-0.87925,node/5602554224
shop,"San Gil",41.653551,-0.879375,node/5602554225
shop,"Algo Especial",41.653516,-0.879049,node/5602558424
shop,"Nice You",41.653495,-0.879285,node/5602558425
shop,Sex-Shop,41.653016,-0.880517,node/5602585621
hospitality,"El Real",41.656012,-0.879017,node/5602590523
office,Inizia,41.641867,-0.889116,node/5603732021
tourism,,41.657208,-0.87349,node/5604567704
hospitality,"Bull McCabe's Irish",41.650697,-0.883567,node/5607661724
hospitality,Molarepa,41.651164,-0.878511,node/5612118227
shop,Mesones,41.650379,-0.879171,node/5612118229
hospitality,"Linacero Café",41.650262,-0.879238,node/5612118231
hospitality,Candolías,41.649672,-0.879734,node/5612118232
shop,"El Rincón",41.650459,-0.879232,node/5612119428
hospitality,Bocachica,41.650032,-0.879374,node/5612119430
hospitality,Smooth,41.649947,-0.879424,node/5612119431
shop,"Los Sitios",41.649751,-0.879279,node/5612119432
hospitality,Carnívoro,41.649877,-0.879821,node/5612119433
shop,"Adolfo Dominguez",41.650132,-0.880605,node/5612119434
shop,Canela,41.65018,-0.880753,node/5612119435
hospitality,"Santa Catalina",41.651085,-0.878554,node/5612155022
shop,"Bebé City",41.650876,-0.878667,node/5612155024
shop,,41.650705,-0.87876,node/5612155025
hospitality,Erzo,41.650617,-0.878814,node/5612155026
hospitality,Mondo,41.650501,-0.878898,node/5612155027
office,Elán,41.650105,-0.880521,node/5612155028
shop,"Roberto Verino",41.650157,-0.880682,node/5612155029
shop,Nanos,41.649936,-0.880001,node/5612157722
shop,"Hyos de N Grilló",41.650321,-0.879203,node/5612158121
hospitality,Bokoto,41.649906,-0.879909,node/5612158122
shop,Almendra,41.650062,-0.88039,node/5612159122
office,PopRail,41.654951,-0.874223,node/5613593702
hospitality,"Vía Augusta",41.655265,-0.883642,node/5614941222
shop,"Mts Home",41.656946,-0.882633,node/5614959725
shop,"El Pequeño Catalán",41.655817,-0.883655,node/5614959728
shop,"La La",41.655578,-0.883873,node/5614959729
shop,"E Moviles",41.656768,-0.882666,node/5614969622
hospitality,"Helados Italianos Fuoli",41.656699,-0.882741,node/5614969623
hospitality,"La Bodeguica de Nicamó",41.656807,-0.882756,node/5614969624
shop,Mima't,41.657269,-0.883495,node/5614969625
hospitality,"El Chipirón",41.65596,-0.883464,node/5614969626
hospitality,"Almacen de Legumbres y Patatas",41.65706,-0.883472,node/5614969823
office,"Fincas El Pilar",41.656006,-0.88341,node/5614969824
hospitality,"La Tabernica",41.655691,-0.883775,node/5614969826
office,"Chunta Aragonesista",41.657432,-0.884305,node/5614971421
hospitality,"Le Petit",41.655172,-0.883712,node/5614981721
shop,,41.655311,-0.883585,node/5614985621
shop,Xima,41.655443,-0.88346,node/5614985622
shop,"Cai Cai",41.65552,-0.883388,node/5614985623
shop,"Calzados Cordelería S. Sieso",41.655356,-0.883545,node/5614985721
hospitality,Caterina,41.641304,-0.892408,node/5615577731
hospitality,"La Taberna de Rafael",41.641528,-0.892203,node/5615577733
shop,"Valmes 4",41.64122,-0.892018,node/5615577734
shop,"Ajuar del Baño",41.641824,-0.891934,node/5615577736
shop,"Cuida tus Manos",41.641964,-0.89201,node/5615577737
office,"Corredor de Seguros",41.642298,-0.891701,node/5615577738
shop,"De lo Spelos!",41.641474,-0.892477,node/5615616230
shop,"La Plaza de DIA",41.641587,-0.892369,node/5615616231
shop,Cortinas,41.641268,-0.892288,node/5615616232
shop,Marbid,41.641205,-0.891932,node/5615616233
hospitality,Limonero,41.64122,-0.891854,node/5615616234
shop,,41.641623,-0.892105,node/5615616235
hospitality,Met,41.64166,-0.892071,node/5615616236
shop,Alcober,41.641774,-0.891975,node/5615616238
shop,Carla,41.641905,-0.892064,node/5615616239
shop,Bolea,41.641891,-0.891872,node/5615616240
shop,Coleccionismo,41.641778,-0.892183,node/5615655724
shop,"Mercado Gran Via",41.641841,-0.892124,node/5615655725
hospitality,"Casa Nostra",41.642244,-0.891754,node/5615656622
shop,Tere,41.642214,-0.891583,node/5615732922
shop,Roylan,41.642026,-0.891756,node/5615749921
shop,"Marco Polo",41.642075,-0.891711,node/5615749922
shop,Factory,41.642168,-0.891625,node/5615749923
shop,Altair,41.642191,-0.891804,node/5615751621
shop,"Jose Alfonso S.A.",41.653688,-0.883148,node/5627132121
shop,Calzedonia,41.654094,-0.880935,node/5627425722
shop,"Paco Martinez",41.654059,-0.881225,node/5627425723
shop,Zayro,41.654435,-0.880978,node/5627425724
shop,"El Jardin de Paula",41.654346,-0.881077,node/5627425725
shop,Hispasoft,41.654499,-0.881115,node/5627425726
shop,"Asun Landa",41.654549,-0.88122,node/5627425727
hospitality,Karisma,41.654602,-0.881342,node/5627425728
shop,"El Kiosquito",41.654612,-0.881645,node/5627425729
shop,Indumenta,41.654571,-0.881559,node/5627425730
shop,"Alain Afflelou",41.654177,-0.881114,node/5627427121
hospitality,Zanellato,41.654259,-0.881034,node/5627427122
shop,Regia,41.654219,-0.880813,node/5627427123
hospitality,"Devil Coffee",41.653894,-0.881125,node/5627427124
shop,Setrufma,41.654357,-0.8807,node/5627427126
hospitality,"La Ría",41.65447,-0.881051,node/5627427128
shop,Buri,41.654373,-0.88114,node/5627427129
shop,Agüeras,41.654402,-0.881203,node/5627427130
shop,Rosi,41.654427,-0.881262,node/5627427131
shop,Anekke,41.654306,-0.881006,node/5627427321
shop,"Algo bonito",41.653627,-0.881407,node/5627427322
hospitality,"Olé Nuevo",41.647321,-0.882544,node/5627447731
shop,"Estanco 53",41.646698,-0.88341,node/5630827829
shop,"The Are",41.647362,-0.882873,node/5630827833
hospitality,"Helados Italianos",41.647515,-0.882702,node/5630827835
shop,"Liu Jo",41.647797,-0.882157,node/5630827838
hospitality,"Le Petit Croissant...",41.647744,-0.881986,node/5630827839
shop,Liince,41.646629,-0.88368,node/5630832342
shop,Decathlon,41.646001,-0.885914,node/5630832343
shop,Protocolo,41.64664,-0.883431,node/5630832344
shop,Gocco,41.646924,-0.883426,node/5630832345
shop,"Freshly cosmetics",41.646734,-0.883357,node/5630832346
shop,,41.646763,-0.883278,node/5630832347
shop,Aeme,41.646784,-0.883234,node/5630832348
shop,Coosy,41.647025,-0.88321,node/5630832349
shop,"Sophie + Lucie",41.647056,-0.883141,node/5630832350
shop,"Algo Bonito",41.646915,-0.882975,node/5630832351
shop,Cesar,41.647105,-0.883042,node/5630832353
shop,"El Rincón",41.64709,-0.882513,node/5630832355
shop,"Blue banana",41.647395,-0.882775,node/5630832356
shop,Ikks,41.647494,-0.882465,node/5630832357
shop,"Khadi Hombre",41.647574,-0.882669,node/5630832358
shop,"Los Dos Patitos (Loterías y Apuestas del Estado)",41.647679,-0.882605,node/5630832359
hospitality,"Mía Culpa",41.64788,-0.881445,node/5630832362
shop,"13 31 Ópticas",41.646594,-0.883748,node/5630834941
shop,Mola,41.646677,-0.88346,node/5630834942
shop,"Indi & Cold",41.646845,-0.883113,node/5630849122
office,"Propiedades InmoHappy",41.64763,-0.882633,node/5630849124
shop,"Paris 64",41.647773,-0.882076,node/5630849125
shop,Palmo,41.646878,-0.883053,node/5630849423
shop,Aznar,41.646967,-0.883335,node/5630849424
shop,Zekos,41.646997,-0.883268,node/5630849425
shop,Cloê,41.647453,-0.882739,node/5630849426
shop,"Lola Casademunt",41.64743,-0.882503,node/5630849427
shop,Subdued,41.647662,-0.882365,node/5630849428
shop,Unisa,41.647773,-0.882303,node/5630849429
shop,Abanuc,41.647713,-0.882337,node/5630851421
shop,"Laser Daniela",41.64756,-0.883759,node/5630881576
shop,"Alberto N.",41.646374,-0.874646,node/5633587025
office,"Consulado de Rumania en Zaragoza",41.645767,-0.876046,node/5633587026
hospitality,Origenes,41.645729,-0.87613,node/5633587027
shop,Novomusica,41.648422,-0.877564,node/5633590622
office,"Legal Help Abogados s.l.p.",41.646163,-0.875754,node/5633590623
shop,"Isabel Bernal",41.646071,-0.875475,node/5633590625
hospitality,Flor,41.646478,-0.874419,node/5633590627
hospitality,Desperados,41.646342,-0.874721,node/5633590628
hospitality,Pomarón,41.646596,-0.876121,node/5633594128
shop,"Lazaro Baeta",41.646295,-0.875863,node/5633594129
hospitality,Hojaldres,41.646234,-0.875814,node/5633594130
office,"Agrícola Soto del Moral s.l.",41.646099,-0.875698,node/5633595724
hospitality,Cachito,41.646037,-0.87555,node/5633595725
shop,Quirosan,41.650014,-0.882033,node/5638257067
hospitality,Jalos,41.649822,-0.881965,node/5638257068
shop,T&C,41.649681,-0.882497,node/5638257070
shop,Brownie,41.649916,-0.882796,node/5638257071
shop,"Paquita Ors",41.650263,-0.882434,node/5638268235
shop,Carrilé,41.649915,-0.882338,node/5638268237
shop,Tua,41.649806,-0.882447,node/5638268238
shop,"Size One",41.649742,-0.882472,node/5638268239
hospitality,"Asador Pasiego",41.649608,-0.882526,node/5638268240
shop,Cuplé,41.64994,-0.882431,node/5638268432
hospitality,Amorino,41.650004,-0.882689,node/5638268433
hospitality,"Facón del Gaucho",41.646825,-0.871603,node/5642436235
hospitality,"El Rincón de Jesús",41.649437,-0.874998,node/5642436236
shop,"Hiper Eco",41.646884,-0.872121,node/5642487256
hospitality,Sala's,41.646862,-0.871923,node/5642487257
shop,"Mercado C. Caspe",41.646849,-0.871836,node/5642487258
hospitality,"La Tostería",41.649446,-0.87509,node/5642487259
office,PV,41.646891,-0.872265,node/5642493526
shop,Aragón,41.646768,-0.87093,node/5642493527
hospitality,Yomas,41.647042,-0.870878,node/5642493528
bus_stop,"Avenida Tenor Fleta 124",41.636529,-0.875291,node/5660996097
shop,"Ce Colada Express",41.661743,-0.875683,node/5674595121
hospitality,"Tastum Hamburguesería",41.647024,-0.880587,node/5675344819
hospitality,"Bog Bar",41.640983,-0.896779,node/5695364402
shop,Intimissimi,41.644882,-0.883734,node/5713852858
shop,Copycenter,41.644737,-0.892217,node/5720087323
hospitality,Tequeño's,41.638,-0.880058,node/5736569473
office,"Funimascot - Mascotas Publicitarias",41.650091,-0.88048,node/5760058021
shop,"Ana Valero Beautyconcept",41.639019,-0.894593,node/5760063421
shop,Tress,41.642806,-0.893527,node/5768648536
shop,"Reija Outlet",41.642595,-0.893698,node/5771102587
tourism,"Museo de los Faroles y Rosario de Cristal",41.652392,-0.877016,node/5775780815
shop,"Gustavo Corral",41.649575,-0.874887,node/5790279445
hospitality,"La Dolores",41.649595,-0.874892,node/5790279446
hospitality,Camarote,41.649573,-0.87476,node/5790279447
hospitality,"Rica Arepa",41.649608,-0.874731,node/5790279448
hospitality,"Alma Criolla",41.649621,-0.874877,node/5790279449
hospitality,"La Columna",41.64968,-0.874829,node/5790279450
hospitality,"Fuera de Carta",41.649672,-0.874682,node/5790279451
hospitality,"Taberna de los Mojones",41.649841,-0.874723,node/5790279452
hospitality,"Falafel Center - Casa Siria",41.649898,-0.874691,node/5790279753
hospitality,"Casa Robert",41.649728,-0.874651,node/5790279754
hospitality,"La Pequeña Europa",41.649835,-0.874587,node/5790279755
office,"EDMI Internacional de maquinaria",41.649928,-0.874528,node/5790279756
hospitality,"El Escabeche",41.650106,-0.874566,node/5790279757
hospitality,Pantagruel,41.65011,-0.874418,node/5790279758
hospitality,"Casa de Cous Cous",41.650221,-0.874312,node/5790279759
shop,"La Magdalena",41.650348,-0.874225,node/5790279760
hospitality,Heroísmo,41.65046,-0.874255,node/5790279761
hospitality,"El Garapitero",41.650549,-0.874104,node/5790279762
shop,"Alimentación Cebollada",41.650856,-0.874031,node/5790279763
hospitality,"La Guadaña",41.650884,-0.873859,node/5790279764
hospitality,"La Vida es Bella",41.651081,-0.873897,node/5790279765
hospitality,"Beer Corner",41.651179,-0.873852,node/5790279766
shop,Alcampo,41.63696,-0.866692,node/5790680952
shop,Movistar,41.644616,-0.884013,node/5793754943
office,"iA Soft Grupo Oesía",41.636955,-0.899483,node/5794044998
office,Hiberus,41.63692,-0.899514,node/5794044999
office,,41.648542,-0.882924,node/5794140824
office,"Administración de la Seguridad Social",41.636626,-0.893102,node/5795441754
shop,Ortoweb,41.63599,-0.892608,node/5795477853
hospitality,"Bar Remix",41.643511,-0.866842,node/5795490459
hospitality,"Bar Parque de los Príncipes",41.639377,-0.905594,node/5796991478
shop,"Frutas y Verduras Diego",41.638303,-0.906266,node/5796991479
hospitality,"La Terraza",41.638261,-0.906328,node/5796991480
shop,Audimos,41.638162,-0.906592,node/5796991481
shop,Perfum,41.638186,-0.906969,node/5796991482
office,"Grupo Romareda Asesores",41.638217,-0.907015,node/5796991483
hospitality,"Centro Óptico Marqués",41.638606,-0.907466,node/5796991484
hospitality,Vogel,41.638766,-0.907615,node/5796991485
shop,Voga,41.640212,-0.90812,node/5796991486
hospitality,"Estanco 65",41.640511,-0.908327,node/5796991487
shop,"El Rincón",41.639964,-0.908054,node/5796991489
hospitality,"Casa Lucía",41.640615,-0.908389,node/5796991492
shop,"Frutas Cester",41.640831,-0.908526,node/5796991493
hospitality,"Café del Tíbet",41.641941,-0.910171,node/5796991494
hospitality,Donosti,41.641989,-0.911203,node/5796991496
hospitality,Malvassia,41.642271,-0.911141,node/5796991498
shop,"Uniformes y Complementos",41.642535,-0.911348,node/5796991499
office,"Finca Hogar",41.642572,-0.911559,node/5796991500
shop,"Mar Complementos",41.643947,-0.892427,node/5798581479
shop,"BGB Shop",41.643869,-0.892502,node/5798581480
shop,"By Frida",41.643818,-0.892554,node/5798581481
shop,"River Antiques",41.643744,-0.892625,node/5798581482
shop,Nora,41.643722,-0.892645,node/5798581483
hospitality,"Luna de Istanbul",41.642754,-0.893541,node/5798581484
shop,Salain,41.642117,-0.894697,node/5798581485
hospitality,Bocadicos,41.64203,-0.89486,node/5798581486
shop,"La Ruta de la Seda",41.641928,-0.894952,node/5798581487
hospitality,"BeerHouse Tavern",41.640817,-0.896294,node/5798581489
shop,"Ciber Battle",41.64071,-0.896144,node/5798581490
hospitality,"Sushi Wasabi",41.640642,-0.896223,node/5798581492
hospitality,Luxor,41.64053,-0.896328,node/5798581493
hospitality,"La Recámara",41.640262,-0.896532,node/5798581494
shop,"A Tu Estilo",41.640185,-0.896605,node/5798581496
hospitality,Kokoro,41.640204,-0.896838,node/5798581497
shop,"Koro Neko",41.640109,-0.896708,node/5798581499
shop,"Talleres Dummy Cars",41.640064,-0.896739,node/5798581500
shop,Superguau,41.639949,-0.897044,node/5798581501
shop,"Talleres Dummy Cars",41.639926,-0.89687,node/5798581503
shop,"Electrónica Certe",41.639848,-0.896936,node/5798581504
shop,"Patchwork Babel",41.639676,-0.897094,node/5798581505
office,"Ingeniería Inasic",41.639646,-0.897312,node/5798581506
shop,Dia,41.639575,-0.897176,node/5798581507
hospitality,"La Viña",41.639475,-0.897279,node/5798581508
shop,"Estilistas D'Luxa",41.639347,-0.897392,node/5798581509
shop,"Viena Audio",41.639011,-0.897259,node/5798581510
shop,Decorate,41.639141,-0.897147,node/5798581511
shop,"Estética Natalia Petrik",41.639166,-0.897204,node/5798581512
hospitality,"El Paladar",41.639203,-0.897252,node/5798581513
hospitality,"La Farola",41.639113,-0.897479,node/5798581515
office,"Limpiezas Alastuey",41.638917,-0.897783,node/5798581516
hospitality,"Bunga Burger",41.642867,-0.893449,node/5799508012
shop,"Eva Domínguez",41.642706,-0.893604,node/5799508013
shop,"Bake & Take",41.641635,-0.894785,node/5799508015
shop,"Estanco 58",41.640491,-0.895641,node/5799508016
shop,"La Almolda",41.64028,-0.895829,node/5799508018
shop,"Librería Portada de Actualidad",41.639832,-0.896261,node/5799508019
shop,Sleeper,41.63978,-0.896315,node/5799508020
hospitality,"La Corona de Fernando el Católico",41.639714,-0.89637,node/5799508021
shop,"Herbodietética Sánchez",41.639655,-0.896419,node/5799508022
shop,Nara,41.639605,-0.89647,node/5799508023
hospitality,"Los Mayses",41.639563,-0.89651,node/5799508024
shop,"Bodegas El Pilar",41.639508,-0.896561,node/5799508025
shop,Alcampo,41.639472,-0.896598,node/5799508026
shop,"Supermercado Cirac",41.639411,-0.896647,node/5799508027
shop,Miguel,41.639381,-0.896673,node/5799508028
hospitality,"Pizzeria da Francesco",41.639311,-0.89674,node/5799508029
shop,"La Ciruela 3",41.639283,-0.896765,node/5799508030
shop,"Emilio Ballesteros",41.638577,-0.897423,node/5799508032
shop,"Henry Vargas",41.638502,-0.897489,node/5799508034
shop,"Bazar Romareda",41.638391,-0.897596,node/5799508035
shop,"Comercial Usón",41.63804,-0.89818,node/5799508036
shop,"Perfumería Patricia",41.642398,-0.873304,node/5810269662
shop,"Mario Duart",41.642403,-0.873385,node/5810269663
shop,Consumars,41.642394,-0.873446,node/5810269664
shop,Mincha,41.642188,-0.873406,node/5810269665
hospitality,Duo,41.642182,-0.873452,node/5810269666
hospitality,"El Escultor",41.642406,-0.873601,node/5810269667
shop,"Las Flores de Consuelo",41.642176,-0.873562,node/5810269668
shop,Stratus,41.642187,-0.873671,node/5810269669
hospitality,"Lord Byron",41.642174,-0.87376,node/5810269670
shop,"Monnelleta España",41.642414,-0.87351,node/5810269671
shop,"Reparación calzado J.C. Castillo",41.64239,-0.873642,node/5810269672
hospitality,"Pizza Negra",41.642171,-0.874104,node/5810269675
hospitality,"El Babuino",41.642174,-0.874261,node/5810269677
shop,Savicente,41.642452,-0.874312,node/5810269678
hospitality,NBA,41.642384,-0.874537,node/5810269679
office,Lassira,41.642599,-0.874597,node/5810269680
shop,"Almacenes Sorando",41.642579,-0.874439,node/5810269682
hospitality,Almar,41.642694,-0.87469,node/5810269683
shop,"Algo + q masaje",41.642715,-0.874485,node/5810269684
shop,Vanesa,41.642882,-0.874821,node/5810269686
hospitality,Monarres,41.642962,-0.874898,node/5810269687
shop,"Talleres Autorrallye",41.64304,-0.874754,node/5810269688
hospitality,"El Caracol Peludo II",41.643195,-0.874871,node/5810269689
shop,"Reformas Belme",41.643284,-0.874931,node/5810269690
shop,"Mercería Alquézar",41.643329,-0.87521,node/5810269691
shop,"Talleres Otín",41.643451,-0.875079,node/5810269692
shop,"Zapatillas Pili",41.643589,-0.875195,node/5810269694
hospitality,"Cervecería El Arcángel",41.643543,-0.875383,node/5810269695
shop,Erika,41.643894,-0.875446,node/5810269696
shop,"Vian Motomobile",41.643935,-0.875724,node/5810269697
shop,"Escuela Tattoo A2",41.644188,-0.875689,node/5810269698
shop,"Maria's Cantina",41.6443,-0.875739,node/5810269699
shop,"Comercial Quemoil",41.644374,-0.875791,node/5810269700
shop,Tiless,41.644406,-0.875839,node/5810269701
shop,"Bisutería Rosa",41.644933,-0.876224,node/5810269702
shop,"Free Hair",41.644857,-0.876681,node/5810269703
shop,"Moda Madeira",41.644946,-0.876498,node/5810269704
office,"Seguros Santa Lucía",41.64509,-0.876374,node/5810269705
shop,Selkis,41.644421,-0.870911,node/5810707509
hospitality,"Taberna O'Cantal",41.644107,-0.871415,node/5810707511
shop,"Revistas del Barrio",41.643812,-0.871186,node/5810707512
shop,"Talleres Poblet",41.643936,-0.870976,node/5810707514
shop,Aclos,41.643734,-0.871085,node/5810707515
shop,"Deep Dye",41.64372,-0.871043,node/5810707516
shop,Mercadona,41.64366,-0.870992,node/5810707517
shop,"Tapicería J.L. Becerril",41.643505,-0.870608,node/5810707520
office,"Fincas Dalvi",41.643421,-0.870795,node/5810707521
shop,Novaláser,41.643399,-0.870507,node/5810707522
shop,Heder,41.64329,-0.8704,node/5810707523
shop,"Frutas y Verduras Pak",41.643277,-0.870673,node/5810707524
shop,"Centro Ôptico Ver Más",41.643112,-0.870539,node/5810707525
shop,"Reformas Hermes",41.643108,-0.870224,node/5810707526
shop,Lacolada,41.643082,-0.870188,node/5810707527
shop,"Talleres Blamig",41.643041,-0.870166,node/5810707528
shop,"Centro de Medicina Natural Amazonia",41.642926,-0.870052,node/5810707529
hospitality,Barbudo-Pass,41.642762,-0.869913,node/5810707530
shop,Vis-TT,41.64202,-0.869686,node/5810707533
shop,Cyan,41.642169,-0.869391,node/5810707534
office,Iman,41.641913,-0.869435,node/5810707536
shop,"Simply Market",41.642426,-0.869329,node/5810707537
shop,"Piel Naosmi",41.642058,-0.869283,node/5810707539
hospitality,"Bar Las Cigüeñas",41.641954,-0.869182,node/5810707540
hospitality,"Bar Plaza Aguayo",41.641726,-0.869414,node/5810707541
shop,Tauro,41.641536,-0.868809,node/5810707543
shop,"Carnicería Mucha Chicha",41.641511,-0.868781,node/5810707544
shop,"Frutería Tú Eliges",41.641425,-0.868699,node/5810707545
shop,"Cristalería Europa",41.641226,-0.869409,node/5810707546
hospitality,"Cervecería La Maña",41.641269,-0.869599,node/5810707547
hospitality,"Desafío 73",41.641322,-0.869718,node/5810707548
hospitality,Santos,41.641412,-0.86998,node/5810707550
shop,"Foto Luis",41.641538,-0.869945,node/5810707551
shop,Teranga,41.641464,-0.870082,node/5810707552
shop,"Pastelería Nava",41.641832,-0.870794,node/5810708153
hospitality,"Unión 31",41.641938,-0.8711,node/5810708154
office,"ONG Fraternidad sin Fronteras",41.642026,-0.871372,node/5810708155
shop,Electroauto,41.642106,-0.87158,node/5810708156
shop,"Cuni Esme",41.642135,-0.871676,node/5810708157
office,Bimesa,41.642047,-0.871812,node/5810708158
office,"Unión Asesores",41.64208,-0.871899,node/5810708159
shop,"Esther Calvo",41.64212,-0.87203,node/5810708161
hospitality,Sol,41.642184,-0.872472,node/5810708163
office,"Envases Comercial Fusté",41.642436,-0.872533,node/5810708165
shop,"Ciclos Rubio",41.642459,-0.872622,node/5810708166
office,"Ferretería Unión Cadena",41.6424,-0.872824,node/5810708167
office,"Carlos Sebastián",41.642482,-0.872676,node/5810708168
hospitality,Copito,41.642388,-0.872944,node/5810708169
shop,"Karia Bolsos",41.642369,-0.872949,node/5810708170
shop,"Peluquerías Due",41.642236,-0.87299,node/5810708171
hospitality,"Café Mikado",41.64006,-0.869185,node/5812837066
shop,"Reparación de calzado",41.640593,-0.869137,node/5812837067
office,"Abogados Valero Bielsa",41.640665,-0.869157,node/5812837068
shop,"Viajes Noe Travel",41.640756,-0.869172,node/5812837069
shop,"Cecauto Serviato",41.640834,-0.869258,node/5812837070
office,"Inmobiliaria Habitale",41.641488,-0.868419,node/5812837071
shop,"Zapaterías Carlos Reula",41.641551,-0.868301,node/5812837072
shop,"Mundo Moda",41.64162,-0.868165,node/5812837073
shop,"Peluquería Miral",41.641223,-0.867211,node/5812837074
shop,"Pastelería Aragón",41.641254,-0.867241,node/5812837075
shop,"Frutas Ramírez",41.641578,-0.867528,node/5812837080
shop,"Bazar La Princesa",41.641819,-0.867755,node/5812837083
shop,"Estilistas Isabel Lobera",41.641866,-0.86779,node/5812837084
shop,"Carnicerías Servet",41.641911,-0.867835,node/5812837085
hospitality,"Urban 56",41.641796,-0.86809,node/5812837086
office,Ocaso,41.641857,-0.868141,node/5812837087
shop,"Pelo a Pelo",41.641974,-0.868242,node/5812837089
shop,"Reparación de ordenadores Asterra",41.642039,-0.868299,node/5812837091
shop,BonÀrea,41.642227,-0.868118,node/5812837092
shop,"Peluquerías Bajo Precio",41.642091,-0.868344,node/5812837093
hospitality,"Bitería Michelo",41.642186,-0.868426,node/5812837094
shop,"Galería China",41.642285,-0.868157,node/5812837095
shop,"Droguería Tello",41.642365,-0.868235,node/5812837096
hospitality,Maram,41.642459,-0.868304,node/5812837097
hospitality,"Bar Otelo",41.642429,-0.86865,node/5812837098
hospitality,"Bar Las Fallas",41.642816,-0.868674,node/5812837100
shop,Panishop,41.642883,-0.869068,node/5812837102
shop,"Instalaciones y reparaciones Daniel",41.643198,-0.869017,node/5812837104
shop,"Recambios Pastor",41.643115,-0.869276,node/5812837105
shop,"Hiper Zaragoza",41.64324,-0.869378,node/5812837106
shop,Citroën,41.643521,-0.869306,node/5812837107
hospitality,"Pizzería Pomodor",41.643399,-0.869519,node/5812837108
hospitality,"El Rincón de las Menestras",41.643458,-0.869586,node/5812837109
shop,Sajdam,41.643508,-0.869639,node/5812837110
shop,"Peluquería Número 1",41.643581,-0.869697,node/5812837112
shop,"Nuevo Hogar",41.643721,-0.869815,node/5812837113
shop,"Griffaphone Smartphone",41.643941,-0.870015,node/5812837116
shop,"Peluquería Nuevos Aires",41.644003,-0.870064,node/5812837117
hospitality,"Cafetería Isla Cristina",41.64419,-0.870254,node/5812837118
hospitality,"Café Londres",41.644233,-0.870292,node/5812837119
hospitality,"Turkuaz Istanbul",41.644299,-0.876485,node/5813337148
office,"Mary & Burillo",41.644329,-0.876445,node/5813337149
shop,"Talleres Midas",41.643949,-0.876316,node/5813337150
shop,"Talleres Otín",41.643899,-0.875141,node/5813337151
shop,"Centro de Fisioterapia",41.644048,-0.874965,node/5813340153
shop,"Jamones Jesús",41.644357,-0.87457,node/5813340154
shop,Alcampo,41.644235,-0.874535,node/5813340155
shop,"Alvo 87",41.644313,-0.873986,node/5813340156
shop,Pelocorto,41.64417,-0.873958,node/5813340157
hospitality,"Bar La Llanta",41.644156,-0.873855,node/5813340158
shop,Copiarápida,41.644144,-0.873739,node/5813340159
shop,"Comercial Lapuyade",41.643923,-0.873416,node/5813340160
office,"Limpiezas Cardina",41.64371,-0.873494,node/5813340161
shop,"Muebles El Pelotari",41.643087,-0.87366,node/5813340162
shop,"Interior Home LM",41.642991,-0.873673,node/5813340164
school,"En Clave de Ar-T",41.642958,-0.873883,node/5813340165
school,Artelibre,41.642905,-0.873892,node/5813340166
shop,"Muy Buena Idea",41.642836,-0.87392,node/5813340167
hospitality,"Pizzería Colosseum",41.642698,-0.873718,node/5813340169
shop,Moroelectra,41.642555,-0.873723,node/5813340170
shop,"Estudio Gema Medina",41.642583,-0.873968,node/5813340171
shop,"Calzados Silvio",41.642074,-0.873022,node/5813340172
office,"Inmobiliaria Europea",41.642101,-0.873317,node/5813340173
shop,"Fisioterapia In Corpore",41.642032,-0.87334,node/5813340174
hospitality,"Antiguo Mesón Burriel",41.641863,-0.87338,node/5813340176
shop,"Azulejos San José",41.641679,-0.873128,node/5813340177
shop,"José Rutia",41.641759,-0.873409,node/5813340178
hospitality,"El Cubano",41.64163,-0.873446,node/5813340179
shop,"Bazar China Europa",41.641573,-0.873145,node/5813340180
shop,"Reformas Pamat",41.641584,-0.873457,node/5813340181
shop,"Cálzate Súper",41.641508,-0.873156,node/5813340182
shop,"Los Alpes",41.641433,-0.87319,node/5813340183
shop,Hipopótamo,41.641206,-0.873164,node/5813340184
shop,"Bar Gabardito",41.641278,-0.872677,node/5813340186
shop,zgzticoma,41.641117,-0.872392,node/5813340187
shop,Renault,41.641557,-0.872608,node/5813340188
hospitality,"La Tasca del Ebro II",41.641283,-0.872316,node/5813340189
shop,"Talleres Automecánica",41.640731,-0.871042,node/5813340193
shop,"Talleres KIA",41.640793,-0.870659,node/5813340195
hospitality,"Cafetería Braille 11",41.640702,-0.870441,node/5813340196
school,"Escuela de Baile Pilar Torcal & Jan Möller",41.640359,-0.870205,node/5813340197
hospitality,"Bar Taxímetro",41.640413,-0.86977,node/5813340198
office,"Acción Laboral",41.640213,-0.869838,node/5813340199
shop,"Peluquería Yolanda Rebeca",41.640072,-0.869307,node/5813340200
shop,Ruiz,41.661464,-0.873431,node/5813465454
shop,"Decoración Casa Viva",41.647167,-0.882044,node/5813497833
shop,Orga,41.647144,-0.882004,node/5813497834
office,"DS Energía",41.64699,-0.882102,node/5813497835
office,"Beta Asesores",41.647078,-0.881807,node/5813497837
hospitality,"Bar Marengo",41.647055,-0.881742,node/5813497838
office,"Legal Center Abogados",41.646907,-0.881848,node/5813497839
shop,"The Travel Brand",41.646889,-0.881797,node/5813497841
shop,Balma,41.646871,-0.881758,node/5813497842
shop,Fisioterapia,41.646851,-0.881693,node/5813497843
shop,"La Dolce Vita",41.646845,-0.88168,node/5813497844
shop,"Boutique Royo",41.646762,-0.881501,node/5813497845
shop,"Óptica Andorrana",41.646758,-0.881044,node/5813497848
office,"Soluciones Inmobiliarias Aragón",41.646437,-0.880919,node/5813497849
shop,Warhammer,41.646407,-0.880821,node/5813497851
shop,"Office Hogar",41.646492,-0.880633,node/5813498453
shop,"Richard's Rondon Peluqueros",41.646367,-0.880749,node/5813498454
shop,"Gustavo Campos-Esteban Martínez",41.64635,-0.880706,node/5813498455
hospitality,"Cafetería Urban 57",41.646249,-0.880556,node/5813498457
shop,"Joyería Mercado de la Plata",41.646327,-0.880356,node/5813498458
office,"Viajes Europa Active Tour",41.646309,-0.880323,node/5813498459
office,"Fincas Artal",41.646269,-0.880257,node/5813498460
shop,Skiman,41.646039,-0.88023,node/5813498461
hospitality,"Mas' Torres",41.646129,-0.880049,node/5813498462
shop,"Decoración Sofía Martín",41.645987,-0.879868,node/5813498463
shop,"Frutería Zerecicas",41.645961,-0.879838,node/5813498464
shop,"La Petite Julie",41.645949,-0.879812,node/5813498465
hospitality,"Café de los Artistas",41.645784,-0.879884,node/5813498466
shop,"Estanco 112",41.645857,-0.879712,node/5813498467
shop,"La Mar de Cookies",41.645823,-0.879672,node/5813498468
hospitality,Inblue,41.645384,-0.879328,node/5813498469
hospitality,Vitoria,41.645355,-0.879294,node/5813498470
hospitality,"Bar Barlovento",41.645197,-0.87936,node/5813498472
shop,Tapigrama,41.645128,-0.879245,node/5813498473
hospitality,Tao,41.645184,-0.879033,node/5813498474
shop,20d2,41.645131,-0.878985,node/5813498475
hospitality,"Cafetería Lamarula",41.644981,-0.879116,node/5813498476
hospitality,"Tal Cual",41.645004,-0.87895,node/5813498477
hospitality,"Goiko Grill",41.64488,-0.87902,node/5813498478
hospitality,"Bocatería Babax",41.644843,-0.878788,node/5813498480
hospitality,Nolasmoke,41.6448,-0.878657,node/5813498481
hospitality,Station,41.644695,-0.878859,node/5813498482
hospitality,"Karaoke Tu Voz",41.644633,-0.878554,node/5813498484
office,"Souccu & Laure",41.644612,-0.878793,node/5813498485
hospitality,"Pub El Garito",41.644583,-0.878743,node/5813498486
hospitality,"Café Gora",41.647276,-0.882449,node/5816500387
shop,Pardon,41.647269,-0.882414,node/5816500388
shop,"Mercado Vitoria",41.647254,-0.882376,node/5816500389
shop,"Decoración Rosa García",41.647225,-0.882311,node/5816500391
shop,Olga,41.647065,-0.882344,node/5816500393
shop,"Pelo Stop",41.647028,-0.882233,node/5816500394
shop,E.g,41.645599,-0.889968,node/5822831578
office,"Tesorería General de la Segurdad Social",41.64447,-0.871726,node/5835982398
shop,"Ulloa Óptico",41.645526,-0.882648,node/5837978300
office,"Consorcio de Transportes del Área de Zaragoza",41.652021,-0.896857,node/5851871521
shop,"Decoración Lulú Bernad",41.647518,-0.883841,node/5875626230
shop,"Marisa Cervantes",41.64753,-0.883645,node/5875626235
shop,Agua,41.647515,-0.883597,node/5875626236
office,"La Mafia se sienta a la mesa",41.647784,-0.883299,node/5875626237
shop,Vorwerk,41.647883,-0.882883,node/5875626238
hospitality,"La mimosa",41.647571,-0.879908,node/5875626255
office,"Orduna Fotografía",41.647556,-0.879874,node/5875626256
office,"Publicidad Atentamente",41.647534,-0.879839,node/5875626257
hospitality,"La Tasca de la Mina",41.647386,-0.87865,node/5875626258
office,Gedesco,41.647411,-0.87853,node/5875626260
shop,Tegan,41.648403,-0.87737,node/5875626262
school,CEAP,41.648451,-0.877339,node/5875626263
hospitality,Nankurunaisa,41.648516,-0.877303,node/5875626264
office,FIATC,41.648575,-0.877249,node/5875626265
shop,"Bud's Bath",41.648774,-0.877115,node/5875626266
shop,"Laura Giménez",41.64841,-0.875787,node/5875626267
shop,Gistel,41.648082,-0.874419,node/5875626268
office,"Puertas Jesús Ginés",41.647864,-0.873982,node/5875626269
shop,Profi,41.647788,-0.873818,node/5875626270
shop,"Talleres Eloy Castro",41.647699,-0.873622,node/5875626271
office,"Peña El Rebullo",41.647629,-0.873486,node/5875626272
office,"Electricidad Celma",41.647544,-0.873319,node/5875626273
office,"Consulado de Bangladesh en Zaragoza",41.647599,-0.872727,node/5875626274
office,"Producciones 4 Films",41.647593,-0.872706,node/5875626275
hospitality,Montecarlo,41.647252,-0.872639,node/5875626276
shop,Carglass,41.647217,-0.872714,node/5875626277
shop,"Floristería La Orquídea",41.646874,-0.873445,node/5875626278
shop,"Copistería Dédalo",41.646848,-0.873522,node/5875626279
office,Zaraventa,41.646816,-0.873583,node/5875626280
shop,Vaporadas,41.646783,-0.873676,node/5875626281
shop,"Gamerin 004",41.646737,-0.873796,node/5875626282
shop,"El Telar",41.646656,-0.873994,node/5875626283
office,"Centro de Negocios Pomarón 17",41.646191,-0.875737,node/5875627685
office,"Fundación CAI-Ozanam",41.647033,-0.876393,node/5875627686
shop,TEDi,41.653222,-0.875838,node/5891692962
shop,TEDi,41.652923,-0.902151,node/5891692963
hospitality,"La Terraza",41.64539,-0.894658,node/5914514429
shop,Visentti,41.64606,-0.882104,node/5920376204
hospitality,"Crêperie Flor",41.654984,-0.882148,node/6003540285
shop,"Lasca Negra",41.639271,-0.887663,node/6015363940
hospitality,Antojitos,41.642922,-0.869121,node/6015363941
office,Nautalia,41.65063,-0.876045,node/6023078582
shop,"La Abacería",41.650663,-0.875998,node/6023080966
shop,"Ferretería Casanova",41.650768,-0.875913,node/6023081145
office,"Visús & Blasco",41.650952,-0.875969,node/6023081485
hospitality,Domino's,41.657365,-0.869297,node/6023083327
hospitality,"Cocinados Concha",41.659751,-0.870214,node/6031823236
shop,"La Vegetal",41.65363,-0.876628,node/6031847787
shop,"Boogaloo Vegetal",41.644008,-0.882,node/6057757180
office,"Aguerri Arquitectos SLP",41.653444,-0.877025,node/6064120885
shop,"You Mobile",41.653581,-0.902624,node/6086635387
bus_stop,"Sigüés / Parque",41.646307,-0.91275,node/6090938117
bus_stop,,41.646152,-0.912743,node/6090938118
hospitality,"Star pizzería kebab",41.661585,-0.870363,node/6142093489
hospitality,"100 Montaditos",41.644274,-0.892459,node/6163894544
hospitality,"Pequeña Europa",41.649969,-0.874536,node/6170945511
hospitality,"Casa Robert",41.649914,-0.874567,node/6170994996
hospitality,"Multiverso Bar",41.642453,-0.88294,node/6171740677
hospitality,"El Paladar",41.643782,-0.896651,node/6179377347
shop,"Alimentación Maestro",41.635389,-0.88604,node/6206020771
shop,CALYPSO,41.652719,-0.873824,node/6216088458
hospitality,"La Clandestina Café",41.652927,-0.878148,node/6237871678
bus_stop,"Paseo Echegaray y Caballero / Puente de Piedra",41.656024,-0.875592,node/6264284129
bus_stop,"Coso 188",41.652738,-0.872216,node/6264284130
bus_stop,"Plaza San Miguel",41.649938,-0.876049,node/6264284131
hospitality,Cancook,41.63479,-0.904154,node/6272295022
office,"Everis Aragón S.L.U.",41.651094,-0.869166,node/6307933781
hospitality,"Vinos Nicolás",41.653569,-0.880267,node/6355421785
hospitality,"Alma Criolla Empanada Bar",41.64971,-0.874831,node/6356286585
shop,Alcampo,41.644174,-0.874731,node/6356688985
shop,"Super Vivo Bazar",41.636596,-0.88439,node/6357914498
shop,Vorne,41.652936,-0.87713,node/6375688186
hospitality,Vorne,41.652911,-0.877159,node/6375689385
hospitality,CroquetArte,41.653762,-0.883706,node/6387987748
hospitality,"Meli del Tubo",41.653364,-0.880251,node/6387987749
hospitality,"Bermellón del Vasco",41.654595,-0.878091,node/6387987750
hospitality,"Casa Unai",41.643238,-0.895016,node/6387987751
hospitality,Albarracín,41.651099,-0.884225,node/6387987752
shop,"Salón Avenida",41.635117,-0.879827,node/6388005217
office,"Limpiezas Bedia",41.644008,-0.882,node/6419033660
hospitality,"Petit Comité Bocateria",41.648816,-0.882444,node/6443854372
hospitality,"Bruma Pizza",41.649634,-0.875298,node/6456370287
hospitality,"Churrería La Fama",41.6559,-0.879797,node/6467582624
shop,"Pastelería Patipatú",41.646449,-0.868951,node/6480611228
hospitality,"Bar Lion",41.647037,-0.880561,node/6486619730
shop,BonÀrea,41.640037,-0.896069,node/6549120151
shop,Bikerland,41.648408,-0.896827,node/6589888286
shop,"Zara Home",41.649168,-0.884418,node/6611869585
shop,"Eroski City",41.635578,-0.878866,node/6618353591
hospitality,"La Bodega del General",41.638129,-0.89383,node/6632185568
hospitality,Viryin,41.644161,-0.89606,node/6651930333
shop,Dia,41.646244,-0.882237,node/6654827118
shop,Orange,41.636503,-0.878375,node/6698853402
shop,"Óptica Virrey",41.636382,-0.877529,node/6698853413
shop,Sabín,41.636301,-0.877679,node/6698853430
shop,"Reformas JB",41.63647,-0.87766,node/6698853452
hospitality,"Kiosko del Parque Bruil",41.650759,-0.869701,node/6705543013
shop,"Pollería Nido de Delicias",41.644184,-0.895288,node/6743136751
office,,41.651463,-0.881226,node/6751070325
shop,BonÀrea,41.6387,-0.889146,node/6774931000
shop,"Diotronic Componentes electrónicos",41.647172,-0.894551,node/6787672493
hospitality,Espumosos,41.650793,-0.883504,node/6822673057
office,"Notaría Paraíso",41.644623,-0.884899,node/6845688086
hospitality,Ginger,41.648487,-0.880683,node/6919217995
shop,Dreamcatcher,41.657122,-0.886019,node/6934592042
hospitality,"Café Bar Agustín",41.656633,-0.887043,node/6934606609
shop,"Herbolario San Pablo",41.655905,-0.88658,node/6934619250
shop,"Charcutería B. Montori",41.655979,-0.886983,node/6934621627
office,"Zaragoza Vivienda",41.655951,-0.886874,node/6934634172
shop,"Peluquería Estética Isabel Labat",41.656148,-0.884236,node/6934676986
shop,"Peluquería Adams",41.65639,-0.885624,node/6934677492
hospitality,"Le Petit Lunch",41.656068,-0.884723,node/6934685078
shop,"La Española",41.655404,-0.890041,node/6934746718
shop,Alcampo,41.655051,-0.887275,node/6934766400
shop,"Peluquería Rafa y Lucía",41.655298,-0.888418,node/6934768274
hospitality,"Bas Café Andrea",41.654918,-0.888112,node/6934776527
hospitality,"Cafetería Copetin",41.65549,-0.889239,node/6934778239
shop,Clarel,41.637795,-0.890347,node/6939194725
shop,Alcampo,41.637764,-0.890406,node/6939194726
shop,"Sommes Démodé",41.65423,-0.877731,node/6939233885
shop,"La Estilográfica Moderna",41.6534,-0.878891,node/7010082892
shop,Esvi,41.660134,-0.895585,node/7017913136
shop,"El Sarao",41.66163,-0.896567,node/7017917386
hospitality,"Mi habitación favorita",41.654364,-0.877716,node/7026877830
hospitality,"Casa Luño",41.652112,-0.898228,node/7026881996
shop,,41.652255,-0.898175,node/7026881997
shop,"El Camerino de Kokô",41.646515,-0.883565,node/7088703992
shop,Musicopolix,41.654783,-0.879113,node/7093470036
shop,Alcampo,41.655481,-0.880061,node/7093474324
office,"Fundación Secretariado Gitano",41.654576,-0.888056,node/7145552909
shop,Alcampo,41.655317,-0.884171,node/7147227085
hospitality,Bocatart,41.655969,-0.880814,node/7147227185
shop,Imor,41.642106,-0.874883,node/7193188826
hospitality,"Joa & Fel",41.641475,-0.874461,node/7193199889
shop,ArteVIVO,41.663255,-0.883103,node/7193577609
shop,"Taller de autoayuda",41.640715,-0.901428,node/7230580600
hospitality,"La Fama 2",41.65619,-0.884544,node/7259452895
shop,"Almacenes Moncayo SA",41.65586,-0.886367,node/7259462103
hospitality,"Cafetería de Facultad de Ciencias Sociales y del Trabajo",41.641527,-0.905456,node/7261500579
bus_stop,"Comín Ros 3",41.655044,-0.913009,node/7406572050
hospitality,"Bar Cuberos",41.649616,-0.902403,node/7485448102
hospitality,"Bar Royos 2",41.649726,-0.902449,node/7485448103
office,"Grupo Scout Santa Engracia 649",41.648542,-0.882807,node/7574818911
shop,"Dawer Electrónica",41.648343,-0.899495,node/7628764043
shop,"Star Games",41.650515,-0.884039,node/7660580145
shop,Game,41.651038,-0.884121,node/7660580146
shop,Montón,41.640996,-0.89209,node/7663954905
shop,Marimar,41.635097,-0.878952,node/7678030749
shop,"Red Hot",41.636072,-0.878939,node/7678030750
shop,Velilla,41.63538,-0.878021,node/7678030751
shop,Calzado,41.636018,-0.879002,node/7678030752
shop,"Mi Alcampo",41.635209,-0.87803,node/7678030753
shop,Jersey,41.635119,-0.877899,node/7678030754
shop,"Arte San José",41.636098,-0.878906,node/7678030755
shop,,41.635348,-0.877957,node/7678030756
shop,"El Rincón",41.63594,-0.878755,node/7678030758
hospitality,"Bar Pedro",41.635411,-0.878063,node/7678030759
shop,"Inma Navarro",41.635302,-0.877794,node/7678030760
hospitality,"El Callejón de la Música",41.644735,-0.897371,node/7684084551
bus_stop,"Plaza Emperador Carlos V",41.637773,-0.898713,node/7695137282
bus_stop,"Plaza Emperador Carlos V",41.637912,-0.898605,node/7695155286
bus_stop,"Violante de Hungría / Gómez Laguna",41.642482,-0.905802,node/7695155313
shop,"El Rincón",41.651144,-0.881515,node/7707020716
shop,"Flex Noctalia",41.648576,-0.875381,node/7707020717
shop,"Paco Perfumerías",41.651198,-0.881464,node/7707020720
shop,"Zeeman Zaragoza - Domenech",41.644413,-0.888099,node/7707467044
shop,"Con Calma",41.655574,-0.880964,node/7707482030
shop,Martin's,41.655015,-0.88006,node/7707583977
shop,Q-Arte,41.654966,-0.880351,node/7707583978
shop,Miniso,41.655072,-0.880254,node/7707583979
shop,Paco,41.654696,-0.880338,node/7707583980
shop,"Le Parisien",41.654937,-0.880378,node/7707583982
shop,ALE-HOP,41.654856,-0.880204,node/7707583983
shop,"Europa Electrodomésticos",41.638191,-0.897139,node/7707646786
office,"Sin Palabras Creativos",41.640269,-0.886243,node/7733690891
shop,Pope,41.640372,-0.886236,node/7733690893
office,GrupAragón,41.640702,-0.886133,node/7733690895
shop,Dada,41.640478,-0.886225,node/7733690896
shop,Camicia,41.640146,-0.886265,node/7733690897
shop,"Sagasta 35 Moda",41.641279,-0.886101,node/7733690898
shop,Importauto,41.64053,-0.886213,node/7733690899
office,"Federación Aragonesa Baloncesto",41.639593,-0.887147,node/7770642142
bus_stop,"Avenida de Madrid / Aljafería",41.655555,-0.895936,node/7815956528
hospitality,MasQMenos,41.639669,-0.908702,node/7817893724
hospitality,Rodilla,41.640895,-0.909439,node/7817893725
hospitality,"Cante de las Minas",41.640264,-0.887181,node/7820585491
shop,"El Rincón",41.636361,-0.892122,node/7841087548
bus_stop,"Duquesa Villahermosa 109 / Vía Univérsitas",41.646897,-0.906508,node/7850265859
shop,"Cristina Baigorri",41.638516,-0.887095,node/7857330005
shop,"Fernando y Rosa",41.638389,-0.88426,node/7857330011
hospitality,"La Tahona",41.638609,-0.886919,node/7857330012
shop,Lamamen,41.638404,-0.884324,node/7857330016
shop,"Textiles Torcal",41.638673,-0.885024,node/7857330024
hospitality,"Chef Alfonso",41.638688,-0.8868,node/7857330025
shop,,41.638904,-0.885626,node/7857330028
shop,,41.638724,-0.88674,node/7857330029
office,Pignatelli,41.63875,-0.886697,node/7857330032
shop,"Tussen by María Lazz",41.638937,-0.88571,node/7857330034
shop,Bayona,41.638973,-0.88577,node/7857330038
hospitality,"La Piparra",41.657327,-0.884425,node/7861775085
hospitality,Entalto,41.652496,-0.874438,node/7865021485
hospitality,Zarpar,41.652524,-0.874505,node/7865021685
hospitality,Isabello,41.650598,-0.868038,node/7865560287
bus_stop,,41.642398,-0.89799,node/7883343221
shop,"Mary cakes",41.641086,-0.890995,node/7891341284
hospitality,Mononoke,41.640305,-0.88567,node/7898655844
shop,"El Rincón",41.652606,-0.881036,node/7914415337
hospitality,"Mamá Cristina",41.633834,-0.900802,node/7916806823
shop,"El Rincón",41.641852,-0.893592,node/7916806824
shop,"El Rincón",41.65955,-0.874204,node/7925828271
shop,"El Rincón",41.653639,-0.87825,node/7925828276
bus_stop,"Valle de Oza 2",41.664988,-0.875074,node/7925828283
bus_stop,"Valle de Zuriza 10",41.662013,-0.874899,node/7925862791
shop,"El Rincón",41.635714,-0.908168,node/7929438914
shop,"Martín Martín",41.658136,-0.890622,node/7929438915
shop,Midulcepasión,41.639335,-0.886489,node/7967380619
hospitality,"Entre Dos Tierras",41.638047,-0.879585,node/7984582408
shop,BonÀrea,41.635623,-0.87836,node/7997779857
shop,"Martín Martín",41.635837,-0.878671,node/7997779858
shop,Naturoteca,41.648817,-0.885094,node/8007370969
shop,Asiain,41.648709,-0.88527,node/8007370970
hospitality,Montezuma,41.639663,-0.873988,node/8071191531
office,"Casa Catalana de Zaragoza",41.647938,-0.898348,node/8264418709
hospitality,"Bar Último Ensayo",41.646092,-0.906559,node/8275889521
hospitality,"Terraza La Flor",41.645931,-0.911332,node/8301007009
hospitality,"La Terraza Experimental",41.648173,-0.909384,node/8301007010
office,"Oficina Comercial Ebrosa",41.643153,-0.906766,node/8319089192
office,"HT Publicidad Grupo Tafalla",41.645363,-0.887235,node/8343336540
bus_stop,"Estación Central de Autobuses de Zaragoza",41.659425,-0.911352,node/8399487641
office,"Cien Pisos Inmobiliaria",41.646769,-0.872721,node/8419313301
hospitality,"Antigua Casa Paricio",41.652945,-0.871894,node/8559753382
office,"El Estudio de Andrés",41.648224,-0.901841,node/8637278204
office,Sanaza,41.65985,-0.904695,node/8765220839
tourism,"Hotel Zentral AVE",41.661384,-0.906807,node/8765247818
hospitality,"Gente Rara",41.658816,-0.870613,node/8836520982
hospitality,"Deira Dubai",41.649513,-0.889935,node/8894886512
shop,"Carnicería Merzouga",41.636116,-0.878348,node/8898207728
shop,Zeeman,41.64247,-0.873247,node/8907681534
shop,"La Dana",41.654628,-0.902224,node/8908017829
office,"Fincas Trovador",41.656481,-0.895199,node/8952181047
hospitality,"King Kebab",41.660592,-0.899131,node/8952181048
shop,Enyer,41.655335,-0.889792,node/8952181049
shop,Anartxy,41.653688,-0.881599,node/8959339866
hospitality,Malvón,41.653185,-0.882071,node/8959339867
shop,"Nicolas Barbershop",41.64333,-0.896319,node/8964284168
shop,Alcampo,41.660165,-0.876636,node/8995655192
shop,Belloc,41.640156,-0.8825,node/9023177023
shop,"AESA Aragonesa de Equipamiento",41.644179,-0.899497,node/9035388100
shop,Sayoa,41.644489,-0.896645,node/9035388101
hospitality,"El Taller de Doña Hipólita",41.638283,-0.889719,node/9041747303
shop,"Tarik Barber",41.638312,-0.88967,node/9041747305
shop,"Pakistaní Frutería",41.638587,-0.889277,node/9041747306
shop,"Juan Juan",41.638543,-0.889349,node/9041747307
shop,"El Rincón",41.643494,-0.905232,node/9042650641
shop,"Carnicería Argán",41.636093,-0.875009,node/9045684943
hospitality,"Ankara Turco Döner Kebab",41.633967,-0.87523,node/9045684944
shop,Dania,41.645397,-0.885983,node/9047677773
shop,Granier,41.649615,-0.888156,node/9047677774
bus_stop,"Camino de Las Torres / Plaza Schweitzer",41.642634,-0.881992,node/9048568417
hospitality,Saitama,41.651216,-0.876678,node/9048627454
shop,"Super Halal",41.647448,-0.899317,node/9048988869
shop,"Shunfeng - 顺丰商场",41.647995,-0.898391,node/9048988870
hospitality,"Zaragoza Kebab House",41.637842,-0.876374,node/9051380189
shop,"La nube de Blanca",41.641466,-0.893428,node/9060013108
hospitality,"Doner Kebab Turco",41.655142,-0.879945,node/9063521955
hospitality,Frutolandia,41.639542,-0.908773,node/9064702714
hospitality,"Dixy Pizzas",41.647533,-0.899376,node/9070030377
shop,"Disfraces Teresa",41.647498,-0.899354,node/9070030381
shop,Trackcion,41.646941,-0.899742,node/9070030382
shop,Gonzalvo,41.647655,-0.89946,node/9070030385
shop,Prince,41.647499,-0.899603,node/9070030386
shop,"Zb interiorismo",41.640029,-0.882268,node/9073528564
office,"Medina&Sicilia Asociados",41.638343,-0.878923,node/9077573010
shop,,41.638444,-0.879124,node/9077586725
hospitality,"El Rapid",41.64508,-0.88118,node/9077586763
shop,"Chollo Mercaeuro Ebay",41.64396,-0.880192,node/9077586773
hospitality,"El Timple",41.645749,-0.881795,node/9077586783
shop,"Ali Awan",41.635589,-0.878313,node/9082552314
hospitality,"El Forico",41.635586,-0.878532,node/9082552316
shop,"Bazar Octubre",41.635702,-0.878475,node/9082622120
shop,Texas,41.63567,-0.878647,node/9082622126
shop,"Mundo Madera",41.639704,-0.878625,node/9094105241
hospitality,"Nuevo Yuma",41.640202,-0.885155,node/9094105244
hospitality,"La Abubilla",41.640724,-0.883903,node/9094105256
shop,"Las Torres",41.640169,-0.885241,node/9094105273
office,"Saffer Group",41.640653,-0.88385,node/9094105278
shop,Vodafone,41.6389,-0.87915,node/9094105279
shop,"Las Torres",41.640186,-0.885194,node/9094105296
shop,"The Travel Brand",41.640595,-0.883804,node/9094105301
shop,"Fono Audire",41.640791,-0.883923,node/9094105308
shop,Juan,41.653236,-0.87559,node/9101917123
hospitality,"La Pasión",41.653201,-0.87552,node/9101917124
shop,Kits,41.653302,-0.875719,node/9101917125
shop,Ofiprix,41.645223,-0.886029,node/9101917126
shop,Marrakech,41.6465,-0.866842,node/9101917127
hospitality,Izakaya,41.653263,-0.875641,node/9101917129
office,"Ashloc Traducciones S.L.",41.644325,-0.883841,node/9111473973
hospitality,"La flor de la sierra",41.654779,-0.876619,node/9124076482
hospitality,"El Cuartelillo",41.653096,-0.879339,node/9143202058
hospitality,"Origen 1952",41.647135,-0.883892,node/9159321575
hospitality,Selvatik,41.638286,-0.910003,node/9196464196
shop,Altair,41.635774,-0.884477,node/9223970906
hospitality,"Mega Döner Kebab 3.0",41.640211,-0.89639,node/9223970909
shop,"Martín Martín",41.638826,-0.88833,node/9223970910
shop,"El Buen Jardinero",41.638581,-0.888484,node/9223970912
hospitality,Sami,41.660043,-0.874017,node/9226964187
shop,"Phone Fans",41.659735,-0.874126,node/9226964193
shop,"Trastos & Zarrios",41.660238,-0.873562,node/9226964195
shop,"OpenBlue Plaza Jesús",41.65786,-0.870368,node/9226964202
shop,Martínez,41.657694,-0.870528,node/9226964205
shop,"Al Andalus",41.660826,-0.8739,node/9226964206
shop,"La Barbería del Puente",41.659825,-0.874096,node/9226964216
shop,"El Torico",41.654655,-0.877096,node/9227240226
office,"Universidad San Jorge",41.65387,-0.878553,node/9227240227
hospitality,McDonald's,41.646534,-0.885836,node/9271805349
office,"Atenea Abogadas",41.652195,-0.879657,node/9274242614
shop,Lidl,41.650132,-0.898995,node/9275285518
hospitality,KFC,41.653286,-0.904614,node/9312852427
hospitality,"Burger King",41.655429,-0.884054,node/9321949400
shop,"Mr. Bulldog",41.64519,-0.887761,node/9322125568
shop,Pinceladas,41.645438,-0.887727,node/9322125569
shop,Mercadona,41.644891,-0.893681,node/9353775828
shop,,41.652676,-0.881629,node/9355271006
shop,Oro,41.652632,-0.881538,node/9355271007
shop,"Puertas Artieda",41.634589,-0.878563,node/9359569772
shop,"Buen Panadería",41.63465,-0.878649,node/9359569773
shop,"Monte Mayor",41.644032,-0.886452,node/9368601298
shop,"El Hombre de la Huerta",41.64402,-0.886323,node/9368601299
hospitality,Malvón,41.639425,-0.896008,node/9368601300
shop,"Teresa Izuel",41.643885,-0.885702,node/9368601302
hospitality,"El Molino",41.654766,-0.879891,node/9381191773
tourism,,41.658455,-0.877629,node/9386641018
hospitality,"La Boveda del Albergue",41.657633,-0.885915,node/9399326468
tourism,"Hostal Arenal",41.64448,-0.896476,node/9483199218
shop,"Librería Fontibre",41.645923,-0.882354,node/9531088565
office,"Fincas Sánchez",41.643874,-0.886257,node/9590091375
shop,Sfera,41.650889,-0.881785,node/9590091376
shop,Sanci,41.650156,-0.882544,node/9590091379
hospitality,"Teatro Inevitable",41.641417,-0.892274,node/9590950378
shop,"Siempre Bellas",41.63569,-0.879416,node/9594475671
shop,"Modista María",41.635671,-0.879443,node/9594475673
shop,"Euro Chollo San José",41.635607,-0.879209,node/9594475674
hospitality,"Nati Natillas",41.653261,-0.884184,node/9594475676
hospitality,"Ordio Minero",41.655282,-0.879399,node/9630489367
hospitality,Hoppy,41.653355,-0.878939,node/9630489368
hospitality,"La Doris",41.655523,-0.875481,node/9653648345
tourism,"Alma Mater Museum",41.655542,-0.875469,node/9653648351
tourism,,41.657357,-0.88114,node/9653744448
office,"Cortes de Aragón",41.656348,-0.896639,node/9656850881
office,"El Justicia de Aragón",41.653889,-0.875744,node/9657130128
office,Ataraxial,41.646918,-0.88981,node/9753602666
tourism,"Torre mirador del Pilar",41.65727,-0.878974,node/9761598833
shop,"Pakistaní frutería",41.644404,-0.882279,node/9775906042
shop,"Lamont Imagen digital",41.649456,-0.885255,node/9781590461
shop,"Viajes Carrefour",41.649432,-0.885203,node/9781590462
shop,"Lamont Imagen digital",41.6506,-0.876064,node/9797897029
shop,"Premium Store Outlet",41.649352,-0.888504,node/9804705149
office,"Expert One",41.649939,-0.880675,node/9812333442
office,BelOleum,41.649949,-0.880709,node/9812333443
office,"Castillo Balduz",41.64996,-0.880745,node/9812333444
office,"Partido Popular",41.649379,-0.884693,node/9818050967
shop,"111 QUESOS",41.642674,-0.89481,node/9819504917
shop,"3 ONZAS Y MEDIA",41.648378,-0.891544,node/9819505017
shop,"CARNICERÍA Hermanos Gracia",41.645464,-0.892492,node/9819505117
shop,"CARNICERÍA Prades",41.648303,-0.891477,node/9819505118
shop,"CARNICERÍA Miguel Ángel",41.645579,-0.893197,node/9819519218
shop,"CARNICERÍA Nati",41.642126,-0.892523,node/9819519817
shop,"CARNICERÍA Víctor Salvo",41.64213,-0.892491,node/9819519917
shop,"CARNICERÍA Carnísima",41.648862,-0.885482,node/9819581617
shop,"CARNICERÍA Prades",41.648383,-0.891092,node/9819581618
shop,"CHARCUTERÍA Angelines",41.642117,-0.892551,node/9819581717
shop,"CHARCUTERÍA Maribel",41.642095,-0.892492,node/9819581718
shop,"Charcutería Treze",41.648673,-0.889111,node/9819581719
shop,"CHARCUTERÍA Yolanda",41.648461,-0.89104,node/9819581817
shop,"CHARCUTERÍA Morales",41.648393,-0.891044,node/9819581917
shop,"TÉS EspabilaTé",41.643483,-0.893955,node/9819781117
shop,"Frutas Diego",41.646439,-0.889874,node/9819781217
shop,"Pollería José Antonio",41.642094,-0.892437,node/9819781317
shop,"Más que Serrano",41.641163,-0.891454,node/9819834517
shop,"CARNICERÍA Víctor Salvo",41.642177,-0.892467,node/9819834518
shop,"FRUTERÍA Cebollada",41.6446,-0.888092,node/9819834617
shop,"PESCADERÍA Tamara y Raúl",41.645513,-0.892482,node/9819834618
shop,"PESCADERÍA Charo",41.645316,-0.897621,node/9819834619
shop,"Pollería Fernández",41.642174,-0.892511,node/9819834620
shop,"Pollería Julia",41.648419,-0.890981,node/9819834621
shop,"Pollería Marina",41.645507,-0.892524,node/9819834622
shop,"BACALAO Y ENCURTIDOS Yolanda",41.652798,-0.905741,node/9819834623
shop,"PESCADERÍA Lozano",41.645491,-0.892454,node/9819834718
shop,"A tu gusto",41.649129,-0.904341,node/9819834719
shop,"Pastelería Babot",41.648719,-0.898768,node/9819834817
shop,"Pollería Angelines",41.64458,-0.888141,node/9819834818
shop,"PESCADERÍA Garzón",41.64209,-0.892599,node/9819834917
shop,"Talleres Carmelo Abio",41.64929,-0.890477,node/9819835117
shop,"CARNICERÍA Villa",41.652702,-0.90578,node/9819903018
shop,"PESCADERÍA La Pastora",41.650397,-0.899688,node/9819903019
shop,"Frutas Ciudad Jardín",41.648374,-0.902661,node/9819903020
shop,"CARNICERÍA Ibáñez",41.652701,-0.905696,node/9819905917
shop,"CONGELADOS Inma",41.652836,-0.905611,node/9819905918
shop,"FRUTERÍA Higinio",41.652831,-0.906474,node/9819905919
shop,"Frutería Ana",41.649093,-0.89611,node/9819905920
shop,"CHARCUTERÍA Morales",41.652739,-0.905607,node/9819906017
shop,"ENCURTIDOS Y ACEITUNAS El Olivo",41.65252,-0.900863,node/9819906018
shop,"Pollería Julia",41.652821,-0.905822,node/9819908117
shop,"Charcutería Cuarzo",41.648415,-0.902485,node/9819908118
shop,"Charcutería Montori y Barranco",41.648396,-0.902582,node/9819908119
shop,"FRUTERÍA Luci",41.653527,-0.899615,node/9819908120
shop,"PASTELERÍA Laínez",41.652383,-0.900818,node/9819908121
shop,"PASTELERÍA Laínez",41.652482,-0.900925,node/9819908122
shop,"CARNICERÍA La Pastora",41.650355,-0.899661,node/9819908317
shop,"FRUTERÍA Luna",41.650297,-0.899642,node/9819908417
shop,"La Calle",41.65497,-0.901965,node/9819908418
shop,"La botica del café y té",41.649014,-0.904113,node/9821709417
shop,HERBOLARIO,41.653762,-0.903777,node/9821709619
shop,"Dulces Tentaciones",41.648375,-0.902767,node/9821724517
shop,"PASTELERÍA Babot",41.655041,-0.905637,node/9821725717
shop,"PESCADERÍA La Ibérica",41.652607,-0.905483,node/9821728517
shop,"Pescadería Cañete",41.648362,-0.902845,node/9821731817
shop,"Pollería Lanuza",41.648288,-0.902838,node/9821733517
shop,"Pollería Marisa",41.648288,-0.902907,node/9821741417
shop,"Electro Fushion",41.654979,-0.902063,node/9821743017
shop,"Ultramarinos La canela",41.649001,-0.895486,node/9821751317
shop,"FRUTERÍA Júdez",41.652361,-0.900864,node/9821761917
hospitality,Ham!,41.650724,-0.883292,node/9821915618
hospitality,"La Bocca",41.646667,-0.882617,node/9821980418
shop,"PASTA FRESCA DE ZECCHI",41.653451,-0.884499,node/9822004317
hospitality,"PIZZERÍA Peppone",41.643366,-0.887249,node/9822015517
hospitality,"THE MOONKEYS PASTA & PIZZA",41.644529,-0.892808,node/9822034517
hospitality,AMBLAS,41.651232,-0.908068,node/9822086517
hospitality,"Nusa Dua Terraza",41.654719,-0.910374,node/9822096917
hospitality,"CANÍBAL ROYAL",41.647297,-0.891637,node/9822128917
hospitality,"El Provenzal",41.640673,-0.896861,node/9822142517
hospitality,"Asador San Miguel",41.649984,-0.875802,node/9824748117
hospitality,"La Manoushería",41.650471,-0.876396,node/9824755617
hospitality,"SANTA BELINDA",41.647354,-0.878989,node/9824784217
hospitality,"Antiguo bar La Jota",41.660013,-0.869842,node/9824809017
hospitality,"Duran 5",41.662822,-0.872286,node/9824822418
hospitality,"La general del tubo",41.653422,-0.881137,node/9833961317
shop,Primaprix,41.643355,-0.882805,node/9844952709
bus_stop,"Avenida de Madrid 241",41.651616,-0.912181,node/9891226736
office,"Instituto Social de las Fuerzas Armadas",41.646674,-0.880635,node/9892310820
shop,"La Simonetta",41.636063,-0.874628,node/9900530149
office,"Fundacion Juan Bonal",41.652672,-0.889241,node/9908163385
shop,Simón,41.652428,-0.873531,node/9923385115
shop,Guardatodo,41.634767,-0.878491,node/9925022396
shop,Degrada2,41.636132,-0.878532,node/9925053161
shop,"Johima Ascensores",41.664181,-0.889841,node/9925163866
office,"Colegio Profesional de Terapeutas Ocupacionales de Aragón",41.665467,-0.890364,node/9925307629
shop,"Los Cordobeses",41.651632,-0.873771,node/9943217420
university,"Casa del estudiante",41.644494,-0.900763,node/9967491782
office,"Oficina Software Libre Universidad de Zaragoza",41.641913,-0.897757,node/9974411008
office,"IASS Subdirección de Protección a la Infancia y Tutela",41.638858,-0.893138,node/9983950376
hospitality,Tatín,41.637252,-0.900304,node/10013851865
shop,Alói,41.6554,-0.879932,node/10049090893
shop,Pepco,41.655304,-0.879755,node/10049090894
shop,Druni,41.65355,-0.881727,node/10049113509
shop,"Rosa Clará",41.653958,-0.881308,node/10049113510
shop,Misako,41.653753,-0.881285,node/10049113511
hospitality,"Café de Lolita",41.655595,-0.878552,node/10049197153
shop,"Punt Roma",41.65573,-0.879341,node/10049197154
hospitality,"Gelati Dino",41.655959,-0.878932,node/10049197156
shop,Castillo,41.65592,-0.880495,node/10049282351
hospitality,"España Siglo XXI",41.65625,-0.8796,node/10049282352
hospitality,"Justicia & Pasteles",41.656206,-0.881246,node/10049282353
hospitality,Formidable,41.655973,-0.880257,node/10049282354
tourism,"San Valero",41.655965,-0.880355,node/10049282355
hospitality,"Las Catedrales",41.656291,-0.879697,node/10049282356
shop,BonÀrea,41.655426,-0.883206,node/10049344640
hospitality,"Planta Calle",41.654842,-0.882213,node/10049344643
shop,Dia,41.655359,-0.8831,node/10049344644
shop,"Novedades Paris",41.655259,-0.882937,node/10049401868
shop,Panishop,41.654934,-0.883882,node/10049425935
shop,"Caramelos Alcaine",41.654974,-0.883861,node/10049425936
shop,"The Sneaker One",41.65307,-0.881928,node/10049442393
shop,"Tahona Goyesca",41.654306,-0.883947,node/10049458136
shop,Villagallo,41.649387,-0.881568,node/10049866904
hospitality,Bunkerbar,41.649706,-0.879841,node/10049866905
shop,"Roche Bobois",41.649829,-0.881031,node/10049866906
hospitality,Leone,41.654307,-0.881695,node/10049868988
shop,"Casa del Libro",41.651148,-0.881299,node/10050979782
shop,T4U,41.650482,-0.879298,node/10051006005
shop,Redondo,41.650893,-0.880048,node/10051006006
hospitality,Julietta,41.650648,-0.879799,node/10051006007
shop,ComeJamón,41.650926,-0.880323,node/10051022066
hospitality,"El Sitio",41.651298,-0.879575,node/10051022067
hospitality,Goiko,41.651087,-0.880689,node/10051022068
shop,Opticalia,41.651142,-0.880921,node/10051022071
shop,"carlos reula",41.650848,-0.879875,node/10051022072
shop,Eurekakids,41.649543,-0.881504,node/10051046779
shop,"Harper & Neyer",41.650416,-0.880692,node/10052149838
shop,fm-Basic,41.650918,-0.880275,node/10052149839
shop,"Kave Home",41.650709,-0.880685,node/10052166828
shop,"Alejandro Moda",41.64993,-0.88127,node/10053257482
shop,"B the travel brand",41.649678,-0.881094,node/10053257484
shop,Murallas,41.656675,-0.881869,node/10053371941
hospitality,"El Mercado",41.656703,-0.881844,node/10053371942
hospitality,"Tropical Bar",41.656894,-0.88167,node/10053371943
hospitality,"Matisse Riveracafe",41.658514,-0.875595,node/10053470540
hospitality,"Agrupación Artistica Aragonesa",41.645102,-0.888655,node/10053829960
shop,"By Alejandro",41.644951,-0.887473,node/10053858376
shop,Bakery&Cakes,41.646967,-0.882634,node/10053954188
shop,Beltrán,41.652926,-0.878871,node/10054243534
shop,Bogar,41.652962,-0.878821,node/10054243535
shop,Paturros,41.654909,-0.876868,node/10054246693
hospitality,"Las Delicias del Tapeo",41.654987,-0.876814,node/10054246694
hospitality,"La Tasca Del Pilar",41.654852,-0.877308,node/10054281338
shop,"San Jorge",41.654963,-0.877562,node/10054281339
shop,"Delicatessen Del Mundo",41.654258,-0.877399,node/10054289468
shop,Antifaz,41.654005,-0.87701,node/10054289469
hospitality,"El Simo",41.654323,-0.877349,node/10054289470
hospitality,"La Parthenope",41.651704,-0.87793,node/10054542935
hospitality,"El Sol",41.651295,-0.879754,node/10054570705
hospitality,"Bar Circo",41.651161,-0.879845,node/10054570706
bus_stop,"Avenida de Madrid 158",41.651504,-0.913159,node/10075858812
hospitality,"Picola Italia",41.649648,-0.88308,node/10121162282
shop,,41.656298,-0.878156,node/10128874401
shop,,41.656329,-0.878247,node/10128874402
shop,Nautalia,41.641552,-0.883541,node/10138198460
office,InmoRevilla,41.641783,-0.883165,node/10138198833
shop,Santos,41.643448,-0.881817,node/10138198834
shop,elisamuresan,41.644713,-0.882604,node/10138203533
office,"Fincas San Carlos",41.639542,-0.883982,node/10138205601
shop,"Rosa Pablo",41.639683,-0.883542,node/10138205602
shop,B&K,41.644387,-0.882586,node/10138205603
hospitality,"Cantina Borago",41.644115,-0.882067,node/10138205875
shop,"Puertas Plumed",41.644453,-0.882354,node/10138205876
hospitality,"El Cid",41.63972,-0.884123,node/10138209178
shop,Zaracoy,41.642173,-0.882704,node/10138210885
shop,Menta,41.643279,-0.881679,node/10138211361
shop,Vanguardia,41.643924,-0.881903,node/10138214545
shop,Dama,41.641737,-0.883235,node/10138217224
shop,"Estanco Cuéllar 7",41.638762,-0.885162,node/10138231949
shop,,41.639017,-0.885831,node/10138232119
hospitality,"SOPHIA Gastrobar",41.644431,-0.882329,node/10138232120
shop,Blanca,41.641694,-0.883298,node/10138233800
shop,"Raquel Recaj",41.644147,-0.882083,node/10138233801
shop,"The Mad Cat MMXXII",41.644092,-0.882744,node/10138235047
office,Ocaso,41.653464,-0.883232,node/10144848288
shop,,41.649068,-0.883621,node/10144861287
hospitality,"Casa Teresa",41.640623,-0.87796,node/10157868874
shop,mariayus,41.646223,-0.884098,node/10159973765
shop,"ray studios",41.646285,-0.884153,node/10159984546
shop,Almau,41.650581,-0.884697,node/10168761305
hospitality,"Tasty Poke",41.65093,-0.88524,node/10168763596
hospitality,"Grosso Napoletano",41.650938,-0.885314,node/10168763712
office,Generali,41.650787,-0.884469,node/10168783158
office,"Fincas Barceló",41.65052,-0.884713,node/10168784848
shop,"José Rutia",41.645293,-0.890888,node/10172005894
shop,"Alfera Beauty",41.644718,-0.89172,node/10172020130
shop,"Justo Gimeno",41.646452,-0.886656,node/10172040392
hospitality,"San Siro",41.649239,-0.88214,node/10174407586
hospitality,"Tony Wilson",41.655375,-0.881825,node/10180394539
hospitality,"La Encantadora",41.655608,-0.881825,node/10180457917
shop,"Ana Manao",41.649202,-0.882023,node/10184172342
shop,Monsant,41.649142,-0.881884,node/10184193778
shop,Farrutx,41.649254,-0.881637,node/10184217523
shop,Isabelle,41.64931,-0.881604,node/10184222784
office,"Propietario Seguro",41.64947,-0.881522,node/10184222785
tourism,"Hotel Cesaraugusta",41.649182,-0.89342,node/10186511070
hospitality,"Bar Virrey",41.635853,-0.874793,node/10282718426
shop,Laida,41.646296,-0.881129,node/10282737486
office,"Seguros Pelayo",41.646412,-0.881043,node/10282737487
office,SomosRobinJud,41.637174,-0.877171,node/10284383303
shop,ONCE,41.637763,-0.877713,node/10284383306
university,"Centro Superior de Diseño HAC_R",41.637691,-0.877829,node/10284383307
shop,Esquirla,41.637764,-0.877771,node/10284383308
shop,"El Futuro",41.635755,-0.878563,node/10284418869
shop,"CE Colada Expres",41.634865,-0.877573,node/10284418871
shop,,41.635852,-0.878873,node/10284418872
shop,Alza,41.635858,-0.878699,node/10284418874
shop,Clarel,41.635793,-0.878621,node/10284418875
shop,Galbor,41.635542,-0.878254,node/10284418877
shop,"Ángel Almau",41.635341,-0.878209,node/10284418878
shop,Sqrups,41.635304,-0.878151,node/10284418879
hospitality,"Cafe Bar 29",41.635069,-0.877597,node/10284418881
shop,Mary,41.634932,-0.877656,node/10284418882
office,"Soluciones Inmobiliarias Aragón - Soluciones Financieras Aragón",41.634909,-0.877615,node/10284418884
shop,Serendipity,41.634777,-0.87777,node/10284418885
hospitality,"Bar Génesis",41.634592,-0.878047,node/10284418887
hospitality,Rosmi,41.634726,-0.878296,node/10284418888
shop,Callizo,41.636057,-0.878648,node/10284418890
shop,"Peluquería Jordana",41.640397,-0.883148,node/10284467799
shop,LUe,41.640329,-0.883104,node/10284467801
shop,Alanpe,41.641144,-0.884739,node/10284489473
hospitality,"Pub Hendrix",41.641034,-0.884591,node/10284489474
hospitality,Inefable,41.641404,-0.884925,node/10284490721
office,"Administración Integral de Fincas",41.641506,-0.885147,node/10284490722
shop,"Orto-Sport La Paz",41.641576,-0.885257,node/10284490723
shop,"TM Peluqueros",41.641593,-0.885302,node/10284490724
shop,"Azulejos Zaragoza",41.641621,-0.885352,node/10284490725
hospitality,"City Dumplings",41.641657,-0.885444,node/10284490726
hospitality,"Papa John's",41.642454,-0.87522,node/10285948914
shop,ONCE,41.643733,-0.882901,node/10286518591
hospitality,"Santander Work Café",41.650504,-0.882108,node/10290260840
shop,"Paco Perfumerías",41.64446,-0.885605,node/10291746082
shop,Granier,41.651771,-0.883076,node/10293200655
hospitality,"La Cafetería",41.650715,-0.883129,node/10293200656
hospitality,"Bar Lorca",41.635226,-0.879478,node/10293226213
shop,"Mercado Don Barato",41.637861,-0.87727,node/10293242119
office,Tecnocasa,41.637817,-0.877189,node/10293242120
shop,"Arturo Pastor",41.637394,-0.876405,node/10293242121
shop,"Álvaro Moreno",41.650003,-0.88353,node/10295641105
shop,"General Óptica",41.649909,-0.883634,node/10295641106
hospitality,Escocia,41.651056,-0.883871,node/10295817275
hospitality,Sushiko,41.65093,-0.883824,node/10295817276
hospitality,Kadizg,41.650711,-0.883625,node/10295817277
shop,Embou,41.65067,-0.883522,node/10295817278
shop,"El Rincón de la Encina",41.641152,-0.895997,node/10297052450
hospitality,Jekes,41.644308,-0.885908,node/10299245403
shop,"Sabor a España",41.655942,-0.879413,node/10299281012
hospitality,"Manolo Bakes",41.655998,-0.879361,node/10299281013
shop,"Las Torres",41.640946,-0.873621,node/10299672050
hospitality,Moran,41.638798,-0.875535,node/10299672051
shop,Afrodita,41.636204,-0.884327,node/10302741470
shop,"Charcuterías Torres",41.636681,-0.884383,node/10302741471
shop,"Isabel Manjón",41.636801,-0.884297,node/10302741472
shop,"Enea Flores",41.636837,-0.884223,node/10302741473
hospitality,Cuéllar,41.636972,-0.884285,node/10302741474
office,Mapfre,41.637094,-0.884328,node/10302741475
shop,ONCE,41.637215,-0.884347,node/10302741476
office,Nómada,41.637492,-0.884227,node/10302741479
shop,"El Bosque",41.637733,-0.884115,node/10302741480
hospitality,"Don James 007",41.641179,-0.89151,node/10304588883
office,AXA,41.639241,-0.879991,node/10309010068
shop,Cotti,41.638991,-0.880185,node/10309010069
shop,Irisol-2,41.63908,-0.880369,node/10309010070
shop,"Barber Tree of Life",41.64201,-0.874864,node/10309293290
shop,"Frutas Rosalía",41.642398,-0.875159,node/10309293292
hospitality,Violeta,41.642347,-0.875047,node/10309293293
shop,"Don Sofá",41.642348,-0.87491,node/10309293294
hospitality,"Buga Ramen",41.651182,-0.881025,node/10309473680
shop,"Frutas Asador Ester",41.640714,-0.888731,node/10311200379
office,"Casa Iryo",41.658099,-0.909149,node/10312863865
shop,"Carnicería Hermanos Martínez",41.64077,-0.908487,node/10542680124
hospitality,"El Tentempié",41.650051,-0.875719,node/10554159109
hospitality,"Museo de la Tortilla",41.65005,-0.87544,node/10555099809
shop,Daruda,41.647487,-0.883543,node/10563442566
hospitality,"La Estación 10",41.662222,-0.872585,node/10586441118
shop,ONCE,41.634624,-0.878382,node/10596632569
school,"Centro de Formación Juan Pablo II",41.638474,-0.908055,node/10607764673
shop,Artieda,41.659714,-0.876956,node/10659856371
hospitality,"Tribu Restaurante Zaragoza",41.634523,-0.90937,node/10664944574
shop,Pope,41.648185,-0.879878,node/10722323764
hospitality,"El Bandido",41.637905,-0.893337,node/10722325059
shop,"Laia Coiffeur",41.648225,-0.880048,node/10722330281
shop,"My little MOON",41.647521,-0.879812,node/10722337415
shop,"Antonio Gajón",41.648243,-0.880147,node/10722345105
hospitality,"Gonzo Bitterbar",41.648114,-0.8797,node/10722345106
shop,"Papelería Inglés",41.636226,-0.892302,node/10728371230
shop,"Purificación Escosa",41.63616,-0.892364,node/10728411059
bus_stop,"Avenida de Madrid 108",41.652645,-0.907999,node/10731541622
bus_stop,"Avenida de Madrid 183",41.652628,-0.907595,node/10731541623
office,"Ocho Sentidos",41.650704,-0.879946,node/10741246471
shop,"Panaria Kiosko",41.662941,-0.883392,node/10765294391
shop,Stradivarius,41.651287,-0.882268,node/10765321500
hospitality,"La Miguería",41.653769,-0.880807,node/10769604581
office,ANAGAN,41.647759,-0.884902,node/10772544000
shop,DEKitchen,41.666558,-0.88699,node/10773013358
hospitality,"Bocatería Gaviotas II",41.664476,-0.885466,node/10773013359
shop,Bisutería,41.654952,-0.901828,node/10773121230
office,"Academia Aragonesa de la Lengua",41.654634,-0.906409,node/10791191570
hospitality,Acicate,41.640775,-0.896341,node/10886493373
shop,Lalmolda,41.653954,-0.880037,node/10886974990
hospitality,Lalmolda,41.653789,-0.879931,node/10887007306
shop,"Bazar 100",41.654086,-0.880312,node/10887011109
shop,Granier,41.652477,-0.905671,node/10889024706
hospitality,Bilindo,41.648604,-0.877537,node/10893833155
hospitality,"Alma Criolla",41.652839,-0.874785,node/10914784782
shop,Callizo,41.65481,-0.883947,node/10928095251
office,"Daser Piso",41.654897,-0.883906,node/10928100855
office,"Junta Municipal Casco Histórico",41.655039,-0.883823,node/10928109315
office,Raminatrans,41.654839,-0.883908,node/10936364259
shop,Shubaira,41.640051,-0.874599,node/10947315030
hospitality,Scania,41.639768,-0.874987,node/10947318140
shop,"Arantza Rueda",41.639644,-0.875158,node/10947323891
shop,Ligros,41.640138,-0.874442,node/10947333019
shop,,41.639808,-0.87495,node/10947336952
shop,Primaprix,41.642746,-0.871961,node/10947336953
shop,Soro,41.640103,-0.874542,node/10947338290
shop,,41.639743,-0.875024,node/10947345426
shop,Compre,41.639872,-0.874848,node/10947355731
hospitality,Symbol,41.639706,-0.875066,node/10947356034
shop,Marouane,41.655505,-0.889497,node/10963038197
shop,Nora,41.659396,-0.894383,node/11035375546
shop,Simón,41.65937,-0.894279,node/11035385160
hospitality,Hiberia,41.659432,-0.89448,node/11035386589
shop,"La flor de oro",41.651327,-0.90142,node/11037287310
shop,"El armadillo ilustrado",41.645602,-0.887092,node/11077472976
hospitality,"Brasa y Pulpo",41.654044,-0.908635,node/11112363664
office,Adcara,41.639596,-0.892445,node/11136565116
office,"APASCIDE Aragón",41.639366,-0.891748,node/11136617884
hospitality,Trevi,41.655127,-0.876527,node/11176675027
shop,Domine,41.650151,-0.883442,node/11178409390
shop,"Yves Rocher",41.650121,-0.88341,node/11178415736
hospitality,"La pata negra",41.651435,-0.884286,node/11178424089
shop,"Toy Club Express Salamero",41.651922,-0.884104,node/11178424090
shop,"Centro visual Independencia",41.650237,-0.883577,node/11178437172
shop,"El Rincón",41.651135,-0.884321,node/11178440011
shop,"La barbería del Tío Jorge",41.645624,-0.883787,node/11178440013
shop,"Guante Varadé",41.651141,-0.884827,node/11178443514
shop,,41.650525,-0.884154,node/11178444266
shop,"Óptica Criss",41.650959,-0.88564,node/11178444267
shop,Zaraoro,41.648547,-0.883383,node/11178444268
hospitality,"Tommy Mel's",41.651325,-0.884368,node/11178445231
hospitality,Mamanucca,41.651319,-0.884606,node/11178451620
office,Atalea,41.645831,-0.88374,node/11178451622
hospitality,"La jaula de grillos",41.648507,-0.883338,node/11178457512
shop,,41.652017,-0.884325,node/11178464380
shop,,41.651143,-0.884985,node/11178464381
shop,Francia,41.651127,-0.885035,node/11178464933
shop,,41.651426,-0.884552,node/11178468685
shop,,41.650153,-0.884583,node/11178469175
shop,"Hermanos Justo",41.652061,-0.884306,node/11178469583
shop,,41.650226,-0.883365,node/11178472834
shop,IberOro,41.651183,-0.884391,node/11178472835
hospitality,"La posada del jugón",41.650477,-0.884152,node/11178476513
hospitality,"Taberna entrebellotas",41.651186,-0.884726,node/11178477428
office,Brisasol,41.648618,-0.883842,node/11178477429
shop,"Luba Lashes",41.65028,-0.883665,node/11178478994
shop,Chuttesa,41.650184,-0.883495,node/11178480043
shop,Donna,41.650301,-0.883501,node/11178480044
shop,"Comptoir des cotonniers",41.649742,-0.881559,node/11184200001
hospitality,Petit,41.648795,-0.882467,node/11184214761
hospitality,"Macoa lounge",41.64875,-0.881933,node/11184214762
office,UGT,41.649293,-0.882343,node/11184218179
shop,Colores,41.645795,-0.882582,node/11184234920
shop,"Miguel Cebrián",41.647308,-0.880776,node/11184235872
shop,"Seis grados",41.649264,-0.879924,node/11184238924
hospitality,Sibuya,41.649307,-0.880104,node/11184239878
shop,"Viajes Zanzíbar",41.648781,-0.881925,node/11184240906
shop,Marengo,41.649767,-0.881707,node/11184241873
shop,,41.645848,-0.882439,node/11184242857
shop,Mola,41.649483,-0.882899,node/11184244921
shop,,41.64916,-0.880347,node/11184245592
shop,"Mi limonero kids",41.649337,-0.879836,node/11184246890
shop,"Xi Store",41.649741,-0.881483,node/11184246891
hospitality,Basho,41.649219,-0.880547,node/11184249220
shop,"Peluquería Domingo",41.649614,-0.881658,node/11184249844
shop,Estetizar,41.647287,-0.88072,node/11184249937
shop,Coconats,41.650389,-0.883646,node/11195543612
shop,,41.651075,-0.884195,node/11195554415
shop,Dondola,41.650823,-0.883622,node/11195554416
shop,"Studio 53",41.650703,-0.883722,node/11195597178
hospitality,"Nine garden",41.65074,-0.883699,node/11195614171
shop,"Guerrero & Sus",41.65034,-0.883582,node/11195621393
shop,Aperte,41.650259,-0.883439,node/11195624538
hospitality,"La Nogara Taberna",41.639782,-0.895146,node/11195707320
hospitality,"El organillo",41.639756,-0.895444,node/11195707321
shop,"Sofás by Conforama",41.645495,-0.883154,node/11245446136
hospitality,"Amazonia Açai",41.655239,-0.877093,node/11245503955
shop,"La Petite Baena",41.645447,-0.883244,node/11245506577
hospitality,"Cervecería La Esquinita",41.645067,-0.871207,node/11245510425
shop,Belloso,41.655397,-0.877468,node/11245510733
shop,"La Couture",41.645695,-0.882802,node/11245510734
hospitality,"Isla Sicilia",41.655343,-0.877332,node/11245514459
shop,Isabelina,41.655206,-0.877011,node/11245514460
shop,,41.645535,-0.883074,node/11245514461
shop,Matices,41.645467,-0.883206,node/11245540567
shop,"Peluquerías low cost",41.646186,-0.872573,node/11245550509
office,"Base arquitectura",41.645431,-0.88359,node/11245553110
shop,"La Mañica",41.655266,-0.877154,node/11245553884
shop,Okaïdi,41.645549,-0.883031,node/11245553885
hospitality,Bakery&Cakes,41.645445,-0.883301,node/11245553886
shop,Vivarea,41.645148,-0.871313,node/11245569858
hospitality,"La manon",41.655314,-0.87727,node/11245569859
shop,"Loterías y Apuestas del Estado",41.645479,-0.883639,node/11245571642
shop,"Zaragoza Souvenirs Olé",41.655861,-0.878743,node/11245573074
shop,,41.645384,-0.883538,node/11245573437
shop,Bogar,41.655229,-0.883672,node/11295378369
hospitality,"Ambrosio y Justino",41.655199,-0.891706,node/11309784371
hospitality,Kefi,41.654224,-0.881074,node/11353806461
hospitality,"Casa Buisán",41.653051,-0.879529,node/11354397310
shop,"Don Jaime I",41.653075,-0.878443,node/11354520661
shop,Sagaste,41.653186,-0.878318,node/11354542395
shop,"Ángel Joyeros",41.653592,-0.876295,node/11354780552
bus_stop,"Violante de Hungría / Parque de Bomberos",41.638659,-0.900357,node/11385110751
hospitality,Gilda,41.660022,-0.894299,node/11395892157
office,Cronotopos,41.654032,-0.878825,node/11398821038
shop,"Tinte de los alemanes",41.65347,-0.878103,node/11398821039
shop,,41.653689,-0.877903,node/11398849957
shop,"La gramola",41.654742,-0.878644,node/11398861614
shop,Nacar,41.652999,-0.878547,node/11398868617
shop,Natural,41.653327,-0.878223,node/11398871780
shop,Orocash,41.652175,-0.879695,node/11398872104
hospitality,"La lata de bombillas",41.654868,-0.878634,node/11398873059
shop,Tress,41.653236,-0.878282,node/11398873060
office,"Dr. Property",41.651984,-0.879767,node/11398877065
shop,"Teatro Principal",41.652248,-0.879578,node/11398878570
shop,,41.651401,-0.880031,node/11398881004
shop,"Arte Mineral",41.654718,-0.878605,node/11398884680
hospitality,Chilimango,41.654099,-0.879035,node/11398884681
hospitality,LesAmisWineBar,41.65448,-0.878725,node/11398884993
hospitality,"El viejo negroni",41.65424,-0.878962,node/11398886327
shop,"La Artesa",41.653922,-0.878119,node/11398886328
office,"Agrupación de Personas Sordas de Zaragoza y Aragón",41.653908,-0.87806,node/11398886987
shop,Josan,41.653513,-0.878065,node/11398886988
office,Iberdrola,41.647536,-0.883214,node/11403234957
shop,"Carlos Berniz",41.649533,-0.883054,node/11403242153
shop,"Tiko teko",41.650643,-0.884701,node/11403246664
hospitality,Mondo,41.650965,-0.883948,node/11403246665
shop,"Vista optica",41.650983,-0.884287,node/11403253814
hospitality,Loom,41.651005,-0.884045,node/11403257670
shop,"Comercial Algodonera",41.652163,-0.883555,node/11403257671
office,"Vela & Asociados",41.650295,-0.884705,node/11403263394
hospitality,"Distrito 37",41.651533,-0.884267,node/11403263395
hospitality,"Matisse Salamerocafe",41.652102,-0.883594,node/11403263396
hospitality,"Nuevo Don Liberato",41.647478,-0.883122,node/11403263878
shop,Verones,41.651993,-0.883684,node/11403264783
shop,,41.65279,-0.883187,node/11403264784
shop,Cámara,41.653158,-0.88186,node/11403264939
shop,"Tea Shop",41.652951,-0.881666,node/11403264940
office,"Instituto Aragonés de Fomento",41.652485,-0.883231,node/11403267356
hospitality,"Nuevo Derby",41.647381,-0.882935,node/11403267357
shop,,41.653293,-0.881735,node/11403268084
shop,Ascaso,41.647438,-0.883066,node/11403268085
hospitality,Barnoon,41.647504,-0.883166,node/11403268086
hospitality,"Healthy Nation",41.649617,-0.883118,node/11403271026
shop,,41.651483,-0.884302,node/11403271767
shop,"Isabelle nails",41.651791,-0.884174,node/11403271768
hospitality,UDON,41.650466,-0.884902,node/11403272735
hospitality,"Salamero 13",41.652343,-0.883397,node/11403272737
office,Aelca,41.650627,-0.8849,node/11403272880
shop,Tersan,41.650953,-0.884191,node/11403272881
hospitality,"Aires del Sur",41.650849,-0.883952,node/11403272882
shop,,41.650554,-0.884903,node/11403275471
shop,,41.651459,-0.884305,node/11403275472
shop,"Shades World",41.653207,-0.881816,node/11403275790
shop,"Loterías y Apuestas del Estado",41.653036,-0.881846,node/11403275791
shop,,41.651901,-0.883795,node/11403276769
hospitality,Symental,41.653596,-0.880341,node/11405278237
hospitality,"El Truco",41.653627,-0.88042,node/11405278238
hospitality,Corner,41.656388,-0.895204,node/11407176631
tourism,"Ascensor a la torre mirador del Pilar",41.657242,-0.878833,node/11409192831
shop,"Ruta 666",41.640826,-0.89091,node/11418014843
shop,"Atmosfera home",41.650613,-0.879706,node/11418080588
shop,Almau,41.650508,-0.880804,node/11418086619
hospitality,Zurracapote,41.640194,-0.890754,node/11418086620
shop,"Style Fresh",41.64094,-0.892166,node/11418091358
shop,Iguaz,41.640233,-0.890717,node/11418091359
shop,Sensu,41.650637,-0.879258,node/11418110238
hospitality,"Bar Pamplona",41.640844,-0.891002,node/11418110239
shop,"Ana Valero",41.640148,-0.890848,node/11418110240
office,"Fincas Luna",41.650498,-0.879351,node/11418110420
shop,"César Saiz",41.650715,-0.880503,node/11418110421
hospitality,Bakery&Cakes,41.650017,-0.880832,node/11418110422
shop,,41.640827,-0.892216,node/11418110423
shop,Yasmina,41.640291,-0.890663,node/11418110694
hospitality,MATi,41.650635,-0.879759,node/11418112228
shop,Anartxy,41.650275,-0.880795,node/11418112229
shop,"Stella Maris",41.640759,-0.891115,node/11418112230
shop,Garabatos,41.650366,-0.880906,node/11418113124
office,"Gabinete de seguros Benedi S.A.",41.640588,-0.890459,node/11418113125
office,"Formación San Miguel",41.640765,-0.890814,node/11418114184
shop,,41.650817,-0.880273,node/11418115400
shop,"Óptica Bretón",41.65017,-0.880714,node/11418115401
shop,,41.650426,-0.880862,node/11418116910
office,5urbano,41.650368,-0.880731,node/11418116911
shop,Extapy,41.640403,-0.890542,node/11418116912
shop,Parfois,41.650713,-0.87945,node/11418118381
shop,Primaprix,41.650579,-0.8796,node/11418118382
shop,"Saneamientos Marín",41.65077,-0.880165,node/11418118383
shop,"Bob boutique",41.650751,-0.879625,node/11418120472
shop,"La Herradura",41.650771,-0.880464,node/11418120473
hospitality,Frankfurt's,41.640887,-0.892199,node/11418120926
shop,,41.650913,-0.880145,node/11418122199
shop,"Barber shop Dixon",41.640835,-0.890964,node/11418122200
tourism,"Mirador de las cuatro culturas",41.657519,-0.881599,node/11444281231
office,RE/MAX,41.639139,-0.886408,node/11452097678
shop,Emege,41.645759,-0.882137,node/11452160467
shop,"Hello Nails",41.645772,-0.882103,node/11452160468
shop,,41.643166,-0.873062,node/11455558863
shop,Coaliment,41.646625,-0.872927,node/11455558864
office,Mapfre,41.647053,-0.873578,node/11455558865
shop,,41.647628,-0.874579,node/11455558866
shop,Smile,41.650677,-0.876876,node/11455558867
shop,ONCE,41.651933,-0.880512,node/11455593769
shop,"¡Aquí sí hay quién duerma!",41.655223,-0.880094,node/11457473609
shop,"Real Zaragoza",41.655819,-0.879552,node/11457473615
hospitality,KFC,41.665644,-0.871165,node/11457473617
hospitality,Aldayo,41.662739,-0.87317,node/11457473623
shop,Goldenstein,41.639555,-0.874693,node/11462452448
hospitality,"La Ribera",41.63679,-0.878287,node/11462452449
hospitality,"Cafè-Bar Marino",41.640841,-0.87195,node/11462452450
shop,"Martín Martín",41.638578,-0.875404,node/11462452451
shop,"Fruteria & Alimentation",41.635777,-0.878765,node/11462452452
shop,Cheff&Cheff,41.639047,-0.875172,node/11462452453
shop,"Carniceria Wilson",41.641156,-0.870513,node/11462452454
hospitality,"Cafe Teresa Bar",41.640988,-0.870629,node/11462452455
shop,D'Santi,41.635475,-0.879369,node/11462452456
shop,"Martín Martín",41.642125,-0.870033,node/11465318055
hospitality,Sofia,41.642823,-0.872303,node/11465318056
shop,Ortiz,41.641898,-0.870176,node/11465318057
shop,Asumbe,41.637441,-0.878337,node/11465318058
shop,Agateyte,41.63768,-0.879915,node/11465318059
shop,"Pit lane motor",41.637832,-0.87884,node/11465318060
shop,Alcampo,41.643579,-0.882634,node/11468827387
shop,Ralarsa,41.635642,-0.880966,node/11468827389
hospitality,"La Revuelta",41.642362,-0.874773,node/11468827390
shop,Autronic,41.635367,-0.88086,node/11468827392
shop,"La Casa de la Huerta",41.643322,-0.875821,node/11468827393
shop,"Martín Martín",41.642912,-0.875553,node/11468827394
shop,Tiger,41.655149,-0.903286,node/11476771447
shop,Carglass,41.655212,-0.903765,node/11476796076
shop,"Adnan Peluquería",41.655137,-0.903214,node/11476796090
hospitality,"La Rotonda",41.656022,-0.906638,node/11476796093
shop,"Eroski City",41.639045,-0.895821,node/11479297204
hospitality,"Sr. Cachopo",41.639272,-0.895472,node/11479297222
hospitality,"El Puente de Goya",41.659741,-0.89982,node/11480981323
shop,"Supermercado 365 Días",41.641712,-0.885519,node/11492724113
office,BM,41.642879,-0.885852,node/11494018087
shop,"Easy Lock",41.635262,-0.881647,node/11536979299
hospitality,Marlene,41.636011,-0.883955,node/11536979300
hospitality,"Bar Cuko",41.639433,-0.881918,node/11536979301
shop,Alcampo,41.639444,-0.881495,node/11536979302
shop,"Estanco 21",41.654414,-0.900225,node/11547922755
shop,Zacatrus!,41.654501,-0.899925,node/11547922756
shop,"Iguana Tatoo Studio",41.654524,-0.899838,node/11547922757
tourism,"Hotel Don Jaime 54",41.65506,-0.876782,node/11680785157
hospitality,"Café Chicago",41.662088,-0.899013,node/11726702549
shop,,41.653025,-0.886502,node/11807284673
shop,"Neumáticos Santo Domingo",41.655204,-0.893842,node/11841359464
shop,Motocard,41.64827,-0.886944,node/11844067016
shop,"Diputación de Zaragoza",41.652722,-0.881758,node/11850706449
hospitality,"La Cebada",41.663973,-0.868915,node/11869537354
shop,"La Huerta de María",41.662828,-0.868543,node/11869618910
hospitality,"Giros griego",41.662381,-0.868784,node/11869662584
shop,Júlia,41.645698,-0.884578,node/11906856190
shop,"Estanco Alfonso I",41.653281,-0.881973,node/11907016295
shop,Natura,41.653388,-0.881864,node/11907030774
hospitality,"La Comarquina",41.645416,-0.895858,node/11932396569
school,"Air Hostess",41.63774,-0.876468,node/11935395000
shop,"Lahore Mart",41.63901,-0.875293,node/11935395001
shop,Panishop,41.63873,-0.875613,node/11935395002
office,"Mundo Casa",41.638548,-0.875826,node/11935395003
shop,Passaró,41.639075,-0.875459,node/11935395004
shop,"Arturo Comín",41.639027,-0.875379,node/11935395005
shop,"Mister Minit",41.645299,-0.885023,node/11937905664
hospitality,"Bar Magallón",41.635075,-0.879775,node/11939153374
office,"Zaragoza Dinámica",41.662776,-0.866884,node/11942758492
shop,"Do Laundry",41.63965,-0.874565,node/11942798002
shop,"Estanco Puerta del Carmen",41.650503,-0.889581,node/11944368965
shop,"Pablo Ochoa",41.640228,-0.882631,node/11944444139
office,"Red Piso",41.636713,-0.878137,node/11944444140
shop,Pepco,41.639118,-0.880451,node/11944444144
shop,Melody,41.649188,-0.887573,node/11944461169
shop,"Deportes Ariadna",41.648078,-0.894646,node/11944517524
bus_stop,"Valle de Broto / Intercambiador",41.666595,-0.88631,node/11947177486
hospitality,Tosos,41.653152,-0.884225,node/11947177487
hospitality,Montreal,41.653636,-0.884029,node/11947177488
shop,Folder,41.639734,-0.88614,node/11948525004
hospitality,"Hamburgo's 3",41.639321,-0.885967,node/11948525006
hospitality,"La Petaca",41.639457,-0.886029,node/11948525007
shop,Dia,41.637874,-0.884171,node/11948791434
hospitality,Sportivo,41.642674,-0.896622,node/11949896710
shop,Gemma,41.642609,-0.896482,node/11949896753
bus_stop,"Avenida Tenor Fleta 34",41.640268,-0.882495,node/11951524336
shop,"La Seo",41.655005,-0.877026,node/11952391184
shop,"¡Qué majico!",41.654802,-0.876972,node/11952391186
hospitality,Belanche,41.654577,-0.877152,node/11952391187
shop,"Funky Rolls",41.654541,-0.877186,node/11952391188
shop,Castilla,41.654874,-0.876903,node/11952391189
bus_stop,"P° Pamplona, 12 / Paraninfo y Pta. Carmen",41.649177,-0.887061,node/11953399139
shop,"Nails Factory",41.644494,-0.895978,node/11966485245
office,"Grupo inmobiliario 110%",41.644903,-0.896853,node/11966485253
shop,Yoigo,41.644386,-0.895727,node/11966485258
hospitality,"La Gasca",41.638422,-0.889537,node/11966485261
hospitality,Salduba,41.638044,-0.890062,node/11966485262
hospitality,"El Rincón de Asia",41.643011,-0.892411,node/11966545829
shop,"La Tienda del Aficionado",41.641991,-0.891345,node/11966548471
shop,"El Rincón",41.661055,-0.900114,node/11967578612
hospitality,NO-DO,41.662262,-0.90155,node/11967578618
hospitality,Lexkina,41.653099,-0.902522,node/11967706816
shop,,41.642239,-0.885812,node/11968447096
shop,Intermedia,41.655607,-0.893458,node/11968457399
shop,,41.638057,-0.8777,node/11973746347
shop,"Paz Giral",41.638044,-0.877672,node/11973746348
shop,Moda,41.635536,-0.879288,node/11973759797
shop,"Frutas Simón",41.635741,-0.879037,node/11974835491
shop,,41.635637,-0.879127,node/11974835492
shop,Adah,41.6345,-0.87846,node/11974835493
shop,"La Casa de las Hierbas",41.640601,-0.883366,node/11980272034
hospitality,Chany's,41.63684,-0.877639,node/11980272035
hospitality,Filantropía,41.634839,-0.878588,node/11980272037
shop,Primor,41.654917,-0.884391,node/11981411642
hospitality,"Toca Jamón",41.654411,-0.88448,node/11981411651
tourism,Avenida,41.655191,-0.884251,node/11981411652
shop,Queen,41.654291,-0.884616,node/11981411653
shop,,41.654345,-0.884481,node/11981411654
bus_stop,"Cejador Frauca 10",41.635197,-0.891086,node/11982626687
shop,"La Colada",41.635286,-0.884301,node/11983515543
shop,"La Milagrosa",41.635472,-0.884512,node/11983515544
shop,Holomovil,41.653436,-0.881818,node/11984359275
hospitality,"3 elementos",41.649863,-0.8768,node/11985950659
shop,"Carrefour Viajes",41.649843,-0.876736,node/11985955387
shop,"Aromas y más",41.649615,-0.876983,node/11985957975
hospitality,"Café San Miguel",41.649743,-0.87709,node/11985958967
office,Iberdrola,41.645338,-0.87836,node/11985966848
shop,"Supermercado del Hogar",41.649825,-0.876987,node/11985968389
shop,Opticalia,41.638943,-0.896441,node/11985969323
hospitality,Bokatines,41.645604,-0.878613,node/11985971870
hospitality,"St. Michel",41.649634,-0.876832,node/11985983441
hospitality,"Laky Döner Kebab",41.651131,-0.90881,node/11986052033
hospitality,"El patio del Plata",41.652983,-0.879725,node/11987603872
shop,"Gibus en Tu Mesa",41.654907,-0.880742,node/11987606569
shop,Alcampo,41.634346,-0.875484,node/11988834303
hospitality,"Pizzería Maestro",41.633537,-0.875349,node/11988834304
shop,Gema,41.635403,-0.879392,node/11991573887
shop,Vela,41.645861,-0.881939,node/11992719310
shop,Margarita,41.646382,-0.882363,node/11992719313
shop,ONCE,41.655756,-0.893574,node/11993412597
bus_stop,"Avenida Cesáreo Alierta 55",41.640981,-0.874228,node/11999151659
bus_stop,"Avenida Francisco de Goya 50",41.643951,-0.890928,node/12000641110
hospitality,Pistacho,41.661916,-0.873231,node/12002693786
shop,"Loterías y Apuestas del Estado",41.658457,-0.874759,node/12002693816
office,"El Rabal",41.661512,-0.873404,node/12002693817
shop,"Modas Paquita",41.660467,-0.873867,node/12002693818
office,Allianz,41.634004,-0.875208,node/12004368977
shop,ONCE,41.650394,-0.878986,node/12007274240
office,"My Consulting",41.651178,-0.881379,node/12007279443
office,"Grupo VME",41.651177,-0.881383,node/12007279444
office,Ibercoin,41.651175,-0.881384,node/12007279445
office,"Gestoría Hombrados",41.651172,-0.881382,node/12007279446
office,Laxcorn,41.651173,-0.881381,node/12007279447
shop,"MGP Estudio",41.65117,-0.881387,node/12007279448
office,"José María Castejón Esteban",41.651168,-0.881384,node/12007279449
office,"GP Inmobiliaria",41.651166,-0.88138,node/12007279450
office,Adesif,41.65117,-0.881382,node/12007279451
office,"Ana Castaño",41.651173,-0.881379,node/12007279452
office,"Cortés y Botella",41.651174,-0.881379,node/12007279453
office,"Rosa Blanca Andrés Ortiz",41.651173,-0.881376,node/12007279454
office,"Mónica Jiménez",41.651172,-0.881377,node/12007279455
office,"Belinda Gracia Blasco",41.651171,-0.881378,node/12007279456
office,"Adolfredo Salazar",41.65117,-0.881378,node/12007279457
shop,Ángela,41.651174,-0.881351,node/12007279458
shop,"Zgz Confort",41.651197,-0.881081,node/12007279459
hospitality,"Nuevo Damasco",41.651165,-0.880987,node/12007279460
hospitality,"La Zarola",41.65021,-0.878128,node/12007279462
shop,Bogar,41.650168,-0.878018,node/12007279463
office,"Mutua de Accidentes de Zaragoza",41.650073,-0.878231,node/12007305314
shop,"Foot on Mars",41.654492,-0.880795,node/12007305317
shop,Guardatodo,41.639919,-0.882723,node/12007493998
office,Mebe,41.635018,-0.881754,node/12007494000
shop,Cucut,41.647069,-0.882432,node/12009974207
hospitality,Envero,41.640525,-0.878059,node/12010132034
hospitality,"East Crema Coffee",41.649536,-0.880817,node/12015490922
hospitality,"Linacero Rock&Burger",41.650516,-0.879408,node/12015540657
shop,Clarel,41.650557,-0.879513,node/12015542306
shop,Perfecto,41.653586,-0.883439,node/12018367055
hospitality,"Puerta Real",41.654154,-0.883855,node/12019971264
shop,"Consulta Travel",41.637953,-0.876561,node/12020539872
bus_stop,"Av. Cesáreo Alierta 44 / Av. de San José",41.640972,-0.87481,node/12020539891
hospitality,"William Wallace Tavern",41.636762,-0.877492,node/12020539921
shop,"Herboristería Rosales",41.639159,-0.875606,node/12020539961
hospitality,Belama,41.638953,-0.875616,node/12020539965
shop,"Ana Manao",41.651947,-0.883527,node/12020757073
office,"Gestión Común",41.651594,-0.878867,node/12020757094
shop,GAES,41.651933,-0.883478,node/12020757098
shop,Barrera,41.652064,-0.88351,node/12020757109
shop,"Bitten Apple",41.651973,-0.883581,node/12020757118
hospitality,"Mi Secreto",41.651917,-0.883439,node/12020757119
office,"Constitución Abogados",41.647536,-0.883717,node/12020757130
shop,"Cesar Sport",41.647209,-0.883089,node/12020757133
shop,Gonzaga,41.651893,-0.883367,node/12020757155
shop,"Equilibrio Natural",41.64733,-0.873561,node/12021291047
hospitality,Ali,41.647298,-0.873484,node/12021291048
shop,,41.647269,-0.873435,node/12021291049
shop,Salónica,41.647219,-0.873326,node/12021291050
bus_stop,"Camino Puente Virrey / Pablo Remacha",41.638927,-0.873978,node/12025741045
hospitality,"El Teatro",41.656578,-0.888854,node/12032146054
office,Maximiliana,41.646432,-0.886606,node/12036318129
shop,"En Azul",41.640406,-0.887298,node/12047831932
shop,,41.641935,-0.888605,node/12047831934
hospitality,Suki,41.664659,-0.868694,node/12049143880
shop,Homesense,41.642949,-0.893384,node/12055962602
shop,Cubbe,41.639997,-0.88911,node/12055962603
shop,"Io Pignatelli",41.639041,-0.88796,node/12055962604
shop,"Véndelo Amazing",41.638976,-0.88765,node/12055962605
shop,Bartoli,41.63884,-0.887498,node/12055962606
hospitality,"La Ley Seca",41.638675,-0.887304,node/12055962607
hospitality,"La Piccola Calabria",41.638545,-0.887377,node/12055962608
office,"Coordinador para el corredor Cantábrico Mediterráneo",41.659029,-0.91309,node/12068789881
shop,Alesha,41.646915,-0.882598,node/12071246892
hospitality,"El Papagayo",41.654462,-0.876965,node/12072004819
hospitality,Imbyss,41.654559,-0.877375,node/12072004820
shop,Chyc,41.654469,-0.877446,node/12072004821
shop,"Filatelia Manuel Dupla",41.654286,-0.877841,node/12072004822
shop,Fotoprix,41.651794,-0.878182,node/12072004823
shop,"Los Frutales",41.642537,-0.894849,node/12076052878
hospitality,"La Piedra",41.64311,-0.894576,node/12076052894
bus_stop,"Cesáreo Alierta, 22",41.645349,-0.878249,node/12078215392
bus_stop,"Avenida Puerta de Sancho 23",41.662768,-0.901243,node/12080708041
bus_stop,"Sobrarbe 24",41.660082,-0.873711,node/12084576808
bus_stop,"Camino de Las Torres / Silvestre Pérez",41.64839,-0.867754,node/12085437219
bus_stop,"Asín y Palacios 5",41.638822,-0.902928,node/12086050965
hospitality,"Voltereta Nueva Zelanda",41.640182,-0.893825,node/12105837202
shop,Athenea,41.64773,-0.89819,node/12141694947
shop,"Bike Gilda",41.656627,-0.89416,node/12142309424
bus_stop,"Luis Vives 9",41.638411,-0.895783,node/12151844655
bus_stop,"Gran Vía 11",41.646253,-0.887245,node/12155401949
bus_stop,"Avenida de los Pirineos / Valle de Broto",41.665753,-0.880785,node/12176463699
bus_stop,"Avenida de Navarra con C.M.E. Inocencio Jiménez/Rioja",41.655761,-0.909799,node/12180709510
bus_stop,"Madre Teresa de Calcuta 3",41.644193,-0.911336,node/12192805825
bus_stop,,41.660823,-0.871042,node/12193438732
bus_stop,"Av. Pirineos / Puente de Santiago",41.661757,-0.880803,node/12197141244
bus_stop,"Avenida de los Pirineos/Macanaz",41.660297,-0.880307,node/12197305637
bus_stop,"Arquitecto La Figuera / Zalmedina",41.660323,-0.879006,node/12197323420
bus_stop,"Vía Pignatelli 61",41.633475,-0.889951,node/12197414133
bus_stop,"Avenida Pablo Gargallo 71",41.660737,-0.899501,node/12202092004
bus_stop,"Anselmo Clavé 45",41.649615,-0.893667,node/12211561996
bus_stop,"Paseo Echegaray y Caballero 90",41.657871,-0.883002,node/12214430475
bus_stop,"Av. César Augusto 20-22 / Teatro Fleta",41.651351,-0.885781,node/12214430476
bus_stop,"Coso 134-138",41.651058,-0.87497,node/12216882641
bus_stop,"Gascón de Gotor 26",41.638511,-0.889218,node/12222492218
bus_stop,"Avenida de Valencia 8",41.647385,-0.894495,node/12230116226
bus_stop,"Estación Delicias / Acceso Salidas",41.658998,-0.909503,node/12231874901
bus_stop,"Estación Delicias / Acceso Estación Autobuses",41.659411,-0.911123,node/12231874904
bus_stop,"Avenida de Navarra con C.M.E. Inocencio Jiménez",41.656347,-0.91075,node/12231885438
bus_stop,"Avenida César Augusto / Morería",41.652893,-0.884411,node/12232107721
bus_stop,"Muel 11",41.659547,-0.86916,node/12232641160
shop,Picaraza,41.644897,-0.892241,node/12278579598
shop,"ese O ese",41.649777,-0.881351,node/12299401920
bus_stop,"Duquesa Villahermosa / Centro Deportivo Municipal",41.646656,-0.906706,node/12323602041
shop,Gilmir,41.636425,-0.905064,node/12325759240
shop,"Mercedes Gracia",41.636361,-0.905136,node/12325779346
shop,"Doña Carmen",41.645215,-0.883712,node/12348735899
shop,Pikolinos,41.645191,-0.88372,node/12348771824
shop,Calzedonia,41.645276,-0.883596,node/12348784300
office,Allianz,41.644384,-0.884916,node/12348784379
shop,"Luz García",41.644615,-0.885206,node/12348797231
shop,ONCE,41.645935,-0.884922,node/12348812709
shop,Enco,41.644632,-0.884752,node/12348829732
office,"Santa Lucía",41.647974,-0.883948,node/12348829733
shop,ONCE,41.644891,-0.885585,node/12348831701
office,Occident,41.648471,-0.883135,node/12348831801
bus_stop,"Estación Miraflores",41.634433,-0.868917,node/12363438541
office,"As de Pisos",41.650272,-0.885195,node/12365945283
bus_stop,"Avenida Puente del Pilar 3 / Puente de Hierro",41.657085,-0.869887,node/12365947976
shop,"Paola barber studio",41.648572,-0.885738,node/12365986212
shop,,41.649145,-0.886432,node/12365986213
shop,Aymadremia,41.64912,-0.886382,node/12365999675
shop,Multiópticas,41.649366,-0.885088,node/12366004104
shop,,41.650711,-0.884888,node/12366004105
shop,"Halcón Viajes",41.648977,-0.886221,node/12366004680
hospitality,"Cafetería 98",41.649008,-0.886782,node/12366004681
shop,"Paula Alcázar",41.650224,-0.885116,node/12366004682
shop,inuñez,41.649409,-0.885152,node/12366006019
office,PSN,41.649881,-0.887217,node/12366006495
shop,"Peletería Rodríguez",41.650776,-0.884463,node/12366007612
shop,"L stocks",41.648382,-0.885945,node/12366009726
shop,,41.64932,-0.885027,node/12366010590
shop,,41.648925,-0.886724,node/12366010628
shop,uno.gallery,41.649232,-0.885101,node/12366010740
shop,"Joseph Ribkoff",41.649048,-0.886809,node/12366010741
hospitality,"Ponzano 5",41.649109,-0.885017,node/12366010905
shop,,41.649168,-0.885167,node/12366014204
shop,"Papelería El Carmen",41.650128,-0.886966,node/12366015141
shop,Martaacin,41.64914,-0.88499,node/12366015564
hospitality,Peppone,41.650475,-0.884589,node/12366018510
shop,ONCE,41.647485,-0.885281,node/12366018724
bus_stop,"Mariano Barbasán 13",41.642128,-0.891275,node/12372269679
shop,"Mini Supermercado Romareda",41.639438,-0.90175,node/12389970902
hospitality,"El Gallo",41.65238,-0.874984,node/12394312779
bus_stop,"Paseo Cristóbal Colón 14",41.633818,-0.888768,node/12396907672
bus_stop,"Paseo Mariano Renovales 10",41.6356,-0.893388,node/12396912708
hospitality,"Juancho's BBQ",41.648973,-0.887423,node/12398750082
bus_stop,"Paseo de Sagasta 14",41.645687,-0.885846,node/12398759746
bus_stop,"Avenida Francisco de Goya 2",41.642625,-0.886852,node/12430184670
hospitality,"Pan & Pizz@",41.644363,-0.879428,node/12451042506
shop,,41.644259,-0.879332,node/12451042508
shop,Acuatec,41.644402,-0.879461,node/12451042509
shop,,41.6443,-0.879369,node/12451042510
shop,"Maison Decor",41.646607,-0.880698,node/12452467111
shop,Zorba,41.646169,-0.881908,node/12452467112
shop,Bakery&Cakes,41.637948,-0.894815,node/12463229281
hospitality,Foodverzo,41.649197,-0.88482,node/12466059041
bus_stop,"Tomás Bretón / Avenida de Valencia",41.645725,-0.897994,node/12468622801
hospitality,,41.641569,-0.888235,node/12469551828
shop,"Pablo Ochoa",41.649947,-0.880963,node/12469551830
shop,Kukuxumusu,41.653594,-0.881683,node/12469924785
hospitality,Llaollao,41.653217,-0.882028,node/12469924786
bus_stop,,41.638086,-0.897338,node/12471349203
hospitality,Nómada,41.640336,-0.895109,node/12471535934
shop,,41.644226,-0.872571,node/12471686030
shop,"Librería Cinegia",41.644384,-0.872545,node/12471686031
shop,Ambientes,41.644284,-0.87256,node/12471686032
shop,"Rys Saneamiento",41.637862,-0.876333,node/12473913120
shop,"Más Que Aromas",41.639481,-0.874266,node/12473913122
hospitality,"Cafetería Viena",41.661166,-0.866737,node/12473913123
shop,ONCE,41.651507,-0.873566,node/12473935732
hospitality,"La Carbonera",41.639985,-0.872617,node/12475657591
hospitality,"Bistro Salduie",41.650693,-0.893463,node/12476626136
shop,"Apla Global Technology",41.649954,-0.887168,node/12479179134
shop,MyNails22,41.641159,-0.884425,node/12479311504
shop,"Loterías y Apuestas del Estado",41.643666,-0.892698,node/12485002714
shop,"Carrefour Express",41.660346,-0.868692,node/12485150748
bus_stop,"Avenida Puente del Pilar / Colegio",41.659593,-0.868004,node/12485258164
shop,"Comercial Artieda",41.634542,-0.878511,node/12486643748
shop,,41.635166,-0.879401,node/12486643749
shop,"Electricidad Joven",41.635133,-0.879355,node/12486643750
shop,Quílez,41.635719,-0.879383,node/12486643751
shop,Unidos,41.635767,-0.879319,node/12486643752
shop,Movicel,41.63581,-0.879266,node/12486643753
shop,"A. Lahoz",41.63665,-0.878185,node/12486643754
shop,"Grupo Espuelas Espacio Showroom",41.637081,-0.877673,node/12486643755
shop,Livener,41.642718,-0.885863,node/12487110292
shop,Isometric,41.642957,-0.885842,node/12487116912
shop,"A tu Lado",41.638552,-0.878652,node/12487249442
shop,Xing,41.638414,-0.878388,node/12487249443
shop,Clarel,41.639984,-0.887533,node/12490266084
bus_stop,"Avenida de la Almozara 22",41.660879,-0.895566,node/12492133625
shop,"Pétalos Enea",41.636472,-0.884384,node/12492163952
shop,Chuscan,41.638119,-0.883871,node/12492163953
shop,Avecinal,41.659037,-0.870685,node/12492208726
hospitality,"Puente del Castillo",41.659975,-0.872857,node/12492285318
bus_stop,"Paseo Constitución / Patio de la Infanta",41.647319,-0.884393,node/12492306222
shop,,41.638338,-0.897644,node/12492426181
shop,,41.638531,-0.897464,node/12492426182
hospitality,"La Santa",41.636546,-0.899919,node/12492760361
hospitality,"Restaurante Maza Etxea",41.637696,-0.897049,node/12493010201
shop,"Loterías y Apuestas del Estado",41.639345,-0.896707,node/12494046366
hospitality,Croquetarte,41.652813,-0.880076,node/12496833294
shop,Lowi,41.652009,-0.876288,node/12496833295
office,Costco,41.655946,-0.878896,node/12496835993
shop,"Las Gangas de mi Casa",41.635704,-0.879081,node/12497848948
bus_stop,"Paseo Mariano Renovales (Parque Grande)",41.634913,-0.893022,node/12497910367
bus_stop,"Vía Univérsitas / Avenida de Madrid",41.651859,-0.910111,node/12518025455
shop,Alcampo,41.657513,-0.893861,node/12553459129
bus_stop,"Zaragoza. Av. Cesáreo Alierta, 72",41.63954,-0.872594,node/12578474868
shop,"Herboristería La Salud",41.651451,-0.876457,node/12613572265
office,"Netón Abogados",41.645696,-0.872218,node/12615493832
hospitality,Líquidos,41.65591,-0.904524,node/12645100258
bus_stop,"Avenida de Navarra 119",41.656574,-0.912417,node/12682016579
bus_stop,"Paseo Echegaray y Caballero / CDM Tenerías",41.653931,-0.870587,node/12682311679
bus_stop,"Unceta 33",41.652201,-0.901897,node/12692875717
bus_stop,"Avenida de Cesáreo Alierta 11",41.645476,-0.877758,node/12697416236
tourism,"Hostal Plaza Boutique",41.655373,-0.877414,node/12714485601
bus_stop,"Valle de Broto / Avenida José Atarés",41.66328,-0.888644,node/12717114374
bus_stop,"Valle de Broto / Virginia Woolf",41.664492,-0.887404,node/12717114375
bus_stop,"Paseo María Agustín 62",41.655548,-0.893549,node/12723967631
bus_stop,"Paseo de la Ribera / Puente del Pilar",41.656831,-0.870669,node/12726878241
bus_stop,"Av. José Atarés / Valle de Broto",41.662278,-0.887981,node/12726878243
bus_stop,"Avenida Tenor Fleta 3",41.642084,-0.885665,node/12730640589
hospitality,"Jane Birkin",41.65371,-0.87971,node/12774542501
hospitality,"Señorita Smith",41.653656,-0.879628,node/12774544901
shop,Tabook,41.642972,-0.909553,node/12776802519
shop,,41.653824,-0.876997,node/12778525890
hospitality,"Super Hits",41.655568,-0.880228,node/12778535880
shop,"Andrew Ink",41.65468,-0.874683,node/12778543874
office,Tecnocasa,41.654625,-0.87399,node/12778545346
shop,"Antigüedades Alfredo Jiménez",41.654519,-0.874416,node/12778550581
shop,ONCE,41.654094,-0.877595,node/12778553868
shop,"Paula Durán",41.655141,-0.873977,node/12778556290
shop,"Colchoneía JJ Aragonesa",41.654915,-0.874271,node/12778558279
shop,"San Cayetano",41.655878,-0.881695,node/12778571518
office,"Casa de la mujer",41.654018,-0.875623,node/12778575063
shop,,41.65585,-0.881592,node/12778577492
shop,"Callejón Zaragozon",41.655596,-0.880005,node/12778577507
shop,"Isabel Martín Fundación",41.653892,-0.877126,node/12778578622
hospitality,"El ""Caza"" en La Mayor",41.653927,-0.876872,node/12778580913
shop,,41.655594,-0.88028,node/12778582391
shop,"Planeta Antic",41.655626,-0.880359,node/12778583413
shop,"Antigüedades Emanuel Jimenez",41.65447,-0.874326,node/12778586311
shop,"Allué Laboral",41.655536,-0.880168,node/12778588759
bus_stop,"Conde de Aranda 62",41.6552,-0.888393,node/12787768949
bus_stop,"Avenida de Navarra 30",41.65517,-0.904159,node/12800334471
bus_stop,"Paseo de Sagasta 32",41.643725,-0.886139,node/12805008509
bus_stop,"Avenida de Cataluña 17",41.659795,-0.870463,node/12806218660
tourism,"U Hotel Villa Gomá",41.633852,-0.900768,node/12812592796
office,Visalia,41.648282,-0.884084,node/12818759454
hospitality,Gastrópolis,41.649675,-0.876949,node/12853514026
bus_stop,"Avenida Pablo Gargallo 116",41.662241,-0.904643,node/12860990222
hospitality,"Casa Isabelo",41.651864,-0.867572,node/12866291688
shop,"Zuri Nails",41.651189,-0.86853,node/12866310651
office,"Sepyce-Pack, S.L.",41.639742,-0.886736,node/12872199401
shop,"Peluquería de señoras MB",41.659575,-0.876206,node/12873541963
market,"Mercadillo de Zaragoza",41.662554,-0.910078,node/12876354354
hospitality,"Dulce Tentación",41.654383,-0.89822,node/12896350801
hospitality,Perugoza,41.646317,-0.869223,node/12896499201
bus_stop,"Condes de Aragón / Vía Hispanidad",41.63452,-0.908769,node/12926275217
bus_stop,"Avenida Juan Pablo II 60",41.63773,-0.908008,node/12926275218
bus_stop,"Avenida Juan Pablo II / Centro Comercial",41.641002,-0.910412,node/12926275221
office,"Confederación Hidrográfica del Ebro",41.644547,-0.886126,node/12949114586
shop,"Bijou Brigitte",41.65551,-0.879824,node/12952317370
hospitality,,41.650539,-0.884164,node/12956791287
hospitality,"9 bis",41.653707,-0.880617,node/12972931551
shop,"Conservas Félez Artesanos",41.653334,-0.898962,node/12979009801
hospitality,"Bula Tapas",41.645225,-0.882085,node/12979216163
hospitality,"La Trastienda",41.64514,-0.882277,node/12979216164
hospitality,"El Taburete",41.643394,-0.910719,node/12981908101
hospitality,"Casa Agustín",41.652766,-0.905378,node/12998708201
hospitality,"Antoñito's Bar",41.659519,-0.871092,node/13011324608
shop,Neksus,41.643147,-0.882634,node/13011452398
shop,Anyfer,41.643582,-0.883536,node/13011477271
shop,E.g,41.643653,-0.882718,node/13011477789
shop,Mariola,41.64313,-0.884283,node/13011495363
hospitality,"La tasca de Raul",41.643515,-0.883418,node/13011499798
shop,"Estanco Damas 36",41.643635,-0.883008,node/13011504974
shop,"Laser Bolonia",41.643212,-0.884029,node/13011504975
shop,"L'Image Rose Studio",41.643383,-0.883809,node/13011508497
shop,Aoki,41.64312,-0.882614,node/13011509966
office,Efor,41.643021,-0.884421,node/13011510385
shop,Göteborg,41.642967,-0.882121,node/13011510386
shop,"the Face Club",41.643058,-0.882265,node/13011512450
shop,Tempur,41.643754,-0.882796,node/13011514795
shop,"Mundo luz",41.643002,-0.882558,node/13011514985
shop,Zaramont,41.642854,-0.882598,node/13011516447
shop,"Loterías y Apuestas del Estado",41.643315,-0.883909,node/13011520860
shop,"La tartería",41.645713,-0.883607,node/13011520931
shop,BOHO,41.642943,-0.882015,node/13011522387
hospitality,Urbanita,41.643413,-0.883542,node/13011523553
shop,,41.643024,-0.884468,node/13011523554
shop,"Nails factory",41.643484,-0.882891,node/13011523721
shop,Tello,41.645582,-0.883461,node/13011524846
shop,"arte by Galisteo",41.643736,-0.883309,node/13011526349
shop,Schmidt,41.642795,-0.882584,node/13011527751
office,Mayayo,41.643648,-0.88321,node/13011528609
shop,"Humberto Royo",41.643007,-0.884629,node/13011528610
shop,"Wendy Jewellery",41.645746,-0.883635,node/13011529210
hospitality,Verich,41.643188,-0.882677,node/13011534808
shop,"Carlos Reula",41.643323,-0.882774,node/13011535035
shop,,41.643585,-0.882969,node/13011535585
shop,Zara,41.644162,-0.883482,node/13011537115
shop,"Centro óptico",41.643275,-0.882745,node/13011538244
shop,,41.643545,-0.88294,node/13011543074
shop,Llongueras,41.645612,-0.883504,node/13011544577
hospitality,"Bar Cervino",41.661471,-0.8981,node/13018936601
shop,Humi,41.648747,-0.889394,node/13019628351
shop,"Alimentación Aragües",41.648174,-0.889002,node/13019635271
shop,Yáñez,41.649136,-0.890185,node/13019644390
office,"Garlan Inmobiliaria",41.647528,-0.884912,node/13019645319
shop,"Papelería Marqueta",41.649431,-0.890539,node/13019653337
shop,"Óptica andorrana",41.648419,-0.887039,node/13019655580
shop,"Barber Yassine",41.648707,-0.889678,node/13019663553
shop,"Chollo Paseo Teruel",41.649094,-0.890064,node/13019663554
shop,Atarvez,41.649208,-0.890356,node/13019663555
shop,Malvanature,41.649043,-0.889315,node/13019663878
shop,"Mercería Gari",41.649381,-0.890771,node/13019666277
shop,,41.648393,-0.888241,node/13019669809
shop,"Pedro Bernad",41.648713,-0.8896,node/13019670243
shop,"Puerta del Carmen",41.649312,-0.89018,node/13019670569
shop,"Swami Ritual Thai",41.648357,-0.889217,node/13019670961
hospitality,Mañana,41.648372,-0.888314,node/13019671732
shop,"Deea Gliga",41.648187,-0.888813,node/13019671733
shop,"Tinte de los alemanes",41.648062,-0.888636,node/13019672143
hospitality,"Café de Levante",41.648657,-0.887563,node/13019673262
shop,Nanosport,41.648954,-0.889653,node/13019677188
shop,ONCE,41.648663,-0.889578,node/13019680640
shop,"Frutas deliciosas",41.648711,-0.889462,node/13019680789
shop,Cronps,41.648999,-0.889786,node/13019681718
shop,"Virginia Aguilera",41.65029,-0.883431,node/13034802794
office,Avanza,41.650287,-0.88375,node/13034802795
office,"Fundación Aragonum",41.650272,-0.883403,node/13034904432
shop,ONCE,41.650523,-0.882309,node/13034904433
shop,"Fashion kids",41.650238,-0.883675,node/13034909389
shop,Rituals,41.650281,-0.883266,node/13034918580
office,Publipisos,41.650447,-0.88402,node/13034918840
shop,"Ayuda en acción",41.650956,-0.882623,node/13034920445
shop,Linacero,41.65052,-0.884054,node/13034922635
shop,,41.650406,-0.883608,node/13034928007
shop,Tezenis,41.650589,-0.88297,node/13034929611
shop,"KIKO Milano",41.650359,-0.883194,node/13034934710
bus_stop,"Avenida de Navarra 12",41.654839,-0.901799,node/13037898629
shop,"Gold Lion",41.645811,-0.88205,node/13042788551
shop,AMC,41.646241,-0.881769,node/13042807981
hospitality,Kamado,41.648629,-0.881776,node/13042831961
shop,"can can",41.645699,-0.88225,node/13042831962
hospitality,"La trufa",41.646283,-0.881676,node/13042832693
shop,Ella,41.648763,-0.881692,node/13042846388
shop,"Flores Nuria",41.646203,-0.881836,node/13042846844
shop,River,41.648779,-0.881598,node/13042848076
shop,m&h,41.645569,-0.883721,node/13042851956
shop,"Coco Lebrel",41.646973,-0.882051,node/13042855850
shop,Margarita,41.646326,-0.881584,node/13042856043
shop,,41.645835,-0.882007,node/13042856044
shop,Kozo,41.646844,-0.881694,node/13042859811
shop,"Jorge Grilló",41.645729,-0.882197,node/13042861212
shop,Gines,41.648712,-0.881735,node/13042861880
shop,,41.646067,-0.881707,node/13042862048
shop,"Come Chocolate",41.64563,-0.882383,node/13042863640
shop,Culinarium,41.64636,-0.881519,node/13042865774
shop,"Carmelo Romero",41.645672,-0.882306,node/13042865775
shop,Boston,41.650078,-0.881163,node/13052122261
shop,Citees,41.655589,-0.879514,node/13052144391
hospitality,Divorare,41.655592,-0.879738,node/13052144392
hospitality,Ferrara,41.655546,-0.879558,node/13052144398
shop,Isabelina,41.655463,-0.879639,node/13052144399
shop,"99 Cheesecake",41.655616,-0.879714,node/13052144400
shop,"La Tartine",41.650957,-0.880328,node/13052153193
hospitality,Frío,41.651018,-0.880296,node/13052169338
shop,Malo,41.651356,-0.880058,node/13052169576
shop,,41.651199,-0.880181,node/13052178982
shop,"Chon Garrido",41.651151,-0.880207,node/13052180139
shop,"Mónica Baigorri",41.651058,-0.88027,node/13052180140
shop,"Tout Suite",41.651243,-0.880143,node/13052186767
shop,Voga,41.651307,-0.880093,node/13052186953
hospitality,"El Belga",41.655563,-0.879761,node/13052187003
shop,,41.651929,-0.867841,node/13053845356
shop,,41.651806,-0.86755,node/13053907146
shop,,41.650852,-0.868355,node/13053918516
hospitality,Ambigu,41.651086,-0.868261,node/13053919794
shop,"OK mascota",41.650947,-0.868332,node/13053923938
hospitality,Rinconete,41.648665,-0.886266,node/13055074674
shop,"Alisados Paola Dangond",41.64543,-0.880365,node/13055074678
shop,"Go woman by Carrillé",41.646821,-0.882784,node/13055817798
shop,,41.647049,-0.882546,node/13055817873
shop,"Mantequerías Jose Sanz",41.646852,-0.882807,node/13055819681
hospitality,"La Cocina de Keyla",41.65005,-0.877727,node/13055979101
hospitality,"Elio and Coco",41.652916,-0.875952,node/13057790602
shop,Miomio,41.655089,-0.879993,node/13058691418
bus_stop,"Avenida Madrid 134 / Calle Rioja",41.652204,-0.909963,node/13059844283
hospitality,Perrazos,41.63913,-0.897584,node/13060048544
shop,Voilà,41.642582,-0.875315,node/13063295377
shop,Carlin,41.642853,-0.875511,node/13063301645
shop,"Piel Latina",41.640228,-0.886249,node/13064267708
shop,ONCE,41.647915,-0.886584,node/13065327721
shop,"La Casa de las Carcasas",41.650394,-0.883159,node/13065327724
bus_stop,"Avenida Puerta de Sancho 20",41.66075,-0.901824,node/13068357386
shop,Goyamoto.es,41.655329,-0.904517,node/13068387609
bus_stop,"Avenida Puerta de Sancho 8",41.65967,-0.902677,node/13068387656
shop,Albira,41.643659,-0.894289,node/13068387664
shop,,41.655906,-0.907856,node/13068387674
shop,"Sei Bella",41.640106,-0.886171,node/13068387676
bus_stop,"Duquesa Villahermosa 3",41.649056,-0.899551,node/13069164250
hospitality,"The Preacher's Son",41.644643,-0.897886,node/13070420571
hospitality,Mostaza,41.640704,-0.895834,node/13070420572
shop,,41.646483,-0.891758,node/13077884549
shop,"Locutorio Kelly",41.647085,-0.891118,node/13077884553
shop,"Iris Room",41.640471,-0.895659,node/13077884555
shop,"La Mar de Cookies",41.645146,-0.891375,node/13077884559
shop,"Bulevar 44",41.64512,-0.891312,node/13077884574
shop,Scooter,41.645839,-0.89163,node/13077884589
office,"Central Sindical Independiente y de Funcionarios",41.645606,-0.891152,node/13077884591
hospitality,FALAFILOOO,41.652306,-0.874352,node/13082257456
bus_stop,"Paseo Constitución 16",41.647724,-0.881719,node/13084735626
shop,,41.642267,-0.885864,node/13086745055
hospitality,1965,41.651665,-0.912774,node/13086748529
office,"Gómez Rodríguez",41.654972,-0.888148,node/13086748536
hospitality,Istanbul,41.653972,-0.901983,node/13086748537
shop,"La Cumbre",41.65186,-0.912882,node/13086748543
hospitality,"Lucky Time",41.651363,-0.909762,node/13086748545
shop,"Loterías y Apuestas del Estado",41.65079,-0.886724,node/13086748557
office,,41.654441,-0.886047,node/13086748559
shop,"Conde XIII",41.65441,-0.88585,node/13086748562
shop,,41.652197,-0.885351,node/13086748563
office,"Dirección General de Salud Pública",41.651142,-0.886607,node/13086748564
shop,Martoni,41.651767,-0.912809,node/13086748588
shop,"Peluquería Kesia",41.633769,-0.875286,node/13088992941
shop,"Peluquería Riomartín",41.633714,-0.875296,node/13088992942
office,Quelinka,41.656105,-0.868067,node/13088992965
hospitality,"Drunks II",41.640438,-0.872367,node/13088992970
shop,,41.633996,-0.875162,node/13088992972
shop,Omar,41.635995,-0.874967,node/13088992974
shop,Obelix,41.633879,-0.875258,node/13088992984
hospitality,"Puerta de Hierro",41.65718,-0.869411,node/13088992985
hospitality,"El Limonero",41.633846,-0.875264,node/13088992987
shop,"Osteopathy Center Zaragoza",41.633414,-0.875396,node/13088992999
shop,"King's Barbershop",41.633591,-0.875333,node/13089007402
shop,"Martín Martín",41.656981,-0.869528,node/13089007405
shop,"Ideya Verde",41.633464,-0.875372,node/13089007407
shop,Silvana,41.633662,-0.875313,node/13089007414
shop,"Mama Mía",41.633921,-0.875242,node/13089007426
bus_stop,"Conde de Aranda 2 / Colegio",41.654439,-0.885242,node/13092281679
shop,Movistar,41.641051,-0.910571,node/13092386975
shop,Kontrastes,41.645086,-0.880298,node/13093195957
shop,Zeeman,41.657322,-0.890564,node/13094775785
shop,,41.657202,-0.890575,node/13094775789
shop,BonÀrea,41.657961,-0.889809,node/13094809541
shop,"Comercio Min-Ren S.C.",41.657852,-0.890436,node/13094809542
shop,Ferrymas,41.657938,-0.889684,node/13094809543
office,"Inmobiliaria Gil",41.657912,-0.889591,node/13094809548
shop,"El Rincón",41.658039,-0.890217,node/13094809551
shop,"Todo a 100",41.657433,-0.89054,node/13094809552
shop,Pelocorto,41.657913,-0.890424,node/13094809553
office,"Laboral Kutxa",41.657508,-0.890514,node/13094809555
shop,,41.658053,-0.8903,node/13094809556
shop,Valenciana,41.65803,-0.890149,node/13094809559
shop,"Amores Perros",41.657656,-0.88632,node/13094908230
shop,ONCE,41.656853,-0.882648,node/13094908236
hospitality,"Tajo Bajo",41.656225,-0.879533,node/13094933277
shop,"El Pilar",41.655874,-0.87924,node/13094933278
shop,Regalicos,41.655828,-0.879278,node/13094933279
shop,,41.656206,-0.879465,node/13094933280
shop,Muro,41.654794,-0.88055,node/13094950412
shop,Beth's,41.654889,-0.880414,node/13094950413
shop,"Flying Tiger Copenhagen",41.654559,-0.880466,node/13094950414
shop,Desigual,41.654492,-0.880547,node/13094950415
shop,,41.654315,-0.880694,node/13094950416
shop,"Fika & Go",41.655585,-0.879357,node/13095236206
shop,Dia,41.661291,-0.895828,node/13095236207
hospitality,"El Rincón de la Almozara",41.661425,-0.896491,node/13095236208
shop,"Banak Importa",41.655149,-0.879129,node/13099151484
office,"Demarcación de Carreteras del Estado en Aragón",41.65439,-0.878842,node/13099151486
shop,"Rap Solo",41.655766,-0.88065,node/13099151487
shop,Tattoo-A2,41.6465,-0.872432,node/13099151488
office,"Centro de Atención a la Infancia",41.640508,-0.893064,node/13112942885
shop,Renfe,41.658419,-0.909547,node/13114075588
shop,,41.652327,-0.881198,node/13135392428
shop,Donaláser,41.638282,-0.86873,node/13136992020
shop,"Talleres Citycar Roca",41.639116,-0.869671,node/13136992022
shop,Dia,41.638974,-0.870351,node/13136992023
hospitality,Veintiuno,41.654881,-0.877373,node/13140123984
hospitality,"Amor en Conserva",41.654332,-0.876711,node/13140123985
shop,,41.653324,-0.878719,node/13140896443
hospitality,"La Recámara",41.653417,-0.878929,node/13140896447
shop,"Fit Market",41.654514,-0.880238,node/13140896452
shop,"Regalos con Historia",41.654167,-0.8794,node/13140896455
shop,,41.653319,-0.881708,node/13140896458
shop,"Delicias Visual",41.653368,-0.878821,node/13140896461
hospitality,"Bodeguilla de la Santa Cruz",41.653685,-0.879287,node/13140896463
shop,Aresso,41.654172,-0.880858,node/13140896465
hospitality,"Viva la Vida",41.653963,-0.879121,node/13140896466
hospitality,"La Bodeguilla",41.652974,-0.878244,node/13140896469
shop,M2,41.653695,-0.879184,node/13140896470
hospitality,"Taiwan Bubble Tea",41.65462,-0.880249,node/13140896471
shop,"Al loro",41.653385,-0.879053,node/13140896475
shop,Skechers,41.653678,-0.881355,node/13140896476
shop,,41.652855,-0.877668,node/13140896477
hospitality,"Gran Café Estrella de Cuba",41.652894,-0.877755,node/13140896478
shop,Tescoma,41.652955,-0.877888,node/13140896479
office,"Méndez Núñez",41.653305,-0.878672,node/13140896480
office,"Asebla Asesores",41.653599,-0.881431,node/13140896482
hospitality,"House Doner Kebab",41.653562,-0.879266,node/13140896485
office,"Grupo Aragón Digital",41.654279,-0.879794,node/13140896486
office,Paravivir,41.653528,-0.879193,node/13140896487
shop,,41.653382,-0.881628,node/13140896489
shop,"La Moderna",41.654554,-0.880174,node/13140896491
shop,"Korea Nails",41.654027,-0.88084,node/13140896493
hospitality,"El Taller Clandestino",41.652789,-0.877526,node/13140896494
shop,"Relojería Cester",41.65283,-0.877609,node/13140896495
shop,"Loterías y Apuestas del Estado",41.651565,-0.881141,node/13140940118
office,"Oficina de Empleo",41.645972,-0.870903,node/13144507646
shop,Artideco,41.659887,-0.87662,node/13146811004
hospitality,"Tacos Street",41.643296,-0.867617,node/13146883770
office,"Zaragoza Dinámica",41.645193,-0.870497,node/13147011731
school,"Colegio Publico Candido Domingo",41.659218,-0.873898,node/13158537774
office,"SegurCaixa Adeslas",41.648228,-0.892693,node/13171708765
tourism,"Centro de Interpretación de San Lázaro",41.657807,-0.873642,node/13171831732
shop,"Casa Vargas",41.656496,-0.886217,node/13184319206
office,Gozarte,41.651329,-0.871644,node/13200893269
shop,"El desván de Marcial",41.645403,-0.891866,node/13200951801
shop,"Supermercado Xinhua",41.645247,-0.891566,node/13200951802
hospitality,"La Punta 84",41.660712,-0.905214,node/13204474180
office,"Asociación aragonesa de Altas Capacidades - Sin Límites",41.643696,-0.89436,node/13244808566
shop,ALSA,41.659397,-0.911482,node/13244808586
office,"EGi Audio Solutions - Electroacústica General Ibérica",41.663922,-0.904179,node/13244808592
shop,"Pastelería Baires",41.660851,-0.896558,node/13244834014
office,"iLike 360",41.652494,-0.880546,node/13244834015
bus_stop,"Avenida San Juan de La Peña 29",41.663816,-0.872121,node/13247477582
bus_stop,"García Arista 16",41.659356,-0.87718,node/13248294736
bus_stop,"Plaza de Ariño",41.65365,-0.87811,node/13248349314
bus_stop,"Paseo de la Mina / Centro de Mayores",41.649014,-0.876547,node/13249405194
bus_stop,"Paseo de la Ribera",41.657668,-0.872936,node/13249510842
bus_stop,"Valle de Broto / Valle de Oza",41.66647,-0.875393,node/13249625668
bus_stop,"Camino de Las Torres 116",41.640198,-0.885808,node/13249947943
bus_stop,"Tomás Bretón 12",41.643899,-0.894342,node/13250055151
bus_stop,"Avenida Madrid 215",41.652171,-0.9096,node/13251455097
bus_stop,"Sancho Lezcano / Avenida San José",41.633675,-0.881315,node/13252611440
shop,,41.64602,-0.875634,node/13254531711
bus_stop,"Camino de las Torres 49",41.64291,-0.881214,node/13271014978
bus_stop,"Camino de las Torres 17",41.645787,-0.875239,node/13271082010
bus_stop,Diputados,41.658573,-0.894014,node/13273606024
shop,"Colada Exprés",41.650049,-0.902547,node/13274667597
hospitality,"Bar Sushi",41.649599,-0.904554,node/13274667598
shop,"Colorín Colorado",41.652992,-0.903811,node/13274667599
shop,"Espacio Moos",41.650445,-0.907491,node/13274667600
shop,"Panadería Andina",41.65097,-0.901973,node/13274692946
shop,"Horno de Pan Bersabé",41.650292,-0.904234,node/13274711401
shop,"El Coral",41.654433,-0.907163,node/13274711402
shop,"Dulcepan Aragonesa",41.649699,-0.904597,node/13274711403
office,"Teléfono de la Esperanza",41.64498,-0.887775,node/13282998786
bus_stop,"Valle de Broto / Avenida de San Juan de La Peña",41.666631,-0.872488,node/13297022142
bus_stop,"Camino de las Torres 79",41.641305,-0.883317,node/13297022144
bus_stop,"Avenida de Madrid 12",41.655943,-0.894839,node/13299334123
hospitality,"La Causa",41.652536,-0.87338,node/13306384360
shop,Capricho,41.653424,-0.87838,node/13311324827
bus_stop,"Plaza de Europa",41.659027,-0.891694,node/13314286056
bus_stop,"Plaza de Europa",41.659352,-0.892958,node/13314286062
bus_stop,"Plaza de Europa",41.659596,-0.892759,node/13314286063
bus_stop,"Coso 188",41.652666,-0.872291,node/13325033773
bus_stop,"Avenida Tenor Fleta 89",41.637899,-0.877476,node/13329248569
hospitality,"Café Bar Marfil",41.648713,-0.890716,node/13339963401
bus_stop,"Rotonda Pablo Gargallo",41.662419,-0.907415,node/13358135996
bus_stop,"Rotonda Pablo Gargallo",41.662278,-0.907929,node/13358135997
bus_stop,"Avenida Pablo Gargallo / Bonn",41.661476,-0.902315,node/13358137101
bus_stop,"Avenida Puerta de Sancho 3",41.660254,-0.902529,node/13359248640
bus_stop,"Avenida Almozara 50",41.663129,-0.898321,node/13359248641
bus_stop,"Avenida Pablo Gargallo / Plaza Europa",41.659533,-0.894082,node/13359349438
bus_stop,"Avenida Pablo Gargallo / Monasterio Santa Lucía",41.660135,-0.896704,node/13359349439
bus_stop,"Paseo Ruiseñores 39",41.636491,-0.889016,node/13364210907
hospitality,"La Forana",41.662253,-0.904488,node/13370675893
hospitality,Millenium,41.662512,-0.905239,node/13370675894
hospitality,Gusto,41.656455,-0.882055,node/13371995529
shop,"El lado oscuro",41.654393,-0.878014,node/13372526550
shop,"Te cuidamos",41.653286,-0.878474,node/13374116788
shop,LiLinia,41.653355,-0.878425,node/13374117165
shop,"Ventanas Cora",41.650492,-0.888525,node/13375579264
bus_stop,"Camino de Las Torres 40",41.644364,-0.878777,node/13375589448
hospitality,"La Sabina",41.661899,-0.898585,node/13375744603
bus_stop,"Avenida Expo 2008 / Etopía",41.661059,-0.908193,node/13375904236
bus_stop,"Avenida Tenor Fleta 2",41.641746,-0.885451,node/13383631858
shop,Averlo,41.655307,-0.880006,node/13384188657
bus_stop,"Asalto / Heroísmo",41.649208,-0.874738,node/13386095350
bus_stop,"Alonso V frente 11",41.652609,-0.871368,node/13386095351
hospitality,"Le Petit Rincon",41.653353,-0.876464,node/13386815162
shop,"Panaderia Felipe Serrano",41.650898,-0.876793,node/13386818245
bus_stop,"Plaza San Francisco",41.640934,-0.895332,node/13387517390
shop,"Bazar Oriental 100",41.640375,-0.88867,node/13388912337
shop,,41.640496,-0.888982,node/13388912338
shop,,41.640478,-0.888929,node/13388912339
bus_stop,"Avenida Tenor Fleta 62",41.638662,-0.879399,node/13401665734
shop,Cinderella,41.639562,-0.87417,node/13401875460
hospitality,"Don Raúl",41.639627,-0.874084,node/13401875462
shop,Aragranel,41.63727,-0.874608,node/13404218914
shop,"Panadería Paola",41.640738,-0.877674,node/13404218915
shop,"Hermanos San Vicente",41.640746,-0.877787,node/13404218916
shop,"La Lavadora",41.660431,-0.868741,node/13406700612
bus_stop,"Diputados / Palacio de la Aljafería",41.656839,-0.895482,node/13410495238
shop,"La Vermutería",41.657152,-0.895247,node/13410980634
hospitality,"Trápalas Café",41.652921,-0.874962,node/13411496306
office,"Partido Comunista de España",41.652788,-0.874724,node/13411496307
market,"Mercado de San Vicente de Paúl",41.652712,-0.875162,node/13411496308
shop,Carlin,41.650714,-0.877454,node/13411496309
hospitality,Orleans,41.650648,-0.8775,node/13411496310
office,"Goni Bayo",41.650393,-0.877726,node/13413185987
shop,,41.651111,-0.877014,node/13413185988
shop,Padilla,41.651774,-0.876198,node/13413194421
shop,Ninamar,41.650596,-0.877673,node/13413206356
shop,,41.651297,-0.87686,node/13413209256
shop,"Los Sitios de Zaragoza",41.650371,-0.877744,node/13413210858
shop,"Casa Marzo",41.650301,-0.8779,node/13413217391
shop,Ochoa,41.651138,-0.876987,node/13413217392
shop,,41.651406,-0.876765,node/13413224327
shop,"Toque de Canela",41.651703,-0.8765,node/13413225572
shop,,41.650042,-0.877626,node/13413226208
shop,"Francia Baño",41.65043,-0.877793,node/13413226209
shop,"Estrella estética",41.651072,-0.877044,node/13413227307
shop,Ferrymas,41.651816,-0.87642,node/13413227308
shop,Triangular,41.651935,-0.876303,node/13413227309
hospitality,"Bar Oneday",41.651199,-0.876937,node/13413232816
tourism,"Olga Julián",41.650365,-0.877847,node/13413233330
shop,Rufas,41.650529,-0.877629,node/13413233331
shop,"Fernando Piró",41.65023,-0.877842,node/13413234718
hospitality,"El Renacimiento",41.651626,-0.876593,node/13413234719
hospitality,Orleans,41.650615,-0.877566,node/13413236788
hospitality,"Coso 95",41.650329,-0.877777,node/13413238843
shop,gafas.es,41.65185,-0.876385,node/13413238844
shop,,41.650572,-0.877689,node/13413268074
office,"Almudena seguros",41.651506,-0.876689,node/13413268075
shop,Oniria,41.651675,-0.876528,node/13413269606
bus_stop,"Don Jaime I / Plaza de La Seo",41.6555,-0.876554,node/13413335483
shop,"El Coleccionista",41.648217,-0.890487,node/13415726961
shop,"Excelsior! Comics",41.646641,-0.892985,node/13415770407
hospitality,"El Sueño de la Razón",41.646475,-0.893394,node/13415774201
shop,"Estética Cristina Marco",41.646689,-0.893307,node/13415774401
shop,Romero,41.645433,-0.884863,node/13421378962
hospitality,"Gastrotaberna Böh",41.640436,-0.886787,node/13422126690
shop,d'azulcobalto,41.645418,-0.887086,node/13429058189
shop,,41.644764,-0.889928,node/13429086045
shop,Sesbal,41.645473,-0.887085,node/13429093889
hospitality,"La taberna de Nano",41.645264,-0.887253,node/13429095976
shop,"Doctor Ocio",41.640966,-0.884991,node/13429098707
shop,,41.645644,-0.887047,node/13429128195
hospitality,Co-Tacos,41.641401,-0.891642,node/13429381267
shop,Azulmarino,41.636849,-0.877973,node/13431142643
hospitality,"Lecker & Lecker",41.649779,-0.888225,node/13431142645
shop,Belros,41.658067,-0.90903,node/13431142646
hospitality,Enróllate,41.655799,-0.879893,node/13433162660
shop,"La Casa de las Carcasas",41.653322,-0.881941,node/13433162661
shop,"Nueva Joyería",41.655608,-0.879463,node/13433162662
shop,"La Bayonesa",41.655115,-0.883778,node/13433162666
office,"Aragon Sport Legal",41.656158,-0.879394,node/13433162668
shop,Unión,41.656018,-0.880049,node/13433162669
shop,"Oliver y Goretti",41.655768,-0.880278,node/13433162670
shop,"Los Pocholos",41.656484,-0.882401,node/13433177825
bus_stop,"Avenida Pablo Gargallo / Berna",41.66246,-0.906012,node/13436098239
office,"Más Humanos ETT Zaragoza",41.647066,-0.899274,node/13437300713
shop,"Simbiosis Shop",41.640329,-0.885595,node/13441951002
hospitality,Pannitelli,41.653056,-0.904495,node/13442642243
hospitality,"Buenos Aires",41.65199,-0.904032,node/13442642244
office,Kìron,41.650794,-0.903453,node/13442642245
office,Urban,41.644756,-0.899623,node/13442642246
shop,Bliss,41.644737,-0.899583,node/13442642247
hospitality,"Hogar Extremeño",41.644345,-0.898987,node/13442642248
hospitality,"Burger King",41.641224,-0.911008,node/13442643942
shop,ONCE,41.651483,-0.912758,node/13442643943
hospitality,"Miss Sushi",41.641156,-0.911253,node/13442643950
shop,,41.641192,-0.911121,node/13442643954
hospitality,Olvido,41.640051,-0.897666,node/13447918705
shop,"Copistería Arenal",41.639938,-0.897769,node/13447918706
shop,,41.640004,-0.89771,node/13447918707
school,"Centro de Formación Profesional Valle de Tena",41.638974,-0.898589,node/13447918709
hospitality,Bocatart,41.64037,-0.897353,node/13447918710
shop,Reformart,41.64268,-0.895209,node/13448032454
hospitality,L'Badina,41.642613,-0.895643,node/13448032455
hospitality,Singularis,41.640827,-0.896919,node/13448032456
shop,"Ana Manao",41.642718,-0.895285,node/13448032457
shop,"Copistería lowcost",41.640907,-0.896853,node/13448032460
shop,,41.642766,-0.895359,node/13448032461
office,"Espazio ZG",41.651751,-0.880068,node/13449044831
office,"Consulado Honorario de Francia",41.65112,-0.880242,node/13449044832
office,"Roinza 2000 S.L.",41.651752,-0.880067,node/13449044833
office,"PB Asesores",41.651749,-0.880069,node/13449044834
office,"Inversiones Zaragoza 2000",41.651755,-0.880078,node/13449044835
office,"Almunia 12 S.L.",41.651757,-0.880077,node/13449044836
bus_stop,"Paseo Teruel 40",41.648019,-0.892884,node/13450313437
bus_stop,"Fernando el Católico 4",41.643899,-0.892409,node/13450313438
bus_stop,"Cortes de Aragón 39",41.644104,-0.893447,node/13450313439
bus_stop,"Carmen 19",41.646718,-0.892864,node/13450412596
shop,"Colchonería F. López",41.636656,-0.878177,node/13451269446
bus_stop,,41.66651,-0.886585,node/13451282209
shop,"Gas Promasa",41.633386,-0.889415,node/13452820300
shop,"Talleres Muñoz",41.633393,-0.889538,node/13452832901
shop,"Alain Afflelou",41.638202,-0.895253,node/13452832904
shop,"Talleres Emperador",41.638106,-0.89832,node/13452832905
shop,116,41.634775,-0.875377,node/13453316170
shop,"Gran Plaza",41.634717,-0.875369,node/13453316171
shop,,41.635683,-0.875074,node/13453316174
shop,Roymar,41.635798,-0.875027,node/13453316175
shop,"Frutas Mady",41.63588,-0.874993,node/13453316176
shop,"Black Cloud",41.63605,-0.874969,node/13453316177
office,AXA,41.645839,-0.872022,node/13456318751
shop,Azulmarino,41.644039,-0.871656,node/13456378436
shop,"Eroski City",41.650928,-0.874937,node/13456378437
shop,ONCE,41.650697,-0.876059,node/13456378438
hospitality,L'Albada,41.651616,-0.87508,node/13456378440
shop,"L'Atelier Virgós",41.653484,-0.87522,node/13456408654
office,másquehogares.com,41.653585,-0.875435,node/13456408655
office,"Vaquer Grupo",41.653612,-0.875485,node/13456408656
shop,Virgos,41.653674,-0.875647,node/13456408657
shop,"Overt1me Company",41.651869,-0.875578,node/13456414277
shop,"Femme d'argent",41.652202,-0.87581,node/13456414278
shop,MiTurquesa,41.65188,-0.875613,node/13456414279
shop,"Fincas San Carlos",41.651844,-0.875513,node/13456414280
shop,Quickgold,41.65202,-0.875955,node/13456414282
school,"Océano Atlántico Formación Profesional",41.6378,-0.899528,node/13460253794
office,"El Periódico de Aragón",41.647261,-0.890868,node/13463141758
shop,,41.653598,-0.884501,node/13468185737
shop,Jin,41.654272,-0.885359,node/13468185738
shop,"Modas Anghy",41.654293,-0.885449,node/13468185739
school,"Marco Formación Profesional",41.654318,-0.885529,node/13468185740
shop,,41.654368,-0.885689,node/13468185741
hospitality,"La Luna de Aragón",41.654552,-0.886369,node/13468185742
shop,"5 Jotas",41.655312,-0.889687,node/13468947855
office,Aranda,41.655344,-0.889847,node/13468947856
office,Mapfre,41.655622,-0.891408,node/13468947858
shop,VisionLab,41.64849,-0.886384,node/13468947859
shop,Azzul,41.64874,-0.886199,node/13468947860
shop,"La Peña",41.648783,-0.886161,node/13468947861
office,"Aragón Existe",41.65037,-0.884318,node/13468947862
hospitality,"Pizza Mia",41.652964,-0.878577,node/13468947863
shop,"La Tinta Aragonesa",41.652938,-0.878603,node/13468947864
shop,,41.653566,-0.878309,node/13468947865
shop,,41.639551,-0.886583,node/13470733076
office,Moore,41.639587,-0.886597,node/13470733077
office,"Consulado de la República de Serbia en Aragón",41.639742,-0.886766,node/13470733078
office,"Esteban Santa Eulalia Gonzalvo y Natalia Pardo Marcuello",41.644629,-0.891857,node/13470733079
hospitality,Veintiuno,41.645161,-0.888053,node/13470733080
shop,Göteborg,41.644887,-0.886816,node/13470733083
shop,"El Rincón",41.649388,-0.887725,node/13476484795
shop,Holaglow,41.647993,-0.880607,node/13479838503
shop,Imayin,41.648091,-0.880561,node/13479838504
shop,Fluimos,41.648117,-0.880256,node/13479838505
hospitality,"The Berty's",41.648661,-0.880549,node/13479838506
bus_stop,"Violante de Hungría/Palacio de Deportes",41.640229,-0.903357,node/13484591351
shop,ONCE,41.649496,-0.876283,node/13484770300
shop,ONCE,41.643156,-0.872799,node/13484792502
hospitality,"La Alacena de Doña Hipólita",41.643708,-0.872276,node/13484792505
shop,Íntimo,41.638705,-0.875693,node/13500703835
shop,"Chollo Aragón",41.638437,-0.875552,node/13500703836
shop,,41.639193,-0.875032,node/13500703837
hospitality,"Lasala 40",41.637775,-0.896408,node/13514307201
office,"Meditempus Ett",41.648321,-0.890051,node/13522196301
bus_stop,"Avenida Tenor Fleta 33",41.640383,-0.882336,node/13568356747
bus_stop,"Avenida Tenor Fleta 57",41.639052,-0.879742,node/13570004516
bus_stop,"Camino de las Torres 105",41.64014,-0.885456,node/13584679680
hospitality,"El Rincón de la abuela",41.644347,-0.884289,node/13613129517
shop,Alcampo,41.660385,-0.869411,node/13684088398
hospitality,"Nice Tea",41.644569,-0.89277,node/13710984901
bus_stop,"Lapuyade 3",41.636201,-0.88408,node/13710985001
bus_stop,"Lapuyade 43",41.634754,-0.88134,node/13710986501
tourism,"Sala de Exposiciones Palacio de Montemuzo",41.654735,-0.877631,node/13725306174
shop,"La Farmacia de los Electrodomésticos",41.646677,-0.892875,node/13727274101
hospitality,"Bar Cortez",41.648101,-0.89034,node/13735173801
hospitality,"Pilares del Tubo",41.65358,-0.880296,node/13753533701
shop,"La Casa del Mapa",41.651917,-0.879598,node/13770386604
shop,"GTS GoblinTrader Zaragoza",41.649657,-0.896895,node/13777745301
hospitality,"Bar Palomar",41.652556,-0.912347,node/13791316610
office,Iberdrola,41.651153,-0.869044,node/13806509865
hospitality,"Los Espumosos",41.651978,-0.883239,node/13837732401
shop,"Más Sabores",41.64845,-0.890831,node/13875650501
shop,"Nails Factory Zaragoza Uñas",41.64837,-0.890777,node/13875653701
shop,"Papelería Solea",41.648313,-0.890739,node/13875656101
bus_stop,Zaragoza-Averly,41.654222,-0.893167,node/13884269108
bus_stop,"Avenida Pablo Gargallo 95",41.661213,-0.902189,node/13884799871
bus_stop,,41.654577,-0.872228,node/13899200582
bus_stop,"Camino de Las Torres 24",41.645584,-0.876287,node/13899771947
shop,ONCE,41.642513,-0.886539,node/13912162637
shop,GASELEC,41.643354,-0.867197,node/13919850606
office,Numéricco,41.651408,-0.886241,node/13922530664
shop,"La Prensa y más...",41.647937,-0.890066,node/13922530665
school,"Montessori Zaragoza",41.64983,-0.887172,node/13922530668
shop,"Azul Marino",41.647848,-0.890214,node/13922530672
bus_stop,"Calle Marie Curie 2-4",41.654912,-0.892741,node/13924056834
office,Eizasa,41.653206,-0.884661,node/13924056850
office,Embou,41.660384,-0.898635,node/13924056855
office,"Edna Barroso | Abogada de Divorcios en Zaragoza",41.648954,-0.881618,node/13924194343
office,"Centro de Formación Cruz Roja",41.653149,-0.892146,node/13925598301
shop,,41.654289,-0.877367,node/13926810379
hospitality,Hojaldres,41.650951,-0.877736,node/13926810381
hospitality,Esixto,41.65872,-0.875163,node/13928141904
shop,"Rita Catota",41.658791,-0.875232,node/13928161801
shop,"Hiper Delicias",41.647204,-0.895067,node/13930966301
shop,"Mundo Connect",41.650477,-0.90476,node/13972961734
hospitality,"Samm Döner",41.650438,-0.904754,node/13972961735
shop,Sensu,41.650396,-0.904737,node/13972961736
shop,"Bolsos Gracia",41.650352,-0.904721,node/13972961737
hospitality,Santagloria,41.650289,-0.904687,node/13972961738
shop,"Cheapy Shop",41.6502,-0.904641,node/13972961739
hospitality,Concordia,41.650626,-0.903423,node/13972961740
shop,"Lala Nails",41.650507,-0.903296,node/13972961741
hospitality,"El Nuebo Sanbo",41.65043,-0.9036,node/13972961742
shop,"Alimentación y Cosmética",41.65035,-0.903931,node/13972961743
shop,"El Joker",41.650373,-0.903832,node/13972961744
shop,Sandra's,41.650526,-0.903821,node/13972961745
shop,"Muebles El Pilar",41.650388,-0.904301,node/13972961746
shop,"Alimentación JYZ",41.648539,-0.904075,node/13972961747
shop,Nai-Clean,41.648478,-0.904037,node/13972961748
shop,"Productos de Mi Tierra",41.648511,-0.904229,node/13972961749
hospitality,"Open Café",41.64842,-0.904025,node/13972961750
hospitality,"Lucky Bar & Black Café",41.648241,-0.903954,node/13972961751
shop,,41.636774,-0.877714,node/14018299722
hospitality,Mott,41.64066,-0.895729,node/14018299723
hospitality,"El Elegante",41.64179,-0.883956,node/14066932887
hospitality,"Boca Boca",41.642509,-0.883552,node/14066932888
shop,"Colada Express",41.641869,-0.884775,node/14066936850
hospitality,"Nuba Pub",41.64242,-0.883747,node/14066945177
shop,Lonael,41.641758,-0.884811,node/14066947524
shop,"Roberto Albero",41.641817,-0.884784,node/14066948408
shop,"S & N",41.64195,-0.884754,node/14066955719
shop,"El Bastidor",41.642337,-0.882857,node/14066956599
shop,,41.642486,-0.883323,node/14066959185
shop,"El cuerto creciente",41.642475,-0.88435,node/14066959186
shop,"Blanco Roto",41.641782,-0.883741,node/14066964920
shop,"Magic Style",41.642679,-0.882615,node/14066965835
shop,Brial,41.642321,-0.884758,node/14066971013
shop,"Amanda Peixoto",41.64239,-0.883363,node/14066971014
shop,,41.641992,-0.883497,node/14066972401
shop,mobedly,41.641969,-0.882983,node/14071248339
shop,Rosel,41.641922,-0.88303,node/14071253662
shop,,41.644909,-0.882844,node/14071261595
shop,"Centro Láser Fusion",41.644738,-0.882652,node/14071264273
shop,"Hello nails",41.641584,-0.883464,node/14071267600
shop,"Miguel y Daniela",41.643352,-0.88146,node/14071271546
shop,"te lo guardo!",41.644289,-0.881966,node/14071271880
shop,"Tinte de los alemanes",41.643284,-0.88141,node/14071271881
shop,"Bazar las Torres",41.642034,-0.88289,node/14071273763
shop,Zazu,41.643237,-0.881369,node/14071277571
shop,"Mi Alcampo",41.666298,-0.888144,node/14073024035
hospitality,Yumchick,41.649953,-0.884248,node/14073074678
shop,"Ana Trobat",41.641203,-0.884507,node/14075422657
office,Vedruna,41.643182,-0.88473,node/14075449441
shop,"Tana & Co.",41.643091,-0.885249,node/14075449973
shop,"La huerta clandestina",41.643062,-0.884919,node/14075457941
shop,"L'Image Rose Studio",41.642925,-0.884665,node/14075457942
shop,"Punto y seguido estudio",41.643012,-0.884549,node/14075458011
shop,Acqua,41.642965,-0.884647,node/14075458012
shop,"La Casa del Té y Café",41.643107,-0.885363,node/14075458479
shop,Tono,41.642497,-0.884974,node/14075458480
shop,"More Than Brows",41.64309,-0.88521,node/14075476557
shop,"Estudio la espina",41.643103,-0.885312,node/14075476558
office,Generali,41.642642,-0.885204,node/14075480000
shop,Dia,41.643175,-0.884636,node/14075481004
hospitality,"Bolonia 11",41.64319,-0.884817,node/14075481737
shop,,41.639917,-0.882398,node/14075588011
shop,,41.640497,-0.883721,node/14075604663
shop,"La aragonesa",41.639764,-0.882533,node/14075606452
shop,"Alex móviles",41.644541,-0.883831,node/14075606453
hospitality,"SoHo Vermut & Copas",41.656057,-0.880955,node/14076531868
shop,GlamoAndNails,41.656228,-0.881296,node/14076531869
shop,,41.648052,-0.875487,node/14077470499
shop,,41.647633,-0.876575,node/14077481557
shop,"Carmen Loras",41.646629,-0.874465,node/14077490361
shop,"Ester Martin",41.646978,-0.880351,node/14077490362
shop,dmásd,41.648244,-0.875992,node/14077511648
shop,"Óptica Averlo",41.646708,-0.874515,node/14077511650
shop,"Salón Única",41.648164,-0.875583,node/14077516769
shop,"El Palacio de las Fajas",41.648189,-0.875598,node/14077517808
shop,sleeper,41.646649,-0.880665,node/14077517809
shop,"Olympia Nutrition Store",41.648274,-0.875656,node/14077523157
hospitality,"Cafetería Servet",41.647691,-0.874747,node/14077523392
shop,pluricosmética,41.646454,-0.881341,node/14077528576
shop,,41.647422,-0.876712,node/14077528577
shop,Senshi...,41.64659,-0.874442,node/14077528578
shop,"Loterías y Apuestas del Estado",41.648234,-0.875639,node/14077531548
shop,"Moto Comercial Heras",41.647904,-0.876349,node/14077533232
hospitality,Eleku,41.646792,-0.880521,node/14077541113
shop,Barbachos,41.660338,-0.873151,node/14089835701
office,Sysdig,41.652015,-0.881781,node/14091396533
office,,41.651983,-0.881814,node/14091396534
office,"Grupo LmssLM",41.651997,-0.881739,node/14091403847
office,"PUBG Studios",41.651965,-0.881769,node/14091403848
office,Tecnyconta,41.65198,-0.881703,node/14091403849
office,Notaría,41.65195,-0.881731,node/14091403850
office,Randstad,41.651962,-0.881666,node/14091403851
hospitality,"Gaviota Actur",41.666048,-0.887828,node/14100447251
shop,"Frutas y verduras Isabel",41.665962,-0.88847,node/14100447252
shop,+qmasaje,41.666112,-0.887523,node/14100461824
hospitality,"Aromas y Sapias",41.664805,-0.888683,node/14100462274
shop,"Dulces y letras",41.665505,-0.889487,node/14100462275
shop,Dimasié,41.665401,-0.889437,node/14100462277
shop,"Tio Jorge",41.664627,-0.888424,node/14100462278
shop,"Raquel Alonso",41.665564,-0.889526,node/14100462279
hospitality,"Toka Madera",41.665382,-0.889083,node/14100462280
office,"Gestoria Administrativa",41.666366,-0.888167,node/14102421160
shop,"Dallas peluquería",41.64574,-0.896143,node/14165574001
shop,Simón,41.649405,-0.907759,node/14176102907
hospitality,"Bar Rocío",41.649792,-0.908431,node/14176102908
shop,"Ideal Home",41.654061,-0.884704,node/14180665131
office,Mapfre,41.646608,-0.896524,node/14185377116
shop,Moncayo,41.646556,-0.896683,node/14185377117
bus_stop,"IAACC Pablo Serrano / CaixaForum",41.652826,-0.891978,node/14185377121
bus_stop,"Condes de Aragón / Colegio Doctor Azúa",41.638075,-0.906059,node/14191582787
shop,Peinarte,41.634729,-0.878448,node/14192278815
shop,"Casabiel Z-54",41.634803,-0.878546,node/14192278816
shop,"Construcciones Hermanos Guerrero",41.634954,-0.878754,node/14192278818
hospitality,"Bar Greco",41.635132,-0.879018,node/14192278819
shop,,41.64115,-0.891378,node/14197288132
shop,,41.641106,-0.891072,node/14197288134
shop,Yélar,41.641144,-0.891327,node/14197288135
shop,,41.64113,-0.891236,node/14197288137
shop,"Kimberly Beauty",41.641382,-0.892705,node/14197320873
office,"Dirección General de Trabajo",41.638063,-0.89725,node/14201628390
shop,"La Tienda del Móvil",41.638278,-0.897056,node/14201628391
shop,,41.639354,-0.896061,node/14201689450
shop,Juguettos,41.639231,-0.89616,node/14201689451
office,"Sindicato de Enfermería SATSE",41.640008,-0.896164,node/14201689452
hospitality,Amorino,41.639326,-0.908919,node/14204832682
bus_stop,"Avenida Ramón Sainz de Varanda / Colegio",41.63747,-0.911163,node/14206802241
bus_stop,"Avenida Ramón Sainz de Varanda / Colegio",41.637778,-0.910567,node/14206802243
shop,"Agricultura Verde Aragonesa",41.634716,-0.882168,node/14206949762
shop,"Adela Iglesia",41.637529,-0.884109,node/14210401282
hospitality,Parros,41.655269,-0.881931,node/14212241811
shop,"Cadena 88",41.649602,-0.908151,node/14218749455
hospitality,1993,41.636852,-0.874724,node/14225221428
shop,ONCE,41.638867,-0.870361,node/14225221435
hospitality,"La Boquilla",41.63876,-0.870035,node/14225221440
shop,,41.638665,-0.869877,node/14225221443
hospitality,"Super Tacos y Kebab - Pizza",41.63937,-0.874013,node/14225221446
office,"Intersindical de Trabajadoras/es de Aragón",41.647207,-0.893525,node/14226876353
hospitality,"Bar πp",41.650572,-0.895306,node/14226876358
hospitality,"Marranito's Coffee",41.650246,-0.883604,node/14228394603
shop,,41.647189,-0.894448,node/14232131044
shop,M&G,41.648115,-0.892841,node/14232195756
hospitality,"El Cóndor",41.648003,-0.893291,node/14232195762
shop,Golosas,41.646911,-0.895769,node/14232195763
shop,"La Flor de Aragón",41.648018,-0.893112,node/14232195766
shop,"Yu Han",41.648489,-0.892193,node/14232195769
school,"Campus Psicología",41.648527,-0.892288,node/14232195770
shop,"CMR Mobile",41.647808,-0.893112,node/14232195771
shop,"Floristas García",41.646936,-0.895705,node/14232195772
shop,,41.647863,-0.892923,node/14232195774
shop,,41.648089,-0.89292,node/14232195775
shop,Alba,41.647831,-0.893011,node/14232195776
shop,"Cervecería Las Flores",41.639604,-0.869847,node/14235240339
shop,Primaprix,41.654967,-0.880052,node/14235506867
shop,"Kuhn Rikon",41.650129,-0.881194,node/14235513250
hospitality,Continental,41.651591,-0.882157,node/14239345010
shop,Vodafone,41.651672,-0.882363,node/14239345011
shop,Dia,41.65184,-0.882811,node/14239345012
hospitality,Farniente,41.652492,-0.884281,node/14239345013
shop,"Ángel Muñoz",41.649228,-0.895359,node/14245580163
park,"Plaza del Emperador Carlos V",41.63815,-0.899358,way/8033753
park,,41.660262,-0.903441,way/23067766
park,"Jardines de Lisboa",41.660902,-0.904779,way/23067770
park,"Jardines de la Taifa de Saraqusta",41.640788,-0.907094,way/23077728
park,"Parque La Granja",41.635542,-0.870927,way/24303293
park,"Plaza de Santo Domingo Savio",41.646022,-0.902372,way/24304552
park,"Jardines de Al-Ándalus",41.639434,-0.911267,way/24319311
park,,41.655632,-0.89238,way/24324919
park,"Plaza de José María Forqué",41.65323,-0.887752,way/24324926
park,"Plaza de los Sitios",41.648855,-0.879339,way/24343285
park,"Parque de Villafeliche",41.648316,-0.874002,way/24344982
park,"Plaza Reina Sofía",41.643241,-0.87244,way/24345294
park,,41.642967,-0.871643,way/24345295
park,,41.639275,-0.882064,way/24379393
park,"Parque Tenerías",41.653514,-0.868023,way/24412725
park,"Parque de las Glorietas de Goya",41.647837,-0.86782,way/24433377
park,"Parque Bruil",41.650586,-0.868005,way/24433379
tourism,"Casa de los Morlanes",41.651644,-0.875771,way/24540217
park,,41.641387,-0.868022,way/26286335
park,"Parque Roberto Camardiel Escudero",41.664651,-0.882691,way/26676463
park,"Plaza Utrillas",41.640498,-0.867201,way/31972381
park,"Plaza Pintor Aguayo",41.64146,-0.869196,way/31972384
park,,41.636631,-0.880869,way/33684590
park,"Plaza de las Eras",41.650108,-0.871787,way/35910888
shop,Aragonia,41.640027,-0.909142,way/42400978
park,"Parque de Teresa Sarrato",41.642532,-0.910236,way/42436827
school,"Colegio Sagrado Corazón Corazonistas La Mina",41.646844,-0.878121,way/46795344
school,"Colegio San Agustín",41.641217,-0.88176,way/46795346
school,"Colegio de Educación Infantil y Primaria Juan XXIII",41.655549,-0.899337,way/48138294
park,,41.647254,-0.870275,way/49146107
park,"Parque Macanaz",41.659039,-0.878217,way/49277019
park,"Jardines de José Pablo Arrizabalaga",41.660609,-0.867102,way/49277025
park,"Glorieta de Mercedes Cartiel Marín",41.65307,-0.868057,way/49277048
park,"Plaza de San Gregorio",41.661126,-0.876264,way/49359797
school,"Colegio Escolapias Calasanz",41.652987,-0.883486,way/49747200
park,"Parque de los Poetas",41.668304,-0.881857,way/116377803
park,,41.647892,-0.871417,way/124884754
park,"Parque lineal del Huerva",41.650157,-0.86753,way/124884756
park,"Jardines de Avempace",41.643944,-0.908511,way/125362415
park,,41.655182,-0.865644,way/126835518
tourism,"Centro Joaquín Roncal",41.654694,-0.879423,way/132967379
school,"Centro de Tecnologías Avanzadas de Aragón",41.636949,-0.911071,way/135787274
tourism,"Centro de Historias de Zaragoza",41.650772,-0.870478,way/141571423
school,"Instituto de Educación Secundaria Pedro de Luna",41.652651,-0.872856,way/142337085
tourism,"iStay by NH Zaragoza Sport",41.649652,-0.895235,way/145244642
school,"Lycée Français Molière",41.662215,-0.882126,way/145552310
university,"Centro formación Arsenio Jimeno",41.665613,-0.891678,way/150335946
school,"Instituto de Educación Secundaria ""Medina Albaida""",41.646532,-0.876887,way/167839615
school,"CP Gascón y Marín",41.649464,-0.878005,way/167842550
school,"Colegio de Educación Infantil y Primaria Miraflores",41.641519,-0.877384,way/167851720
school,"Colegio Escuelas Pías",41.635968,-0.890637,way/167969747
school,"Instituto de Educación Secundaria Miguel Servet",41.635197,-0.889266,way/167971639
school,"Colegio Calasancio",41.639136,-0.888488,way/167972329
university,"C. Nuestra Señora de la Merced",41.63796,-0.886404,way/167972458
school,"Colegio Santa Rosa",41.651477,-0.883764,way/168012983
school,"Colegio Cantín y Gamboa",41.648002,-0.877989,way/169241861
school,"Colegio Pompiliano",41.636257,-0.890306,way/169242045
school,,41.63796,-0.88625,way/169242708
school,"Colegio de Primaria Miraflores",41.641944,-0.877474,way/169447623
school,"Colegio Nuestra Señora del Carmen",41.64565,-0.881109,way/169449021
school,"Colegio de Educación Infantil y Primaria Ana Mayayo",41.654545,-0.911116,way/174827970
tourism,"Estación del Trenecito del Parque Grande",41.636362,-0.897864,way/181494640
tourism,"Museo de Zaragoza: Sección de Etnología",41.636586,-0.898111,way/181495336
tourism,"Museo de Zaragoza: Sección Cerámica",41.636118,-0.898494,way/181511019
shop,"El Corte Inglés",41.650879,-0.881581,way/184188457
school,Montessori,41.644922,-0.889082,way/184190305
school,"Instituto de Educación Secundaria El Portillo",41.655364,-0.900517,way/185099065
tourism,"Centro Civico Estación del Norte",41.66011,-0.871743,way/186768451
hospitality,"Club Náutico Tres Mares",41.65691,-0.877259,way/197979402
school,"Colegio de Educación Infantil y Primaria Emilio Moreno Calvete",41.653329,-0.904006,way/201500700
school,"Colegio La Purísima para niños sordos",41.644856,-0.898538,way/205749905
school,,41.636153,-0.870355,way/207419132
school,,41.635802,-0.871156,way/207419133
park,"Jardines Aguilar de Ebro",41.661745,-0.870151,way/243403699
park,,41.660802,-0.869534,way/243934325
tourism,"CaixaForum Zaragoza",41.652294,-0.894099,way/252342971
park,"Jardín de las Víctimas del Atentado del Hotel Corona de Aragón",41.66401,-0.891996,way/255221095
park,"Parque San Pablo",41.659409,-0.88671,way/255225496
park,"Plaza de Santo Domingo",41.657374,-0.888991,way/255841865
office,"Centro de Investigación Biomédica de Aragón (CIBA)",41.642859,-0.902178,way/265648451
office,"Asociación Vecinal Lanuza Casco Viejo",41.655529,-0.885095,way/276779558
school,"Colegio Público Santo Domingo",41.657752,-0.884982,way/276779565
school,"Colegio de Educación Infantil y Primaria San José de Calasanz",41.63915,-0.878353,way/280666818
tourism,"Instituto Aragonés de Arte y Cultura Contemporáneos Pablo Serrano",41.651501,-0.889986,way/296640482
hospitality,"La Milonga",41.635929,-0.885214,way/301599867
hospitality,"El Jardin de Jorge",41.663114,-0.877191,way/343960594
park,"Plaza del Emperador Carlos V",41.638007,-0.898916,way/368687530
park,"Glorieta Diego Velázquez",41.638489,-0.886694,way/369363591
park,"Estonoesunsolar Coso",41.652402,-0.87225,way/370699517
park,"Parque del Canódromo",41.648697,-0.8724,way/370721331
park,"Plaza Albert Schweitzer",41.642575,-0.882113,way/372033164
park,,41.662431,-0.908233,way/373396099
shop,"Tanatorio Centro",41.642294,-0.881681,way/378234809
school,"Instituto de Educación Secundaria Pablo Gargallo",41.634398,-0.872707,way/384723574
school,"La Salle Montemolín",41.637134,-0.870802,way/414611892
school,"Colegio Educación Infantil y Primaria La Almozara",41.662674,-0.902738,way/417043002
school,"Colegio de Educación Infantil y Primaria Puerta Sancho",41.662624,-0.90012,way/422669408
park,,41.661283,-0.869103,way/425993408
school,"Colegio María Auxiliadora",41.635932,-0.880455,way/438355779
school,"Colegio de Educación Infantil y Primaria Hilarión Gimeno",41.659314,-0.867325,way/442790962
school,"Instituto de Educación Secundaria La Azucarera",41.665283,-0.87015,way/442797066
office,"Administracion de la Agencia Tributaria de Arrabal",41.659578,-0.872143,way/443220367
hospitality,"Aura Restaurante",41.661737,-0.8888,way/449438928
school,"Campus Digital FP",41.662621,-0.88784,way/452122973
hospitality,"Kiosco Like",41.647728,-0.868487,way/468735973
hospitality,"La Ternasca",41.653355,-0.866811,way/468738129
school,"Colegio Hijas de San José",41.649073,-0.901233,way/468923818
park,"Parque de la Aljafería",41.657374,-0.897215,way/470019882
tourism,"Museo del Teatro Romano de Caesaraugusta",41.652513,-0.877395,way/471774337
school,"Instituto de Educación Secundaria Jerónimo Zurita",41.64474,-0.909125,way/473165586
tourism,"Hotel Hispania",41.656488,-0.883027,way/473968842
hospitality,Roto,41.634918,-0.893928,way/476917577
tourism,"Hotel Delicias",41.652362,-0.904212,way/483049173
tourism,"Hotel Romareda",41.637594,-0.903821,way/484693821
market,,41.636832,-0.904335,way/484693823
tourism,"Hotel ILUNION Romareda",41.637266,-0.904187,way/484693824
park,,41.659774,-0.894235,way/485506233
school,"Instituto de Educación Secundaria Ramón y Cajal",41.654959,-0.890455,way/489981481
school,"Instituto de Educación Secundaria Luis Buñuel",41.663176,-0.895689,way/489981486
tourism,"Hotel Vincci Zaragoza Zentro",41.650877,-0.878289,way/503191351
tourism,"Hotel Paris Centro",41.655475,-0.884852,way/505630039
market,"Mercado Delicias",41.652845,-0.905663,way/545518527
park,"Parque de la Cruz Roja",41.664866,-0.902013,way/548570355
park,"Jardines de Atenas",41.663086,-0.903128,way/548880499
park,,41.655818,-0.874203,way/550267331
park,"Parque Emilio Arce",41.633791,-0.873435,way/551358363
park,,41.640211,-0.873785,way/551359454
park,,41.644257,-0.86905,way/552165999
hospitality,CroquetArte,41.6373,-0.903057,way/552218240
hospitality,"Molino de San Lázaro",41.657015,-0.871849,way/552223979
park,,41.647311,-0.880078,way/553023938
park,,41.647264,-0.871457,way/586892050
school,"Colegio Salesianos Nuestra Señora del Pilar",41.644643,-0.903322,way/592106454
university,"C. Compañía de María",41.649688,-0.886284,way/607880208
shop,"Los Porches del Audiorama",41.637438,-0.899727,way/685452905
park,,41.644357,-0.890276,way/700207920
park,,41.642056,-0.889901,way/700208659
park,,41.638931,-0.89214,way/700209829
tourism,"Centro de Historias - Zaragoza",41.650908,-0.870241,way/704948131
park,"Plaza Poeta Miguel Hernández",41.639045,-0.88257,way/707455255
hospitality,"Kiosko del Parque Bruil",41.650749,-0.869717,way/713330658
university,,41.661867,-0.884388,way/727171763
school,,41.663048,-0.884096,way/727171764
school,"Colegio Cardenal Xavierre",41.642049,-0.895455,way/730711387
shop,"Simply Market",41.644498,-0.866805,way/740643652
shop,"El Corte Inglés",41.645232,-0.884926,way/743749099
school,"Colegio Público Cortes de Aragón",41.664944,-0.881469,way/770686675
school,,41.638903,-0.905173,way/781096547
park,"Parque del Tío Jorge",41.663955,-0.877743,way/795331824
tourism,"Museo del Fuego y de Los Bomberos",41.653682,-0.886776,way/798515643
school,"Colegio Público Joaquín Costa",41.651618,-0.891909,way/798827834
office,"Departamento de Sanidad",41.647514,-0.907816,way/801020559
office,"Gerencia del Servicio Aragonés de Salud",41.647481,-0.907113,way/801020560
school,"Integra Aragón",41.666769,-0.893302,way/809902937
park,"Parque del Buen Humor",41.664969,-0.891727,way/809902942
school,"Colegio de Educación Infantil y Primaria Jerónimo Zurita y Castro",41.663996,-0.899331,way/814323420
shop,Mercadona,41.663795,-0.905333,way/820356566
park,,41.647887,-0.881443,way/821633335
park,,41.64802,-0.883258,way/821633336
park,,41.648141,-0.882546,way/821633337
park,,41.647413,-0.884575,way/821633338
park,,41.641537,-0.879344,way/874863438
university,"Centro Aragonés de Referencia para la Equidad y la Innovación",41.654747,-0.906415,way/886295124
school,"Colegio de Educación Infantil y Primaria Andrés Manjón",41.647926,-0.904056,way/887607525
school,"Colegio Santa María Reina",41.64448,-0.905173,way/889681590
park,"Parque de José Luis Grasset",41.651394,-0.896853,way/893399033
park,"Parque de La Química",41.662324,-0.893368,way/905828421
park,,41.634544,-0.905343,way/923366985
park,,41.636091,-0.904525,way/925178390
school,"Colegio Nuestra Señora del Carmen y San José",41.656072,-0.891348,way/975272590
park,,41.637277,-0.874357,way/1061700651
park,,41.633576,-0.889574,way/1063193639
park,,41.635179,-0.873285,way/1063407995
park,,41.640858,-0.879174,way/1063426833
park,,41.64116,-0.879818,way/1063550965
park,"Plaza Basilio Paraíso",41.647208,-0.885752,way/1064962389
park,"Gran Vía de Santiago Ramón y Cajal",41.645701,-0.888854,way/1065467174
park,,41.634992,-0.885092,way/1067820192
park,"Paseo de Fernando el Católico",41.642543,-0.893434,way/1067823438
park,"Paseo de Fernando el Católico",41.643598,-0.892437,way/1067823439
park,"Plaza de San Francisco",41.641169,-0.895357,way/1067833133
park,,41.641364,-0.896115,way/1067844074
park,,41.641639,-0.895853,way/1067848457
park,"Plaza de San Francisco",41.640712,-0.894476,way/1067849431
park,,41.645606,-0.885671,way/1067854103
park,,41.641058,-0.886367,way/1067854104
park,,41.639413,-0.886322,way/1067854105
park,,41.641559,-0.898389,way/1068142831
park,,41.639452,-0.872018,way/1071663412
park,"Boulevard Avenida de Cesáreo Alierta",41.638418,-0.869984,way/1071663418
hospitality,,41.634056,-0.897829,way/1076671099
office,"Diputación de Zaragoza",41.653527,-0.892281,way/1167423379
office,"Gobierno de Aragón",41.653429,-0.890828,way/1167423381
school,"Colegio Inmaculada Concepción",41.646597,-0.874957,way/1167958323
tourism,"Museo de Zaragoza - Antigüedad y Bellas Artes",41.648198,-0.878612,way/1168417933
hospitality,McDonald's,41.661822,-0.906572,way/1181478903
hospitality,"La Tagliatella",41.636213,-0.897396,way/1207185975
school,,41.662586,-0.875322,way/1248707432
hospitality,"Classic 2.0",41.637857,-0.868,way/1300111270
school,,41.660638,-0.903921,way/1338446971
school,"Colegio Sagrado Corazón - Corazonistas Moncayo",41.637534,-0.909939,way/1444533925
tourism,"Catedral del Salvador",41.654729,-0.875655,relation/1352133
tourism,"Lonja de Zaragoza",41.655806,-0.876604,relation/1352304
tourism,"Basílica de Nuestra Señora del Pilar",41.656771,-0.878523,relation/1352311
university,"Edificio Paraninfo",41.647305,-0.886856,relation/1359804
university,"Campus Paraíso - Universidad de Zaragoza",41.647077,-0.887308,relation/1359805
park,"Plaza Antonio Beltrán Martínez",41.651205,-0.869576,relation/1514684
university,"Facultad de Economía y Empresa, Campus Paraíso",41.647008,-0.88766,relation/1656641
park,"Parque Delicias",41.647261,-0.911115,relation/2336183
school,"Colegio de Educación Infantil y Primaria Recarte y Ornat",41.644104,-0.901889,relation/4798331
park,"Glorieta de la Selección Española de Fútbol, 'La Roja'",41.63739,-0.868024,relation/5627440
university,"Campus San Francisco - Universidad de Zaragoza",41.642174,-0.901389,relation/6158346
park,"Plaza de Sergio Algora",41.634426,-0.880528,relation/6229980
shop,Simply,41.643754,-0.895243,relation/6320404
tourism,"Museo del Foro de Caesaraugusta",41.655167,-0.876282,relation/6353667
university,"Escuela Superior de Turismo",41.654807,-0.882957,relation/6565303
tourism,"Museo Pablo Gargallo",41.654805,-0.882633,relation/6565305
tourism,"Iglesia de San Gil Abad",41.652755,-0.879473,relation/6596364
office,"Administración de la Agencia Tributaria de Albareda",41.651346,-0.887642,relation/6596984
office,"Gerencia Regional del Catastro de Aragón",41.651614,-0.888158,relation/6596985
office,"Colegio Oficial de Arquitectos de Aragón",41.654093,-0.878407,relation/6601901
tourism,"Museo Goya",41.65479,-0.878205,relation/6610310
tourism,"Palacio de Montemuzo",41.654738,-0.877692,relation/6610311
tourism,"Hotel Sauce",41.654433,-0.877722,relation/6610316
office,"Zaragoza Activa - Las Armas",41.656856,-0.886006,relation/6627902
tourism,"Iglesia de San Pablo",41.656113,-0.885892,relation/6627961
school,"Colegio La Salle Franciscanas",41.639703,-0.894475,relation/6631803
park,"Glorieta del Esperanto",41.646047,-0.87721,relation/6652545
school,"Instituto de Educación Secundaria Goya",41.642731,-0.891257,relation/6670960
park,,41.642496,-0.897107,relation/6689533
school,"Instituto de Educación Secundaria Corona de Aragón",41.643393,-0.897518,relation/6701198
school,"Colegio San Antonio de Padua",41.634208,-0.886722,relation/6707044
tourism,"Palacio de la Aljafería",41.656488,-0.89708,relation/6793634
market,"Mercado Central",41.656104,-0.882881,relation/6936303
tourism,"Museo del Teatro de Caesaraugusta",41.652162,-0.87774,relation/6943816
tourism,"Arco del Deán",41.65424,-0.875122,relation/6943959
tourism,"Real Maestranza de Caballería de Zaragoza",41.654542,-0.876563,relation/6956245
school,"Colegio San Vicente de Paúl",41.653829,-0.875106,relation/6973834
school,"Colegio La Milagrosa",41.634979,-0.886185,relation/6990372
office,ONCE,41.657728,-0.883724,relation/6991051
tourism,"NH Ciudad de Zaragoza",41.657618,-0.882157,relation/6991055
shop,"Puerta Cinegia",41.652733,-0.880633,relation/7048694
tourism,"Museo Termas de Caesaraugusta",41.653369,-0.877093,relation/7110485
school,"Colegio de Educación Infantil y Primaria José María Mir Vicente",41.647401,-0.906219,relation/7119342
school,"Colegio Escuelas Pías",41.654601,-0.885127,relation/7635678
park,"Patio de la Licorera",41.641547,-0.874018,relation/7772762
park,"Parque Miraflores",41.64161,-0.878345,relation/7883969
park,"Parque de las Mujeres",41.662774,-0.870521,relation/7936506
park,"Parque de la Chimenea",41.660509,-0.88563,relation/7936549
park,"Paseo del Agua",41.657416,-0.902728,relation/7942377
school,,41.636113,-0.906052,relation/8087327
school,"Colegio de Educación Infantil y Primaria César Augusto",41.636918,-0.906327,relation/8087331
school,"Colegio de Educación Infantil y Primaria Cesáreo Alierta",41.637493,-0.904847,relation/8087333
school,"Colegio de Educación Infantil y Primaria Doctor Azúa",41.637863,-0.905649,relation/8087334
school,"Grupo Escolar Tomás Alvira",41.643798,-0.869309,relation/8089925
office,"Servicio Provincial de Educación, Cultura y Deporte",41.642343,-0.912642,relation/12201890
school,"Colegio de Educación Infantil y Primaria Tomás Alvira",41.63943,-0.866743,relation/12292679
park,"Plaza Ángel Sanz Briz",41.638412,-0.867275,relation/12292680
shop,"Alcampo Utrillas",41.640136,-0.868153,relation/12296658
park,,41.640759,-0.872367,relation/12374209
school,"Colegio Agustín Gericó",41.639336,-0.872953,relation/12374442
park,"Plaza Mayor",41.638341,-0.873474,relation/12374491
park,"Parque Torre Univérsitas",41.64457,-0.906124,relation/13178224
office,"Dirección General de Tráfico",41.644078,-0.906057,relation/13184093
school,"Colegio La Purísima y San Antonio",41.658431,-0.868323,relation/14272122
school,"Colegio de Educación Infantil y Primaria Basilio Paraíso",41.638496,-0.893427,relation/14514116
park,"Parque Pignatelli",41.637166,-0.886211,relation/15715838
tourism,"Cripta de Santa Engracia",41.648612,-0.88281,relation/16308027
park,"Parque de la Konga",41.661395,-0.901086,relation/17700243
shop,Panishop,41.646076,-0.886055,relation/17729858
tourism,"Casa Solans",41.660825,-0.867685,relation/17734859
park,,41.636372,-0.87388,relation/17768657
shop,"Yebra Peluqueros",41.644233,-0.891203,relation/17769109
school,"Centro Público de Educación de Personas Adultas Casa del Canal",41.635566,-0.885508,relation/17840940
park,"Paseo de Sagasta",41.64359,-0.88598,relation/18434913
tourism,"Casa Moneva",41.649535,-0.881752,relation/19432050
school,"Escuela Infantil Parque Bruil",41.651175,-0.866606,relation/19434844
bus_stop,"Avenida de Cataluña / Plaza de Mozart",41.662594,-0.864207,node/264924403
school,"Colegio Bajo Aragón",41.638533,-0.863956,node/358189152
bus_stop,"Rodrigo Rebolledo / Fray Luis Urbano",41.64565,-0.858902,node/1075626561
school,"Colegio Inglés",41.66036,-0.835489,node/1152987828
hospitality,"La Alberca",41.649297,-0.822797,node/1152999830
bus_stop,"Rodrigo Rebolledo 7",41.646253,-0.86501,node/1306685021
bus_stop,"Salvador Minguijón 10",41.645643,-0.861951,node/1310125448
bus_stop,"Salvador Minguijón / Amistad",41.647064,-0.861664,node/1310125871
bus_stop,"Compromiso de Caspe 48",41.645472,-0.864938,node/1310126088
hospitality,Leumax,41.657055,-0.857755,node/1734764245
hospitality,"Bar Betore",41.655355,-0.858191,node/1734764351
shop,Coaliment,41.653825,-0.857316,node/1734764402
shop,Panishop,41.65705,-0.857564,node/1734764673
hospitality,"Bistró Casa y Tinelo",41.658774,-0.836253,node/1788604699
hospitality,"La Comidilla",41.662269,-0.86324,node/1788631619
hospitality,"Mikar 2",41.659,-0.857104,node/1788631623
hospitality,Barrio,41.659996,-0.860134,node/1788631624
hospitality,"King döner kebab",41.662398,-0.863342,node/1788631627
hospitality,"El Torico",41.664001,-0.86451,node/1788631632
hospitality,Candela,41.663797,-0.864201,node/1788631633
hospitality,Monrepos,41.664047,-0.864578,node/1788631634
hospitality,"La Barca",41.653432,-0.857704,node/1788631637
hospitality,"Casa de Lai",41.663298,-0.861217,node/1788631638
hospitality,Ankara,41.646682,-0.864145,node/1792189718
hospitality,Ankara,41.646642,-0.863457,node/1792189735
hospitality,"Bodegon la fragua",41.647403,-0.861961,node/1792189738
hospitality,"Casa de oro",41.645809,-0.866591,node/1792189740
hospitality,"Cervecerias aragonesas",41.646764,-0.862529,node/1792189763
hospitality,"Chang jiang",41.646855,-0.863459,node/1792189765
hospitality,"Gran taberna mi barrio",41.649833,-0.863318,node/1792189822
hospitality,"King döner kebab",41.645304,-0.860931,node/1792189846
hospitality,"La Estrella",41.646814,-0.863038,node/1792189847
hospitality,"La Rosa",41.646637,-0.861333,node/1792189863
hospitality,"La Sarten",41.642826,-0.864879,node/1792189868
hospitality,"Los hermanos",41.649064,-0.861395,node/1792189871
hospitality,Candelas,41.64834,-0.86191,node/1792189872
hospitality,"Museo de las fuentes",41.644823,-0.862216,node/1792189885
hospitality,"Siglo XXI",41.642604,-0.865089,node/1792189890
hospitality,"Stadium Las Fuentes",41.644429,-0.856162,node/1792189895
shop,"Libreria Anticuaria Epopeya, S.l.",41.64539,-0.862447,node/1797630394
shop,"Papelería Eduardo",41.646329,-0.864999,node/1797630404
university,"C. Bajo Aragón",41.639383,-0.862731,node/1797667007
school,"Colegio Publico La Estrella",41.663919,-0.858739,node/1797667387
school,"Colegio Publico Pedro Oros",41.649734,-0.822098,node/1797667425
market,"Mercado Compromiso de Caspe",41.644975,-0.860252,node/1797715438
market,"Mercado Ebro",41.649063,-0.861378,node/1797715444
market,"Mercado Fuentes-Caspe",41.645219,-0.865662,node/1797715447
market,"Mercado La Rabida",41.647101,-0.864595,node/1797715455
market,"Mercado Las Fuentes",41.646108,-0.862804,node/1797715456
market,"Mercado Siro",41.647308,-0.862417,node/1797715487
shop,"Librería Anticuaria Epopeya",41.64539,-0.862447,node/1797731156
shop,"Librería El Pequeño Teatro de Los Libros",41.648091,-0.863375,node/1797731172
office,"Zaragoza Deporte Municipal SA",41.635736,-0.86602,node/1797750301
shop,,41.640349,-0.866441,node/2883886301
shop,Motocampo,41.642345,-0.865559,node/3044045333
shop,"Dia & Go",41.645098,-0.86427,node/3044075133
shop,"ferretería Comercial Candelas",41.644984,-0.864291,node/3044075233
shop,"Artal Motor",41.63632,-0.860168,node/3444592165
bus_stop,"Avenida Cataluña 115",41.664554,-0.859441,node/3730553748
bus_stop,"Camino de Las Torres / CDM Alberto Maestro",41.64932,-0.865333,node/3736234610
bus_stop,"Avenida de Movera 95",41.664172,-0.837025,node/4006577034
hospitality,"El Polo",41.663535,-0.860916,node/4079856489
bus_stop,"Avda. Cesáreo Alierta (3er. Cinturón)",41.635112,-0.86366,node/4164183666
bus_stop,,41.662629,-0.836196,node/4296724435
bus_stop,"Avenida de Movera 124",41.662482,-0.836241,node/4296728512
office,Aqualogy,41.650949,-0.860833,node/4339618393
bus_stop,,41.63519,-0.86436,node/4352448222
shop,Trek,41.635354,-0.863877,node/4358687389
shop,"Rodi Motor Services",41.661728,-0.866348,node/4366537392
shop,Yuste,41.658384,-0.858699,node/4368077693
shop,"Ferretería Rex",41.662327,-0.864258,node/4368120290
shop,"Tornillera Aragonesa",41.661427,-0.864313,node/4381099390
shop,"Érase una vez",41.66372,-0.860711,node/4381109589
shop,"Estanco 83",41.663665,-0.861088,node/4381109689
shop,Callizo,41.645103,-0.861876,node/4382154591
hospitality,Tropical,41.644928,-0.861911,node/4382198390
bus_stop,"Marqués de La Cadena 57 / Plaza Mozart",41.662854,-0.865777,node/4394585844
bus_stop,"Marqués de La Cadena / Plaza Mozart",41.663043,-0.8656,node/4394585845
office,"Chatarras Ebro",41.652697,-0.851719,node/4411512677
office,"Desguaces y Chatarras",41.654428,-0.850754,node/4411512678
office,Dragados,41.656883,-0.851569,node/4411512679
bus_stop,"Centro de Salud Las Fuentes Norte",41.64938,-0.864315,node/4452425020
bus_stop,"Salvador Minguijón 40",41.648905,-0.861301,node/4459761892
bus_stop,"Avenida Cataluña 74 / Plaza Mozart",41.661666,-0.865854,node/4533805803
bus_stop,"Pascuala Perié 2",41.662393,-0.863524,node/4544846305
bus_stop,"Avda. de La Jota 42 (C.S. La Jota)",41.661347,-0.859068,node/4544937944
bus_stop,"Balbino Orensanz / Velilla de Ebro",41.659155,-0.85908,node/4544937945
bus_stop,"Avenida Cataluña 165",41.666666,-0.85454,node/4606925375
bus_stop,"Avenida Cataluña 226",41.666543,-0.854131,node/4606925379
bus_stop,"C.M.E Grande Covián",41.664542,-0.858532,node/4609543963
bus_stop,"Avenida Cataluña 188",41.665518,-0.856563,node/4623912739
bus_stop,"Avenida Cataluña / Centro Médico Grande Covián",41.664392,-0.859424,node/4623912740
bus_stop,"Avenida Cataluña 126",41.663805,-0.860843,node/4623912741
bus_stop,"Avenida Cataluña 98",41.662808,-0.863201,node/4623912742
bus_stop,"Francisco de Quevedo",41.641044,-0.865947,node/4637731761
bus_stop,"Puente de la Unión / P. Echegaray y Caballero",41.651397,-0.864216,node/4665750901
bus_stop,"Numancia / María Blasco",41.660764,-0.8579,node/4693450537
hospitality,"Bar Las Nieves",41.634134,-0.861533,node/4705337662
bus_stop,,41.648592,-0.821517,node/4742961965
bus_stop,,41.649007,-0.822246,node/4742961966
bus_stop,,41.650636,-0.825874,node/4742961967
bus_stop,,41.650544,-0.825833,node/4742961968
bus_stop,,41.652265,-0.82892,node/4742961969
bus_stop,,41.652167,-0.828995,node/4742961970
bus_stop,,41.653972,-0.832201,node/4742961971
bus_stop,,41.653921,-0.832339,node/4742961972
bus_stop,,41.655772,-0.835673,node/4742961973
bus_stop,,41.655752,-0.835811,node/4742961974
bus_stop,,41.65774,-0.836751,node/4742961975
bus_stop,,41.657982,-0.836618,node/4742961976
office,"Asociación PICA",41.663885,-0.860396,node/4779039348
bus_stop,"Rodrigo Rebolledo 33",41.645991,-0.862476,node/4827841801
bus_stop,"Felisa Galé 7",41.663228,-0.860989,node/4876370217
shop,"De Color",41.662681,-0.863246,node/5026739296
shop,"Persianas Cataluña",41.662998,-0.86266,node/5029606572
shop,"Hermanos Peña",41.661572,-0.858638,node/5037758755
bus_stop,"Principado de Morea",41.63724,-0.866272,node/5043740545
hospitality,"La Tasca de Las Fuentes",41.646488,-0.862015,node/5060994996
bus_stop,"María de Aragón / Tomás Higuera",41.643315,-0.862379,node/5076987989
shop,Denver,41.645559,-0.861896,node/5087182683
shop,Luada,41.6455,-0.861931,node/5087182684
hospitality,Granier,41.645402,-0.864795,node/5094662044
shop,"Codex Technology",41.662942,-0.862804,node/5138040562
shop,"Aquí Hay Tomate",41.645731,-0.861884,node/5204677346
shop,"Cic Comunicaciones",41.661773,-0.866119,node/5314002922
hospitality,"Café del Marqués",41.66174,-0.864543,node/5314002923
shop,"Obrador Peña",41.660888,-0.862425,node/5314002924
shop,"Martín Martín",41.661062,-0.865698,node/5314002925
shop,"Martín Martín",41.661225,-0.862634,node/5314002926
tourism,"Mirador del Gallego",41.650578,-0.848742,node/5339443204
tourism,,41.652783,-0.847455,node/5339494651
tourism,"Mirador La Capellania",41.648461,-0.838257,node/5339501123
tourism,"Mirador Rincon del Vado",41.650364,-0.846958,node/5339534650
shop,"La Botica",41.647134,-0.861963,node/5350017455
hospitality,"Bar Tauro",41.666479,-0.824208,node/5407198883
office,,41.647149,-0.861771,node/5432039549
shop,,41.64705,-0.861777,node/5503983821
bus_stop,,41.648414,-0.858642,node/5849427267
hospitality,"El Rincón de la Jota",41.660059,-0.859044,node/5891378082
hospitality,"Cafetería Jara",41.663688,-0.860969,node/6031819976
hospitality,"Tribal Café",41.661566,-0.865266,node/6031821068
shop,Lidl,41.664589,-0.8661,node/6201104188
shop,"Mi Alcampo",41.666613,-0.831747,node/6379409984
bus_stop,"Doctor Iranzo 61",41.64786,-0.863889,node/6661250815
shop,Eroski,41.648933,-0.86178,node/6934240218
shop,Alcampo,41.646116,-0.862651,node/6934240220
shop,Dia,41.64488,-0.859863,node/6934240221
office,"Asociación de Vecinos del Barrio de la Jota",41.660127,-0.862834,node/7145552901
shop,"Carnicería Armando Belloc Bobed",41.65003,-0.824669,node/7573085013
bus_stop,"Avenida Cataluña 103",41.663914,-0.860928,node/7873272759
bus_stop,"Avenida Cataluña 159",41.665691,-0.856878,node/7878317993
shop,"El Rincón",41.647428,-0.864035,node/7921292924
shop,"Martín Martín",41.647607,-0.864016,node/7922957995
shop,"Eroski City",41.661037,-0.864004,node/7925828272
shop,"El Rincón",41.661542,-0.858829,node/7925828273
hospitality,Telepizza,41.660726,-0.864315,node/7925828277
shop,"Kia Motors Autosalduba",41.664472,-0.860032,node/7925828282
shop,"Dia Market",41.660951,-0.860543,node/7925862789
hospitality,"Bar Cafetería La Rosa",41.661583,-0.865065,node/8349588488
hospitality,Rōnin,41.646881,-0.8659,node/9101917128
shop,,41.658018,-0.858339,node/9144915626
shop,,41.657686,-0.857705,node/9144915627
shop,"Entre tu y yo",41.66174,-0.85783,node/9144915628
shop,"Mercería La Jota",41.661385,-0.859438,node/9144915629
shop,"Lexus Zaragoza",41.636398,-0.860384,node/9343376665
shop,"Artal Vehiculos Zaragoza",41.636632,-0.860222,node/9343877330
hospitality,"El Mesoncico",41.66305,-0.862967,node/9824822417
hospitality,"Las Torres",41.659245,-0.86471,node/9824841917
shop,Aldi,41.663712,-0.865873,node/10207722401
bus_stop,"Enriqueta Castejón 20",41.65564,-0.861482,node/10782503756
bus_stop,"Cosuenda / Paseo de Longares",41.656523,-0.863165,node/10784556186
shop,"Aura Estilistas",41.649263,-0.822932,node/11286609371
hospitality,Aloha,41.65706,-0.857934,node/11645996179
shop,"El Rincón",41.656824,-0.858522,node/11652571971
shop,CarneMan,41.657459,-0.858618,node/11684409786
shop,"Papeles y Bichos",41.657068,-0.858251,node/11687459829
shop,"Alma Mía Studio",41.657192,-0.857369,node/11687596746
shop,5Octavas,41.657212,-0.858035,node/11693523422
shop,Alaire,41.657047,-0.857429,node/11693523423
shop,"Mascotas Bastet",41.657064,-0.858084,node/11693523424
shop,"Lavado XPRESS",41.657044,-0.857324,node/11700562027
shop,Laurel,41.657222,-0.858327,node/11716055643
shop,"Fuente Natural",41.657197,-0.85754,node/11716055644
shop,BonÀrea,41.660986,-0.862534,node/11726879484
office,,41.657654,-0.857571,node/11726879487
shop,"Raquel Antolín",41.655373,-0.858398,node/11726879488
shop,,41.657734,-0.857823,node/11739742414
hospitality,"Cafetería Melos",41.665309,-0.856321,node/11992675268
shop,Vela,41.665395,-0.856445,node/11992676669
bus_stop,"Salvador Minguijón 64",41.650416,-0.861021,node/12155401950
hospitality,"La Abadía",41.647351,-0.864577,node/12163525095
bus_stop,"Avenida de Movera 100",41.66358,-0.836816,node/12172738616
bus_stop,"Ignacio Zapata / Ruste",41.661756,-0.858788,node/12197365266
bus_stop,"Balbino Orensanz 7",41.659492,-0.8589,node/12197365270
bus_stop,"Balbino Orensanz 29",41.657361,-0.858644,node/12197365271
bus_stop,"Betoré Bergua 1",41.655013,-0.855946,node/12197365272
bus_stop,"Betoré Bergua 1",41.655154,-0.856518,node/12197365273
bus_stop,"Marqués de la Cadena / Puente de la Unión",41.654619,-0.861289,node/12229498480
bus_stop,"Marqués de la Cadena / Puente de la Unión",41.654553,-0.860989,node/12229498481
bus_stop,"Camino de Las Torres / CDM Alberto Maestro",41.649439,-0.864562,node/12229498483
bus_stop,"Avenida de la Jota 16",41.660696,-0.862019,node/12231722620
bus_stop,"Marqués de la Cadena 40",41.660668,-0.863788,node/12365947978
shop,Cristauranda,41.666626,-0.82497,node/12400781609
shop,"Comercial Zhan",41.666634,-0.826881,node/12400781611
shop,"Pim Pam Pum",41.645266,-0.863545,node/12467638053
hospitality,,41.645275,-0.863622,node/12467638054
shop,Dia,41.645285,-0.863716,node/12467638055
shop,Movistar,41.645261,-0.863467,node/12467638056
shop,Expansión,41.645248,-0.863336,node/12467638057
hospitality,"Mi Comal",41.666279,-0.822654,node/12471870146
shop,Carza,41.664206,-0.861183,node/12473973953
shop,"Con un poco de azúcar",41.666214,-0.822678,node/12474391186
shop,"Hermanos Peña",41.664425,-0.859199,node/12520768541
bus_stop,"Paseo de la Ribera / Azud del Ebro",41.652792,-0.856612,node/12673510827
bus_stop,"Paseo de la Ribera / Balbino Orensanz",41.653801,-0.860419,node/12695091599
bus_stop,"Paseo de la Ribera / Paniza",41.655221,-0.866481,node/12726878239
bus_stop,"Paseo Echegaray / Jerónimo Vicens",41.65234,-0.865728,node/12734464202
shop,"HIPER ASIA",41.666508,-0.833234,node/12739385247
bus_stop,"Marqués de La Cadena / C.D.M. La Jota",41.657743,-0.861151,node/12756958636
office,"Miravete-Pérez Asesoria Fiscal Y Contable",41.665485,-0.822973,node/12791892332
shop,,41.665788,-0.855529,node/13064993504
shop,"Informática Las Fuentes",41.649662,-0.861336,node/13064993512
shop,,41.666132,-0.854685,node/13064993517
shop,"Mª Carmen Monguilán",41.653454,-0.858034,node/13088992943
office,Bullizio,41.653269,-0.85767,node/13088992951
hospitality,"La Marmota",41.655721,-0.863404,node/13088992953
shop,Bayona,41.645418,-0.865461,node/13088992957
shop,ONCE,41.645543,-0.86583,node/13088992959
shop,,41.648174,-0.858542,node/13088992978
office,Schindler,41.653504,-0.858845,node/13088992997
shop,"Dos Brujas",41.645534,-0.866434,node/13089007410
office,Clece,41.653706,-0.859611,node/13089007424
office,ETIQMEDIA,41.65391,-0.859681,node/13183549097
shop,,41.655202,-0.857843,node/13250822601
bus_stop,"Plaza Mozart / Parque de la Esperanza",41.661735,-0.865258,node/13254244106
bus_stop,"Marqués de La Cadena / C.D.M. La Jota",41.657872,-0.860902,node/13271014977
bus_stop,"Fray Luis Urbano / Rodrigo Rebolledo",41.645779,-0.859166,node/13389274550
shop,Martínez,41.647707,-0.863732,node/13440227776
shop,"Al Toccino",41.648319,-0.866338,node/13440227778
hospitality,Vizcaya,41.647764,-0.863724,node/13440227779
shop,Watch&Co.,41.647929,-0.863941,node/13440227780
shop,"As Aragón S.L.",41.648296,-0.865804,node/13440227781
shop,Digi,41.647609,-0.86375,node/13440227782
hospitality,Bautista,41.64807,-0.863665,node/13440227784
shop,"Lonja Las Fuentes",41.648037,-0.863919,node/13440227785
shop,"El Segundo Estreno",41.647956,-0.863694,node/13440227786
shop,Dulcilar,41.647887,-0.863705,node/13440227787
shop,Zararte,41.648284,-0.866516,node/13440227789
shop,Poli,41.647981,-0.863928,node/13440227791
shop,,41.647639,-0.863745,node/13440227793
shop,ONCE,41.647489,-0.86407,node/13440227795
hospitality,"Bien me Sabe",41.648222,-0.866643,node/13440227796
office,Tecnocasa,41.647274,-0.863814,node/13440227797
shop,"An Air",41.648324,-0.866133,node/13440227799
shop,Luna,41.648086,-0.863915,node/13440242701
shop,"Rocío Ester",41.647575,-0.863755,node/13440242702
shop,Gla,41.647851,-0.86371,node/13440242704
shop,"Hyundai Seulcar",41.664279,-0.860583,node/13460418263
bus_stop,"Plaza Mozart",41.662666,-0.865124,node/13533925252
hospitality,"Sweet Namaste",41.662657,-0.864203,node/13684088396
shop,"Por los Pelos",41.650091,-0.861006,node/13875875949
tourism,"Museo de Anatomía",41.634739,-0.86099,node/14203552856
park,,41.651619,-0.860073,way/24412726
park,,41.638881,-0.865035,way/31971792
park,"Parque de la Esperanza",41.661387,-0.865523,way/49277021
park,"Jardines de Tosos",41.656946,-0.86441,way/49277040
park,"Jardines de Anento",41.657185,-0.86342,way/49277041
park,"Parque de Vadorrey",41.653928,-0.856644,way/125362374
park,"Glorieta Ciudad de Sarajevo",41.642261,-0.865208,way/157521431
school,"Colegio Educación Infantil y Primaria ""La Estrella"".",41.663407,-0.858023,way/161502135
school,"Centro Público Integrado La Jota",41.660257,-0.858265,way/161502197
school,"Colegio Educación Infantil y Primaria ""Vadorrey-Les Allées""",41.656595,-0.856467,way/161502248
shop,Alcampo,41.659291,-0.861888,way/161502288
park,"Parque Royo del Rabal",41.663163,-0.858622,way/161502368
park,"Parque de Vadorrey",41.65629,-0.855649,way/161502369
park,"Jardines ""Jesús Gracia""",41.655727,-0.857411,way/161502370
park,"Plaza Cadiera",41.665991,-0.823402,way/229714903
school,"Colegio de Educación Infantil y Primaria Julián Sanz Ibáñez",41.64726,-0.865094,way/255624407
school,"Instituto de Educación Secundaria ""Francisco Grande Covián""",41.642404,-0.861933,way/288250640
school,"Colegio Público Marcos Frechin",41.643614,-0.865218,way/288251043
school,"Colegio Público Torre Ramona",41.644035,-0.861637,way/288251132
school,"Instituto de Educación Secundaria ""Pablo Serrano""",41.6442,-0.863392,way/288251161
school,"Colegio de Educación Infantil y Primaria Las Fuentes",41.648749,-0.864889,way/304924681
school,,41.638871,-0.863398,way/353476653
park,,41.663492,-0.855846,way/369306770
park,,41.657625,-0.86281,way/407022176
school,"Colegio Educación Infantil y Primaria ""Marie Curie""",41.65973,-0.864114,way/442790965
park,,41.655371,-0.864674,way/442790981
park,,41.655712,-0.864341,way/442790982
park,,41.655133,-0.865323,way/442790983
park,,41.656542,-0.865291,way/442790984
park,,41.655593,-0.865914,way/442790985
park,,41.658491,-0.866209,way/442790993
park,"Parque de las Garzas",41.65193,-0.850781,way/459241185
park,"Parque de Las Palmeras",41.651029,-0.861981,way/468706661
shop,Mercadona,41.647835,-0.864625,way/468730108
shop,Eroski,41.649076,-0.86176,way/468742773
park,,41.651328,-0.86382,way/468744864
shop,Marboré,41.648708,-0.863479,way/468791989
park,,41.652481,-0.828995,way/491400208
park,,41.668376,-0.843493,way/504847911
park,,41.648282,-0.858174,way/556142199
park,,41.665544,-0.825641,way/560588715
park,,41.664348,-0.821883,way/560588717
park,,41.666109,-0.828101,way/567479004
school,"Centro Educación Personas Adultas ""Margen Izquierda""",41.655479,-0.86643,way/581846455
park,,41.650765,-0.8633,way/586960654
park,,41.642214,-0.865209,way/589611487
park,"Parque de Valmaseda",41.659994,-0.856632,way/596907188
park,,41.659957,-0.859626,way/617758913
park,,41.659758,-0.859645,way/617758914
park,,41.659738,-0.85925,way/617758915
park,,41.659938,-0.859231,way/617758916
tourism,"B&B Hotel Plaza Mozart",41.660423,-0.862822,way/623901532
school,"Instituto de Educación Secundaria ""Pilar Lorengar""",41.659916,-0.860818,way/623920917
shop,Lidl,41.655808,-0.858069,way/624766975
park,,41.634001,-0.860085,way/675991775
park,,41.655577,-0.861436,way/680755982
shop,Alcampo,41.646321,-0.862621,way/740643654
park,,41.649535,-0.85795,way/840603253
hospitality,,41.634157,-0.861522,way/971923196
shop,,41.636346,-0.860145,way/971923198
shop,,41.636865,-0.859643,way/971923199
shop,,41.63711,-0.859197,way/971923200
shop,,41.634417,-0.861787,way/1024514260
park,"Parque de Corita Viamonte",41.666275,-0.854055,way/1058308933
shop,Mercadona,41.664298,-0.862599,way/1064113015
park,,41.636622,-0.864811,way/1071702432
park,"Plaza Manuel Monterde",41.661251,-0.85797,way/1266756872
park,,41.659413,-0.858119,way/1268237673
park,,41.663491,-0.855816,way/1293953242
park,,41.664919,-0.856723,way/1293953243
park,,41.666788,-0.855428,way/1561365184
park,,41.665518,-0.853508,way/1562311535
park,,41.664502,-0.852705,way/1562311536
park,,41.663652,-0.852443,way/1562311537
hospitality,"Burger King",41.664929,-0.859517,way/1562915528
hospitality,Popeyes,41.665112,-0.859225,way/1562915529
school,"O. D. Santo Domingo de Silos",41.646419,-0.860066,relation/3151760
school,,41.646419,-0.860066,relation/5714723
school,"Colegio Don Bosco",41.657474,-0.855589,relation/6666074
park,"Parque Torre Ramona",41.642275,-0.862189,relation/8271291
park,"Parque de Oriente",41.655901,-0.859992,relation/12416442
hospitality,"El Jabato",41.674581,-0.948466,node/1788017416
hospitality,"El Sauce",41.674735,-0.948652,node/1788017427
hospitality,"Restaurante el cachirulo",41.668187,-0.942291,node/1788017461
bus_stop,"Rotonda Polígono Industrial El Portazgo",41.673461,-0.950673,node/4006591520
shop,Arquinsa,41.679308,-0.956052,node/4350073055
shop,"Artecma Carretillas",41.678559,-0.958164,node/4350073056
shop,"Autoservicio ventas Fontasa",41.67798,-0.95924,node/4350073057
shop,Avenmar,41.679109,-0.955705,node/4350073058
shop,"BMW Goya Motorrad",41.677349,-0.956333,node/4350073059
shop,Copes,41.678424,-0.958307,node/4350073063
shop,Daelim,41.677969,-0.95626,node/4350073066
office,"ing Telecomunicaciones",41.679707,-0.956693,node/4350073067
shop,"Ducati Service Zaragoza",41.67767,-0.955906,node/4350073069
shop,Ecogrúas,41.67973,-0.957359,node/4350073070
shop,"Encuadernaciones Rada",41.678203,-0.958585,node/4350073071
shop,Fontasa,41.67812,-0.957564,node/4350073072
shop,"Helados Gesán",41.679245,-0.955941,node/4350073074
shop,Ilunor,41.677998,-0.958783,node/4350073075
shop,"La Ocasión del Sofá",41.67705,-0.957433,node/4350073076
shop,"Label & Tag",41.67781,-0.957699,node/4350073077
shop,"Lámparas Liderlamp",41.676799,-0.957009,node/4350073079
shop,Mercamueble,41.678024,-0.959593,node/4350073082
shop,"Muebles JP",41.676716,-0.956839,node/4350073083
shop,Orcal,41.67786,-0.958953,node/4350073085
shop,"Pompas fúnebres Aragón",41.67847,-0.957465,node/4350073086
shop,"Productor Imán",41.678788,-0.958345,node/4350073087
shop,Promoaral,41.678671,-0.958468,node/4350073088
shop,"Repuestos automoción Miguel",41.678749,-0.957395,node/4350073789
hospitality,"Restaurante El Jardincillo",41.677142,-0.957628,node/4350073791
shop,"Salón Internacional",41.676995,-0.957304,node/4350073792
shop,Sedag,41.679474,-0.957199,node/4350073793
shop,"Talleres y Grúas Brualla",41.678301,-0.95662,node/4350073795
office,"Transportes Sesé",41.679594,-0.957079,node/4350073797
shop,Uneted,41.680044,-0.957023,node/4350073798
office,Urante,41.67759,-0.957362,node/4350073799
bus_stop,,41.669877,-0.944775,node/4460558040
bus_stop,,41.672623,-0.950974,node/6681845629
bus_stop,"Km 246,1 Polígono Industrial Europa",41.67641,-0.958084,node/6681845631
bus_stop,"Colegio Teresiano cruce con Camino Maitena",41.674279,-0.956745,node/7876146651
bus_stop,"Camino Pinseque 16",41.674425,-0.956894,node/7876146652
bus_stop,"Urbanización Torrebarajas (vuelta)",41.672839,-0.952403,node/7876146653
bus_stop,"Urbanización Torrebarajas (ida)",41.672936,-0.952426,node/7876146657
shop,Marketches,41.676355,-0.949864,node/9925667715
hospitality,D'Jorge,41.677452,-0.952457,node/9925667716
hospitality,"100 Montaditos",41.677287,-0.952596,node/9925729617
shop,Verdecora,41.675954,-0.950146,node/9925729619
hospitality,KFC,41.676727,-0.95359,node/9925729620
hospitality,"El Molino",41.677374,-0.95252,node/9925729621
shop,Belros,41.677532,-0.952704,node/9925729622
hospitality,"Foster's Hollywood",41.676961,-0.953211,node/10284516822
shop,"El Rincón",41.676561,-0.954394,node/10301146875
shop,"Calza2 & co",41.677998,-0.953548,node/10301146877
hospitality,Padthaiwok,41.677369,-0.952877,node/10301146878
hospitality,Sushisom,41.677113,-0.953092,node/10301146881
hospitality,Ribs,41.676865,-0.953508,node/10301146883
shop,"Outlet El Corte Inglés",41.677999,-0.953238,node/10301146884
shop,Fifty,41.676656,-0.954065,node/10301146885
hospitality,,41.676812,-0.954243,node/10301146888
shop,"Festina Group",41.676602,-0.95448,node/10301146889
shop,Skechers,41.676648,-0.954629,node/10301146890
shop,Adidas,41.676102,-0.955106,node/10301146891
shop,"Kave Home Outlet",41.675856,-0.954731,node/10301146892
shop,Puma,41.675946,-0.954579,node/10301146893
shop,"Millet Lafuma",41.676001,-0.95471,node/10301146894
shop,CityGarden,41.674611,-0.951234,node/10301167664
shop,Gripple,41.679591,-0.957514,node/11195759787
shop,Araelec,41.679487,-0.95761,node/11195759788
shop,"Copes. Aluminio y Cerrajería.",41.678551,-0.958589,node/11195759789
shop,Fontasa,41.678279,-0.958501,node/11195759790
shop,Guardatodo,41.66769,-0.938491,node/12913140662
shop,"Brico Dépôt",41.676738,-0.955774,way/139849440
shop,Makro,41.670373,-0.943793,way/320060469
shop,Bauhaus,41.675242,-0.951175,way/358250917
shop,Decathlon,41.676615,-0.950861,way/815860875
shop,,41.676225,-0.950083,way/815860876
shop,,41.675626,-0.952005,way/815860877
hospitality,McDonald's,41.676072,-0.95288,way/815862380
hospitality,"La Tagliatella",41.675291,-0.953574,way/815862381
hospitality,"Las Terrazas del Parque Deportivo Ebro",41.670757,-0.922331,way/1090198405
station,"C.I.M. Zaragoza",41.67625,-0.941603,way/1272417645
station,"Clara Campoamor",41.669712,-0.890588,node/34756870
hospitality,"Bar Xirgu",41.678334,-0.893553,node/267703207
shop,Hipercor,41.6723,-0.890047,node/410460760
hospitality,"Restaurante Ocandía",41.677846,-0.887384,node/692976671
hospitality,"Nivola Café",41.678421,-0.886987,node/692976673
tourism,"Noria de la Paz",41.67622,-0.899778,node/759519863
hospitality,EmBARcadero,41.670623,-0.909625,node/759519890
tourism,"Reloj de Sol",41.676217,-0.900178,node/759519913
shop,Mercadona,41.677679,-0.870627,node/760147719
hospitality,"Rua Restauración",41.683658,-0.888647,node/869991304
hospitality,"Rua Restauración",41.683595,-0.88432,node/869991664
bus_stop,"Pablo Ruiz Picasso 5",41.672897,-0.878765,node/1001397508
shop,Carrefour,41.675699,-0.890028,node/1267576457
hospitality,Felix,41.687984,-0.875062,node/1301985707
hospitality,"El Jardín",41.687394,-0.875233,node/1302219375
hospitality,"Restaurante Navoa",41.677669,-0.889057,node/1347759884
hospitality,"Restaurante Orange",41.677502,-0.88906,node/1347759885
hospitality,Telepizza,41.670777,-0.891128,node/1414693676
school,"Fundación San Valero",41.669709,-0.878526,node/1468290264
tourism,"Museo de Informática Histórica",41.683571,-0.888576,node/1490538795
shop,"APP Informática",41.66867,-0.884164,node/1532742680
shop,"Osca Gas",41.669138,-0.883859,node/1532742695
shop,Papiros,41.669732,-0.883193,node/1532742697
shop,Rasgos,41.6682,-0.884773,node/1532742707
shop,,41.668157,-0.882744,node/1532742712
shop,"La Mar",41.6682,-0.884836,node/1532742717
shop,"Frutas del _",41.668375,-0.884831,node/1532742721
shop,,41.668435,-0.884102,node/1532742723
shop,Pirineos,41.668692,-0.883108,node/1532742731
hospitality,,41.668695,-0.883058,node/1532742734
shop,,41.669143,-0.883679,node/1532742737
hospitality,"100 Montaditos",41.670694,-0.88897,node/1532742743
shop,"Los Manchegos 2",41.674307,-0.884809,node/1551041110
hospitality,"Brujas y flandes",41.674728,-0.889123,node/1551041114
shop,Marugán,41.675082,-0.886232,node/1551041127
shop,Dia,41.674234,-0.889102,node/1551041133
shop,"Manuel Segura",41.673626,-0.886482,node/1551041134
shop,,41.675878,-0.886946,node/1551041141
hospitality,Talía,41.675882,-0.886469,node/1551041143
hospitality,"Bar Benito",41.674531,-0.885098,node/1551041147
hospitality,Chipi-Chipi,41.674171,-0.884465,node/1551041157
shop,,41.674377,-0.884758,node/1551041163
shop,,41.674322,-0.885029,node/1551041169
shop,,41.674442,-0.884799,node/1551041172
shop,"La Despensica",41.674189,-0.886422,node/1551054317
hospitality,"La Paz",41.673623,-0.887163,node/1551064933
station,"Pablo Neruda",41.669645,-0.888892,node/1596999997
shop,"Almacenes Dambo",41.669354,-0.883165,node/1607041064
shop,Aluminio,41.670242,-0.890978,node/1607041073
shop,"Asador San Miguel",41.670267,-0.886574,node/1607041074
shop,Azul,41.669801,-0.883188,node/1607041075
hospitality,"Café Bar Los Poetas",41.668697,-0.884433,node/1607041081
shop,Canicas,41.668693,-0.884307,node/1607041087
shop,Cañizo,41.668691,-0.883858,node/1607041088
hospitality,"Cervecería Neruda",41.669974,-0.884086,node/1607041097
shop,Deco-3,41.669134,-0.884351,node/1607041105
shop,Exposición,41.669165,-0.88768,node/1607041108
shop,Folder,41.669506,-0.887891,node/1607041114
hospitality,"El Dulce Bocado",41.672587,-0.889043,node/1607041118
shop,Imor,41.669923,-0.886838,node/1607041122
shop,Imprenta,41.671838,-0.889132,node/1607041125
shop,"La Huerta de Zaragoza",41.670246,-0.883438,node/1607041129
shop,Passaró,41.668694,-0.884232,node/1607041133
shop,"Servicio Técnico Actur",41.669665,-0.883186,node/1607041136
hospitality,"Bar my Cafetería",41.66843,-0.883918,node/1607041144
shop,"Estilo y Belleza",41.66851,-0.884844,node/1607041145
shop,Dia,41.668658,-0.884811,node/1607041153
shop,Eroski,41.668673,-0.885407,node/1607041156
shop,,41.668694,-0.88436,node/1607041158
shop,"Martín Martín",41.668992,-0.887838,node/1607041173
hospitality,Domino's,41.669338,-0.890724,node/1607041184
shop,,41.669365,-0.887328,node/1607041186
hospitality,"La Mafia se sienta a la mesa",41.669531,-0.88842,node/1607041187
office,Ocaso,41.669515,-0.887689,node/1607041188
shop,,41.669721,-0.887274,node/1607041189
shop,,41.670027,-0.886659,node/1607041202
shop,,41.670242,-0.884141,node/1607041251
shop,,41.670251,-0.883547,node/1607041258
office,"Fermín Moreno Ayguadé",41.670324,-0.890982,node/1607041261
shop,,41.67037,-0.885268,node/1607041267
office,Mapfre,41.670375,-0.885429,node/1607041269
shop,,41.670381,-0.88569,node/1607041272
hospitality,Pannus,41.670774,-0.889113,node/1607041280
shop,"Carnicería J. Chirón",41.6682,-0.884723,node/1613471613
hospitality,"El Allar",41.66754,-0.887242,node/1613471633
shop,"Esfera Digital",41.669257,-0.88441,node/1613471642
office,Inneara,41.667997,-0.885871,node/1613471650
shop,"Estilo y Belleza Shop",41.668201,-0.884666,node/1613471655
shop,"Gabinete de Estética María Jesús",41.668189,-0.885948,node/1613471658
office,Generali,41.667992,-0.885143,node/1613471662
shop,"José Mª Muniente S.L.",41.667855,-0.885555,node/1613471687
shop,"La Perla Blanca",41.668185,-0.885278,node/1613471691
shop,"Moreno fotografos",41.668167,-0.885139,node/1613471692
shop,Novalaser,41.668352,-0.886249,node/1613471697
shop,"Peluquería Di-Arte",41.668187,-0.886039,node/1613471714
shop,"Peluquería Unisex",41.668055,-0.886425,node/1613471719
shop,"Pescadería La Mar",41.668056,-0.885702,node/1613471759
shop,"Pollería Charcutería",41.668044,-0.885483,node/1613471771
shop,Raquel,41.668077,-0.885138,node/1613471777
shop,Bloomest,41.667853,-0.885799,node/1613471783
hospitality,"Gastrobar 93",41.667861,-0.886526,node/1613471788
shop,Cristian,41.667853,-0.885738,node/1613471794
shop,"Saneamientos M. Per",41.66914,-0.883969,node/1613471800
shop,Saqqara,41.668521,-0.883786,node/1613471803
shop,"Sercal 2000 SL",41.669138,-0.88415,node/1613471830
shop,"Espacio de Tendencias",41.667993,-0.88601,node/1613471836
shop,"Boni Dos",41.668431,-0.883794,node/1613471842
shop,,41.668428,-0.884002,node/1614486931
hospitality,,41.66971,-0.903303,node/1717592811
hospitality,Talia,41.674269,-0.891231,node/1787990217
hospitality,"Bodega Jorge y Quevedo",41.66965,-0.889443,node/1787990789
hospitality,Lizarrán,41.669867,-0.889943,node/1787990791
hospitality,McDonald's,41.669101,-0.889551,node/1787990792
hospitality,Turkuaz,41.669242,-0.889175,node/1787990795
hospitality,"El Greco",41.668772,-0.89029,node/1787991484
hospitality,"Asador La Garnacha",41.66768,-0.89286,node/1787992444
hospitality,Bokita,41.669623,-0.888422,node/1787992446
hospitality,"La Viña de Tito",41.669745,-0.888422,node/1787992447
hospitality,"La Tagliatella",41.667286,-0.892682,node/1787992448
hospitality,Sentinel,41.67132,-0.884146,node/1788000857
hospitality,"Casa de Andalucía",41.67426,-0.883645,node/1788001234
hospitality,"La Casucha",41.674872,-0.88732,node/1788001250
hospitality,Manolete,41.673374,-0.887302,node/1788001251
hospitality,"Burger King",41.670031,-0.889979,node/1788004902
hospitality,Sorrento,41.6677,-0.889059,node/1788004908
hospitality,"El Extremaño",41.676335,-0.895652,node/1788007401
hospitality,"La Trufa",41.671469,-0.891241,node/1788007402
hospitality,Bocados,41.667957,-0.909858,node/1788007853
hospitality,"Rincón del Tato",41.678862,-0.886997,node/1788008263
hospitality,"Don Angel",41.684209,-0.867499,node/1788015211
hospitality,Félix,41.683533,-0.871186,node/1788015221
hospitality,Tinajo,41.690522,-0.89595,node/1788015237
hospitality,"La Canela",41.671608,-0.871504,node/1788604383
hospitality,"Condado de Aragón",41.677354,-0.868353,node/1788604428
hospitality,"El Primero",41.672637,-0.87278,node/1788604440
hospitality,"La ilustre 8",41.678345,-0.871514,node/1788604480
hospitality,Luna,41.675806,-0.869155,node/1788604485
hospitality,Lagunas,41.676247,-0.868938,node/1788604542
hospitality,"Royos 99",41.669765,-0.875591,node/1788604552
hospitality,Angel,41.675822,-0.870966,node/1788604614
hospitality,"La Cocina de Rafa",41.675399,-0.86947,node/1788604654
hospitality,"El Gorricho",41.676057,-0.876749,node/1788604701
hospitality,Refugio,41.666812,-0.873584,node/1788604702
hospitality,Isabel,41.675261,-0.870762,node/1788604713
hospitality,Kiko,41.671262,-0.871516,node/1788604745
hospitality,"La Birolla",41.675642,-0.869239,node/1788604758
hospitality,"Bambú Garden",41.674456,-0.877439,node/1788604803
hospitality,Muxeron,41.66876,-0.876857,node/1788604810
hospitality,"Cafeterías El Corte Inglés",41.671923,-0.890061,node/1792256899
shop,"Libreria Papiro,s Sc",41.669627,-0.882893,node/1797630397
school,"Colegio Publico San Braulio",41.668402,-0.873613,node/1797667430
school,"Professional School Of English",41.670428,-0.885549,node/1797667459
market,"Mercado Arrabal",41.671411,-0.871511,node/1797715428
market,"Mercado Pilar",41.672575,-0.871851,node/1797715471
market,"Mercado Primero",41.679267,-0.892874,node/1797715473
tourism,"Galería de Arte y Academia de Dibujo y Pintura Badanes",41.667469,-0.88913,node/1797725011
shop,"Librería Mar",41.669729,-0.878008,node/1797731184
shop,"Librería Puzzle",41.671308,-0.877351,node/1797731191
shop,"Librería Rb",41.673499,-0.888291,node/1797731193
shop,"Librerías Bertrand S.l.",41.669561,-0.88959,node/1797731206
hospitality,Between,41.672293,-0.888637,node/1839587584
hospitality,Zipitoste,41.670714,-0.888401,node/1839602439
shop,"Panaderia Capricho",41.676594,-0.870983,node/1981717984
station,Juslibol,41.686832,-0.884136,node/2035154586
station,Juslibol,41.686867,-0.884801,node/2035154593
shop,Panishop,41.676869,-0.871336,node/2040977806
shop,"Augusta Aragón",41.677223,-0.868708,node/2049082741
office,DKV,41.667521,-0.888947,node/2076138795
shop,"Puro Tobacco",41.667776,-0.889108,node/2076138807
station,"Campus Río Ebro",41.683475,-0.889699,node/2081717742
station,"Campus Río Ebro",41.683474,-0.889741,node/2081717743
station,"León Felipe",41.667288,-0.886604,node/2081717746
station,"Adolfo Aznar",41.674869,-0.889288,node/2081717747
station,"García Abril",41.67732,-0.889259,node/2081717748
shop,Dia,41.677643,-0.887745,node/2117012524
shop,Midas,41.676202,-0.887644,node/2117013304
shop,"Baranda Automoción",41.677094,-0.885015,node/2117013537
station,"Parque Goya",41.686783,-0.878616,node/2306153948
station,"Parque Goya",41.686815,-0.878615,node/2306153949
station,"Avenida de la Academia",41.687169,-0.870825,node/2311695950
station,"Avenida de la Academia",41.687174,-0.87092,node/2311695951
station,"Legaz Lacambra",41.674879,-0.89078,node/2311695954
station,"Margarita Xirgu",41.677559,-0.890752,node/2311695955
hospitality,"Punta Galea",41.677886,-0.875513,node/2353629689
hospitality,"La Minipizzería",41.672158,-0.888759,node/2353661744
shop,Olmo,41.677153,-0.888984,node/2353789371
hospitality,"Gran Taberna",41.675623,-0.877806,node/2353843532
hospitality,"Taberna La Abadía",41.686932,-0.875797,node/2775748495
bus_stop,"Clara Campoamor (Centro Comercial)",41.668792,-0.889517,node/2960312050
hospitality,"Metro Goldwyn Tavern",41.66865,-0.886493,node/3207487428
school,"Colegio El Pilar Maristas",41.668993,-0.882291,node/3207721261
shop,Motomundi,41.671691,-0.892232,node/3215629271
hospitality,"Hamburguesería Cebrián",41.66839,-0.887326,node/3215636151
school,"Colegio Sagrado Corazón",41.671543,-0.882997,node/3215665261
bus_stop,,41.685234,-0.870496,node/3735945379
bus_stop,"Rotonda MAZ",41.692875,-0.869994,node/3735945390
bus_stop,,41.6815,-0.870929,node/3735967995
bus_stop,"Avenida Salvador Allende 85",41.677613,-0.874314,node/3735982663
bus_stop,"Av. Salvador Allende n.º 85",41.677434,-0.874062,node/3735982688
bus_stop,"Avenida Salvador Allende / Somport",41.674967,-0.876825,node/3735982718
bus_stop,"Avenida Salvador Allende 67",41.674809,-0.877187,node/3735982719
bus_stop,"Salvador Allende/Bomberos",41.668013,-0.876446,node/3735993028
bus_stop,"Rotonda MAZ",41.693599,-0.870227,node/3747903447
hospitality,,41.668656,-0.886347,node/3773154227
hospitality,"As de Picas",41.669118,-0.892167,node/3797985552
hospitality,"Fran's Beer",41.669419,-0.890008,node/3798001824
hospitality,Frutolandia,41.670122,-0.890077,node/3798001825
bus_stop,"Pablo Ruiz Picasso 8",41.673193,-0.885019,node/3827728447
shop,"Bequerul Fotografía",41.669919,-0.890834,node/3839574205
bus_stop,,41.68609,-0.870753,node/3839877616
hospitality,"Bar-restaurante Los Galachos",41.690667,-0.895989,node/3854891689
office,"Asesoría Gabriel Paniagua",41.668156,-0.883684,node/3854969438
bus_stop,"Avenida Alcalde Caballero / Camino de los Molinos",41.676648,-0.868221,node/3890715349
bus_stop,"Avenida Alcalde Caballero / Claudio Tolomeo",41.676836,-0.868301,node/3890715350
hospitality,"Moto Club Indomables Zaragoza",41.683107,-0.866973,node/3890731034
bus_stop,"Zaragoza / Torre Genoveva",41.688305,-0.891288,node/4005882511
bus_stop,"Zaragoza 14",41.688754,-0.89206,node/4005882512
bus_stop,,41.677041,-0.871015,node/4027923758
bus_stop,"Ambulatorio Parque Goya 2",41.690037,-0.876355,node/4152075532
bus_stop,"Pablo Ruiz Picasso 9",41.672918,-0.884925,node/4152091789
bus_stop,,41.670483,-0.904392,node/4152136387
bus_stop,,41.67095,-0.900876,node/4152136388
bus_stop,,41.66966,-0.906943,node/4152142589
bus_stop,,41.667889,-0.909309,node/4152142592
bus_stop,"Av. Ranillas / Puente Tercer Milenio",41.668002,-0.90901,node/4152142593
office,Ocaso,41.672468,-0.891212,node/4332303809
office,Nautalia,41.672386,-0.891106,node/4338390896
office,Sarga,41.669829,-0.904065,node/4341417496
shop,"Martín Martín",41.676243,-0.871403,node/4342466392
office,KPMG,41.670273,-0.901481,node/4352858392
office,Nologin,41.670635,-0.90025,node/4352861592
shop,BonÀrea,41.672875,-0.876711,node/4352888590
shop,"Galería China",41.672674,-0.876688,node/4352888591
shop,Civera,41.672587,-0.8841,node/4360303591
shop,Clarel,41.671992,-0.893747,node/4361403304
hospitality,"Picasso 51",41.672139,-0.893537,node/4361416398
shop,"Consulta Veterinaria",41.672267,-0.889127,node/4361694492
shop,"Peluquería Tiffany's estilistas",41.671896,-0.889133,node/4362621893
shop,"Comercial Impormovil",41.674818,-0.872151,node/4363322189
shop,Aural,41.672527,-0.88909,node/4366548594
office,Tecman,41.674678,-0.872143,node/4366563891
office,"AST. Aragonesa de Servicios Telemáticos.",41.670151,-0.902107,node/4369990067
office,Accem,41.670754,-0.899766,node/4369990068
office,"Agencia de Calidad y Prospectiva Universitaria de Aragón.",41.669624,-0.904696,node/4369990069
office,"Aguas Zaragoza. Servicio Municipal del Agua.",41.670115,-0.901882,node/4369990070
office,Aquara,41.670093,-0.901944,node/4369990071
office,"Aragón Exterior",41.670407,-0.901144,node/4369990072
office,"Avalia. Aragón SGR.",41.670343,-0.90133,node/4369990073
office,"Bureau Veritas",41.670253,-0.901587,node/4369990074
office,"Centro Demostrador TIC DNI electrónico",41.670476,-0.900662,node/4369990075
office,"Corporación Empresarial Pública de Aragón",41.670446,-0.90108,node/4369990076
office,"DGT. Dirección General de Tráfico.",41.670125,-0.902386,node/4369990077
office,"Departamento de Educación, Universidad, Cultura y Deporte. DGA.",41.669794,-0.9038,node/4369990078
office,"Dirección General de Urbanismo. DGA.",41.670135,-0.902019,node/4369990079
office,Expertus,41.670161,-0.902228,node/4369990080
office,"ExpoZaragoza Empresarial",41.670562,-0.900466,node/4369990081
office,"GMV Innovative Solutions",41.670522,-0.900557,node/4369990082
office,"Grupo Jorge",41.6708,-0.899417,node/4369990083
office,"Grupo Raga",41.670207,-0.901673,node/4369990084
office,Hiberus,41.670788,-0.899554,node/4369990085
office,"IDIA. Growing Through Collaborative Innovation.",41.670175,-0.901756,node/4369990086
office,"INAGA. Instituto Aragonés de Gestión Ambiental.",41.670103,-0.902486,node/4369990087
hospitality,Kuara's,41.670089,-0.902593,node/4369990088
hospitality,"La Bocatería",41.670041,-0.902853,node/4369990189
shop,"La Tienda Molona",41.670063,-0.902724,node/4369990190
office,"Más Prevención",41.670013,-0.902968,node/4369990191
office,"Oficina de Gestión del Agua. ICA.",41.670726,-0.899892,node/4369990192
office,"Redexis Gas",41.670664,-0.900136,node/4369990193
office,SAGE,41.670151,-0.90182,node/4369990194
office,"Sodiar. Sociedad para el desarrollo Industrial de Aragón.",41.670311,-0.90141,node/4369990195
office,"Tesorería General de la Seguridad Social",41.670686,-0.90001,node/4369990196
office,"Turismo de Aragón. Nieve de Aragón.",41.670385,-0.901244,node/4369990197
office,"UGT Aragón",41.670598,-0.900353,node/4369990198
office,"Unidad del CNP adscrita a la Comunidad de Aragón",41.67082,-0.89928,node/4369990199
office,Valmet,41.670768,-0.899656,node/4369990200
office,"Arpa. Instalaciones Gas y Calefacción.",41.67673,-0.867131,node/4370346452
office,Beigerrer,41.676771,-0.867225,node/4370346454
hospitality,Cardhu,41.674734,-0.877272,node/4370346456
shop,"Carnicería Miguel",41.678079,-0.874367,node/4370346457
office,"Carrocerías Rodogar",41.676015,-0.866711,node/4370346458
hospitality,"Cervecería Javi",41.673629,-0.877463,node/4370346460
shop,"Charcutería Dani",41.673844,-0.877457,node/4370346461
shop,Clarel,41.674034,-0.877457,node/4370346463
shop,"Cocinas y Baños Ánfora",41.672695,-0.878198,node/4370346466
shop,Covirán,41.674657,-0.877271,node/4370346467
shop,"Decoración Montó",41.673452,-0.87746,node/4370346468
hospitality,"El Coloquio",41.677981,-0.872896,node/4370346469
shop,"Entre Flores y Algodones",41.674951,-0.877284,node/4370346472
shop,"Estanco 119",41.674533,-0.877352,node/4370346473
shop,"Frutas y Verduras Las Mellizas",41.67458,-0.877274,node/4370346474
shop,"Frutas y Verduras Leyre y Edurne",41.673321,-0.878099,node/4370346475
shop,"Glass Drive",41.676827,-0.867495,node/4370346476
shop,"Martín Martín",41.675056,-0.877366,node/4370346477
hospitality,"HarleyHeaven Copas",41.677898,-0.874706,node/4370346478
shop,Dermotor,41.676638,-0.866725,node/4370346480
hospitality,"La Penúltima Drinks",41.677811,-0.871548,node/4370346482
hospitality,Marcas,41.673321,-0.877738,node/4370346483
shop,"Pan y café Artepan",41.677863,-0.872602,node/4370346485
shop,"Papelería Salvador Allende 59",41.673923,-0.877458,node/4370346486
shop,Passaró,41.677857,-0.871755,node/4370346488
hospitality,"Peña Blanca",41.677997,-0.873606,node/4370347289
office,"Pinturas y Decoración Isaval",41.67679,-0.867339,node/4370347290
shop,"Pérez Polo Carrocería",41.676709,-0.866992,node/4370347291
office,"Thyssen Krupp Elevadores",41.675311,-0.877402,node/4370347294
shop,"Viajes Zocus",41.677849,-0.871973,node/4370347296
shop,Voltamper,41.676667,-0.866856,node/4370347297
shop,Zalfonada,41.674187,-0.877514,node/4370347298
shop,Arteluz,41.673432,-0.884788,node/4370893745
shop,Beep,41.673519,-0.886273,node/4370893746
office,"Cruz Roja Española",41.671742,-0.895316,node/4370893748
shop,"Cuenta Conmigo",41.671736,-0.887949,node/4370893749
shop,Disueño,41.673439,-0.884553,node/4370893750
shop,"Eco-barriguitas 4D",41.673857,-0.890058,node/4370893751
shop,"Electrodomésticos Europa",41.673537,-0.888795,node/4370893752
shop,"Giorgio Bikes Store",41.673397,-0.887999,node/4370893755
shop,Juguettos,41.673398,-0.888192,node/4370893756
hospitality,Kiko,41.673384,-0.885056,node/4370893757
hospitality,"La Chopera",41.67351,-0.891457,node/4370893758
shop,"La Cocina de Casa",41.67352,-0.885976,node/4370893759
office,"Oca Group",41.673381,-0.885374,node/4370893768
shop,"Papelería Picasso",41.673491,-0.887413,node/4370893769
hospitality,"Pub Family",41.673485,-0.887323,node/4370893770
office,"Seguros Santa Lucía",41.673433,-0.89148,node/4370893771
shop,"Verde La Paz",41.673387,-0.887692,node/4370893773
shop,"Vertebrasana. Estudio Pilates y Yoga.",41.673439,-0.884615,node/4370893774
shop,Montori-Barranco,41.672243,-0.871555,node/4374281295
hospitality,"Rincón de la Peña",41.67564,-0.871492,node/4383298593
shop,"Frutas Cristian",41.672658,-0.886559,node/4383398695
shop,Panishop,41.672637,-0.886358,node/4383509590
shop,"Estanco 52",41.672165,-0.871512,node/4385253896
office,"Landa Propiedades",41.667017,-0.88668,node/4385735890
hospitality,"La Crêperie",41.67142,-0.886451,node/4386216524
shop,"Macro Sec",41.674422,-0.889108,node/4386836104
shop,Dia,41.672644,-0.877223,node/4386842081
bus_stop,"Monte Perdido / María Domínguez Remón",41.673121,-0.872821,node/4393500759
bus_stop,"Monte Perdido / María Domínguez Remón",41.673021,-0.872706,node/4393500763
bus_stop,,41.667544,-0.876786,node/4396699711
shop,"El Rincón",41.670872,-0.876687,node/4396699748
shop,Albrana,41.672531,-0.876695,node/4406650826
school,Pezqueñines,41.686638,-0.877116,node/4409561492
shop,Overpani,41.686555,-0.875117,node/4409561493
shop,Panishop,41.686904,-0.875136,node/4409561494
shop,"RODI Car Services",41.68135,-0.870495,node/4417541948
bus_stop,,41.683835,-0.866745,node/4417541951
shop,"Copistería Low Cost",41.679,-0.887119,node/4418521589
school,Brittany,41.669467,-0.890791,node/4434532090
bus_stop,"Avenida San Juan de la Peña / Centro de Salud Picarral",41.667799,-0.871634,node/4458347489
office,"Instituto Aragonés del Agua - Oficina de Gestión ICA",41.672376,-0.898547,node/4483746892
bus_stop,"Monte Perdido 4",41.671005,-0.87274,node/4509011979
hospitality,"Casa Nuri",41.672503,-0.875528,node/4509057789
bus_stop,"Avenida Salvador Allende / Juslibol",41.671102,-0.87679,node/4509531991
bus_stop,"Av. San Juan de la Peña / Camino de los Molinos",41.672968,-0.871184,node/4510209647
bus_stop,,41.670623,-0.877005,node/4510305855
bus_stop,"Gómez Avellaneda 83",41.676864,-0.890708,node/4510992142
bus_stop,"Gómez Avellaneda 73",41.675429,-0.89073,node/4511044203
bus_stop,,41.66994,-0.871512,node/4549223020
shop,Bamboo,41.676253,-0.889056,node/4555675075
shop,"Cutio Tattoo",41.666764,-0.885339,node/4561766535
bus_stop,,41.675607,-0.871066,node/4570277464
hospitality,Chester,41.668176,-0.890272,node/4691124953
hospitality,Murray's,41.668049,-0.890149,node/4691124954
hospitality,"Mega Dönner Kebab & Pizzería 2.0",41.674929,-0.888948,node/4719396004
bus_stop,"Bernardo Ramazzini 5",41.684462,-0.868706,node/4747501183
hospitality,"La Terrazica",41.667797,-0.889278,node/4770058021
shop,Clarel,41.669861,-0.885136,node/4811680645
shop,"Pura Raza",41.677287,-0.887124,node/4818634645
shop,ImproArt,41.67457,-0.888108,node/4823234922
bus_stop,"Expo Acuario",41.668269,-0.89912,node/4825421600
bus_stop,"Jesús y María 15",41.694677,-0.868653,node/4825449496
hospitality,"Café Rasé",41.667825,-0.890452,node/4827802221
bus_stop,"Frente a Academia General Militar",41.695786,-0.869217,node/4844102452
shop,"La Regadera",41.667063,-0.893165,node/4888507321
hospitality,"Café Bar Mundo Sport",41.671948,-0.88793,node/4908009021
shop,"Cristina Igea Estilistas",41.671947,-0.888019,node/4908009022
shop,"La Boutique de la Aceituna",41.671947,-0.888108,node/4908009121
shop,"Villa Can",41.671952,-0.888325,node/4908013721
shop,Inheba,41.67195,-0.88843,node/4908013722
hospitality,"La Cava",41.670645,-0.886761,node/4908013723
shop,"Las Vegas",41.671437,-0.888407,node/4908013822
shop,"Martín Martín",41.671729,-0.889133,node/4908013921
shop,"Gran Oferton",41.677578,-0.889071,node/4943660194
shop,Ismael,41.674547,-0.891218,node/4943660200
office,RTVE,41.669789,-0.904153,node/4991310029
shop,"Arantxa Alcalá",41.676596,-0.871361,node/5026413014
office,"Asociación Mancala",41.676362,-0.896164,node/5041916088
school,"Academia Britannia",41.669422,-0.887135,node/5087182687
hospitality,"La Hora Tapas",41.669825,-0.876562,node/5146205722
hospitality,"La Hora",41.669659,-0.87656,node/5146208221
bus_stop,,41.678042,-0.868345,node/5177178161
bus_stop,,41.678056,-0.868178,node/5177178162
hospitality,"Kuarto Pino",41.669197,-0.891454,node/5307044322
hospitality,"Tío Kas",41.677044,-0.891206,node/5341233860
office,"Centro Superior de Diseño HAC_R",41.669694,-0.904391,node/5343866983
office,Afadacer,41.686146,-0.871064,node/5391053921
shop,Panishop,41.67054,-0.877124,node/5468870813
bus_stop,,41.690696,-0.896189,node/5657322169
bus_stop,,41.690794,-0.896154,node/5657322170
bus_stop,,41.692677,-0.898235,node/5657322187
bus_stop,,41.692927,-0.898864,node/5657322188
bus_stop,"Zaragoza 32",41.689644,-0.894254,node/5657322189
bus_stop,"Zaragoza / El Bar",41.689404,-0.89381,node/5657322191
shop,"La Plaza de DIA",41.671269,-0.876608,node/5715161161
shop,"Cejas y Más",41.669967,-0.884008,node/5790139243
shop,Overpani,41.670339,-0.884174,node/5790139244
shop,"Estilistas Moss",41.670409,-0.884185,node/5790139245
shop,"Marcos Viher",41.670492,-0.884198,node/5790139246
shop,"Golden Eye",41.670568,-0.884198,node/5790139247
school,"Professional School Of English",41.670586,-0.884644,node/5790139248
shop,Insa,41.670536,-0.886339,node/5790139250
office,"Publicidad ing",41.670577,-0.887626,node/5790139252
hospitality,"La Cava",41.671416,-0.88884,node/5790141153
shop,"Gran Bazar",41.671113,-0.887972,node/5790141154
office,"Asesoría Torrenueva",41.671113,-0.887835,node/5790141155
hospitality,"Freiduría Andaluza El Roneo",41.671121,-0.887511,node/5790141157
office,"Biodinámica Craneosacral",41.671109,-0.887052,node/5790141159
office,"Limpiezas Lorai",41.671101,-0.886966,node/5790141160
shop,"Growshop Hong Kong Supplies",41.671089,-0.886883,node/5790141161
shop,"Bitter & Sweet",41.671099,-0.886733,node/5790141162
shop,"Galería China",41.671107,-0.886553,node/5790141163
shop,"La Caracola",41.671101,-0.885751,node/5790141164
hospitality,"Big Town",41.671067,-0.884762,node/5790141165
shop,"Cement Design",41.671073,-0.884611,node/5790141166
shop,"Peluquería María Zaragoza",41.671065,-0.88448,node/5790141167
hospitality,"Cervecería Ducados",41.671061,-0.884257,node/5790141168
shop,"El Pelo de la Rana",41.671121,-0.884155,node/5790141169
hospitality,"Coffe Time",41.6717,-0.883812,node/5790141170
office,"Centro de Formación Rey Ardid",41.671267,-0.883836,node/5790141171
office,"Centro de Día Flor de Mar",41.670792,-0.883807,node/5790141173
hospitality,"New Friends",41.670688,-0.883715,node/5790141174
shop,"Modelismo del tren",41.670583,-0.883698,node/5790141176
shop,Ebrobizi,41.669282,-0.898342,node/5813466092
hospitality,"Dolce Pizza",41.686494,-0.875176,node/5840412814
hospitality,,41.687155,-0.875756,node/5842071463
hospitality,Pomodoro,41.669949,-0.889499,node/5961569959
hospitality,Saona,41.670241,-0.888973,node/6051481786
tourism,"Pabellón de Aragón",41.67052,-0.898016,node/6058410285
tourism,"Pabellón de España",41.668365,-0.897951,node/6058410286
hospitality,"Bar Actur",41.677664,-0.885911,node/6205900058
hospitality,"El Ñaño",41.666678,-0.887133,node/6208865590
office,"Fundacion DFA",41.675675,-0.896398,node/6367242127
hospitality,Espresso,41.668931,-0.888791,node/6499452346
hospitality,Ginos,41.669307,-0.88991,node/6564922147
shop,"La Alforja",41.668597,-0.890461,node/6564946271
shop,"El Rincón",41.675708,-0.889112,node/6901149626
shop,Panishop,41.675878,-0.889114,node/6901149627
shop,"La Plaza de DIA",41.675875,-0.887521,node/6901149629
shop,,41.67587,-0.887188,node/6901149630
hospitality,,41.675062,-0.887217,node/6901149631
office,Reale,41.675073,-0.887719,node/6901149632
hospitality,"Bocatería Dani",41.675086,-0.891205,node/7145552893
bus_stop,"Avenida Salvador Allende n.º 107",41.67772,-0.872203,node/7553394860
bus_stop,"Avenida Salvador Allende / San Juan de La Peña",41.677508,-0.871871,node/7553394861
office,Tecnocasa,41.667183,-0.886863,node/7825838162
hospitality,"La Goleta",41.674423,-0.873812,node/7864365387
shop,Prihome,41.669449,-0.888419,node/7883256349
shop,"El Rincón",41.671493,-0.889994,node/7894183118
shop,"Martín Martín",41.687963,-0.875223,node/7904764790
hospitality,"El Cocinero de Goya",41.687578,-0.875796,node/7904764791
hospitality,Barbacue,41.669128,-0.876953,node/7925828274
shop,"Martín Martín",41.669008,-0.876946,node/7925828279
shop,"Martín Martín",41.67618,-0.890968,node/7945828953
hospitality,Monegros,41.671708,-0.888721,node/7945919391
shop,BonÀrea,41.686574,-0.875963,node/8669886147
hospitality,"Hits Noodles",41.669829,-0.88979,node/8898207727
shop,"El Rincón",41.670093,-0.889701,node/9023177022
bus_stop,"Avenida San Juan de la Peña 94",41.667943,-0.871354,node/9250045473
shop,malawi,41.6676,-0.893132,node/10050674497
hospitality,"Las Valkirias",41.668155,-0.890452,node/10050674498
shop,"El Taller De La Bici",41.667448,-0.893183,node/10050674499
hospitality,"King Döner",41.667762,-0.891475,node/10050674500
tourism,"Mobility City",41.666851,-0.904919,node/10680625358
shop,"Martín Martín",41.677265,-0.886627,node/10764378715
hospitality,Ocandía,41.677638,-0.887407,node/10764378716
shop,"Colchones Aznar",41.668911,-0.888659,node/10765294392
hospitality,"Taco Bell",41.669875,-0.889597,node/10769633269
hospitality,Yamii,41.669847,-0.889693,node/10769633270
shop,Coem,41.667244,-0.887754,node/10773013357
bus_stop,"Avenida José Atarés / CDM Siglo XXI",41.675039,-0.89809,node/10781920170
bus_stop,"Avenida José Atarés / Noria Siria",41.674991,-0.898344,node/10781920171
shop,,41.677591,-0.891214,node/10937799514
hospitality,"Tu Momento",41.67213,-0.892043,node/11036811271
hospitality,"Bar Pincel de Goya",41.682897,-0.871207,node/11225113690
tourism,,41.681822,-0.899612,node/11316347263
hospitality,Simi,41.667947,-0.891855,node/11406998552
office,"Alfonso Sánchez, S. A.",41.667392,-0.893327,node/11407001346
shop,"La Plantación",41.666829,-0.887289,node/11407156114
hospitality,Jantya,41.667864,-0.886354,node/11409344613
hospitality,"A Flama",41.67112,-0.88816,node/11935702025
shop,Mei,41.66883,-0.887828,node/11936592243
hospitality,Morrofino,41.669315,-0.888412,node/11936592245
shop,Luzes,41.668396,-0.88747,node/11939081568
office,Larrea,41.67492,-0.889077,node/11939446461
shop,,41.67558,-0.889106,node/11939597547
office,EA2000,41.675768,-0.889104,node/11939597548
hospitality,"Muerde la Pasta",41.670311,-0.889766,node/11969122796
shop,"Aquí tú trastero",41.674748,-0.888942,node/11969122797
shop,Fotoprix,41.669577,-0.890016,node/11976385828
office,DKV,41.668067,-0.888607,node/11976397167
shop,Trébol,41.672179,-0.89101,node/11978876548
shop,Atrapasueños,41.687975,-0.875786,node/11980983978
shop,masquefrutas,41.687684,-0.875781,node/11980983983
shop,,41.675741,-0.89096,node/11987831919
shop,"Halcón Viajes",41.670578,-0.891267,node/11987831925
office,Mapfre,41.674772,-0.89123,node/11987831929
shop,Multiópticas,41.670538,-0.89138,node/11987831932
shop,"Nails Factory",41.672095,-0.889119,node/11999388902
office,Astac,41.676344,-0.88901,node/12019971265
bus_stop,"María Zambrano 32 (Centro Comercial)",41.671279,-0.889386,node/12070247740
bus_stop,"Avenida de Ranillas (Ciudad de la Justicia)",41.67133,-0.898847,node/12073266917
bus_stop,"Avenida de Ranillas / Avenida José Atarés",41.67163,-0.89911,node/12073266918
bus_stop,"Avenida Las Majas de Goya 15",41.686688,-0.876328,node/12073623742
bus_stop,"Pablo Ruiz Picasso / Gómez Avellaneda",41.672622,-0.891057,node/12073635416
bus_stop,"La Fragua",41.689204,-0.87776,node/12382558514
shop,Primaprix,41.671332,-0.889913,node/12476626138
hospitality,Justicia,41.671431,-0.8899,node/12476626139
shop,"Mister Minit",41.67143,-0.889786,node/12476626140
shop,Pepco,41.671322,-0.890026,node/12476626141
shop,,41.670038,-0.88879,node/12476626142
shop,,41.686898,-0.871076,node/12501248776
shop,"Unik Stilistas",41.686444,-0.875253,node/12501248778
shop,Sabai,41.686883,-0.871248,node/12501248781
bus_stop,"María Zambrano 60",41.676883,-0.889327,node/12511992956
bus_stop,"Avenida José Atarés / Parque del Respeto",41.671019,-0.896859,node/12681466498
shop,"Peluqueria Cartiel",41.678174,-0.87285,node/12748629172
bus_stop,"Pablo Ruiz Picasso / Gómez Avellaneda",41.672905,-0.891725,node/12795800477
bus_stop,"Pablo Ruiz Picasso 2",41.673135,-0.877969,node/12873607722
shop,"El Mortero Alegre",41.670106,-0.892601,node/13082289292
shop,,41.670913,-0.892553,node/13082301301
shop,"La Patilla",41.670415,-0.891689,node/13082301306
shop,,41.670448,-0.891621,node/13082301318
shop,Reprografía,41.683949,-0.885604,node/13082301322
bus_stop,"Estadio Modular",41.684682,-0.889926,node/13096048520
bus_stop,"Luciano Gracia / Rotonda de Juslibol",41.686293,-0.889878,node/13096048525
bus_stop,"Zaragoza / Camino Viejo Alfocea",41.687726,-0.889976,node/13096048527
bus_stop,"María Zambrano 48",41.674465,-0.889348,node/13096717429
shop,Atleet,41.669106,-0.889724,node/13097095378
bus_stop,"Camino de Juslibol",41.673893,-0.87469,node/13141448597
bus_stop,"Valle de Broto 18 / Avenida Salvador Allende",41.666758,-0.878109,node/13175155178
bus_stop,"Estadio Modular",41.682413,-0.890029,node/13273597753
office,"Economistas de la Cooperación",41.66872,-0.889167,node/13322152248
bus_stop,"María Zambrano / León Felipe",41.667992,-0.887398,node/13358136548
hospitality,"La Mazmorra",41.667278,-0.878101,node/13372392902
hospitality,Vips,41.669272,-0.889866,node/13377746826
bus_stop,"Gertrudis Gómez de Avellaneda / Rosalía de Castro",41.667667,-0.888594,node/13392806253
hospitality,"Dulces Recuerdos",41.668918,-0.8878,node/13414138658
hospitality,"Ebriosus Bar",41.668073,-0.907707,node/13414138959
hospitality,"Bean Coffee",41.670152,-0.888785,node/13414287590
shop,Solmanía,41.670386,-0.888974,node/13414287591
shop,Universitaria,41.670455,-0.88897,node/13414287592
shop,Ulanka,41.669876,-0.890262,node/13451267793
shop,,41.667289,-0.886965,node/13451267794
shop,Decathlon,41.669351,-0.889501,node/13451281470
shop,"Elha Laser Center",41.666933,-0.886616,node/13451282201
shop,,41.667155,-0.887662,node/13451282206
shop,Närah,41.666749,-0.887202,node/13451282227
shop,,41.666942,-0.887433,node/13451282228
shop,Calzedonia,41.669783,-0.890223,node/13451282253
shop,Courir,41.66997,-0.890293,node/13451282254
shop,ONCE,41.669042,-0.889315,node/13451282259
bus_stop,"Avenida José Atarés / Clara Campoamor",41.667178,-0.89515,node/13532330734
office,"Asociación Parkinson Aragón",41.671187,-0.875881,node/13712614692
office,ITIX,41.677854,-0.892787,node/13875938106
shop,"Víctor Magallón",41.667964,-0.885386,node/13925683480
shop,"La Sal de la Vida",41.667855,-0.88563,node/13925692511
office,AGSA,41.667943,-0.885386,node/13925692524
shop,"Tahona Goyesca",41.668057,-0.889802,node/14086201410
shop,Lakmi,41.667742,-0.889595,node/14100447249
office,Adeslas,41.667105,-0.889396,node/14100447250
shop,input,41.667683,-0.889554,node/14100447253
office,Asein,41.666911,-0.889092,node/14100447254
shop,"Unisex Masaje",41.66756,-0.888964,node/14102405218
hospitality,BocaBoca,41.667628,-0.889013,node/14102405219
bus_stop,"Avenida Academia General Militar 7",41.678757,-0.871219,node/14220530886
bus_stop,"Avenida Academia General Militar / MAZ",41.684937,-0.871021,node/14220530891
shop,"Centro Comercial Carrefour",41.675508,-0.890025,way/23333218
shop,"Centro Comercial Grancasa",41.670634,-0.889774,way/24412159
park,,41.672593,-0.875037,way/49359834
park,"Parque de los Tapices de Goya",41.685486,-0.875757,way/49359895
park,"Parque de los Caprichos de Goya",41.687768,-0.871699,way/49359917
park,,41.684837,-0.873673,way/49359918
hospitality,Emboca,41.673182,-0.902675,way/56255383
tourism,"Anfiteatro Expo",41.668181,-0.904101,way/60671694
university,,41.683983,-0.885603,way/111540023
university,,41.683987,-0.886126,way/111540034
university,"Sala Deportiva Río",41.683989,-0.886387,way/111540039
university,,41.683985,-0.885863,way/111540051
park,"Parque de Teresa Perales Fernández",41.671542,-0.881882,way/116377797
school,"Instituto de Educación Secundaria Miguel de Molinos",41.673303,-0.896583,way/116606405
school,,41.676993,-0.882844,way/116888110
school,"Colegio Público Río Ebro",41.66901,-0.895013,way/128203415
school,"Colegio Público de Educación Especial Alborada",41.667451,-0.894058,way/128203416
park,,41.667975,-0.87897,way/133379130
office,,41.686276,-0.887846,way/135409510
tourism,"Exe Zaragoza WTC",41.668285,-0.888073,way/148247677
shop,Mercadona,41.673441,-0.898632,way/148610643
park,,41.67003,-0.874614,way/168522202
school,"TOPI. Escuela de Hostelería. Fundación Picarral.",41.673343,-0.870112,way/193584637
school,"Colegio Público Parque Goya",41.681165,-0.872315,way/213201526
park,"Jardines de la Concordia",41.673463,-0.871675,way/229823272
school,"Centro de Educación Especial Jean Piaget",41.687338,-0.873718,way/231081099
school,"Instituto de Educación Secundaria Clara Campoamor Rodríguez",41.689403,-0.872967,way/231082664
school,"Colegio de Educación Infantil y Primaria Ronda Norte - Catalina de Aragón",41.688967,-0.878819,way/231086008
school,"Colegio de Educación Infantil y Primaria Agustina de Aragón",41.688389,-0.872815,way/231177731
park,Pipa,41.693871,-0.867474,way/256467839
hospitality,"E.S. Pirineos",41.699347,-0.867441,way/277999922
park,,41.698199,-0.870509,way/278001217
park,,41.699426,-0.869974,way/278001219
office,"Edificio CEMINEM",41.686079,-0.887202,way/300974349
office,,41.686292,-0.88751,way/300974350
park,,41.698374,-0.873567,way/344080709
park,,41.695377,-0.870721,way/344101764
park,,41.696611,-0.870586,way/344127167
school,,41.676846,-0.882138,way/350373067
park,,41.676783,-0.869851,way/385739843
tourism,"Hotel YIT Ciudad de Zaragoza",41.677176,-0.868159,way/439421799
park,,41.667504,-0.876287,way/441980180
school,"Instituto de Educación Secundaria Avempace",41.677716,-0.876852,way/458724434
school,"Colegio de Educación Infantil y Primaria Zalfonada",41.677162,-0.877692,way/467480781
park,,41.675428,-0.873701,way/471564076
park,,41.675401,-0.872315,way/471564077
park,,41.6746,-0.873251,way/471564079
school,"Colegio Lucien Briet",41.671466,-0.874419,way/471564114
park,,41.67701,-0.876014,way/471568044
park,"Glorieta de la Bullonera",41.678422,-0.889991,way/471568046
shop,"RODI Motor Services",41.681605,-0.870438,way/524153640
hospitality,"Restaurante Bambola",41.672509,-0.902385,way/542445353
park,"Parque de la Tolerancia",41.678464,-0.897014,way/548877203
park,,41.670412,-0.87529,way/550893261
park,,41.680248,-0.86957,way/557006467
park,,41.680975,-0.869433,way/557006468
park,,41.681433,-0.899452,way/558616765
shop,Alcampo,41.688315,-0.874664,way/672290471
hospitality,"Rua Restauración",41.683387,-0.887366,way/677433743
school,"Fundación San Valero",41.669925,-0.879099,way/684693655
university,SEAS,41.670803,-0.879058,way/684693658
school,"Colegio Cristo Rey",41.687023,-0.868923,way/724447593
school,"Instituto de Educación Secundaria Élaios",41.668147,-0.894463,way/810531922
park,"Parque del Respeto",41.670441,-0.895755,way/812666703
school,,41.681192,-0.872619,way/973478197
school,,41.681215,-0.87192,way/973478198
shop,,41.690257,-0.869773,way/998775400
shop,,41.673598,-0.883344,way/1025008934
school,"Colegio de Educación Infantil y Primaria Josefa Amar y Borbón",41.674775,-0.882975,way/1025022992
park,,41.678489,-0.869296,way/1033314349
park,,41.677833,-0.873261,way/1033632124
shop,"La Plaza de DIA",41.669644,-0.885337,way/1153940611
school,"Colegio Publico José Antonio Labordeta",41.677343,-0.896943,way/1156107379
shop,Alcampo,41.688528,-0.874693,way/1359905156
university,"Edificio I+D+I",41.684797,-0.887375,relation/1570089
university,"Campus Río Ebro - Universidad de Zaragoza",41.683481,-0.885901,relation/1616096
school,"Instituto de Educación Secundaria Tiempos Modernos - EOI Fernando Lázaro Carreter",41.676982,-0.882621,relation/1617397
park,"Parque de los Cineastas",41.67751,-0.882515,relation/1617398
school,"Colegio de Educación Infantil y Primaria Hermanos Marx",41.677463,-0.883156,relation/1617401
school,"Colegio El Pilar Maristas",41.668715,-0.882186,relation/1617458
school,"Sagrado Corazón de Jesús",41.671605,-0.882762,relation/1617567
school,,41.672231,-0.883031,relation/1617568
school,,41.670988,-0.883369,relation/1617569
school,,41.671305,-0.883,relation/1617570
university,"Escuela Universitaria de Estudios Empresariales",41.681591,-0.882975,relation/4002751
park,,41.685479,-0.888958,relation/4002752
park,,41.68955,-0.875613,relation/6056177
tourism,"Hotel Hiberus",41.668226,-0.907919,relation/6301531
park,,41.680987,-0.897685,relation/13200846
park,,41.679497,-0.898025,relation/13200847
shop,Alcampo,41.667277,-0.827147,node/809618708
hospitality,"Burguer Harry",41.667092,-0.832045,node/1153011480
hospitality,"La Esquinica",41.669352,-0.830616,node/1153173257
hospitality,"Cafetería El Rescate",41.667985,-0.831373,node/1153173259
hospitality,Artigas,41.693268,-0.864828,node/1788015197
hospitality,"El Churrero",41.691056,-0.825427,node/1788015212
hospitality,"El Jotero",41.692501,-0.862411,node/1788015225
hospitality,"La Lonja",41.683976,-0.854486,node/1788015226
hospitality,"Mesón los Arcos",41.690367,-0.825889,node/1788015229
hospitality,"Mesón Montañana",41.684629,-0.827278,node/1788015231
hospitality,"San Gregorio",41.690966,-0.863323,node/1788015235
hospitality,"Tres Coronas",41.69035,-0.825906,node/1788015238
hospitality,"Los Charros",41.667654,-0.852854,node/1788604409
hospitality,Torrejón,41.671454,-0.858003,node/1788604494
hospitality,Avenida,41.669706,-0.838747,node/1788604506
hospitality,"Mesón Vilamar",41.667713,-0.82458,node/1788604538
hospitality,"Mesón Cogullada",41.670778,-0.858421,node/1788604547
hospitality,Nela,41.668899,-0.844465,node/1788604564
hospitality,"Restaurante Pirineos",41.670867,-0.860663,node/1788604673
hospitality,Casafran,41.681389,-0.852567,node/1788604790
hospitality,Begoña,41.668983,-0.844265,node/1788604797
shop,,41.670179,-0.832371,node/1792485974
school,"Colegio Educación Infantil Primaria ""Gloria Arenillas""",41.668381,-0.844169,node/1797667286
school,"Colegio Publico Hermanos Argensola",41.683577,-0.82568,node/1797667308
market,Mercazaragoza,41.686662,-0.852061,node/1797715494
hospitality,Telepizza,41.672093,-0.831211,node/1840663263
shop,"Vian Automobile",41.678945,-0.86503,node/2050602342
hospitality,"Café Bar Patricia",41.667377,-0.825075,node/2353636645
shop,"Ford Zaragoza Car",41.672374,-0.861492,node/2511442878
shop,"Vearsa, Renault y Dacia",41.673802,-0.863276,node/2511442879
shop,Arvesa,41.669145,-0.859988,node/3187584215
bus_stop,"Avenida de Montañana / Rotonda I.E.S. Ítaca",41.673067,-0.83228,node/3730541577
bus_stop,"Avenida de Montañana / I.E.S. Ítaca",41.672707,-0.831774,node/3730541578
bus_stop,"Avenida Santa Isabel 27",41.668921,-0.837791,node/4265965766
bus_stop,,41.667511,-0.836784,node/4301360595
shop,"Ferretería Mercadal",41.667095,-0.833007,node/4344138197
office,"Alquiaragón JLM. Alquiler de maquinaria de construcción.",41.671768,-0.862108,node/4370199191
office,"Aluminio Arteaga",41.671335,-0.861892,node/4370199192
office,"Arquitectura Audiovisual",41.673923,-0.862192,node/4370199193
shop,"Centro Maxus Zaragoza",41.66983,-0.86029,node/4370199194
office,"Cocinas Loar",41.672134,-0.862286,node/4370199195
office,"Color y Pintura Aragón",41.674007,-0.862245,node/4370199196
office,"Demetrio. Alquiler y venta de furgonetas.",41.671185,-0.861819,node/4370199197
office,"Enclama. Ensobrados y clasificación.",41.669362,-0.860918,node/4370199198
office,"Fiat Aratecno",41.673588,-0.86204,node/4370199199
office,"Ficoba. Mecánicas de la Serna.",41.674321,-0.863164,node/4370199200
office,"Fraikin. Alquiler de Vehículos Industriales.",41.673119,-0.862701,node/4370199201
office,"Full Services Aragón",41.670796,-0.861639,node/4370199202
office,Guardatodo.com,41.674838,-0.863361,node/4370199204
tourism,"Hotel Cogullada",41.67063,-0.861664,node/4370199205
office,Hilti,41.6743,-0.862374,node/4370199206
office,"Inelsa. Zener. Ascensores.",41.670997,-0.861733,node/4370199207
office,"Itesal Sistemas",41.671466,-0.861958,node/4370199208
office,"Mainfer. Suministros industriales y ferretería.",41.671588,-0.862025,node/4370199210
office,"Rodavelo. Rodamientos y transmisiones.",41.672333,-0.862498,node/4370199211
shop,"Rubén Distrubuciones",41.670019,-0.861163,node/4370199212
office,"SRC. Sistemas de reparación de carrocerías.",41.674083,-0.862281,node/4370199213
shop,"Seat Aragón Car",41.672748,-0.861764,node/4370199214
office,"Servicios Dopar",41.669174,-0.860795,node/4370199215
office,"Tapicerías Munárriz",41.674171,-0.862328,node/4370199217
office,"Tornos Orpi",41.669057,-0.86072,node/4370199218
office,"Vencar. Maquinaria para jardinería.",41.673846,-0.862138,node/4370199219
office,"Zaporta. Distribuciones Industriales.",41.671129,-0.861778,node/4370199220
office,3DSystems,41.668951,-0.860666,node/4370199324
shop,"Ciclos Albacar",41.676562,-0.866408,node/4370346462
office,"Justo Gimeno",41.676593,-0.866561,node/4370346479
office,"Vehizasa. Almacén de hierros.",41.675932,-0.865872,node/4370347295
hospitality,Yasmin,41.66882,-0.844661,node/4385153790
shop,"El Rincón",41.666943,-0.830816,node/4405700829
shop,"Frutas Deliciosas",41.666928,-0.830709,node/4405700830
hospitality,Nola,41.668758,-0.844149,node/4407859994
hospitality,Emilio,41.668611,-0.84451,node/4407879292
shop,"Sipe 4x4",41.685664,-0.865505,node/4417541949
bus_stop,,41.683781,-0.866651,node/4417541950
bus_stop,,41.686514,-0.865758,node/4417541956
bus_stop,,41.686653,-0.86553,node/4417541957
hospitality,"Sidrería Begiris",41.667158,-0.826428,node/4449033231
bus_stop,"Avda. Santa Isabel 9 / Avenida de La Industria",41.670023,-0.839387,node/4551443789
bus_stop,,41.684268,-0.851952,node/4560782327
bus_stop,"Avenida Cataluña 225 / Gasolinera",41.667898,-0.851611,node/4606926897
bus_stop,"Avenida Santa Isabel 124",41.666806,-0.829365,node/4623912730
bus_stop,"Avenida Santa Isabel 20 / Avenida de la Industria",41.669662,-0.839112,node/4623912733
bus_stop,"Avenida Cataluña / Río Matarraña",41.670566,-0.844687,node/4623912734
bus_stop,"Avenida Cataluña 90",41.669796,-0.846506,node/4623912735
bus_stop,"Avenida Cataluña 290",41.669213,-0.847928,node/4623912736
bus_stop,"Avenida Cataluña / Gasolinera",41.668033,-0.850727,node/4623912737
bus_stop,"Avenida Santa Isabel 141",41.666922,-0.82893,node/4693910875
bus_stop,"Avenida de Montañana / Supermercado",41.670537,-0.838295,node/4996952321
bus_stop,"Avenida de Montañana frente a Supermercado",41.67058,-0.838513,node/4996952322
shop,"Motos Raúl",41.669311,-0.833995,node/5029606592
office,Acquasipa,41.674221,-0.862342,node/5061015226
office,ISS,41.674363,-0.862358,node/5105670445
office,"Servicios Inmobiliarios Ivalle",41.669388,-0.838776,node/5138040563
bus_stop,"Avenida de Montañana / Vivero",41.672814,-0.833839,node/5342665614
bus_stop,"Avenida de Montañana / Gasolinera",41.672676,-0.833769,node/5342665615
tourism,"Escenario de El Espartidero",41.667647,-0.82631,node/5406031654
hospitality,"La vieja Caldera",41.670918,-0.82738,node/5406335792
shop,Angelines,41.667644,-0.825505,node/5407198878
shop,Anros,41.6676,-0.82535,node/5407198879
hospitality,"Bar Torres",41.667477,-0.825429,node/5407198882
shop,"Horno de Pastelería Formigal",41.668255,-0.824351,node/5462175207
bus_stop,"Alcalde Caballero (Gasolinera)",41.67271,-0.861955,node/5486251464
bus_stop,"Alcalde Caballero 50",41.669514,-0.860349,node/5486251465
bus_stop,"Avenida de Montañana / Báscula",41.676947,-0.829712,node/5492173241
bus_stop,"Avenida de Montañana 98 / Báscula",41.677295,-0.829613,node/5492173242
shop,Bricofer,41.667491,-0.830875,node/5611918721
shop,"Opel Pirenauto",41.671686,-0.86097,node/5617319414
bus_stop,"Avenida Cataluña 289 / Río Aguasvivas",41.669956,-0.846533,node/5620217690
bus_stop,"Avenida Cataluña 253",41.668943,-0.84912,node/5774532016
bus_stop,,41.670798,-0.860494,node/5859174546
shop,"Peluquería Larraz",41.670097,-0.832481,node/5997443989
shop,"Decora 3",41.670292,-0.832412,node/5997443990
shop,Alcampo,41.670496,-0.845937,node/6023106966
hospitality,"Tabernalia de los Estudiantes",41.67205,-0.830883,node/6270440616
hospitality,"Tommy Wallace",41.67192,-0.830459,node/6270440618
shop,"Pescados Iglesias",41.671859,-0.830309,node/6270440619
shop,"Copy New",41.671805,-0.830105,node/6270440620
hospitality,Porfin,41.671014,-0.827718,node/6270440627
shop,Addiction,41.670778,-0.826982,node/6270440629
hospitality,"La Santa",41.670697,-0.826697,node/6270440630
shop,"Digital Net",41.670187,-0.826326,node/6270440632
hospitality,"Academia Bar",41.67009,-0.825993,node/6270440633
shop,"Centro de Estética Sonia",41.669972,-0.825591,node/6270440634
shop,BonÀrea,41.667499,-0.831112,node/6379410585
bus_stop,,41.686928,-0.850393,node/7884742973
bus_stop,,41.674349,-0.857505,node/7894183116
bus_stop,"Camino de Cogullada frente a gasolinera",41.670668,-0.860265,node/7924226481
bus_stop,"Avenida de Montañana 354",41.689827,-0.826467,node/9051380170
bus_stop,"Avenida de Montañana 283",41.686278,-0.828823,node/9051380173
bus_stop,"Avenida de Montañana 382",41.691114,-0.825175,node/9051380181
bus_stop,"Avenida de Montañana 288",41.686807,-0.828668,node/9051380186
bus_stop,"Avenida de Montañana frente a 254",41.684501,-0.828984,node/9051380191
bus_stop,,41.691194,-0.82525,node/9051380193
bus_stop,,41.688649,-0.827801,node/9051380198
bus_stop,,41.684715,-0.828818,node/9051380203
bus_stop,,41.681172,-0.829185,node/9051380206
bus_stop,"Avenida de Montañana 159",41.680581,-0.829512,node/9052488943
shop,Recimática,41.670237,-0.82519,node/9138999136
shop,"Talleres ARZA",41.678108,-0.866638,node/9523727945
shop,Panishop,41.667156,-0.832218,node/10146758404
shop,"Christian Peluqueros",41.667174,-0.832332,node/10146758407
bus_stop,"Avenida Santa Isabel 97 / Plaza",41.667117,-0.832275,node/10146758410
hospitality,,41.66754,-0.860953,node/11146413555
shop,"Taller Mecánico Confortauto Neumáticos Soledad Zaragoza",41.667258,-0.860165,node/11737303396
bus_stop,,41.669833,-0.823268,node/11844918589
bus_stop,,41.670134,-0.823794,node/11844918590
bus_stop,"Avenida de los Estudiantes frente Calle Pepe Garcés",41.671589,-0.828565,node/11844918591
bus_stop,"Avenida de los Estudiantes / Calle Pepe Garcés",41.671447,-0.828708,node/11844918592
hospitality,"El Mesoncico",41.667488,-0.853289,node/11992676670
bus_stop,"Camino de Cogullada 20",41.674419,-0.857149,node/12215059823
shop,"Supervía Electricidad",41.667096,-0.831904,node/12396534978
shop,Martoni,41.666929,-0.831966,node/12396534979
shop,Embou,41.667064,-0.831767,node/12396534980
hospitality,"La Plaza Café-Bar",41.666864,-0.831667,node/12396534981
shop,Sagrario,41.666846,-0.831401,node/12396534982
hospitality,"King Doner",41.666697,-0.830249,node/12396534985
shop,"LJ Peluquería",41.66671,-0.830069,node/12396534986
hospitality,"La Birrería",41.666937,-0.829862,node/12396534987
shop,pasa&pesa,41.666727,-0.829643,node/12396534988
office,Reale,41.666754,-0.829086,node/12396534990
shop,Clarel,41.667429,-0.828023,node/12396554673
hospitality,"La Joyita de Aragón",41.668361,-0.824656,node/12398151561
hospitality,"Bar Morfeo Pizzería",41.66761,-0.824873,node/12400781604
shop,"La Comarca",41.667717,-0.825204,node/12400781605
shop,"TUTTI FRUT",41.667791,-0.825529,node/12400781606
hospitality,"Bar Morfeo",41.667281,-0.824837,node/12400781607
hospitality,HEYDAY,41.666768,-0.826591,node/12400781612
shop,"El Rincón de los Arreglos",41.666704,-0.82727,node/12400781613
shop,"Estanco David Sarroca",41.666826,-0.828132,node/12400781614
shop,"Comercial Zhan",41.666985,-0.828408,node/12400781615
hospitality,"El Puente de Santa Isabel",41.666929,-0.829649,node/12400781617
shop,Gamelot,41.666899,-0.830572,node/12426222744
shop,"Mr Barbecho",41.666894,-0.830274,node/12474220189
hospitality,"Mi Bar es tu Bar",41.667422,-0.830893,node/12474220190
shop,Lavanda,41.670721,-0.82793,node/12484889786
hospitality,"+ Qué Sabor",41.672014,-0.830775,node/12504442962
hospitality,"Bar Maen",41.669942,-0.839192,node/12520768539
hospitality,"Mesón Los Maños",41.667299,-0.853562,node/12520768540
shop,"Frutas Luzón",41.670382,-0.825833,node/12556970277
shop,"Talleres Ricar",41.670314,-0.825698,node/12556970278
shop,"Twenty One",41.668721,-0.833785,node/12648019535
office,Avatel,41.668104,-0.834033,node/12648019536
hospitality,"RORO Chikin",41.669739,-0.839331,node/12712838212
hospitality,"DAR K HABLAR",41.669776,-0.839374,node/12716653850
shop,"El Sabio",41.669641,-0.839198,node/12716653851
hospitality,Gourmetería,41.669185,-0.8307,node/12726427710
shop,"ESTANCO Cinca Santa Isabel EXPENDEDURÍA 135",41.667362,-0.833622,node/12739385254
hospitality,"Cervecería Santa isabel",41.667278,-0.833074,node/12739385255
bus_stop,"Avenida Santa Isabel 82 / Plaza",41.666979,-0.831888,node/12759820798
hospitality,"Lolita'S Coffe",41.669494,-0.823494,node/12772698661
shop,"Ducati Aragón",41.677043,-0.864301,node/12841455902
bus_stop,"Avenida Real Zaragoza 65",41.666777,-0.823145,node/12955410434
hospitality,"Casa Julián",41.66716,-0.831737,node/13246335322
shop,"Campo de futbol CD San Gregorio",41.690925,-0.862458,node/13302263101
bus_stop,"Avenida del Real Zaragoza frente a 63",41.666795,-0.824173,node/13393430954
shop,"Depropio Espacio Creativo",41.666797,-0.830963,node/13432470018
shop,ecologi,41.670266,-0.839155,node/13434370887
bus_stop,"Avenida del Real Zaragoza frente a 63",41.666899,-0.823582,node/13460583895
shop,"Boira Beauty Center",41.666708,-0.829938,node/13612050818
bus_stop,"Avenida Santa Isabel 52",41.667329,-0.834301,node/13926436312
shop,"Doña Ana CBD",41.668818,-0.844523,node/13983721402
shop,"Saltoki Home",41.668692,-0.858736,node/14041626814
park,,41.669742,-0.833144,way/99697461
park,"Plaza de la Cultura",41.668338,-0.831304,way/99697628
park,"Parque de los Paseantes",41.670717,-0.830032,way/99698837
park,"Plaza de la Libertad",41.667794,-0.826224,way/99699677
park,"Parque de la Alameda",41.667094,-0.834015,way/99703024
office,"Instituto Municipal de Salud Publica",41.689574,-0.851124,way/187295082
shop,"First Stop",41.67043,-0.860301,way/229821376
school,"Instituto de Educación Secundaria Ítaca",41.6727,-0.829906,way/382010578
park,"Parque Vicente Torres Gabarrus",41.66764,-0.821684,way/459242145
school,"Colegio La Concepción",41.668694,-0.830033,way/467295267
park,,41.67633,-0.86513,way/471565086
school,,41.668309,-0.844095,way/489981484
school,"Instituto de Educación Secundaria ""Río Gállego""",41.669019,-0.843444,way/489981485
park,"Parque San Gregorio",41.690707,-0.864226,way/492388092
hospitality,,41.689262,-0.862989,way/492391640
hospitality,,41.692845,-0.866417,way/492391641
hospitality,,41.693086,-0.861335,way/492391645
park,,41.669779,-0.844632,way/524978319
school,"Centro Público Integrado El Espartidero",41.669147,-0.821523,way/560575351
park,,41.668496,-0.834024,way/560600967
park,,41.668393,-0.833614,way/560600969
park,,41.672111,-0.830586,way/560600970
park,,41.66991,-0.824032,way/560600976
school,"Escuela Pública de Educación Infantil Brioletas",41.66967,-0.829555,way/560602177
school,"Colegio de Educación Infantil y Primaria Juan Pablo Bonet",41.668562,-0.839084,way/560673763
park,,41.669896,-0.824902,way/561360640
park,,41.667498,-0.821744,way/567491900
park,,41.693262,-0.860612,way/596399701
park,,41.667274,-0.830565,way/617622231
park,,41.670425,-0.826477,way/619559943
park,,41.667206,-0.821065,way/619563823
park,,41.692527,-0.861577,way/637316484
park,"Plaza del Espartidero",41.667477,-0.825081,way/709633675
park,,41.667858,-0.845001,way/822959621
park,"Parque de Montañana",41.690432,-0.825105,way/844323903
shop,Saltoki,41.669468,-0.858603,way/863625119
shop,Obramat,41.667793,-0.861498,way/867060358
park,,41.66701,-0.85467,way/1058308934
shop,Saltoki,41.676145,-0.862413,way/1272396496
park,,41.670774,-0.846257,way/1293754569
shop,Alcampo,41.671318,-0.836798,way/1308659371
park,,41.669365,-0.850123,way/1347948527
shop,Mercadona,41.672123,-0.827918,way/1382313082
shop,Eroski,41.668646,-0.838039,way/1468043671
hospitality,"La Compuerta",41.668914,-0.838302,way/1468043672
park,,41.675302,-0.841547,way/1480012736
school,"Colegio Educación Infantil Primaria ""Guillermo Fatas""",41.670119,-0.831201,relation/6894659
